file_name,total_days,days_with_DO_below_3,days_11am_DO_below_3,per,latitude,longitude,lc5_point,lc5_name,lc5_dom_2km,lc5_dom_name_2km,p_urban_2km,p_crop_2km,p_other_2km,p_wetland_2km,p_natural_2km,human_share,human_impacted,landuse_group
10129900,5719,159,0,100,40.73522634,-111.4760313,1,Natural vegetation,1,Natural vegetation,0,0,0,0,1,0,FALSE,Natural-dominated
1043110325021_,4211,9,7,22.22222222,43.7631,142.275,1,Natural vegetation,1,Natural vegetation,0,0,0,0,1,0,FALSE,Natural-dominated
1043110332180_,1535,11,3,72.72727273,42.8325,141.6597,3,Urban,3,Urban,1,0,0,0,0,1,TRUE,Urban-dominated
1043110332210_,2754,162,112,30.86419753,43.0378,141.355,3,Urban,3,Urban,0.75,0,0,0,0.25,0.75,TRUE,Urban-dominated
11044000,4425,11,1,90.90909091,33.4739175,-117.1422536,1,Natural vegetation,3,Urban,0.75,0,0,0,0.25,0.75,TRUE,Urban-dominated
1104430,51,1,0,100,42.3981512,-71.2733903,3,Urban,5,Other,0,0,1,0,0,0,FALSE,Mixed
11092450,441,20,0,100,34.16167247,-118.466749,3,Urban,3,Urban,1,0,0,0,0,1,TRUE,Urban-dominated
11126400,4867,26,12,53.84615385,34.5901111,-120.025361,1,Natural vegetation,1,Natural vegetation,0,0,0,0,1,0,FALSE,Natural-dominated
11128500,3748,298,6,97.98657718,34.58498706,-120.1445926,3,Urban,3,Urban,1,0,0,0,0,1,TRUE,Urban-dominated
11152880,89,4,0,100,37.04368056,-121.2759028,1,Natural vegetation,1,Natural vegetation,0,0,0,0,1,0,FALSE,Natural-dominated
11152900,223,9,0,100,37.0499451,-121.327431,1,Natural vegetation,1,Natural vegetation,0,0,0,0,1,0,FALSE,Natural-dominated
11153000,195,2,0,100,36.98,-121.3802778,2,Cropland,1,Natural vegetation,0,0,0,0,1,0,FALSE,Natural-dominated
11273400,5066,21,13,38.0952381,37.3472151,-120.9761777,2,Cropland,2,Cropland,0.25,0.75,0,0,0,1,TRUE,Ag-dominated
11509370,1861,303,169,44.22442244,42.12788298,-121.9288769,1,Natural vegetation,1,Natural vegetation,0,0,0,0,1,0,FALSE,Natural-dominated
1191000,2916,31,0,100,41.78443889,-72.7080556,3,Urban,3,Urban,1,0,0,0,0,1,TRUE,Urban-dominated
12507573,475,2,0,100,46.2852222,-120.0919944,2,Cropland,2,Cropland,0,1,0,0,0,1,TRUE,Ag-dominated
1302020,1158,7,2,71.42857143,40.86230556,-73.87438889,3,Urban,3,Urban,1,0,0,0,0,1,TRUE,Urban-dominated
135749950,1327,4,1,75,42.78569444,-73.7104167,3,Urban,1,Natural vegetation,0.5,0,0,0,0.5,0.5,TRUE,Urban-dominated
1363121256010_,2199,15,3,80,38.7736,139.8489,2,Cropland,2,Cropland,0,1,0,0,0,1,TRUE,Ag-dominated
1402000,529,8,2,75,40.475,-74.5758333,2,Cropland,3,Urban,1,0,0,0,0,1,TRUE,Urban-dominated
14078260,181,3,0,100,44.062,-120.0433056,1,Natural vegetation,1,Natural vegetation,0,0,0,0,1,0,FALSE,Natural-dominated
14151000,1347,1,0,100,43.94429299,-122.774794,1,Natural vegetation,1,Natural vegetation,0,0,0,0,1,0,FALSE,Natural-dominated
14202650,2232,374,277,25.93582888,45.44064167,-123.125,2,Cropland,2,Cropland,0,0.75,0,0,0.25,0.75,TRUE,Ag-dominated
14206950,2825,16,9,43.75,45.403452,-122.7548185,3,Urban,3,Urban,0.75,0,0,0,0.25,0.75,TRUE,Urban-dominated
1465798,92,1,0,100,40.0569557,-74.9851603,3,Urban,3,Urban,1,0,0,0,0,1,TRUE,Urban-dominated
1467087,89,7,2,71.42857143,40.0159454,-75.0968411,3,Urban,3,Urban,1,0,0,0,0,1,TRUE,Urban-dominated
1473900,699,8,2,75,40.1239987,-75.2198992,1,Natural vegetation,1,Natural vegetation,0,0,0,0,1,0,FALSE,Natural-dominated
1475548,1637,22,3,86.36363636,39.9327861,-75.2376361,3,Urban,3,Urban,1,0,0,0,0,1,TRUE,Urban-dominated
1477050,4259,3,0,100,39.83677934,-75.36630199,5,Other,5,Other,0,0,1,0,0,0,FALSE,Mixed
1484272,2786,313,81,74.12140575,38.791,-75.25077778,1,Natural vegetation,2,Cropland,0,0.5,0,0.25,0.25,0.5,TRUE,Ag-dominated
1484525,4819,47,12,74.46808511,38.59455556,-75.29102778,3,Urban,1,Natural vegetation,0,0,0.5,0,0.5,0,FALSE,Natural-dominated
1552046,291,27,20,25.92592593,53.77701,-1.505282,3,Urban,3,Urban,1,0,0,0,0,1,TRUE,Urban-dominated
1552048,298,141,111,21.27659574,53.75148,-1.42369,3,Urban,2,Cropland,0,1,0,0,0,1,TRUE,Ag-dominated
1574000,1728,3,0,100,40.0809008,-76.7180813,2,Cropland,2,Cropland,0,0.75,0.25,0,0,0.75,TRUE,Ag-dominated
1584376,647,84,68,19.04761905,53.99151,-1.13211,2,Cropland,2,Cropland,0.5,0.5,0,0,0,1,TRUE,Urban-dominated
1611500,4045,1,1,0,39.5823158,-78.3097312,1,Natural vegetation,1,Natural vegetation,0,0,0,0,1,0,FALSE,Natural-dominated
164579522,1255,3,2,33.33333333,38.9256,-77.32933889,3,Urban,1,Natural vegetation,0,0,0,0,1,0,FALSE,Natural-dominated
1646000,4159,2,0,100,38.97594346,-77.24581439,1,Natural vegetation,1,Natural vegetation,0.25,0,0,0,0.75,0.25,FALSE,Natural-dominated
1649500,5888,23,6,73.91304348,38.96025,-76.9259722,3,Urban,3,Urban,1,0,0,0,0,1,TRUE,Urban-dominated
1654500,3716,3,0,100,38.81358508,-77.2364549,3,Urban,3,Urban,1,0,0,0,0,1,TRUE,Urban-dominated
1656903,4357,21,0,100,38.8823899,-77.4319047,3,Urban,3,Urban,1,0,0,0,0,1,TRUE,Urban-dominated
1670200,504,9,4,55.55555556,38.1545801,-77.9502747,1,Natural vegetation,1,Natural vegetation,0,0.5,0,0,0.5,0.5,TRUE,Ag-dominated
204025,140,22,11,50,-30.2528,153.0333,1,Natural vegetation,1,Natural vegetation,0,0,0,0,1,0,FALSE,Natural-dominated
2079500,5671,1167,331,71.63667524,36.60319824,-78.2977743,5,Other,1,Natural vegetation,0,0,0.5,0,0.5,0,FALSE,Natural-dominated
2081094,6128,56,47,16.07142857,35.81305556,-76.89277778,1,Natural vegetation,1,Natural vegetation,0,0,0,0.5,0.5,0,FALSE,Natural-dominated
2098,537,6,2,66.66666667,40.363954,120.273091,2,Cropland,2,Cropland,0,1,0,0,0,1,TRUE,Ag-dominated
2100,778,1,1,0,30.84969,120.418512,3,Urban,3,Urban,0.5,0.25,0,0,0.25,0.75,TRUE,Urban-dominated
2101726,5398,585,112,80.85470085,35.73514055,-79.4230754,1,Natural vegetation,1,Natural vegetation,0,0,0,0,1,0,FALSE,Natural-dominated
2102,668,37,20,45.94594595,41.1889225,122.1876454,3,Urban,2,Cropland,0,1,0,0,0,1,TRUE,Ag-dominated
2106,695,44,18,59.09090909,30.388179,114.352698,3,Urban,5,Other,0.333333333,0,0.666666667,0,0,0.333333333,TRUE,Mixed
2107,703,57,18,68.42105263,34.765515,113.753602,3,Urban,3,Urban,1,0,0,0,0,1,TRUE,Urban-dominated
2108,800,64,20,68.75,30.402384,120.554155,3,Urban,3,Urban,1,0,0,0,0,1,TRUE,Urban-dominated
2110400,5927,585,237,59.48717949,33.953505,-78.71973988,1,Natural vegetation,1,Natural vegetation,0,0,0,0,1,0,FALSE,Natural-dominated
2110500,5934,245,188,23.26530612,33.9126719,-78.7150175,1,Natural vegetation,1,Natural vegetation,0,0,0,0,1,0,FALSE,Natural-dominated
2110701,5478,1959,1064,45.68657478,33.86100349,-79.0411471,1,Natural vegetation,1,Natural vegetation,0.25,0,0,0.25,0.5,0.25,FALSE,Natural-dominated
2110704,5871,464,345,25.64655172,33.8326111,-79.0437222,3,Urban,3,Urban,0.5,0,0,0.5,0,0.5,TRUE,Urban-dominated
2111,728,1,0,100,43.628448,126.308376,1,Natural vegetation,1,Natural vegetation,0,0.5,0,0,0.5,0.5,TRUE,Ag-dominated
2113,718,1,1,0,27.094325,109.614806,5,Other,1,Natural vegetation,0,0,0.5,0,0.5,0,FALSE,Natural-dominated
2114,662,6,3,50,34.889459,108.989429,3,Urban,3,Urban,1,0,0,0,0,1,TRUE,Urban-dominated
2118,560,30,17,43.33333333,45.787555,126.752056,3,Urban,3,Urban,1,0,0,0,0,1,TRUE,Urban-dominated
212011,48,3,3,0,-33.5343,150.0951,1,Natural vegetation,1,Natural vegetation,0,0,0,0,1,0,FALSE,Natural-dominated
212054,239,9,7,22.22222222,-33.3971,150.0839,1,Natural vegetation,1,Natural vegetation,0,0,0,0,1,0,FALSE,Natural-dominated
2121,591,32,21,34.375,45.552395,133.281365,2,Cropland,2,Cropland,0,0.5,0,0.25,0.25,0.5,TRUE,Ag-dominated
212244,191,95,73,23.15789474,-33.97944444,150.5591667,1,Natural vegetation,1,Natural vegetation,0,0,0,0,1,0,FALSE,Natural-dominated
212250,751,6,0,100,-33.87124191,150.2540137,1,Natural vegetation,1,Natural vegetation,0,0,0,0,1,0,FALSE,Natural-dominated
2122518,51,51,49,3.921568627,-34.73666667,149.6794444,2,Cropland,1,Natural vegetation,0.5,0,0,0,0.5,0.5,TRUE,Urban-dominated
2122520,144,117,99,15.38461538,-34.54592,150.33737,2,Cropland,2,Cropland,0,1,0,0,0,1,TRUE,Ag-dominated
212270,2070,10,10,0,-34.227667,150.252806,1,Natural vegetation,1,Natural vegetation,0,0,0,0,1,0,FALSE,Natural-dominated
2122711,1244,463,356,23.11015119,-34.7213892,149.7930558,1,Natural vegetation,2,Cropland,0,1,0,0,0,1,TRUE,Ag-dominated
2122713,493,468,448,4.273504274,-34.61162,149.88297,1,Natural vegetation,1,Natural vegetation,0,0,0,0,1,0,FALSE,Natural-dominated
212274,47,1,0,100,-34.57719481,150.5775536,2,Cropland,2,Cropland,0,1,0,0,0,1,TRUE,Ag-dominated
2123,413,1,1,0,31.620979,119.021234,1,Natural vegetation,3,Urban,1,0,0,0,0,1,TRUE,Urban-dominated
212378405,2929,70,1,98.57142857,35.20066667,-80.0618056,5,Other,1,Natural vegetation,0,0,0,0,1,0,FALSE,Natural-dominated
2124,745,38,10,73.68421053,33.626572,114.680083,3,Urban,3,Urban,1,0,0,0,0,1,TRUE,Urban-dominated
2125,531,4,0,100,23.366544,104.253525,3,Urban,3,Urban,1,0,0,0,0,1,TRUE,Urban-dominated
2126,636,15,3,80,41.149403,121.813325,3,Urban,3,Urban,0.666666667,0.333333333,0,0,0,1,TRUE,Urban-dominated
2127,584,44,39,11.36363636,45.90503,126.504213,2,Cropland,2,Cropland,0,1,0,0,0,1,TRUE,Ag-dominated
212880025,2885,29,1,96.55172414,34.9834833,-79.8775806,5,Other,1,Natural vegetation,0,0,0.25,0,0.75,0,FALSE,Natural-dominated
2129,758,5,4,20,33.686867,114.196677,2,Cropland,2,Cropland,0,1,0,0,0,1,TRUE,Ag-dominated
2129375,1559,4,0,100,34.8662583,-79.878925,1,Natural vegetation,1,Natural vegetation,0,0,0,0,1,0,FALSE,Natural-dominated
2131,722,1,1,0,20.009525,110.375224,4,Wetland,3,Urban,1,0,0,0,0,1,TRUE,Urban-dominated
213211,568,172,115,33.13953488,-34.046561,151.005328,1,Natural vegetation,3,Urban,1,0,0,0,0,1,TRUE,Urban-dominated
2134,646,1,1,0,34.183074,108.187798,2,Cropland,2,Cropland,0.25,0.75,0,0,0,1,TRUE,Ag-dominated
2135,786,6,0,100,35.909376,119.156486,2,Cropland,2,Cropland,0,1,0,0,0,1,TRUE,Ag-dominated
2135000,3940,1,0,100,34.05675,-79.2477222,1,Natural vegetation,1,Natural vegetation,0,0,0,0.25,0.75,0,FALSE,Natural-dominated
2136,601,1,0,100,38.507579,110.896829,1,Natural vegetation,1,Natural vegetation,0,0,0,0,1,0,FALSE,Natural-dominated
2138,790,3,2,33.33333333,28.944771,106.741756,2,Cropland,2,Cropland,0,1,0,0,0,1,TRUE,Ag-dominated
2138520,2157,3,1,66.66666667,35.74125,-81.8352528,1,Natural vegetation,1,Natural vegetation,0,0,0,0,1,0,FALSE,Natural-dominated
2142,705,3,1,66.66666667,39.918966,119.631456,5,Other,3,Urban,0.75,0,0.25,0,0,0.75,TRUE,Urban-dominated
214244102,2139,1,0,100,35.75719444,-81.08915,1,Natural vegetation,1,Natural vegetation,0,0,0,0,1,0,FALSE,Natural-dominated
2144,720,5,3,40,41.879991,120.98351,2,Cropland,1,Natural vegetation,0,0.5,0,0,0.5,0.5,TRUE,Ag-dominated
2145,660,66,12,81.81818182,25.958516,100.124072,2,Cropland,5,Other,0,0.25,0.5,0,0.25,0.25,FALSE,Mixed
2145910,1624,35,5,85.71428571,35.01641944,-81.00156389,1,Natural vegetation,3,Urban,0.75,0,0,0,0.25,0.75,TRUE,Urban-dominated
2146,555,3,2,33.33333333,46.934667,133.853376,1,Natural vegetation,1,Natural vegetation,0,0,0,0,1,0,FALSE,Natural-dominated
2147310,2134,29,13,55.17241379,34.59805556,-80.8905556,1,Natural vegetation,1,Natural vegetation,0,0,0,0,1,0,FALSE,Natural-dominated
21474095,2233,8,1,87.5,34.55801667,-80.8935,1,Natural vegetation,5,Other,0,0,1,0,0,0,FALSE,Mixed
2147505,2029,16,0,100,34.5411111,-80.8752778,1,Natural vegetation,5,Other,0,0,1,0,0,0,FALSE,Mixed
2148,653,4,0,100,27.840777,102.269485,4,Wetland,1,Natural vegetation,0.333333333,0,0,0,0.666666667,0.333333333,TRUE,Natural-dominated
2149,224,1,0,100,31.50139,117.270311,2,Cropland,2,Cropland,0,1,0,0,0,1,TRUE,Ag-dominated
2151,678,5,2,60,36.276864,116.117321,2,Cropland,2,Cropland,0.25,0.75,0,0,0,1,TRUE,Ag-dominated
215207,2298,157,156,0.636942675,-34.81921893,150.1821299,1,Natural vegetation,1,Natural vegetation,0,0,0,0,1,0,FALSE,Natural-dominated
2152131,566,14,13,7.142857143,-34.7345,150.284944,1,Natural vegetation,1,Natural vegetation,0,0,0,0,1,0,FALSE,Natural-dominated
215216,1450,1,1,0,-34.83943446,150.4318317,1,Natural vegetation,1,Natural vegetation,0,0,0,0,1,0,FALSE,Natural-dominated
215220,1920,6,6,0,-34.72798991,150.5224407,1,Natural vegetation,2,Cropland,0,1,0,0,0,1,TRUE,Ag-dominated
2152201,396,2,1,50,-34.712767,150.582545,1,Natural vegetation,1,Natural vegetation,0,0,0,0,1,0,FALSE,Natural-dominated
215233,44,41,30,26.82926829,-34.60520243,150.5191395,1,Natural vegetation,1,Natural vegetation,0,0,0,0,1,0,FALSE,Natural-dominated
2159,472,20,6,70,34.749162,110.050793,2,Cropland,2,Cropland,0,1,0,0,0,1,TRUE,Ag-dominated
2164,153,11,5,54.54545455,35.004221,118.912242,2,Cropland,2,Cropland,0,1,0,0,0,1,TRUE,Ag-dominated
2165,630,172,58,66.27906977,24.360423,117.93156,3,Urban,2,Cropland,0.25,0.5,0.25,0,0,0.75,TRUE,Ag-dominated
2167600,165,1,0,100,34.09930647,-81.5684382,1,Natural vegetation,1,Natural vegetation,0,0,0.25,0,0.75,0,FALSE,Natural-dominated
2167716,698,31,3,90.32258065,34.0795843,-81.5617714,5,Other,1,Natural vegetation,0,0,0,0,1,0,FALSE,Natural-dominated
2168504,2691,49,32,34.69387755,34.0509822,-81.2095418,3,Urban,3,Urban,0.5,0,0.25,0,0.25,0.5,TRUE,Urban-dominated
2169000,5430,2,2,0,34.0140416,-81.0878717,3,Urban,3,Urban,0.75,0,0.25,0,0,0.75,TRUE,Urban-dominated
2171,690,151,20,86.75496689,34.177411,116.471647,2,Cropland,2,Cropland,0,1,0,0,0,1,TRUE,Ag-dominated
2171645,5037,17,1,94.11764706,33.4275,-79.915,1,Natural vegetation,1,Natural vegetation,0,0,0,0,1,0,FALSE,Natural-dominated
2172,658,4,0,100,30.000985,121.325079,2,Cropland,2,Cropland,0,0.5,0.5,0,0,0.5,TRUE,Ag-dominated
2172002,2791,69,3,95.65217391,33.21491667,-79.9749167,1,Natural vegetation,1,Natural vegetation,0,0,0,0,1,0,FALSE,Natural-dominated
2173,693,25,11,56,27.878331,111.357444,2,Cropland,1,Natural vegetation,0,0.5,0,0,0.5,0.5,TRUE,Ag-dominated
2177,686,2,1,50,33.352881,115.953353,2,Cropland,2,Cropland,0,1,0,0,0,1,TRUE,Ag-dominated
2179,61,1,0,100,31.87893,120.977622,2,Cropland,2,Cropland,0,1,0,0,0,1,TRUE,Ag-dominated
2180,634,1,0,100,31.391125,113.98047,2,Cropland,2,Cropland,0,1,0,0,0,1,TRUE,Ag-dominated
2181,533,20,12,40,45.618322,122.829592,3,Urban,3,Urban,1,0,0,0,0,1,TRUE,Urban-dominated
2182,438,1,0,100,28.950873,105.359266,1,Natural vegetation,1,Natural vegetation,0,0,0,0,1,0,FALSE,Natural-dominated
2183,735,67,60,10.44776119,31.861184,117.284922,3,Urban,3,Urban,1,0,0,0,0,1,TRUE,Urban-dominated
2184,730,25,1,96,34.879613,117.027314,3,Urban,3,Urban,1,0,0,0,0,1,TRUE,Urban-dominated
2185,743,43,5,88.37209302,35.538668,116.84332,2,Cropland,2,Cropland,0.5,0.5,0,0,0,1,TRUE,Urban-dominated
2187,730,90,12,86.66666667,24.067389,116.364039,1,Natural vegetation,1,Natural vegetation,0,0,0,0,1,0,FALSE,Natural-dominated
2188,753,143,83,41.95804196,33.731002,120.393063,3,Urban,5,Other,0,0,1,0,0,0,FALSE,Mixed
2189,674,8,5,37.5,28.675696,115.909228,3,Urban,3,Urban,1,0,0,0,0,1,TRUE,Urban-dominated
2190,761,9,4,55.55555556,29.637542,117.303815,1,Natural vegetation,1,Natural vegetation,0,0,0,0,1,0,FALSE,Natural-dominated
2192,749,51,12,76.47058824,34.068636,116.25461,2,Cropland,2,Cropland,0,1,0,0,0,1,TRUE,Ag-dominated
2193,655,1,0,100,32.262114,115.392074,2,Cropland,2,Cropland,0,1,0,0,0,1,TRUE,Ag-dominated
2194,496,8,2,75,30.280827,120.135191,3,Urban,3,Urban,1,0,0,0,0,1,TRUE,Urban-dominated
2195,679,2,2,0,30.246073,109.493289,1,Natural vegetation,1,Natural vegetation,0.25,0.25,0,0,0.5,0.5,TRUE,Natural-dominated
2196,766,22,6,72.72727273,31.579754,121.798307,2,Cropland,2,Cropland,0,1,0,0,0,1,TRUE,Ag-dominated
2198,663,7,3,57.14285714,31.193231,121.785769,2,Cropland,3,Urban,0.666666667,0,0.333333333,0,0,0.666666667,TRUE,Urban-dominated
2199,601,50,11,78,31.801399,121.194699,2,Cropland,2,Cropland,0,0.5,0.5,0,0,0.5,TRUE,Ag-dominated
2200,705,84,56,33.33333333,31.013867,121.754522,3,Urban,3,Urban,1,0,0,0,0,1,TRUE,Urban-dominated
2201,736,20,8,60,31.535298,121.6762,2,Cropland,2,Cropland,0,1,0,0,0,1,TRUE,Ag-dominated
2202,753,32,13,59.375,31.362887,121.745275,3,Urban,3,Urban,1,0,0,0,0,1,TRUE,Urban-dominated
2203,703,6,0,100,31.023111,121.041476,3,Urban,2,Cropland,0.25,0.5,0.25,0,0,0.75,TRUE,Ag-dominated
2203603,5612,14,0,100,33.68388889,-84.4152778,3,Urban,3,Urban,1,0,0,0,0,1,TRUE,Urban-dominated
2203655,5695,6,1,83.33333333,33.67891667,-84.35813889,3,Urban,3,Urban,1,0,0,0,0,1,TRUE,Urban-dominated
2203800,150,4,2,50,33.6796111,-84.3079444,1,Natural vegetation,3,Urban,0.75,0,0,0,0.25,0.75,TRUE,Urban-dominated
2203873,3817,4,2,50,33.70941667,-84.2391667,3,Urban,3,Urban,1,0,0,0,0,1,TRUE,Urban-dominated
2203900,4360,2,0,100,33.66577778,-84.224,3,Urban,1,Natural vegetation,0.5,0,0,0,0.5,0.5,TRUE,Urban-dominated
2203950,4389,11,3,72.72727273,33.7632222,-84.2203611,3,Urban,3,Urban,1,0,0,0,0,1,TRUE,Urban-dominated
2204,675,26,7,73.07692308,31.1155091,120.9170361,5,Other,5,Other,0,0,1,0,0,0,FALSE,Mixed
2205,755,60,41,31.66666667,31.005464,121.12989,3,Urban,3,Urban,1,0,0,0,0,1,TRUE,Urban-dominated
2206,626,97,49,49.48453608,30.949895,121.204222,2,Cropland,2,Cropland,0,1,0,0,0,1,TRUE,Ag-dominated
2207160,3216,1,0,100,33.77327778,-84.0771667,3,Urban,1,Natural vegetation,0.5,0,0,0,0.5,0.5,TRUE,Urban-dominated
2207385,430,1,0,100,33.81527778,-83.99013889,1,Natural vegetation,1,Natural vegetation,0,0,0,0,1,0,FALSE,Natural-dominated
2208,683,45,26,42.22222222,31.40073,121.423992,3,Urban,3,Urban,1,0,0,0,0,1,TRUE,Urban-dominated
2209,684,46,30,34.7826087,30.872458,121.541336,3,Urban,3,Urban,0.75,0.25,0,0,0,1,TRUE,Urban-dominated
2210,604,35,26,25.71428571,30.96988,121.312408,5,Other,2,Cropland,0.5,0.5,0,0,0,1,TRUE,Urban-dominated
2211,667,53,23,56.60377358,31.276424,121.225288,3,Urban,3,Urban,1,0,0,0,0,1,TRUE,Urban-dominated
2212,611,61,43,29.50819672,24.951581,102.691559,3,Urban,3,Urban,1,0,0,0,0,1,TRUE,Urban-dominated
2215,603,6,0,100,23.001322,104.778803,1,Natural vegetation,1,Natural vegetation,0,0,0,0,1,0,FALSE,Natural-dominated
2222,199,1,1,0,39.5163998,106.7539556,5,Other,5,Other,0.25,0,0.5,0,0.25,0.25,FALSE,Mixed
2228,743,3,2,33.33333333,40.966814,106.948099,2,Cropland,2,Cropland,0,1,0,0,0,1,TRUE,Ag-dominated
2231,685,81,23,71.60493827,39.93045,115.520692,1,Natural vegetation,1,Natural vegetation,0,0,0,0,1,0,FALSE,Natural-dominated
223209,1139,8,4,50,-37.7573062,147.8491161,2,Cropland,2,Cropland,0,1,0,0,0,1,TRUE,Ag-dominated
223210,100,43,42,2.325581395,-37.73756155,147.7109962,1,Natural vegetation,1,Natural vegetation,0,0,0,0,1,0,FALSE,Natural-dominated
2239501,1485,939,1,99.89350373,29.2149764,-82.0412,1,Natural vegetation,1,Natural vegetation,0,0,0,0,1,0,FALSE,Natural-dominated
224203,48,1,0,100,-37.76358991,147.3747776,2,Cropland,2,Cropland,0,1,0,0,0,1,TRUE,Ag-dominated
2245,619,94,63,32.9787234,39.1393072,117.18897,3,Urban,3,Urban,1,0,0,0,0,1,TRUE,Urban-dominated
2246,727,12,5,58.33333333,38.871337,117.424182,3,Urban,3,Urban,0.666666667,0.333333333,0,0,0,1,TRUE,Urban-dominated
224602,103,103,87,15.53398058,-37.84944444,147.6378972,4,Wetland,2,Cropland,0.25,0.25,0.25,0.25,0,0.5,TRUE,Mixed
2252,662,78,18,76.92307692,33.4957895,115.4699245,2,Cropland,2,Cropland,0,1,0,0,0,1,TRUE,Ag-dominated
225212,156,1,0,100,-38.01068638,146.8810046,2,Cropland,2,Cropland,0,1,0,0,0,1,TRUE,Ag-dominated
225236,9,9,6,33.33333333,-38.00213184,146.7800107,2,Cropland,2,Cropland,0,1,0,0,0,1,TRUE,Ag-dominated
225256,160,13,11,15.38461538,-38.00396747,146.9815133,2,Cropland,2,Cropland,0,1,0,0,0,1,TRUE,Ag-dominated
2253,199,25,6,76,33.8752478,116.5802321,2,Cropland,2,Cropland,0,1,0,0,0,1,TRUE,Ag-dominated
2256,779,60,37,38.33333333,33.2640607,115.3390767,3,Urban,3,Urban,1,0,0,0,0,1,TRUE,Urban-dominated
2257,300,12,7,41.66666667,32.6439828,116.9074973,2,Cropland,2,Cropland,0,0.5,0.5,0,0,0.5,TRUE,Ag-dominated
2258,782,76,42,44.73684211,32.9527884,117.2710932,5,Other,2,Cropland,0.5,0.5,0,0,0,1,TRUE,Urban-dominated
2259,49,8,3,62.5,33.814464,116.855937,2,Cropland,2,Cropland,0.25,0.75,0,0,0,1,TRUE,Ag-dominated
226027,117,6,5,16.66666667,-38.14491292,147.127818,2,Cropland,1,Natural vegetation,0,0,0,0,1,0,FALSE,Natural-dominated
2262,130,7,2,71.42857143,31.647649,117.811618,2,Cropland,2,Cropland,0,1,0,0,0,1,TRUE,Ag-dominated
2263,41,12,10,16.66666667,32.724409,119.0894,2,Cropland,2,Cropland,0,1,0,0,0,1,TRUE,Ag-dominated
2264,770,106,68,35.8490566,35.071916,118.229582,3,Urban,3,Urban,1,0,0,0,0,1,TRUE,Urban-dominated
2264000,3934,2234,1471,34.15398389,28.39056323,-81.5195173,1,Natural vegetation,1,Natural vegetation,0.333333333,0,0,0,0.666666667,0.333333333,TRUE,Natural-dominated
2264051,1842,108,32,70.37037037,28.37444444,-81.515,3,Urban,3,Urban,1,0,0,0,0,1,TRUE,Urban-dominated
2264100,5133,1013,560,44.71865745,28.32528785,-81.5206284,3,Urban,1,Natural vegetation,0,0,0,0,1,0,FALSE,Natural-dominated
226415,46,16,9,43.75,-38.2698709,146.5404981,2,Cropland,2,Cropland,0,1,0,0,0,1,TRUE,Ag-dominated
2266,680,76,13,82.89473684,37.280543,118.730288,2,Cropland,2,Cropland,0,1,0,0,0,1,TRUE,Ag-dominated
226614,98,98,87,11.2244898,-38.12684167,147.0755,1,Natural vegetation,1,Natural vegetation,0.25,0.25,0,0,0.5,0.5,TRUE,Natural-dominated
2266200,4252,4008,3599,10.20459082,28.38500749,-81.6164632,4,Wetland,1,Natural vegetation,0.25,0,0,0,0.75,0.25,FALSE,Natural-dominated
2266291,1827,1059,881,16.80830973,28.42702778,-81.6052778,1,Natural vegetation,1,Natural vegetation,0,0,0,0,1,0,FALSE,Natural-dominated
2266300,3296,92,80,13.04347826,28.33278738,-81.579796,1,Natural vegetation,3,Urban,0.75,0,0,0.25,0,0.75,TRUE,Urban-dominated
2266495,2942,2214,2058,7.046070461,28.27584517,-81.5439622,4,Wetland,4,Wetland,0,0,0,1,0,0,FALSE,Mixed
2267,648,45,8,82.22222222,35.337055,116.619434,2,Cropland,2,Cropland,0.25,0.5,0.25,0,0,0.75,TRUE,Ag-dominated
2268,115,1,0,100,34.7022325,118.4786666,5,Other,2,Cropland,0,0.75,0.25,0,0,0.75,TRUE,Ag-dominated
2269,172,10,1,90,34.5999124,118.1425578,2,Cropland,2,Cropland,0,1,0,0,0,1,TRUE,Ag-dominated
2270,711,25,12,52,35.651181,115.517942,2,Cropland,2,Cropland,0,1,0,0,0,1,TRUE,Ag-dominated
2272,608,4,0,100,35.80937,119.639585,5,Other,2,Cropland,0,1,0,0,0,1,TRUE,Ag-dominated
227264,267,240,220,8.333333333,-38.44973718,145.9571493,2,Cropland,2,Cropland,0,1,0,0,0,1,TRUE,Ag-dominated
227270,536,498,487,2.208835341,-38.43219544,145.7926083,1,Natural vegetation,2,Cropland,0,0.75,0,0,0.25,0.75,TRUE,Ag-dominated
227273,126,113,113,0,-38.57365861,145.5105533,2,Cropland,2,Cropland,0,1,0,0,0,1,TRUE,Ag-dominated
2273,610,56,11,80.35714286,35.225111,116.513133,2,Cropland,2,Cropland,0,1,0,0,0,1,TRUE,Ag-dominated
2274,635,21,5,76.19047619,36.35474,120.524975,2,Cropland,3,Urban,0.75,0.25,0,0,0,1,TRUE,Urban-dominated
2275,769,16,1,93.75,38.010543,117.686232,3,Urban,2,Cropland,0,1,0,0,0,1,TRUE,Ag-dominated
2276,669,9,2,77.77777778,37.701315,118.126414,3,Urban,2,Cropland,0.25,0.75,0,0,0,1,TRUE,Ag-dominated
2277,744,51,19,62.74509804,38.063661,117.792787,3,Urban,2,Cropland,0.25,0.75,0,0,0,1,TRUE,Ag-dominated
2278,761,42,5,88.0952381,35.346292,116.765526,3,Urban,2,Cropland,0,1,0,0,0,1,TRUE,Ag-dominated
2279,781,11,4,63.63636364,36.868794,118.793639,3,Urban,3,Urban,1,0,0,0,0,1,TRUE,Urban-dominated
2280,736,1,0,100,34.507991,118.195764,2,Cropland,3,Urban,1,0,0,0,0,1,TRUE,Urban-dominated
2281,656,15,2,86.66666667,34.862105,116.042865,2,Cropland,2,Cropland,0,1,0,0,0,1,TRUE,Ag-dominated
2282,762,5,2,60,35.431478,116.008235,2,Cropland,2,Cropland,0,1,0,0,0,1,TRUE,Ag-dominated
2283,696,7,1,85.71428571,36.937298,119.395341,3,Urban,2,Cropland,0,1,0,0,0,1,TRUE,Ag-dominated
2285,625,11,1,90.90909091,35.03919,116.951152,3,Urban,2,Cropland,0,1,0,0,0,1,TRUE,Ag-dominated
2286,711,8,0,100,37.620396,117.327253,2,Cropland,2,Cropland,0,1,0,0,0,1,TRUE,Ag-dominated
2287,759,145,99,31.72413793,37.255764,118.854524,5,Other,5,Other,0,0,0.75,0.25,0,0,FALSE,Mixed
2288,702,32,7,78.125,37.44649,116.27445,3,Urban,3,Urban,1,0,0,0,0,1,TRUE,Urban-dominated
2290,773,38,23,39.47368421,34.638468,115.556362,2,Cropland,2,Cropland,0,1,0,0,0,1,TRUE,Ag-dominated
2291,630,14,3,78.57142857,37.025299,116.233597,2,Cropland,2,Cropland,0,1,0,0,0,1,TRUE,Ag-dominated
229143,373,13,13,0,-37.78588056,145.02505,3,Urban,3,Urban,1,0,0,0,0,1,TRUE,Urban-dominated
229147,16,4,1,75,-37.6894,145.3233194,1,Natural vegetation,1,Natural vegetation,0,0,0,0,1,0,FALSE,Natural-dominated
2292,796,89,35,60.6741573,35.373248,115.88739,3,Urban,2,Cropland,0.5,0.5,0,0,0,1,TRUE,Urban-dominated
2293,818,39,9,76.92307692,36.66853,117.020359,3,Urban,3,Urban,1,0,0,0,0,1,TRUE,Urban-dominated
2294,791,31,19,38.70967742,37.10119,118.065234,3,Urban,2,Cropland,0,1,0,0,0,1,TRUE,Ag-dominated
2296,716,18,5,72.22222222,36.508114,118.537078,3,Urban,3,Urban,1,0,0,0,0,1,TRUE,Urban-dominated
2297,661,1,0,100,37.075474,120.471352,2,Cropland,2,Cropland,0,1,0,0,0,1,TRUE,Ag-dominated
2299,752,3,0,100,22.888331,113.267097,3,Urban,2,Cropland,0.5,0.5,0,0,0,1,TRUE,Urban-dominated
2301500,1557,1,0,100,27.872248,-82.2112008,1,Natural vegetation,1,Natural vegetation,0.25,0,0,0,0.75,0.25,FALSE,Natural-dominated
2301635,1595,10,0,100,27.85715556,-82.26858889,3,Urban,3,Urban,0.75,0,0,0,0.25,0.75,TRUE,Urban-dominated
2302,775,189,92,51.32275132,24.858987,112.309585,1,Natural vegetation,1,Natural vegetation,0,0,0,0,1,0,FALSE,Natural-dominated
230220,179,90,58,35.55555556,-37.49078,144.73922,2,Cropland,2,Cropland,0,1,0,0,0,1,TRUE,Ag-dominated
230240,734,559,475,15.02683363,-37.57117842,144.7368969,3,Urban,3,Urban,1,0,0,0,0,1,TRUE,Urban-dominated
2303,789,18,9,50,23.665131,117.003995,3,Urban,3,Urban,0.5,0,0.5,0,0,0.5,TRUE,Urban-dominated
2304,751,4,1,75,22.979087,115.832299,3,Urban,2,Cropland,0.25,0.5,0,0,0.25,0.75,TRUE,Ag-dominated
2304000,5830,2531,2315,8.534176215,28.05446224,-82.3637032,3,Urban,1,Natural vegetation,0.5,0,0,0,0.5,0.5,TRUE,Urban-dominated
2306,759,20,4,80,22.238874,112.720441,1,Natural vegetation,1,Natural vegetation,0,0,0,0,1,0,FALSE,Natural-dominated
2308,766,4,1,75,22.800286,114.92215,3,Urban,3,Urban,0.5,0.25,0,0,0.25,0.75,TRUE,Urban-dominated
2309,772,248,126,49.19354839,23.447464,116.554572,3,Urban,3,Urban,1,0,0,0,0,1,TRUE,Urban-dominated
2311,778,53,15,71.69811321,23.064736,113.512709,3,Urban,3,Urban,0.5,0,0.5,0,0,0.5,TRUE,Urban-dominated
2313700,2110,46,17,63.04347826,29.20413378,-82.769001,4,Wetland,1,Natural vegetation,0,0,0,0.25,0.75,0,FALSE,Natural-dominated
2314,791,5,3,40,23.023376,113.333231,3,Urban,3,Urban,1,0,0,0,0,1,TRUE,Urban-dominated
2315,754,59,16,72.88135593,22.891775,113.47333,3,Urban,3,Urban,0.5,0,0.5,0,0,0.5,TRUE,Urban-dominated
2318,757,101,42,58.41584158,23.028025,113.199715,3,Urban,3,Urban,1,0,0,0,0,1,TRUE,Urban-dominated
2318500,1612,9,7,22.22222222,30.79330556,-83.4534444,1,Natural vegetation,1,Natural vegetation,0,0,0,0,1,0,FALSE,Natural-dominated
2319,661,2,1,50,24.347717,113.855428,1,Natural vegetation,1,Natural vegetation,0,0,0,0,1,0,FALSE,Natural-dominated
232242,181,6,6,0,-37.86192,144.1318,1,Natural vegetation,2,Cropland,0,1,0,0,0,1,TRUE,Ag-dominated
2322700,979,21,0,100,29.95273288,-82.7859573,1,Natural vegetation,1,Natural vegetation,0,0,0,0,1,0,FALSE,Natural-dominated
2324,304,7,1,85.71428571,23.711524,113.217941,2,Cropland,2,Cropland,0,1,0,0,0,1,TRUE,Ag-dominated
2325,752,85,37,56.47058824,21.959607,111.675334,2,Cropland,1,Natural vegetation,0,0,0,0,1,0,FALSE,Natural-dominated
2326516,1237,1097,1080,1.549680948,30.3397222,-83.9923333,1,Natural vegetation,1,Natural vegetation,0,0,0,0,1,0,FALSE,Natural-dominated
2326526,2962,60,4,93.33333333,30.3013159,-83.9796085,1,Natural vegetation,1,Natural vegetation,0,0,0,0,1,0,FALSE,Natural-dominated
2329,772,181,125,30.93922652,23.015018,114.4862,5,Other,1,Natural vegetation,0,0,0,0,1,0,FALSE,Natural-dominated
2330,743,84,35,58.33333333,22.992944,112.290777,1,Natural vegetation,1,Natural vegetation,0,0,0,0,1,0,FALSE,Natural-dominated
233217,241,11,8,27.27272727,-38.16360559,144.3468922,3,Urban,3,Urban,0.75,0,0.25,0,0,0.75,TRUE,Urban-dominated
2333,770,27,5,81.48148148,22.54716,112.97655,1,Natural vegetation,1,Natural vegetation,0,0,0,0,1,0,FALSE,Natural-dominated
2334,705,63,41,34.92063492,23.686789,116.887764,1,Natural vegetation,1,Natural vegetation,0,0,0,0,1,0,FALSE,Natural-dominated
2334430,454,69,9,86.95652174,34.15666667,-84.0784167,1,Natural vegetation,1,Natural vegetation,0,0,0,0,1,0,FALSE,Natural-dominated
2336120,5979,6,0,100,33.83155556,-84.3427778,3,Urban,3,Urban,1,0,0,0,0,1,TRUE,Urban-dominated
2336152,4378,44,20,54.54545455,33.81044444,-84.2479722,3,Urban,3,Urban,1,0,0,0,0,1,TRUE,Urban-dominated
2336300,5289,3,0,100,33.82030556,-84.40763889,3,Urban,3,Urban,1,0,0,0,0,1,TRUE,Urban-dominated
2336313,5709,77,27,64.93506494,33.82163889,-84.43863889,3,Urban,3,Urban,1,0,0,0,0,1,TRUE,Urban-dominated
2336360,5800,4,0,100,33.86916667,-84.37888889,3,Urban,3,Urban,1,0,0,0,0,1,TRUE,Urban-dominated
2336526,5918,19,2,89.47368421,33.7944722,-84.4741944,3,Urban,3,Urban,1,0,0,0,0,1,TRUE,Urban-dominated
2336728,5766,1,0,100,33.74352778,-84.5681667,3,Urban,3,Urban,1,0,0,0,0,1,TRUE,Urban-dominated
2337170,5687,2,1,50,33.65666667,-84.6736111,1,Natural vegetation,1,Natural vegetation,0,0,0,0,1,0,FALSE,Natural-dominated
2340,795,102,49,51.96078431,22.997112,112.424484,3,Urban,1,Natural vegetation,0,0.333333333,0,0,0.666666667,0.333333333,TRUE,Natural-dominated
2341,770,216,124,42.59259259,22.335273,113.448344,3,Urban,3,Urban,0.666666667,0,0,0,0.333333333,0.666666667,TRUE,Urban-dominated
23432415,4448,762,150,80.31496063,31.62219444,-85.0591667,1,Natural vegetation,2,Cropland,0,1,0,0,0,1,TRUE,Ag-dominated
2344,284,7,3,57.14285714,24.487936,115.497302,1,Natural vegetation,1,Natural vegetation,0,0,0,0,1,0,FALSE,Natural-dominated
2344630,5348,53,32,39.62264151,33.35727778,-84.5826111,1,Natural vegetation,1,Natural vegetation,0,0,0,0,1,0,FALSE,Natural-dominated
2344673,3445,36,21,41.66666667,33.38316667,-84.5727222,3,Urban,3,Urban,1,0,0,0,0,1,TRUE,Urban-dominated
2345,799,635,343,45.98425197,23.572236,116.392179,3,Urban,3,Urban,1,0,0,0,0,1,TRUE,Urban-dominated
2346,712,6,2,66.66666667,21.66039,109.136571,2,Cropland,2,Cropland,0,1,0,0,0,1,TRUE,Ag-dominated
2354,375,1,0,100,23.556576,110.390755,3,Urban,3,Urban,1,0,0,0,0,1,TRUE,Urban-dominated
2357,723,1,0,100,24.507607,108.884472,2,Cropland,2,Cropland,0,1,0,0,0,1,TRUE,Ag-dominated
2357150,2673,16,14,12.5,30.903,-84.7495,1,Natural vegetation,2,Cropland,0,1,0,0,0,1,TRUE,Ag-dominated
2358000,2352,1,0,100,30.7010251,-84.8590871,5,Other,1,Natural vegetation,0,0,0,0,1,0,FALSE,Natural-dominated
2359170,2634,24,23,4.166666667,29.94937094,-85.0154686,1,Natural vegetation,4,Wetland,0,0,0,1,0,0,FALSE,Mixed
2359223,1454,50,14,72,29.7695111,-85.0842806,4,Wetland,4,Wetland,0,0,0,1,0,0,FALSE,Mixed
2363,728,1,1,0,23.415838,111.174427,1,Natural vegetation,1,Natural vegetation,0,0,0,0,1,0,FALSE,Natural-dominated
2364,680,1,1,0,23.850452,109.516111,2,Cropland,3,Urban,1,0,0,0,0,1,TRUE,Urban-dominated
2374,166,2,1,50,46.473199,82.814172,1,Natural vegetation,1,Natural vegetation,0,0,0,0,1,0,FALSE,Natural-dominated
2376,472,2,0,100,47.329765,87.819778,3,Urban,2,Cropland,0.5,0.5,0,0,0,1,TRUE,Urban-dominated
2377,723,98,49,50,34.060052,120.225024,2,Cropland,2,Cropland,0.25,0.75,0,0,0,1,TRUE,Ag-dominated
2378,718,9,6,33.33333333,34.786621,116.916933,2,Cropland,2,Cropland,0.25,0.75,0,0,0,1,TRUE,Ag-dominated
2379,708,36,9,75,34.087534,120.247992,3,Urban,2,Cropland,0,1,0,0,0,1,TRUE,Ag-dominated
2380,714,4,1,75,32.331747,119.478663,2,Cropland,3,Urban,0.5,0.25,0.25,0,0,0.75,TRUE,Urban-dominated
2382,710,63,42,33.33333333,34.475074,119.284184,2,Cropland,2,Cropland,0,1,0,0,0,1,TRUE,Ag-dominated
2383,725,89,46,48.31460674,34.420654,119.501679,3,Urban,2,Cropland,0,1,0,0,0,1,TRUE,Ag-dominated
2384,652,1,0,100,31.744229,119.803875,2,Cropland,3,Urban,1,0,0,0,0,1,TRUE,Urban-dominated
2385,771,101,42,58.41584158,33.400235,120.126341,3,Urban,3,Urban,1,0,0,0,0,1,TRUE,Urban-dominated
2386,688,41,17,58.53658537,34.605988,118.482669,2,Cropland,3,Urban,1,0,0,0,0,1,TRUE,Urban-dominated
2387,799,118,53,55.08474576,33.223399,120.2997,2,Cropland,2,Cropland,0,1,0,0,0,1,TRUE,Ag-dominated
2388,780,5,1,80,32.061707,118.763232,3,Urban,3,Urban,1,0,0,0,0,1,TRUE,Urban-dominated
2389,795,34,3,91.17647059,34.661703,119.182412,3,Urban,3,Urban,0.5,0.25,0.25,0,0,0.75,TRUE,Urban-dominated
2390,736,31,8,74.19354839,34.305619,120.05062,3,Urban,2,Cropland,0,1,0,0,0,1,TRUE,Ag-dominated
2391,790,118,60,49.15254237,32.083269,120.333295,2,Cropland,2,Cropland,0,1,0,0,0,1,TRUE,Ag-dominated
2392,801,142,82,42.25352113,33.798763,120.34031,5,Other,2,Cropland,0,1,0,0,0,1,TRUE,Ag-dominated
2393,772,65,31,52.30769231,33.051439,120.798311,2,Cropland,2,Cropland,0,1,0,0,0,1,TRUE,Ag-dominated
2394,112,1,0,100,33.191976,117.990686,2,Cropland,2,Cropland,0,0.75,0.25,0,0,0.75,TRUE,Ag-dominated
2394682,2914,3,0,100,34.0789722,-84.8544444,1,Natural vegetation,1,Natural vegetation,0,0,0,0,1,0,FALSE,Natural-dominated
2395,774,33,24,27.27272727,34.1666,118.882275,2,Cropland,2,Cropland,0,1,0,0,0,1,TRUE,Ag-dominated
2396,151,1,0,100,34.6214143,118.1051302,2,Cropland,2,Cropland,0,1,0,0,0,1,TRUE,Ag-dominated
2399,793,135,102,24.44444444,33.459693,120.58843,5,Other,5,Other,0,0,1,0,0,0,FALSE,Mixed
2400,779,109,50,54.12844037,32.442549,119.550954,3,Urban,3,Urban,1,0,0,0,0,1,TRUE,Urban-dominated
2401,672,106,61,42.45283019,33.617416,120.47589,2,Cropland,2,Cropland,0,0.75,0.25,0,0,0.75,TRUE,Ag-dominated
2402,788,78,36,53.84615385,34.630774,119.157303,2,Cropland,3,Urban,1,0,0,0,0,1,TRUE,Urban-dominated
2403,791,50,31,38,34.625156,119.171402,3,Urban,3,Urban,1,0,0,0,0,1,TRUE,Urban-dominated
2405,804,148,82,44.59459459,34.056805,118.804565,3,Urban,2,Cropland,0,1,0,0,0,1,TRUE,Ag-dominated
2406,770,62,45,27.41935484,31.503261,119.838119,2,Cropland,4,Wetland,0,0.25,0.25,0.5,0,0.25,FALSE,Mixed
2407,709,21,3,85.71428571,33.39845,119.609473,2,Cropland,2,Cropland,0,1,0,0,0,1,TRUE,Ag-dominated
2408,748,89,51,42.69662921,31.894245,120.602195,3,Urban,3,Urban,0.75,0.25,0,0,0,1,TRUE,Urban-dominated
2409,753,2,1,50,34.67746,119.151436,3,Urban,2,Cropland,0,1,0,0,0,1,TRUE,Ag-dominated
2411,115,3,0,100,33.282706,118.637266,5,Other,5,Other,0,0,1,0,0,0,FALSE,Mixed
2412,780,9,0,100,34.954826,119.144615,3,Urban,2,Cropland,0,1,0,0,0,1,TRUE,Ag-dominated
2414,745,100,87,13,34.211619,119.580868,3,Urban,3,Urban,0.5,0.25,0.25,0,0,0.75,TRUE,Urban-dominated
2415,773,54,36,33.33333333,34.668919,119.459167,5,Other,5,Other,0,0,1,0,0,0,FALSE,Mixed
2416,706,52,37,28.84615385,34.50932,119.751725,5,Other,5,Other,0,0,1,0,0,0,FALSE,Mixed
2417,799,159,67,57.86163522,33.184199,120.701088,1,Natural vegetation,2,Cropland,0,1,0,0,0,1,TRUE,Ag-dominated
2418,787,87,36,58.62068966,33.626576,118.994994,3,Urban,3,Urban,1,0,0,0,0,1,TRUE,Urban-dominated
2420,775,64,19,70.3125,31.380975,119.639617,2,Cropland,2,Cropland,0.25,0.75,0,0,0,1,TRUE,Ag-dominated
2421,727,58,27,53.44827586,34.398537,117.179892,3,Urban,3,Urban,1,0,0,0,0,1,TRUE,Urban-dominated
2422,711,142,70,50.70422535,34.067903,119.367138,2,Cropland,2,Cropland,0,1,0,0,0,1,TRUE,Ag-dominated
2423571,2061,54,28,48.14814815,33.52093809,-86.7169325,3,Urban,1,Natural vegetation,0.5,0,0,0,0.5,0.5,TRUE,Urban-dominated
2424,711,19,8,57.89473684,34.786466,119.144453,3,Urban,5,Other,0.25,0.25,0.5,0,0,0.5,TRUE,Mixed
2426,797,46,18,60.86956522,31.909695,120.398111,3,Urban,3,Urban,1,0,0,0,0,1,TRUE,Urban-dominated
2427,716,8,4,50,32.238702,119.241225,3,Urban,3,Urban,0.5,0,0.5,0,0,0.5,TRUE,Urban-dominated
2430,791,107,59,44.85981308,33.351703,120.043331,2,Cropland,2,Cropland,0,1,0,0,0,1,TRUE,Ag-dominated
2431,674,3,0,100,28.720414,115.456909,2,Cropland,2,Cropland,0.25,0.75,0,0,0,1,TRUE,Ag-dominated
2435,652,88,51,42.04545455,28.296352,117.713131,3,Urban,1,Natural vegetation,0.5,0,0,0,0.5,0.5,TRUE,Urban-dominated
2440,680,30,4,86.66666667,28.947317,117.572119,3,Urban,1,Natural vegetation,0,0,0,0,1,0,FALSE,Natural-dominated
2443,764,3,2,33.33333333,28.675696,115.909228,3,Urban,3,Urban,1,0,0,0,0,1,TRUE,Urban-dominated
2445,657,1,0,100,29.6051759,116.1272585,5,Other,5,Other,0,0,1,0,0,0,FALSE,Mixed
2446,565,4,1,75,28.941453,117.151076,3,Urban,2,Cropland,0.5,0.5,0,0,0,1,TRUE,Urban-dominated
2450,614,10,0,100,40.3405825,115.5478498,2,Cropland,1,Natural vegetation,0,0.25,0,0,0.75,0.25,FALSE,Natural-dominated
2453,159,2,0,100,38.037057,114.468664,3,Urban,3,Urban,1,0,0,0,0,1,TRUE,Urban-dominated
2454,799,40,13,67.5,37.211118,115.350472,2,Cropland,2,Cropland,0,1,0,0,0,1,TRUE,Ag-dominated
2456,661,1,0,100,34.765515,113.753602,3,Urban,3,Urban,1,0,0,0,0,1,TRUE,Urban-dominated
2458,192,10,6,40,33.8193013,116.3484945,2,Cropland,2,Cropland,0,1,0,0,0,1,TRUE,Ag-dominated
2459,626,9,3,66.66666667,33.124041,111.460461,3,Urban,1,Natural vegetation,0.333333333,0.333333333,0,0,0.333333333,0.666666667,TRUE,Mixed
2461,768,27,9,66.66666667,33.68667,114.16434,2,Cropland,2,Cropland,0,1,0,0,0,1,TRUE,Ag-dominated
2462,739,9,4,55.55555556,33.8792895,115.4910372,3,Urban,2,Cropland,0.25,0.75,0,0,0,1,TRUE,Ag-dominated
2463,712,1,1,0,35.850782,113.931199,2,Cropland,2,Cropland,0,0.75,0,0,0.25,0.75,TRUE,Ag-dominated
2464,784,26,16,38.46153846,30.367019,120.221154,3,Urban,3,Urban,1,0,0,0,0,1,TRUE,Urban-dominated
2468,761,93,44,52.68817204,29.998926,122.215702,3,Urban,3,Urban,0.5,0,0.25,0,0.25,0.5,TRUE,Urban-dominated
2469,701,117,89,23.93162393,30.742701,120.487901,3,Urban,3,Urban,1,0,0,0,0,1,TRUE,Urban-dominated
2470,767,47,18,61.70212766,30.389197,119.953649,3,Urban,3,Urban,1,0,0,0,0,1,TRUE,Urban-dominated
2471,584,70,20,71.42857143,30.505958,120.948967,5,Other,5,Other,0.25,0.25,0.5,0,0,0.5,TRUE,Mixed
2472,659,1,0,100,28.769243,118.659728,1,Natural vegetation,1,Natural vegetation,0.25,0.25,0,0,0.5,0.5,TRUE,Natural-dominated
2473,763,1,0,100,28.687516,118.813398,1,Natural vegetation,1,Natural vegetation,0,0,0,0,1,0,FALSE,Natural-dominated
2474,719,49,21,57.14285714,28.322041,119.704038,1,Natural vegetation,1,Natural vegetation,0,0,0,0,1,0,FALSE,Natural-dominated
2475,722,79,16,79.74683544,30.27792,121.31823,3,Urban,3,Urban,1,0,0,0,0,1,TRUE,Urban-dominated
2476,864,43,24,44.18604651,29.506424,120.897324,3,Urban,2,Cropland,0.25,0.75,0,0,0,1,TRUE,Ag-dominated
2478,751,54,19,64.81481481,28.212405,121.101439,1,Natural vegetation,2,Cropland,0,0.5,0.25,0.25,0,0.5,TRUE,Ag-dominated
2479,684,27,8,70.37037037,30.921099,120.177691,2,Cropland,2,Cropland,0,0.5,0.5,0,0,0.5,TRUE,Ag-dominated
2480,638,8,0,100,28.892731,118.545013,1,Natural vegetation,1,Natural vegetation,0,0,0,0,1,0,FALSE,Natural-dominated
2481,792,43,33,23.25581395,30.78938,121.121247,2,Cropland,2,Cropland,0,1,0,0,0,1,TRUE,Ag-dominated
2482,865,66,48,27.27272727,30.963576,120.101914,5,Other,3,Urban,1,0,0,0,0,1,TRUE,Urban-dominated
2483,680,57,32,43.85964912,30.616051,120.805238,2,Cropland,2,Cropland,0,1,0,0,0,1,TRUE,Ag-dominated
2484,792,74,45,39.18918919,28.494492,119.833412,1,Natural vegetation,1,Natural vegetation,0.5,0,0,0,0.5,0.5,TRUE,Urban-dominated
2485,759,1,0,100,30.8909035,120.1005112,3,Urban,3,Urban,1,0,0,0,0,1,TRUE,Urban-dominated
2486,721,10,3,70,28.439517,121.543023,3,Urban,2,Cropland,0.25,0.75,0,0,0,1,TRUE,Ag-dominated
2487,712,53,33,37.73584906,30.848742,120.894048,3,Urban,3,Urban,0.75,0.25,0,0,0,1,TRUE,Urban-dominated
2489,695,1,0,100,28.401886,119.538611,1,Natural vegetation,1,Natural vegetation,0,0,0,0,1,0,FALSE,Natural-dominated
2490,697,9,4,55.55555556,30.724406,120.994556,3,Urban,2,Cropland,0.5,0.5,0,0,0,1,TRUE,Urban-dominated
2491,748,1,0,100,30.736711,120.911908,2,Cropland,2,Cropland,0,1,0,0,0,1,TRUE,Ag-dominated
2492,725,37,19,48.64864865,30.939381,120.342285,3,Urban,5,Other,0,0,1,0,0,0,FALSE,Mixed
2496,747,54,39,27.77777778,29.907382,120.313331,1,Natural vegetation,3,Urban,0.75,0,0,0.25,0,0.75,TRUE,Urban-dominated
2497,800,4,0,100,30.030173,120.604399,3,Urban,3,Urban,1,0,0,0,0,1,TRUE,Urban-dominated
2498,678,186,56,69.89247312,30.003568,120.801067,3,Urban,3,Urban,0.5,0.25,0,0,0.25,0.75,TRUE,Urban-dominated
2499,647,53,31,41.50943396,30.8849975,120.7095199,3,Urban,2,Cropland,0.25,0.5,0.25,0,0,0.75,TRUE,Ag-dominated
2500,670,59,35,40.6779661,30.402274,120.545629,3,Urban,3,Urban,1,0,0,0,0,1,TRUE,Urban-dominated
2501,678,29,18,37.93103448,30.856484,120.914013,3,Urban,3,Urban,1,0,0,0,0,1,TRUE,Urban-dominated
2502,848,1,0,100,30.82326,119.780421,2,Cropland,2,Cropland,0.5,0.5,0,0,0,1,TRUE,Urban-dominated
2503,790,28,16,42.85714286,30.047365,121.093727,3,Urban,1,Natural vegetation,0.5,0,0,0,0.5,0.5,TRUE,Urban-dominated
2504,666,44,20,54.54545455,28.165644,121.061852,3,Urban,2,Cropland,0.25,0.5,0.25,0,0,0.75,TRUE,Ag-dominated
2506,678,2,1,50,29.622386,119.815549,1,Natural vegetation,1,Natural vegetation,0,0,0,0,1,0,FALSE,Natural-dominated
2507,797,7,3,57.14285714,30.301193,119.973122,2,Cropland,2,Cropland,0.5,0.5,0,0,0,1,TRUE,Urban-dominated
2509,680,141,94,33.33333333,30.505918,120.948956,5,Other,5,Other,0.25,0.25,0.5,0,0,0.5,TRUE,Mixed
2510,158,1,0,100,28.186588,119.602925,1,Natural vegetation,1,Natural vegetation,0,0,0,0,1,0,FALSE,Natural-dominated
2511,800,113,74,34.51327434,30.814378,121.102536,2,Cropland,2,Cropland,0,1,0,0,0,1,TRUE,Ag-dominated
2513,784,4,1,75,19.624334,110.717366,2,Cropland,1,Natural vegetation,0,0.5,0,0,0.5,0.5,TRUE,Ag-dominated
2518,735,2,0,100,19.882588,110.416458,5,Other,1,Natural vegetation,0,0.25,0,0,0.75,0.25,FALSE,Natural-dominated
2519,751,28,19,32.14285714,30.359787,115.159707,5,Other,5,Other,0,0,1,0,0,0,FALSE,Mixed
2520,469,17,8,52.94117647,30.775926,113.43734,2,Cropland,2,Cropland,0,1,0,0,0,1,TRUE,Ag-dominated
2521,501,2,0,100,30.425803,115.027978,3,Urban,2,Cropland,0,0.5,0.5,0,0,0.5,TRUE,Ag-dominated
2522,659,38,10,73.68421053,32.059363,112.382843,2,Cropland,2,Cropland,0,1,0,0,0,1,TRUE,Ag-dominated
2523,725,9,6,33.33333333,30.1823,112.866681,2,Cropland,2,Cropland,0,1,0,0,0,1,TRUE,Ag-dominated
2524,702,219,172,21.46118721,31.664417,112.184187,2,Cropland,2,Cropland,0,1,0,0,0,1,TRUE,Ag-dominated
2525,488,147,109,25.85034014,30.164666,113.892022,2,Cropland,2,Cropland,0,0.5,0.5,0,0,0.5,TRUE,Ag-dominated
2526,296,9,6,33.33333333,30.278016,113.109137,2,Cropland,2,Cropland,0,1,0,0,0,1,TRUE,Ag-dominated
2527,723,274,210,23.35766423,30.264433,113.791834,2,Cropland,2,Cropland,0,0.5,0,0.25,0.25,0.5,TRUE,Ag-dominated
2529,645,4,2,50,30.262804,115.423717,3,Urban,2,Cropland,0,1,0,0,0,1,TRUE,Ag-dominated
2531,577,15,7,53.33333333,30.395714,114.092344,1,Natural vegetation,2,Cropland,0,1,0,0,0,1,TRUE,Ag-dominated
2536,737,103,59,42.7184466,26.433311,118.623307,5,Other,1,Natural vegetation,0,0,0.25,0,0.75,0,FALSE,Natural-dominated
2542,351,5,3,40,26.205703,119.555245,3,Urban,3,Urban,1,0,0,0,0,1,TRUE,Urban-dominated
2554,514,1,0,100,27.017328,108.63525,1,Natural vegetation,1,Natural vegetation,0,0,0,0,1,0,FALSE,Natural-dominated
2555,583,1,0,100,26.768079,107.879014,2,Cropland,1,Natural vegetation,0,0.5,0,0,0.5,0.5,TRUE,Ag-dominated
2556,383,1,0,100,25.282076,105.533786,1,Natural vegetation,1,Natural vegetation,0,0.333333333,0,0,0.666666667,0.333333333,TRUE,Natural-dominated
2559,543,14,10,28.57142857,41.251133,122.63783,3,Urban,2,Cropland,0,1,0,0,0,1,TRUE,Ag-dominated
2560,694,7,0,100,41.265244,123.704185,3,Urban,1,Natural vegetation,0.5,0,0,0,0.5,0.5,TRUE,Urban-dominated
2561,704,1,0,100,40.544025,120.708427,5,Other,3,Urban,0.5,0,0.5,0,0,0.5,TRUE,Urban-dominated
2564,635,1,1,0,40.317253,124.659946,2,Cropland,1,Natural vegetation,0,0.5,0,0,0.5,0.5,TRUE,Ag-dominated
2566,470,4,1,75,41.003403,122.507547,2,Cropland,2,Cropland,0,1,0,0,0,1,TRUE,Ag-dominated
2567,692,52,20,61.53846154,41.864105,123.868182,3,Urban,3,Urban,1,0,0,0,0,1,TRUE,Urban-dominated
2570,734,14,0,100,40.619733,119.485351,2,Cropland,2,Cropland,0,1,0,0,0,1,TRUE,Ag-dominated
2571,669,5,1,80,42.2059018,123.5529584,2,Cropland,2,Cropland,0,1,0,0,0,1,TRUE,Ag-dominated
2572,710,2,0,100,41.599141,120.69456,2,Cropland,1,Natural vegetation,0,0.25,0,0,0.75,0.25,FALSE,Natural-dominated
2573,797,1,0,100,40.607377,120.762881,3,Urban,3,Urban,0.75,0,0.25,0,0,0.75,TRUE,Urban-dominated
2575,169,2,0,100,40.6805983,122.217647,3,Urban,3,Urban,0.75,0,0,0,0.25,0.75,TRUE,Urban-dominated
2576,515,10,1,90,41.835441,123.42944,3,Urban,3,Urban,1,0,0,0,0,1,TRUE,Urban-dominated
2577,482,33,15,54.54545455,41.433116,122.753617,2,Cropland,2,Cropland,0.5,0.5,0,0,0,1,TRUE,Urban-dominated
2580,367,1,1,0,48.258915,134.6728087,4,Wetland,5,Other,0,0,1,0,0,0,FALSE,Mixed
2583,486,8,3,62.5,46.003555,126.646118,3,Urban,3,Urban,1,0,0,0,0,1,TRUE,Urban-dominated
2584,84,10,10,0,53.480873,122.3556112,3,Urban,1,Natural vegetation,0.25,0,0,0,0.75,0.25,FALSE,Natural-dominated
2586,752,84,61,27.38095238,31.392691,121.522058,5,Other,5,Other,0.333333333,0,0.666666667,0,0,0.333333333,TRUE,Mixed
2587,633,22,20,9.090909091,30.924535,121.571838,3,Urban,2,Cropland,0.25,0.75,0,0,0,1,TRUE,Ag-dominated
2588,157,1,1,0,31.032082,120.872697,3,Urban,2,Cropland,0,1,0,0,0,1,TRUE,Ag-dominated
2589,737,69,34,50.72463768,31.241434,121.476553,3,Urban,3,Urban,1,0,0,0,0,1,TRUE,Urban-dominated
2590,604,1,1,0,25.045806,102.710002,3,Urban,3,Urban,1,0,0,0,0,1,TRUE,Urban-dominated
2591,574,309,1,99.6763754,24.946646,102.706839,3,Urban,3,Urban,0.75,0,0.25,0,0,0.75,TRUE,Urban-dominated
2592,649,1,0,100,27.17941,99.151708,1,Natural vegetation,1,Natural vegetation,0,0,0,0,1,0,FALSE,Natural-dominated
2593,615,8,0,100,24.195343,103.108814,1,Natural vegetation,1,Natural vegetation,0,0,0,0,1,0,FALSE,Natural-dominated
2595,561,3,0,100,26.341758,103.264753,2,Cropland,1,Natural vegetation,0,0,0,0,1,0,FALSE,Natural-dominated
2596,595,8,5,37.5,27.188602,100.904089,1,Natural vegetation,1,Natural vegetation,0,0.25,0,0,0.75,0.25,FALSE,Natural-dominated
2601,50,28,0,100,26.861431,100.220307,3,Urban,1,Natural vegetation,0.25,0.25,0,0,0.5,0.5,TRUE,Natural-dominated
2604,622,5,3,40,25.568941,100.178267,1,Natural vegetation,1,Natural vegetation,0,0,0,0,1,0,FALSE,Natural-dominated
2605,657,38,0,100,24.200715,102.4234,1,Natural vegetation,1,Natural vegetation,0,0,0,0,1,0,FALSE,Natural-dominated
2607,604,225,4,98.22222222,24.824166,102.7676,3,Urban,3,Urban,0.5,0,0.5,0,0,0.5,TRUE,Urban-dominated
2608,675,66,41,37.87878788,25.59304,100.221316,3,Urban,1,Natural vegetation,0.25,0,0.25,0,0.5,0.25,FALSE,Natural-dominated
2609,457,4,2,50,27.795905,99.813832,1,Natural vegetation,1,Natural vegetation,0,0,0,0,1,0,FALSE,Natural-dominated
2613,637,156,0,100,24.924339,102.725061,5,Other,3,Urban,1,0,0,0,0,1,TRUE,Urban-dominated
2614,672,22,0,100,25.220989,102.505553,3,Urban,3,Urban,1,0,0,0,0,1,TRUE,Urban-dominated
2616,639,1,0,100,23.262287,99.676621,1,Natural vegetation,1,Natural vegetation,0,0,0,0,1,0,FALSE,Natural-dominated
2617,612,107,22,79.43925234,25.337579,103.233232,2,Cropland,1,Natural vegetation,0,0.25,0,0,0.75,0.25,FALSE,Natural-dominated
2618,713,5,0,100,28.598761,103.971257,3,Urban,1,Natural vegetation,0,0,0.25,0.25,0.5,0,FALSE,Natural-dominated
2624,694,12,0,100,26.743353,103.505731,1,Natural vegetation,1,Natural vegetation,0,0,0,0,1,0,FALSE,Natural-dominated
2626,190,29,9,68.96551724,24.992944,102.654327,3,Urban,3,Urban,0.5,0,0,0.5,0,0.5,TRUE,Urban-dominated
2630,657,1,1,0,24.111735,102.75097,3,Urban,3,Urban,1,0,0,0,0,1,TRUE,Urban-dominated
2632,635,122,4,96.72131148,24.155922,102.446686,3,Urban,1,Natural vegetation,0,0,0,0,1,0,FALSE,Natural-dominated
2634,640,266,17,93.60902256,26.943372,100.620865,1,Natural vegetation,1,Natural vegetation,0,0,0,0,1,0,FALSE,Natural-dominated
2636,195,2,0,100,25.717534,100.238235,1,Natural vegetation,5,Other,0,0,1,0,0,0,FALSE,Mixed
2642,644,29,0,100,25.041489,102.748474,3,Urban,3,Urban,1,0,0,0,0,1,TRUE,Urban-dominated
2643,589,1,0,100,25.211904,102.47833,1,Natural vegetation,1,Natural vegetation,0.25,0,0,0,0.75,0.25,FALSE,Natural-dominated
2645,629,21,0,100,24.448543,103.436917,2,Cropland,1,Natural vegetation,0.25,0,0,0,0.75,0.25,FALSE,Natural-dominated
2646,666,14,2,85.71428571,26.890883,100.219753,3,Urban,1,Natural vegetation,0.5,0,0,0,0.5,0.5,TRUE,Urban-dominated
2647,614,1,1,0,24.85047,101.999503,1,Natural vegetation,1,Natural vegetation,0,0,0,0,1,0,FALSE,Natural-dominated
2648,678,58,47,18.96551724,25.019045,102.682976,3,Urban,3,Urban,1,0,0,0,0,1,TRUE,Urban-dominated
2649,584,14,0,100,24.666808,98.233033,2,Cropland,1,Natural vegetation,0,0.25,0,0,0.75,0.25,FALSE,Natural-dominated
2650,646,1,0,100,25.771733,103.920583,5,Other,1,Natural vegetation,0.25,0,0,0,0.75,0.25,FALSE,Natural-dominated
2651,697,11,0,100,26.588653,100.188942,3,Urban,2,Cropland,0,1,0,0,0,1,TRUE,Ag-dominated
2652,639,36,9,75,23.255495,104.487444,1,Natural vegetation,1,Natural vegetation,0,0,0,0,1,0,FALSE,Natural-dominated
2653,634,21,8,61.9047619,23.018383,103.344087,3,Urban,1,Natural vegetation,0,0.25,0,0,0.75,0.25,FALSE,Natural-dominated
2655,652,92,2,97.82608696,25.029147,102.678433,3,Urban,3,Urban,0.75,0,0,0.25,0,0.75,TRUE,Urban-dominated
2658,639,43,37,13.95348837,23.900462,106.15664,5,Other,1,Natural vegetation,0,0,0,0,1,0,FALSE,Natural-dominated
2660,514,8,3,62.5,27.559972,99.035696,1,Natural vegetation,1,Natural vegetation,0,0,0,0,1,0,FALSE,Natural-dominated
2661,678,35,0,100,24.876459,102.477035,1,Natural vegetation,2,Cropland,0,1,0,0,0,1,TRUE,Ag-dominated
2665,671,3,0,100,24.396192,98.518682,3,Urban,2,Cropland,0.5,0.5,0,0,0,1,TRUE,Urban-dominated
2669,647,29,3,89.65517241,25.090788,103.134416,1,Natural vegetation,1,Natural vegetation,0,0,0,0,1,0,FALSE,Natural-dominated
2670,624,6,0,100,26.93877,100.061806,1,Natural vegetation,5,Other,0,0,1,0,0,0,FALSE,Mixed
2673,198,2,0,100,40.819102,111.664859,3,Urban,3,Urban,1,0,0,0,0,1,TRUE,Urban-dominated
2681,714,21,10,52.38095238,39.673915,116.526519,2,Cropland,2,Cropland,0.25,0.75,0,0,0,1,TRUE,Ag-dominated
2685,787,16,4,75,39.834406,116.425261,3,Urban,3,Urban,1,0,0,0,0,1,TRUE,Urban-dominated
2687,606,61,2,96.72131148,39.735711,116.903395,2,Cropland,2,Cropland,0.25,0.75,0,0,0,1,TRUE,Ag-dominated
2688,352,1,0,100,39.899404,116.44061,3,Urban,3,Urban,1,0,0,0,0,1,TRUE,Urban-dominated
2689,791,1,1,0,40.309662,116.592811,5,Other,5,Other,0,0,1,0,0,0,FALSE,Mixed
2690,796,18,3,83.33333333,39.907408,116.618333,3,Urban,3,Urban,1,0,0,0,0,1,TRUE,Urban-dominated
2691,828,23,11,52.17391304,39.7572,116.03895,3,Urban,3,Urban,1,0,0,0,0,1,TRUE,Urban-dominated
2692,776,99,24,75.75757576,40.026901,116.349049,3,Urban,3,Urban,1,0,0,0,0,1,TRUE,Urban-dominated
2693,700,5,1,80,39.941767,116.32528,3,Urban,3,Urban,1,0,0,0,0,1,TRUE,Urban-dominated
2694,714,89,64,28.08988764,40.412399,116.305631,1,Natural vegetation,1,Natural vegetation,0.25,0,0,0,0.75,0.25,FALSE,Natural-dominated
2695,796,107,23,78.5046729,39.654948,116.574886,3,Urban,2,Cropland,0,1,0,0,0,1,TRUE,Ag-dominated
2696,785,51,0,100,39.977668,116.365688,3,Urban,3,Urban,1,0,0,0,0,1,TRUE,Urban-dominated
2697,775,1,0,100,40.430962,115.959848,2,Cropland,3,Urban,1,0,0,0,0,1,TRUE,Urban-dominated
2698,782,3,0,100,40.094418,116.298616,3,Urban,3,Urban,1,0,0,0,0,1,TRUE,Urban-dominated
2699,821,6,2,66.66666667,39.956847,116.39537,3,Urban,3,Urban,1,0,0,0,0,1,TRUE,Urban-dominated
2701,754,2,0,100,41.722564,125.941497,3,Urban,3,Urban,1,0,0,0,0,1,TRUE,Urban-dominated
2702,647,6,0,100,44.682265,123.168748,2,Cropland,2,Cropland,0,1,0,0,0,1,TRUE,Ag-dominated
2704,591,5,2,60,44.598827,125.944944,2,Cropland,2,Cropland,0,1,0,0,0,1,TRUE,Ag-dominated
2705,642,40,21,47.5,44.758751,125.680294,2,Cropland,2,Cropland,0,0.75,0,0.25,0,0.75,TRUE,Ag-dominated
2707,563,14,8,42.85714286,43.252547,124.374963,2,Cropland,2,Cropland,0,1,0,0,0,1,TRUE,Ag-dominated
2709,324,2,0,100,43.667467,126.657307,1,Natural vegetation,1,Natural vegetation,0,0,0,0,1,0,FALSE,Natural-dominated
2713,695,1,0,100,43.804344,125.902096,2,Cropland,2,Cropland,0,1,0,0,0,1,TRUE,Ag-dominated
2714,305,2,0,100,44.42767,126.363826,2,Cropland,2,Cropland,0,1,0,0,0,1,TRUE,Ag-dominated
2716,597,9,4,55.55555556,45.704479,124.033104,1,Natural vegetation,1,Natural vegetation,0,0,0,0,1,0,FALSE,Natural-dominated
2717,764,2,0,100,43.342228,125.288981,3,Urban,3,Urban,1,0,0,0,0,1,TRUE,Urban-dominated
2722,755,9,4,55.55555556,44.835289,126.530466,3,Urban,3,Urban,1,0,0,0,0,1,TRUE,Urban-dominated
2723,692,19,8,57.89473684,41.470043,126.137606,1,Natural vegetation,1,Natural vegetation,0,0,0,0,1,0,FALSE,Natural-dominated
2724,804,1,0,100,41.997573,127.333863,1,Natural vegetation,1,Natural vegetation,0,0,0,0,1,0,FALSE,Natural-dominated
2726,314,2,1,50,43.829095,126.56626,3,Urban,3,Urban,1,0,0,0,0,1,TRUE,Urban-dominated
2727,731,80,40,50,43.896536,125.32599,3,Urban,3,Urban,1,0,0,0,0,1,TRUE,Urban-dominated
2728,688,1,1,0,44.348903,126.741232,2,Cropland,2,Cropland,0,1,0,0,0,1,TRUE,Ag-dominated
2734,764,2,0,100,43.651058,125.886685,2,Cropland,2,Cropland,0,1,0,0,0,1,TRUE,Ag-dominated
2736,794,1,0,100,30.913256,104.394305,5,Other,2,Cropland,0,1,0,0,0,1,TRUE,Ag-dominated
2738,675,1,0,100,31.938295,106.016657,1,Natural vegetation,1,Natural vegetation,0,0,0,0,1,0,FALSE,Natural-dominated
2741,672,2,0,100,29.106833,105.649307,2,Cropland,2,Cropland,0,0.75,0,0,0.25,0.75,TRUE,Ag-dominated
2742,626,1,1,0,32.386776,105.739457,1,Natural vegetation,2,Cropland,0.25,0.5,0,0,0.25,0.75,TRUE,Ag-dominated
2743,789,1,0,100,28.46181,105.617896,1,Natural vegetation,1,Natural vegetation,0,0,0,0,1,0,FALSE,Natural-dominated
2744,527,20,15,25,31.09342,102.864996,1,Natural vegetation,1,Natural vegetation,0,0,0,0,1,0,FALSE,Natural-dominated
2745,300,12,8,33.33333333,30.057141,101.077814,1,Natural vegetation,1,Natural vegetation,0,0,0,0,1,0,FALSE,Natural-dominated
2747,822,2,0,100,30.499615,104.035727,3,Urban,3,Urban,0.75,0,0,0,0.25,0.75,TRUE,Urban-dominated
2750,707,38,2,94.73684211,31.141915,102.423009,1,Natural vegetation,1,Natural vegetation,0,0,0,0,1,0,FALSE,Natural-dominated
2753,677,9,6,33.33333333,30.899389,103.960365,2,Cropland,2,Cropland,0,1,0,0,0,1,TRUE,Ag-dominated
2756,662,21,17,19.04761905,27.965618,102.131198,2,Cropland,1,Natural vegetation,0,0.25,0,0,0.75,0.25,FALSE,Natural-dominated
2757,742,20,11,45,30.45568,104.003892,2,Cropland,3,Urban,1,0,0,0,0,1,TRUE,Urban-dominated
2760,667,1,1,0,30.651651,104.075931,3,Urban,3,Urban,1,0,0,0,0,1,TRUE,Urban-dominated
2761,769,4,2,50,31.31484,104.400543,2,Cropland,2,Cropland,0,1,0,0,0,1,TRUE,Ag-dominated
2766,681,1,1,0,30.381788,103.869644,2,Cropland,2,Cropland,0.25,0.5,0,0,0.25,0.75,TRUE,Ag-dominated
2768,625,21,4,80.95238095,27.888273,102.251128,3,Urban,3,Urban,1,0,0,0,0,1,TRUE,Urban-dominated
2770,803,4,0,100,31.376229,104.896536,2,Cropland,2,Cropland,0,1,0,0,0,1,TRUE,Ag-dominated
2772,658,3,1,66.66666667,31.676821,107.62806,1,Natural vegetation,1,Natural vegetation,0,0,0,0,1,0,FALSE,Natural-dominated
2780,801,1,1,0,29.504172,103.74717,1,Natural vegetation,1,Natural vegetation,0.25,0.25,0,0,0.5,0.5,TRUE,Natural-dominated
2783,685,1,1,0,31.286621,105.271433,1,Natural vegetation,1,Natural vegetation,0,0,0,0,1,0,FALSE,Natural-dominated
2786,816,4,0,100,28.887274,105.401685,3,Urban,1,Natural vegetation,0.5,0,0,0,0.5,0.5,TRUE,Urban-dominated
2789,321,1,1,0,28.898659,104.95491,2,Cropland,2,Cropland,0,1,0,0,0,1,TRUE,Ag-dominated
2791,735,44,18,59.09090909,31.028382,106.619841,2,Cropland,2,Cropland,0,1,0,0,0,1,TRUE,Ag-dominated
2793,593,2,0,100,29.891922,104.636796,2,Cropland,2,Cropland,0,1,0,0,0,1,TRUE,Ag-dominated
2794,609,1,0,100,31.040764,106.862146,2,Cropland,1,Natural vegetation,0,0.5,0,0,0.5,0.5,TRUE,Ag-dominated
2795,773,1,1,0,31.065617,105.190887,5,Other,2,Cropland,0,1,0,0,0,1,TRUE,Ag-dominated
2799,596,11,2,81.81818182,31.535904,104.372125,2,Cropland,2,Cropland,0,1,0,0,0,1,TRUE,Ag-dominated
2801,611,6,1,83.33333333,29.401596,103.827306,3,Urban,2,Cropland,0.5,0.5,0,0,0,1,TRUE,Urban-dominated
2803,667,9,5,44.44444444,32.389563,105.781436,1,Natural vegetation,1,Natural vegetation,0.25,0,0,0,0.75,0.25,FALSE,Natural-dominated
2805,676,3,3,0,32.189997,105.415702,1,Natural vegetation,1,Natural vegetation,0,0,0,0,1,0,FALSE,Natural-dominated
2806,759,9,3,66.66666667,31.018642,104.859137,3,Urban,2,Cropland,0,1,0,0,0,1,TRUE,Ag-dominated
2807,753,7,2,71.42857143,30.558761,105.511944,2,Cropland,1,Natural vegetation,0,0,0,0,1,0,FALSE,Natural-dominated
2808,702,60,44,26.66666667,30.321626,105.340003,1,Natural vegetation,2,Cropland,0,1,0,0,0,1,TRUE,Ag-dominated
2817,748,1,0,100,26.5972815,101.5065686,5,Other,1,Natural vegetation,0,0,0,0,1,0,FALSE,Natural-dominated
2819,824,28,6,78.57142857,40.030984,117.613633,5,Other,5,Other,0,0,1,0,0,0,FALSE,Mixed
2820,431,8,3,62.5,40.040942,117.498843,5,Other,5,Other,0.25,0,0.5,0.25,0,0.25,FALSE,Mixed
2821,812,126,54,57.14285714,39.150547,117.160843,3,Urban,3,Urban,1,0,0,0,0,1,TRUE,Urban-dominated
2822,619,16,3,81.25,38.763512,117.565847,4,Wetland,3,Urban,0.5,0,0.5,0,0,0.5,TRUE,Urban-dominated
2823,847,65,35,46.15384615,39.177685,117.178687,3,Urban,3,Urban,1,0,0,0,0,1,TRUE,Urban-dominated
2824,22,4,4,0,38.680679,117.083436,2,Cropland,2,Cropland,0,1,0,0,0,1,TRUE,Ag-dominated
2825,457,17,8,52.94117647,38.075104,114.295174,3,Urban,2,Cropland,0.5,0.5,0,0,0,1,TRUE,Urban-dominated
2826,681,137,88,35.76642336,39.057732,117.656499,3,Urban,3,Urban,1,0,0,0,0,1,TRUE,Urban-dominated
2827,797,57,24,57.89473684,39.162712,117.172691,3,Urban,3,Urban,1,0,0,0,0,1,TRUE,Urban-dominated
2828,796,11,2,81.81818182,39.399788,117.364817,3,Urban,2,Cropland,0,1,0,0,0,1,TRUE,Ag-dominated
2830,790,2,0,100,40.037261,117.444056,5,Other,3,Urban,0.75,0,0,0.25,0,0.75,TRUE,Urban-dominated
2831,692,38,9,76.31578947,38.575858,117.311264,4,Wetland,2,Cropland,0.25,0.75,0,0,0,1,TRUE,Ag-dominated
2832,796,54,14,74.07407407,39.099467,117.236295,3,Urban,3,Urban,1,0,0,0,0,1,TRUE,Urban-dominated
2833,755,63,28,55.55555556,39.047531,117.345251,3,Urban,3,Urban,1,0,0,0,0,1,TRUE,Urban-dominated
2834,818,41,15,63.41463415,39.880008,117.401466,2,Cropland,2,Cropland,0,1,0,0,0,1,TRUE,Ag-dominated
2835,801,51,28,45.09803922,38.689473,117.107112,2,Cropland,2,Cropland,0,1,0,0,0,1,TRUE,Ag-dominated
2836,688,42,8,80.95238095,38.987431,117.719872,5,Other,3,Urban,1,0,0,0,0,1,TRUE,Urban-dominated
2837,676,57,22,61.40350877,39.084158,117.200983,3,Urban,3,Urban,1,0,0,0,0,1,TRUE,Urban-dominated
2838,790,2,0,100,40.135123,117.975537,3,Urban,2,Cropland,0.5,0.5,0,0,0,1,TRUE,Urban-dominated
2840,565,2,0,100,38.813644,106.67004,2,Cropland,2,Cropland,0,1,0,0,0,1,TRUE,Ag-dominated
2843,531,6,0,100,35.834736,106.8165,2,Cropland,2,Cropland,0,1,0,0,0,1,TRUE,Ag-dominated
2844,408,1,0,100,37.481685,105.563539,1,Natural vegetation,1,Natural vegetation,0,0,0,0,1,0,FALSE,Natural-dominated
2845,612,3,1,66.66666667,38.44729,106.29814,3,Urban,3,Urban,1,0,0,0,0,1,TRUE,Urban-dominated
2850,793,82,50,39.02439024,31.502262,117.258837,3,Urban,2,Cropland,0,1,0,0,0,1,TRUE,Ag-dominated
2851,796,81,45,44.44444444,30.758719,118.686325,1,Natural vegetation,1,Natural vegetation,0,0,0,0,1,0,FALSE,Natural-dominated
2852,799,34,11,67.64705882,31.577988,117.87603,3,Urban,2,Cropland,0.5,0.5,0,0,0,1,TRUE,Urban-dominated
2853,767,29,2,93.10344828,31.95972,117.499594,2,Cropland,2,Cropland,0,1,0,0,0,1,TRUE,Ag-dominated
2855,659,39,9,76.92307692,33.51521,116.943445,2,Cropland,2,Cropland,0,1,0,0,0,1,TRUE,Ag-dominated
2856,604,5,1,80,30.20963,116.914531,3,Urban,5,Other,0,0,1,0,0,0,FALSE,Mixed
2857,677,4,1,75,32.388833,116.429457,2,Cropland,2,Cropland,0,0.75,0.25,0,0,0.75,TRUE,Ag-dominated
2859,790,18,6,66.66666667,32.199777,118.417907,3,Urban,2,Cropland,0.5,0.5,0,0,0,1,TRUE,Urban-dominated
2861,685,5,2,60,33.127823,117.879486,3,Urban,2,Cropland,0.25,0.75,0,0,0,1,TRUE,Ag-dominated
2862,660,29,10,65.51724138,32.605506,116.764262,2,Cropland,2,Cropland,0.5,0.5,0,0,0,1,TRUE,Urban-dominated
2864,800,38,21,44.73684211,30.584347,117.078305,5,Other,2,Cropland,0,1,0,0,0,1,TRUE,Ag-dominated
2865,681,220,171,22.27272727,33.262629,117.804218,2,Cropland,2,Cropland,0,1,0,0,0,1,TRUE,Ag-dominated
2866,668,148,63,57.43243243,33.85356,117.280926,2,Cropland,2,Cropland,0,1,0,0,0,1,TRUE,Ag-dominated
2867,689,55,19,65.45454545,33.138513,116.19039,3,Urban,3,Urban,1,0,0,0,0,1,TRUE,Urban-dominated
2868,651,1,0,100,31.016411,118.952277,2,Cropland,2,Cropland,0,0.5,0,0.25,0.25,0.5,TRUE,Ag-dominated
2869,684,17,4,76.47058824,31.410873,116.91384,2,Cropland,2,Cropland,0,1,0,0,0,1,TRUE,Ag-dominated
2870,665,22,10,54.54545455,30.128011,116.618304,2,Cropland,2,Cropland,0,1,0,0,0,1,TRUE,Ag-dominated
2872,796,68,41,39.70588235,31.76996,118.355088,3,Urban,2,Cropland,0,1,0,0,0,1,TRUE,Ag-dominated
2873,653,51,24,52.94117647,31.861184,117.284922,3,Urban,3,Urban,1,0,0,0,0,1,TRUE,Urban-dominated
2875,666,1,1,0,31.095417,116.90207,1,Natural vegetation,1,Natural vegetation,0,0,0,0,1,0,FALSE,Natural-dominated
2876,819,47,25,46.80851064,30.024119,116.34803,5,Other,5,Other,0,0,1,0,0,0,FALSE,Mixed
2877,671,6,2,66.66666667,32.373979,116.498832,2,Cropland,2,Cropland,0,1,0,0,0,1,TRUE,Ag-dominated
2878,803,78,45,42.30769231,32.704886,119.026529,3,Urban,2,Cropland,0.5,0.5,0,0,0,1,TRUE,Urban-dominated
2880,749,1,0,100,31.549437,118.479184,3,Urban,2,Cropland,0.25,0.75,0,0,0,1,TRUE,Ag-dominated
2882,225,9,3,66.66666667,33.4530255,117.8850083,1,Natural vegetation,2,Cropland,0.25,0.75,0,0,0,1,TRUE,Ag-dominated
2883,823,69,39,43.47826087,33.34421,116.426383,3,Urban,2,Cropland,0,1,0,0,0,1,TRUE,Ag-dominated
2884,668,87,50,42.52873563,32.350232,116.273076,3,Urban,2,Cropland,0.25,0.5,0.25,0,0,0.75,TRUE,Ag-dominated
2885,695,91,42,53.84615385,33.840665,115.791037,3,Urban,3,Urban,0.75,0.25,0,0,0,1,TRUE,Urban-dominated
2886,756,71,49,30.98591549,31.15702,117.439766,2,Cropland,1,Natural vegetation,0,0.5,0,0,0.5,0.5,TRUE,Ag-dominated
2888,816,3,3,0,31.484455,118.492964,2,Cropland,3,Urban,1,0,0,0,0,1,TRUE,Urban-dominated
2889,765,76,31,59.21052632,31.714434,118.319357,2,Cropland,2,Cropland,0.5,0.5,0,0,0,1,TRUE,Urban-dominated
2890,791,1,0,100,32.271894,116.220503,2,Cropland,2,Cropland,0,0.75,0.25,0,0,0.75,TRUE,Ag-dominated
2891,686,18,12,33.33333333,32.775789,117.103527,2,Cropland,2,Cropland,0.5,0.5,0,0,0,1,TRUE,Urban-dominated
2893,763,3,0,100,31.98873,117.087304,2,Cropland,2,Cropland,0,1,0,0,0,1,TRUE,Ag-dominated
2894,643,8,0,100,29.961077,118.504612,2,Cropland,1,Natural vegetation,0,0.25,0,0,0.75,0.25,FALSE,Natural-dominated
2895,801,206,137,33.49514563,31.683019,117.471625,2,Cropland,3,Urban,1,0,0,0,0,1,TRUE,Urban-dominated
2896,802,110,48,56.36363636,30.771958,117.410646,2,Cropland,2,Cropland,0,1,0,0,0,1,TRUE,Ag-dominated
2897,800,31,12,61.29032258,31.769141,117.754946,3,Urban,3,Urban,1,0,0,0,0,1,TRUE,Urban-dominated
2899,635,6,1,83.33333333,30.27099,116.669977,5,Other,5,Other,0,0,1,0,0,0,FALSE,Mixed
2900,339,9,2,77.77777778,31.618256,117.2443,2,Cropland,2,Cropland,0,1,0,0,0,1,TRUE,Ag-dominated
2901,766,14,4,71.42857143,30.593188,114.273591,3,Urban,3,Urban,0.75,0,0.25,0,0,0.75,TRUE,Urban-dominated
2902,661,7,2,71.42857143,31.332876,117.096014,3,Urban,2,Cropland,0,1,0,0,0,1,TRUE,Ag-dominated
2903,791,1,1,0,30.691628,118.98031,3,Urban,3,Urban,1,0,0,0,0,1,TRUE,Urban-dominated
29033,505,17,14,17.64705882,54.38959,-1.655021,2,Cropland,2,Cropland,0.5,0.5,0,0,0,1,TRUE,Urban-dominated
2904,796,48,24,50,32.502665,116.521698,5,Other,2,Cropland,0,0.75,0.25,0,0,0.75,TRUE,Ag-dominated
29040,478,43,40,6.976744186,53.81909,-0.9290913,2,Cropland,2,Cropland,0,1,0,0,0,1,TRUE,Ag-dominated
29041,811,90,54,40,53.72318,-1.192203,2,Cropland,2,Cropland,0,1,0,0,0,1,TRUE,Ag-dominated
29043,830,62,52,16.12903226,53.14185,-0.7950109,2,Cropland,2,Cropland,0,1,0,0,0,1,TRUE,Ag-dominated
29044,790,83,21,74.69879518,53.727,-1.381586,3,Urban,3,Urban,1,0,0,0,0,1,TRUE,Urban-dominated
2905,664,8,5,37.5,31.18298,118.794129,2,Cropland,1,Natural vegetation,0,0.25,0,0,0.75,0.25,FALSE,Natural-dominated
2906,210,1,0,100,30.991272,119.936981,3,Urban,3,Urban,1,0,0,0,0,1,TRUE,Urban-dominated
2907,730,1,0,100,29.690279,118.312937,3,Urban,1,Natural vegetation,0.5,0,0,0,0.5,0.5,TRUE,Urban-dominated
2908,702,19,4,78.94736842,30.459931,118.245551,1,Natural vegetation,1,Natural vegetation,0,0,0,0,1,0,FALSE,Natural-dominated
2909,685,15,5,66.66666667,33.637904,116.048247,2,Cropland,2,Cropland,0,1,0,0,0,1,TRUE,Ag-dominated
2910,657,135,74,45.18518519,32.288364,118.315567,3,Urban,3,Urban,0.75,0.25,0,0,0,1,TRUE,Urban-dominated
2911,692,167,101,39.52095808,33.540418,115.637255,2,Cropland,2,Cropland,0,1,0,0,0,1,TRUE,Ag-dominated
2912,818,1,1,0,31.08593,119.031442,2,Cropland,5,Other,0,0,1,0,0,0,FALSE,Mixed
2913,796,16,3,81.25,32.570486,116.5909,4,Wetland,2,Cropland,0,1,0,0,0,1,TRUE,Ag-dominated
2914,765,5,1,80,31.645018,117.858773,3,Urban,1,Natural vegetation,0,0,0,0,1,0,FALSE,Natural-dominated
2915,649,1,0,100,29.699942,118.293416,3,Urban,3,Urban,1,0,0,0,0,1,TRUE,Urban-dominated
2916,814,2,0,100,32.407674,116.887689,5,Other,5,Other,0,0,1,0,0,0,FALSE,Mixed
2917,669,43,14,67.44186047,38.879326,116.001576,4,Wetland,4,Wetland,0,0,0.5,0.5,0,0,FALSE,Mixed
2918,605,7,0,100,30.4956203,117.0053119,5,Other,2,Cropland,0.25,0.5,0.25,0,0,0.75,TRUE,Ag-dominated
2919,647,5,2,60,30.509513,117.000948,2,Cropland,2,Cropland,0.25,0.5,0.25,0,0,0.75,TRUE,Ag-dominated
2920,638,88,49,44.31818182,32.059642,116.807275,2,Cropland,2,Cropland,0,1,0,0,0,1,TRUE,Ag-dominated
2921,672,8,4,50,32.641579,116.915776,5,Other,2,Cropland,0,1,0,0,0,1,TRUE,Ag-dominated
2922,663,75,32,57.33333333,33.753156,116.979217,3,Urban,2,Cropland,0,1,0,0,0,1,TRUE,Ag-dominated
2924,584,61,0,100,29.763863,118.366667,1,Natural vegetation,1,Natural vegetation,0.25,0,0,0,0.75,0.25,FALSE,Natural-dominated
2925,183,30,9,70,31.785615,117.154467,3,Urban,3,Urban,1,0,0,0,0,1,TRUE,Urban-dominated
2926,690,13,2,84.61538462,33.483853,117.215577,2,Cropland,2,Cropland,0,1,0,0,0,1,TRUE,Ag-dominated
2928,798,7,2,71.42857143,31.130526,118.012738,1,Natural vegetation,1,Natural vegetation,0.25,0,0.25,0,0.5,0.25,FALSE,Natural-dominated
2929,806,2,1,50,30.832508,117.091176,5,Other,5,Other,0,0,0.75,0.25,0,0,FALSE,Mixed
2930,812,105,74,29.52380952,33.316899,117.316955,3,Urban,3,Urban,1,0,0,0,0,1,TRUE,Urban-dominated
2932,766,2,0,100,32.045256,116.621515,2,Cropland,2,Cropland,0,1,0,0,0,1,TRUE,Ag-dominated
2933,662,75,34,54.66666667,33.219622,116.067254,2,Cropland,2,Cropland,0,1,0,0,0,1,TRUE,Ag-dominated
2934,326,4,1,75,31.229151,118.288408,3,Urban,2,Cropland,0,1,0,0,0,1,TRUE,Ag-dominated
2936,809,96,42,56.25,31.630932,118.517796,2,Cropland,3,Urban,0.75,0.25,0,0,0,1,TRUE,Urban-dominated
2937,674,60,25,58.33333333,32.658297,115.595644,3,Urban,2,Cropland,0.25,0.75,0,0,0,1,TRUE,Ag-dominated
2938,661,146,64,56.16438356,31.71867,118.521306,3,Urban,3,Urban,1,0,0,0,0,1,TRUE,Urban-dominated
2939,650,27,10,62.96296296,32.912195,115.867791,3,Urban,2,Cropland,0.5,0.5,0,0,0,1,TRUE,Urban-dominated
2940,652,1,0,100,31.589232,117.271944,2,Cropland,2,Cropland,0,1,0,0,0,1,TRUE,Ag-dominated
2941,658,1,0,100,31.539384,116.332494,2,Cropland,2,Cropland,0,1,0,0,0,1,TRUE,Ag-dominated
2943,667,31,9,70.96774194,30.934479,117.926587,2,Cropland,3,Urban,0.5,0.25,0,0,0.25,0.75,TRUE,Urban-dominated
2944,667,37,24,35.13513514,31.449897,116.423277,2,Cropland,2,Cropland,0,1,0,0,0,1,TRUE,Ag-dominated
2946,803,21,14,33.33333333,29.992903,116.466746,5,Other,5,Other,0,0,1,0,0,0,FALSE,Mixed
2947,726,1,1,0,31.657076,117.545139,2,Cropland,2,Cropland,0,1,0,0,0,1,TRUE,Ag-dominated
2948,684,106,57,46.22641509,33.103036,116.867173,3,Urban,2,Cropland,0,1,0,0,0,1,TRUE,Ag-dominated
2949,797,1,0,100,29.905695,115.966227,2,Cropland,2,Cropland,0,1,0,0,0,1,TRUE,Ag-dominated
2951,720,189,11,94.17989418,35.545375,116.827792,3,Urban,3,Urban,1,0,0,0,0,1,TRUE,Urban-dominated
2952,307,9,6,33.33333333,36.665194,117.065407,3,Urban,3,Urban,1,0,0,0,0,1,TRUE,Urban-dominated
2953,764,3,1,66.66666667,36.074312,118.753745,2,Cropland,2,Cropland,0,1,0,0,0,1,TRUE,Ag-dominated
2954,582,6,2,66.66666667,34.764207,118.710756,2,Cropland,2,Cropland,0,1,0,0,0,1,TRUE,Ag-dominated
2956,750,16,3,81.25,38.018599,118.909417,5,Other,5,Other,0,0,1,0,0,0,FALSE,Mixed
2957,348,7,2,71.42857143,36.94308,118.106575,3,Urban,2,Cropland,0,1,0,0,0,1,TRUE,Ag-dominated
2959,801,15,2,86.66666667,34.90613,117.237479,3,Urban,2,Cropland,0.25,0.75,0,0,0,1,TRUE,Ag-dominated
2960,786,134,5,96.26865672,35.496218,118.818401,2,Cropland,2,Cropland,0.5,0.5,0,0,0,1,TRUE,Urban-dominated
2961,781,76,11,85.52631579,35.341198,119.454681,3,Urban,3,Urban,0.5,0.25,0.25,0,0,0.75,TRUE,Urban-dominated
2962,576,1,0,100,36.467925,119.51198,5,Other,5,Other,0,0,1,0,0,0,FALSE,Mixed
2963,811,18,5,72.22222222,37.41156,116.317671,3,Urban,3,Urban,0.75,0.25,0,0,0,1,TRUE,Urban-dominated
2964,723,30,17,43.33333333,37.505466,117.86615,2,Cropland,2,Cropland,0,1,0,0,0,1,TRUE,Ag-dominated
2965,534,8,1,87.5,36.748637,115.927885,2,Cropland,2,Cropland,0,1,0,0,0,1,TRUE,Ag-dominated
2966,799,88,51,42.04545455,36.665439,116.839637,2,Cropland,2,Cropland,0,1,0,0,0,1,TRUE,Ag-dominated
2967,809,6,5,16.66666667,35.389133,116.593313,3,Urban,3,Urban,1,0,0,0,0,1,TRUE,Urban-dominated
2968,712,160,89,44.375,36.584928,121.025384,5,Other,5,Other,0,0,1,0,0,0,FALSE,Mixed
2969,299,13,9,30.76923077,35.104323,116.999244,2,Cropland,2,Cropland,0.25,0.75,0,0,0,1,TRUE,Ag-dominated
2970,305,11,4,63.63636364,35.093029,116.390365,2,Cropland,2,Cropland,0,1,0,0,0,1,TRUE,Ag-dominated
2971,789,1,0,100,36.007278,112.369528,1,Natural vegetation,1,Natural vegetation,0,0.25,0,0,0.75,0.25,FALSE,Natural-dominated
2972,742,3,2,33.33333333,35.6432,111.311222,2,Cropland,2,Cropland,0,1,0,0,0,1,TRUE,Ag-dominated
2974,822,14,4,71.42857143,39.385192,112.7273,5,Other,2,Cropland,0,1,0,0,0,1,TRUE,Ag-dominated
2975,201,3,0,100,37.391903,110.638294,1,Natural vegetation,1,Natural vegetation,0,0,0,0,1,0,FALSE,Natural-dominated
2976,745,9,0,100,39.046414,112.928209,2,Cropland,2,Cropland,0,1,0,0,0,1,TRUE,Ag-dominated
2977,813,39,0,100,36.851836,112.904166,1,Natural vegetation,1,Natural vegetation,0,0,0,0,1,0,FALSE,Natural-dominated
2979,761,36,0,100,39.881319,113.436835,1,Natural vegetation,1,Natural vegetation,0,0.25,0,0,0.75,0.25,FALSE,Natural-dominated
2980,823,14,3,78.57142857,37.011252,112.659155,1,Natural vegetation,1,Natural vegetation,0,0,0,0,1,0,FALSE,Natural-dominated
2982,777,15,6,60,37.061278,111.84924,3,Urban,3,Urban,1,0,0,0,0,1,TRUE,Urban-dominated
2984,717,49,10,79.59183673,35.804568,112.091637,2,Cropland,1,Natural vegetation,0,0,0,0,1,0,FALSE,Natural-dominated
2985,773,143,84,41.25874126,36.262111,112.893756,2,Cropland,2,Cropland,0,1,0,0,0,1,TRUE,Ag-dominated
2988,825,26,7,73.07692308,35.721123,110.611691,1,Natural vegetation,2,Cropland,0,0.75,0,0,0.25,0.75,TRUE,Ag-dominated
2989,554,20,2,90,38.507979,112.970149,2,Cropland,2,Cropland,0,1,0,0,0,1,TRUE,Ag-dominated
2990,578,1,0,100,35.802291,112.325978,2,Cropland,1,Natural vegetation,0,0.25,0,0,0.75,0.25,FALSE,Natural-dominated
2991,701,34,8,76.47058824,34.827824,110.350121,2,Cropland,2,Cropland,0,1,0,0,0,1,TRUE,Ag-dominated
2992,792,16,3,81.25,38.204692,111.790879,1,Natural vegetation,1,Natural vegetation,0,0,0,0,1,0,FALSE,Natural-dominated
2993,644,38,0,100,40.248502,112.313511,1,Natural vegetation,1,Natural vegetation,0,0,0,0,1,0,FALSE,Natural-dominated
2994,302,3,2,33.33333333,37.116438,111.938469,2,Cropland,3,Urban,0.75,0.25,0,0,0,1,TRUE,Urban-dominated
2996,774,7,3,57.14285714,40.527234,114.26629,1,Natural vegetation,1,Natural vegetation,0,0,0,0,1,0,FALSE,Natural-dominated
2997,510,2,0,100,38.08174,111.885129,5,Other,1,Natural vegetation,0,0,0.5,0,0.5,0,FALSE,Natural-dominated
2998,557,6,0,100,37.394505,111.933908,2,Cropland,2,Cropland,0,1,0,0,0,1,TRUE,Ag-dominated
2999,599,2,1,50,37.545849,112.623635,2,Cropland,2,Cropland,0,1,0,0,0,1,TRUE,Ag-dominated
3001,725,9,1,88.88888889,37.848604,113.648897,3,Urban,3,Urban,0.5,0.25,0,0,0.25,0.75,TRUE,Urban-dominated
3002,752,3,0,100,38.602968,110.89649,1,Natural vegetation,1,Natural vegetation,0,0,0,0,1,0,FALSE,Natural-dominated
3004,335,11,2,81.81818182,38.349717,112.736862,2,Cropland,2,Cropland,0,1,0,0,0,1,TRUE,Ag-dominated
3005,690,14,5,64.28571429,38.437547,112.760715,2,Cropland,2,Cropland,0.5,0.5,0,0,0,1,TRUE,Urban-dominated
3007,613,28,8,71.42857143,37.473111,112.332332,3,Urban,2,Cropland,0,1,0,0,0,1,TRUE,Ag-dominated
3008,592,1,0,100,36.451597,110.666933,1,Natural vegetation,1,Natural vegetation,0,0,0,0,1,0,FALSE,Natural-dominated
3009,773,6,0,100,34.787733,110.74778,2,Cropland,1,Natural vegetation,0,0,0,0,1,0,FALSE,Natural-dominated
3012,823,133,28,78.94736842,23.663332,117.010667,5,Other,3,Urban,0.5,0,0.5,0,0,0.5,TRUE,Urban-dominated
3013,818,1,0,100,23.103511,113.299762,3,Urban,3,Urban,1,0,0,0,0,1,TRUE,Urban-dominated
3014,723,96,10,89.58333333,22.888408,115.670252,5,Other,5,Other,0,0.25,0.5,0,0.25,0.25,FALSE,Mixed
3015,804,97,32,67.01030928,20.874187,110.065695,2,Cropland,5,Other,0,0,1,0,0,0,FALSE,Mixed
3017,757,1,0,100,23.557082,113.573502,3,Urban,3,Urban,0.5,0.25,0,0,0.25,0.75,TRUE,Urban-dominated
3018,794,2,1,50,21.788581,111.940695,3,Urban,5,Other,0,0,1,0,0,0,FALSE,Mixed
3019,793,21,10,52.38095238,23.123124,113.804508,3,Urban,3,Urban,1,0,0,0,0,1,TRUE,Urban-dominated
3020,669,15,7,53.33333333,22.528784,113.3708,3,Urban,3,Urban,1,0,0,0,0,1,TRUE,Urban-dominated
3021,327,2,0,100,21.426139,110.797865,3,Urban,3,Urban,1,0,0,0,0,1,TRUE,Urban-dominated
3022,799,77,27,64.93506494,23.6177,114.043419,1,Natural vegetation,1,Natural vegetation,0,0,0,0,1,0,FALSE,Natural-dominated
3024,764,43,13,69.76744186,21.817654,112.20793,3,Urban,5,Other,0,0,1,0,0,0,FALSE,Mixed
3025,785,50,25,50,23.624911,116.084536,1,Natural vegetation,1,Natural vegetation,0,0,0,0,1,0,FALSE,Natural-dominated
3027,769,10,4,60,21.912125,110.292455,5,Other,5,Other,0,0,1,0,0,0,FALSE,Mixed
3029,785,28,13,53.57142857,23.031892,115.691944,1,Natural vegetation,1,Natural vegetation,0,0.25,0,0,0.75,0.25,FALSE,Natural-dominated
3031,788,77,28,63.63636364,22.926477,114.078428,3,Urban,3,Urban,0.75,0,0,0,0.25,0.75,TRUE,Urban-dominated
3032,346,52,36,30.76923077,22.761322,114.127158,3,Urban,3,Urban,1,0,0,0,0,1,TRUE,Urban-dominated
3034,809,15,3,80,22.548277,114.144205,3,Urban,3,Urban,1,0,0,0,0,1,TRUE,Urban-dominated
3035,746,142,63,55.63380282,22.9081,113.604057,3,Urban,3,Urban,1,0,0,0,0,1,TRUE,Urban-dominated
3036,782,12,3,75,22.909763,115.33408,5,Other,5,Other,0,0,1,0,0,0,FALSE,Mixed
3037,703,96,40,58.33333333,23.216101,116.624073,3,Urban,5,Other,0,0.25,0.5,0,0.25,0.25,FALSE,Mixed
3038,194,31,14,54.83870968,22.504472,114.620918,5,Other,5,Other,0,0,1,0,0,0,FALSE,Mixed
3039,801,26,7,73.07692308,21.704117,110.314917,1,Natural vegetation,5,Other,0.25,0.25,0.5,0,0,0.5,TRUE,Mixed
3040,743,215,98,54.41860465,21.833564,112.661708,5,Other,1,Natural vegetation,0,0,0.5,0,0.5,0,FALSE,Natural-dominated
3041,634,227,112,50.66079295,22.928083,114.111006,3,Urban,1,Natural vegetation,0.5,0,0,0,0.5,0.5,TRUE,Urban-dominated
3042,791,221,150,32.12669683,22.202501,113.529852,3,Urban,1,Natural vegetation,0,0,0,0,1,0,FALSE,Natural-dominated
3044,784,39,25,35.8974359,21.222112,110.48836,5,Other,2,Cropland,0,1,0,0,0,1,TRUE,Ag-dominated
3045,789,23,6,73.91304348,21.914394,110.800196,1,Natural vegetation,2,Cropland,0,1,0,0,0,1,TRUE,Ag-dominated
3047,728,15,3,80,26.040433,119.30373,3,Urban,3,Urban,1,0,0,0,0,1,TRUE,Urban-dominated
3048,776,26,2,92.30769231,21.899485,111.599009,1,Natural vegetation,1,Natural vegetation,0,0,0,0,1,0,FALSE,Natural-dominated
3051,593,82,63,23.17073171,22.819872,114.198587,3,Urban,3,Urban,1,0,0,0,0,1,TRUE,Urban-dominated
3054,803,32,6,81.25,22.043911,110.84747,2,Cropland,2,Cropland,0,0.75,0,0,0.25,0.75,TRUE,Ag-dominated
3057,769,5,3,40,22.32444,107.00286,5,Other,1,Natural vegetation,0,0,0,0,1,0,FALSE,Natural-dominated
3062,619,7,0,100,22.62867,110.154484,3,Urban,3,Urban,1,0,0,0,0,1,TRUE,Urban-dominated
3064,798,4,2,50,23.496188,111.315001,3,Urban,3,Urban,1,0,0,0,0,1,TRUE,Urban-dominated
3067,794,11,0,100,21.49836,109.487331,2,Cropland,2,Cropland,0,0.5,0.5,0,0,0.5,TRUE,Ag-dominated
3078,643,1,0,100,22.80351,108.925424,1,Natural vegetation,2,Cropland,0,1,0,0,0,1,TRUE,Ag-dominated
3080,763,153,94,38.5620915,21.661164,109.187354,3,Urban,1,Natural vegetation,0,0,0,0,1,0,FALSE,Natural-dominated
3082,805,10,1,90,21.478081,109.088091,3,Urban,3,Urban,1,0,0,0,0,1,TRUE,Urban-dominated
3083,795,8,4,50,22.658889,107.052149,1,Natural vegetation,1,Natural vegetation,0,0.25,0,0,0.75,0.25,FALSE,Natural-dominated
3084,558,3,0,100,21.952482,108.629303,3,Urban,3,Urban,0.666666667,0,0,0,0.333333333,0.666666667,TRUE,Urban-dominated
3087,659,3,0,100,23.271717,107.640959,3,Urban,1,Natural vegetation,0,0.5,0,0,0.5,0.5,TRUE,Ag-dominated
3090,682,4,0,100,23.750608,109.204224,3,Urban,3,Urban,0.75,0.25,0,0,0,1,TRUE,Urban-dominated
3091,797,302,116,61.58940397,22.821797,108.367836,3,Urban,3,Urban,1,0,0,0,0,1,TRUE,Urban-dominated
3099500,1874,2,0,100,41.03672598,-80.5361815,3,Urban,1,Natural vegetation,0,0,0,0,1,0,FALSE,Natural-dominated
3106,536,1,0,100,42.871439,90.201337,3,Urban,3,Urban,1,0,0,0,0,1,TRUE,Urban-dominated
3107,261,1,1,0,44.487779,81.158159,1,Natural vegetation,1,Natural vegetation,0,0,0.25,0,0.75,0,FALSE,Natural-dominated
3114,810,37,11,70.27027027,32.009033,118.826554,3,Urban,3,Urban,1,0,0,0,0,1,TRUE,Urban-dominated
3115,635,9,5,44.44444444,33.909789,118.294211,3,Urban,3,Urban,1,0,0,0,0,1,TRUE,Urban-dominated
3117,634,134,94,29.85074627,33.700643,118.925481,2,Cropland,2,Cropland,0,1,0,0,0,1,TRUE,Ag-dominated
3118,784,34,5,85.29411765,31.581693,119.733919,2,Cropland,2,Cropland,0,0.75,0,0.25,0,0.75,TRUE,Ag-dominated
3119,815,10,3,70,33.311428,118.304098,2,Cropland,2,Cropland,0,1,0,0,0,1,TRUE,Ag-dominated
3120,802,29,12,58.62068966,31.547984,120.010409,2,Cropland,2,Cropland,0.25,0.75,0,0,0,1,TRUE,Ag-dominated
3121,800,16,14,12.5,32.002485,120.026617,2,Cropland,2,Cropland,0,0.75,0.25,0,0,0.75,TRUE,Ag-dominated
3122,634,14,8,42.85714286,31.678267,120.154207,3,Urban,3,Urban,1,0,0,0,0,1,TRUE,Urban-dominated
3123,757,6,1,83.33333333,33.597258,118.897236,2,Cropland,2,Cropland,0.5,0.5,0,0,0,1,TRUE,Urban-dominated
3123499,81,2,1,50,38.2150706,-85.7480176,3,Urban,3,Urban,1,0,0,0,0,1,TRUE,Urban-dominated
3124,671,1,0,100,31.211617,119.89146,3,Urban,2,Cropland,0,0.5,0.25,0,0.25,0.5,TRUE,Ag-dominated
3125,784,55,33,40,32.328114,119.396018,3,Urban,2,Cropland,0.5,0.5,0,0,0,1,TRUE,Urban-dominated
3126,782,80,37,53.75,32.598956,120.945333,5,Other,1,Natural vegetation,0,0.25,0.25,0.25,0.25,0.25,FALSE,Mixed
3128,791,30,6,80,32.061707,118.763232,3,Urban,3,Urban,1,0,0,0,0,1,TRUE,Urban-dominated
3129,789,1,1,0,34.639856,116.715063,5,Other,2,Cropland,0.5,0.5,0,0,0,1,TRUE,Urban-dominated
3130,775,49,33,32.65306122,31.488754,120.304898,3,Urban,3,Urban,1,0,0,0,0,1,TRUE,Urban-dominated
3131,809,144,119,17.36111111,33.268901,118.983374,2,Cropland,2,Cropland,0,1,0,0,0,1,TRUE,Ag-dominated
3132,819,7,3,57.14285714,31.816204,121.022964,3,Urban,3,Urban,1,0,0,0,0,1,TRUE,Urban-dominated
3133,771,106,58,45.28301887,31.930388,121.822913,2,Cropland,5,Other,0,0.25,0.5,0,0.25,0.25,FALSE,Mixed
3134,729,23,17,26.08695652,32.056126,120.412665,3,Urban,5,Other,0.25,0.25,0.5,0,0,0.5,TRUE,Mixed
3135,812,61,43,29.50819672,32.05804,121.591802,3,Urban,2,Cropland,0.25,0.75,0,0,0,1,TRUE,Ag-dominated
3136,754,17,7,58.82352941,31.635595,119.506363,5,Other,2,Cropland,0.25,0.25,0.25,0.25,0,0.5,TRUE,Mixed
3137,766,5,0,100,32.090435,120.288398,2,Cropland,2,Cropland,0.5,0.5,0,0,0,1,TRUE,Urban-dominated
3138,730,49,21,57.14285714,31.306263,119.239627,2,Cropland,2,Cropland,0.25,0.75,0,0,0,1,TRUE,Ag-dominated
3140,791,115,55,52.17391304,32.171928,121.373409,2,Cropland,2,Cropland,0.5,0.5,0,0,0,1,TRUE,Urban-dominated
3143,740,5,3,40,31.405592,120.135477,5,Other,5,Other,0,0,1,0,0,0,FALSE,Mixed
3144,790,4,0,100,31.953122,120.252139,3,Urban,5,Other,0,0,1,0,0,0,FALSE,Mixed
3145,821,24,8,66.66666667,32.099615,118.503297,3,Urban,1,Natural vegetation,0.25,0.25,0,0,0.5,0.5,TRUE,Natural-dominated
3146,798,15,5,66.66666667,31.758783,120.00259,3,Urban,3,Urban,1,0,0,0,0,1,TRUE,Urban-dominated
3147,800,73,44,39.7260274,31.908105,120.062543,2,Cropland,2,Cropland,0,1,0,0,0,1,TRUE,Ag-dominated
3148,732,1,0,100,31.452117,120.427174,3,Urban,3,Urban,1,0,0,0,0,1,TRUE,Urban-dominated
3149,776,87,0,100,32.570502,119.949664,3,Urban,2,Cropland,0,1,0,0,0,1,TRUE,Ag-dominated
3150,736,2,1,50,34.217261,117.249737,3,Urban,3,Urban,1,0,0,0,0,1,TRUE,Urban-dominated
3151,764,1,0,100,31.22454,119.850415,1,Natural vegetation,1,Natural vegetation,0,0.5,0,0,0.5,0.5,TRUE,Ag-dominated
3152,790,7,6,14.28571429,32.492358,119.50462,1,Natural vegetation,1,Natural vegetation,0,0,0,0,1,0,FALSE,Natural-dominated
3153,800,31,13,58.06451613,31.768555,120.810987,3,Urban,2,Cropland,0,0.75,0.25,0,0,0.75,TRUE,Ag-dominated
3154,694,17,2,88.23529412,32.410881,119.560684,3,Urban,3,Urban,1,0,0,0,0,1,TRUE,Urban-dominated
3155,771,53,35,33.96226415,32.538861,119.959148,3,Urban,3,Urban,1,0,0,0,0,1,TRUE,Urban-dominated
3156,703,70,57,18.57142857,31.547747,121.035126,2,Cropland,2,Cropland,0.5,0.5,0,0,0,1,TRUE,Urban-dominated
3157,700,42,12,71.42857143,33.121895,118.750332,3,Urban,2,Cropland,0,0.5,0.5,0,0,0.5,TRUE,Ag-dominated
3158,739,90,56,37.77777778,31.515118,121.276419,3,Urban,2,Cropland,0.333333333,0.333333333,0.333333333,0,0,0.666666667,TRUE,Mixed
3159,772,36,28,22.22222222,32.485833,119.87053,3,Urban,3,Urban,1,0,0,0,0,1,TRUE,Urban-dominated
3160,755,15,0,100,32.245055,119.911408,3,Urban,3,Urban,1,0,0,0,0,1,TRUE,Urban-dominated
3162,735,33,25,24.24242424,31.925323,118.532748,2,Cropland,2,Cropland,0,0.5,0,0.5,0,0.5,TRUE,Ag-dominated
3163,772,114,65,42.98245614,33.301657,119.182933,5,Other,5,Other,0,0,1,0,0,0,FALSE,Mixed
3164,748,12,6,50,31.191479,120.661595,3,Urban,3,Urban,0.5,0.25,0.25,0,0,0.75,TRUE,Urban-dominated
3165,298,3,0,100,31.46746,118.882541,5,Other,5,Other,0,0,1,0,0,0,FALSE,Mixed
3166,733,13,3,76.92307692,32.375163,120.845123,2,Cropland,2,Cropland,0,1,0,0,0,1,TRUE,Ag-dominated
3167,796,30,15,50,32.07894,120.646561,3,Urban,5,Other,0,0,1,0,0,0,FALSE,Mixed
3168,811,70,42,40,32.421756,119.893747,3,Urban,3,Urban,0.75,0.25,0,0,0,1,TRUE,Urban-dominated
3169,763,6,4,33.33333333,32.427353,119.265049,3,Urban,2,Cropland,0,1,0,0,0,1,TRUE,Ag-dominated
3170,809,93,38,59.13978495,31.260263,120.87278,3,Urban,3,Urban,0.5,0.25,0.25,0,0,0.75,TRUE,Urban-dominated
3171,680,5,1,80,32.032782,118.752935,3,Urban,3,Urban,1,0,0,0,0,1,TRUE,Urban-dominated
3172,796,4,0,100,30.831855,120.558677,2,Cropland,3,Urban,0.5,0.25,0,0,0.25,0.75,TRUE,Urban-dominated
3173,740,5,2,60,34.5227503,117.9285451,2,Cropland,2,Cropland,0,1,0,0,0,1,TRUE,Ag-dominated
3174,660,13,4,69.23076923,32.302834,121.193199,3,Urban,2,Cropland,0.5,0.5,0,0,0,1,TRUE,Urban-dominated
3175,672,90,70,22.22222222,32.945673,120.315457,2,Cropland,2,Cropland,0,1,0,0,0,1,TRUE,Ag-dominated
3176,290,5,4,20,31.346315,119.223289,2,Cropland,2,Cropland,0,1,0,0,0,1,TRUE,Ag-dominated
3177,736,5,2,60,33.104157,118.736352,3,Urban,5,Other,0,0,1,0,0,0,FALSE,Mixed
3178,732,3,2,33.33333333,31.554449,120.284393,3,Urban,3,Urban,1,0,0,0,0,1,TRUE,Urban-dominated
3179,743,38,22,42.10526316,31.433021,120.875192,2,Cropland,2,Cropland,0.5,0.5,0,0,0,1,TRUE,Urban-dominated
3180,810,88,50,43.18181818,31.388542,120.973408,3,Urban,3,Urban,1,0,0,0,0,1,TRUE,Urban-dominated
3181,822,15,7,53.33333333,32.123444,119.57278,3,Urban,3,Urban,1,0,0,0,0,1,TRUE,Urban-dominated
3182,799,29,22,24.13793103,31.910246,120.32641,3,Urban,3,Urban,1,0,0,0,0,1,TRUE,Urban-dominated
3183,653,3,2,33.33333333,31.577007,120.556522,2,Cropland,1,Natural vegetation,0,0.5,0,0,0.5,0.5,TRUE,Ag-dominated
3186,797,2,1,50,31.907854,120.204109,3,Urban,3,Urban,1,0,0,0,0,1,TRUE,Urban-dominated
3187,755,10,3,70,31.460995,120.869564,3,Urban,3,Urban,1,0,0,0,0,1,TRUE,Urban-dominated
3188,740,87,52,40.22988506,32.065877,118.394022,1,Natural vegetation,1,Natural vegetation,0,0,0,0,1,0,FALSE,Natural-dominated
3189,801,7,4,42.85714286,32.061707,118.763232,3,Urban,3,Urban,1,0,0,0,0,1,TRUE,Urban-dominated
3192,805,58,38,34.48275862,31.830233,119.607156,2,Cropland,2,Cropland,0,1,0,0,0,1,TRUE,Ag-dominated
3193,583,2,0,100,33.401736,118.538133,2,Cropland,2,Cropland,0,0.5,0.5,0,0,0.5,TRUE,Ag-dominated
3195,660,1,0,100,28.251621,115.874299,2,Cropland,2,Cropland,0,1,0,0,0,1,TRUE,Ag-dominated
3199,761,23,17,26.08695652,29.287166,115.795165,2,Cropland,3,Urban,0.75,0,0,0,0.25,0.75,TRUE,Urban-dominated
3200,368,69,19,72.46376812,28.904167,116.263514,5,Other,4,Wetland,0,0,0.5,0.5,0,0,FALSE,Mixed
3202,711,14,7,50,29.007762,115.826974,3,Urban,2,Cropland,0.5,0.5,0,0,0,1,TRUE,Urban-dominated
3204,711,1,1,0,28.694779,116.71726,1,Natural vegetation,2,Cropland,0.25,0.75,0,0,0,1,TRUE,Ag-dominated
3207,706,2,1,50,29.406277,116.62703,2,Cropland,2,Cropland,0,0.5,0.25,0,0.25,0.5,TRUE,Ag-dominated
3208,806,1,0,100,27.809566,114.968562,3,Urban,2,Cropland,0,1,0,0,0,1,TRUE,Ag-dominated
3210,599,1,0,100,28.540289,116.780174,1,Natural vegetation,1,Natural vegetation,0,0,0,0,1,0,FALSE,Natural-dominated
3212,666,2,0,100,27.286929,115.507866,1,Natural vegetation,1,Natural vegetation,0,0,0,0,1,0,FALSE,Natural-dominated
3214,753,1,1,0,29.348431,117.805492,1,Natural vegetation,1,Natural vegetation,0,0,0,0,1,0,FALSE,Natural-dominated
3215,668,8,2,75,26.807029,115.212355,2,Cropland,2,Cropland,0,1,0,0,0,1,TRUE,Ag-dominated
3216,746,1,0,100,28.330102,117.517337,2,Cropland,2,Cropland,0,1,0,0,0,1,TRUE,Ag-dominated
3218,574,1,0,100,25.283983,115.077844,1,Natural vegetation,1,Natural vegetation,0,0,0,0,1,0,FALSE,Natural-dominated
3219500,3120,40,9,77.5,40.4195042,-83.1971372,2,Cropland,2,Cropland,0,1,0,0,0,1,TRUE,Ag-dominated
3225,794,1,0,100,26.235491,114.492474,1,Natural vegetation,1,Natural vegetation,0,0,0,0,1,0,FALSE,Natural-dominated
3226,335,1,0,100,28.549469,115.935611,3,Urban,3,Urban,1,0,0,0,0,1,TRUE,Urban-dominated
3229,747,17,6,64.70588235,28.712683,116.433667,5,Other,5,Other,0,0,1,0,0,0,FALSE,Mixed
3231,795,7,3,57.14285714,26.887366,114.504463,1,Natural vegetation,1,Natural vegetation,0,0,0,0,1,0,FALSE,Natural-dominated
3234,676,2,0,100,28.675696,115.909228,3,Urban,3,Urban,1,0,0,0,0,1,TRUE,Urban-dominated
3236,743,2,1,50,26.584506,114.51329,1,Natural vegetation,1,Natural vegetation,0,0,0,0,1,0,FALSE,Natural-dominated
3237,582,155,95,38.70967742,29.819033,116.185114,2,Cropland,2,Cropland,0,1,0,0,0,1,TRUE,Ag-dominated
3238,530,3,0,100,29.573067,116.767532,2,Cropland,1,Natural vegetation,0,0.5,0,0,0.5,0.5,TRUE,Ag-dominated
3241,778,2,0,100,27.678079,113.666161,1,Natural vegetation,1,Natural vegetation,0,0,0,0,1,0,FALSE,Natural-dominated
3246,663,8,1,87.5,26.294256,115.733224,1,Natural vegetation,1,Natural vegetation,0,0,0,0,1,0,FALSE,Natural-dominated
3247,728,2,0,100,40.616037,117.774843,1,Natural vegetation,1,Natural vegetation,0,0,0,0,1,0,FALSE,Natural-dominated
3248,597,71,15,78.87323944,39.58526,116.535515,2,Cropland,2,Cropland,0,1,0,0,0,1,TRUE,Ag-dominated
3250,758,1,1,0,41.014807,117.961347,3,Urban,3,Urban,1,0,0,0,0,1,TRUE,Urban-dominated
3252,700,125,42,66.4,38.879094,115.653094,2,Cropland,2,Cropland,0.5,0.5,0,0,0,1,TRUE,Urban-dominated
3254,473,95,57,40,38.897404,116.028691,4,Wetland,4,Wetland,0,0,0.5,0.5,0,0,FALSE,Mixed
3254520,5229,77,46,40.25974026,38.9203417,-84.44799549,1,Natural vegetation,1,Natural vegetation,0,0,0,0,1,0,FALSE,Natural-dominated
3255,770,9,0,100,40.772528,118.599514,2,Cropland,2,Cropland,0,1,0,0,0,1,TRUE,Ag-dominated
3256,571,2,0,100,39.223947,115.765844,3,Urban,2,Cropland,0,1,0,0,0,1,TRUE,Ag-dominated
3257,498,145,108,25.51724138,37.513177,116.04779,2,Cropland,2,Cropland,0,1,0,0,0,1,TRUE,Ag-dominated
3259,680,44,8,81.81818182,37.319989,115.091033,2,Cropland,2,Cropland,0,1,0,0,0,1,TRUE,Ag-dominated
3260,809,10,4,60,38.037057,114.468664,3,Urban,3,Urban,1,0,0,0,0,1,TRUE,Urban-dominated
3261,755,25,9,64,37.905393,116.131193,2,Cropland,2,Cropland,0,1,0,0,0,1,TRUE,Ag-dominated
3262,701,22,18,18.18181818,41.673671,117.821479,2,Cropland,1,Natural vegetation,0,0.5,0,0,0.5,0.5,TRUE,Ag-dominated
3263,791,10,3,70,38.477117,117.542157,2,Cropland,2,Cropland,0,0.5,0.5,0,0,0.5,TRUE,Ag-dominated
3264,505,7,3,57.14285714,37.865007,115.813964,3,Urban,3,Urban,1,0,0,0,0,1,TRUE,Urban-dominated
3268,622,49,14,71.42857143,39.44595,116.73027,2,Cropland,2,Cropland,0,1,0,0,0,1,TRUE,Ag-dominated
3269,168,6,2,66.66666667,39.44595,116.73027,2,Cropland,2,Cropland,0,1,0,0,0,1,TRUE,Ag-dominated
3270,732,108,59,45.37037037,40.963671,118.664147,2,Cropland,1,Natural vegetation,0,0.25,0,0,0.75,0.25,FALSE,Natural-dominated
3272,813,65,44,32.30769231,38.866844,115.818382,3,Urban,2,Cropland,0,1,0,0,0,1,TRUE,Ag-dominated
3273,776,24,17,29.16666667,38.041596,115.982251,3,Urban,2,Cropland,0,1,0,0,0,1,TRUE,Ag-dominated
3274,684,1,0,100,36.29222,114.171204,5,Other,2,Cropland,0,0.75,0.25,0,0,0.75,TRUE,Ag-dominated
3276,719,1,0,100,38.269558,114.17444,3,Urban,2,Cropland,0.5,0.5,0,0,0,1,TRUE,Urban-dominated
3277,811,11,2,81.81818182,39.802411,119.450936,5,Other,5,Other,0,0,1,0,0,0,FALSE,Mixed
3278,689,14,2,85.71428571,36.766382,114.95768,3,Urban,2,Cropland,0.5,0.5,0,0,0,1,TRUE,Urban-dominated
3280,806,78,34,56.41025641,38.379485,115.117539,3,Urban,2,Cropland,0,1,0,0,0,1,TRUE,Ag-dominated
3281,792,2,0,100,39.615082,118.20546,3,Urban,3,Urban,1,0,0,0,0,1,TRUE,Urban-dominated
3282,781,9,3,66.66666667,39.906055,119.576813,5,Other,3,Urban,1,0,0,0,0,1,TRUE,Urban-dominated
3283,621,11,1,90.90909091,39.776323,119.421414,5,Other,3,Urban,0.5,0,0.5,0,0,0.5,TRUE,Urban-dominated
3284,780,74,43,41.89189189,39.227626,118.04918,5,Other,5,Other,0,0,1,0,0,0,FALSE,Mixed
3284533,237,36,2,94.44444444,37.9383333,-84.4786111,1,Natural vegetation,2,Cropland,0,1,0,0,0,1,TRUE,Ag-dominated
3285,722,1,0,100,40.349608,115.373872,3,Urban,2,Cropland,0,1,0,0,0,1,TRUE,Ag-dominated
3286,809,6,1,83.33333333,39.750631,118.773574,3,Urban,3,Urban,1,0,0,0,0,1,TRUE,Urban-dominated
3287,481,28,11,60.71428571,38.962979,115.991458,5,Other,2,Cropland,0,1,0,0,0,1,TRUE,Ag-dominated
3287590,489,100,57,43,38.04006944,-84.4111111,2,Cropland,2,Cropland,0.5,0.5,0,0,0,1,TRUE,Urban-dominated
3288,294,49,39,20.40816327,39.743079,116.931147,2,Cropland,2,Cropland,0,1,0,0,0,1,TRUE,Ag-dominated
3289193,942,5,1,80,38.06674334,-84.5543852,3,Urban,3,Urban,0.5,0.25,0,0,0.25,0.75,TRUE,Urban-dominated
3289200,379,5,0,100,38.103687,-84.5879977,2,Cropland,2,Cropland,0,1,0,0,0,1,TRUE,Ag-dominated
3290500,2031,4,3,25,38.43895654,-84.9632844,1,Natural vegetation,1,Natural vegetation,0,0,0,0,1,0,FALSE,Natural-dominated
3291,401,68,3,95.58823529,40.762463,114.879227,3,Urban,3,Urban,1,0,0,0,0,1,TRUE,Urban-dominated
3292,671,49,27,44.89795918,38.87054,115.76742,2,Cropland,2,Cropland,0.333333333,0.666666667,0,0,0,1,TRUE,Ag-dominated
3292470,3817,3,2,33.33333333,38.36117864,-85.57459969,1,Natural vegetation,2,Cropland,0,1,0,0,0,1,TRUE,Ag-dominated
3292474,3360,61,13,78.68852459,38.2759036,-85.606072,1,Natural vegetation,1,Natural vegetation,0,0,0,0,1,0,FALSE,Natural-dominated
3292475,3852,10,0,100,38.3034027,-85.62801689,1,Natural vegetation,3,Urban,0.5,0,0.25,0,0.25,0.5,TRUE,Urban-dominated
3292480,3400,4,1,75,38.3127635,-85.6261558,1,Natural vegetation,3,Urban,0.5,0,0.25,0,0.25,0.5,TRUE,Urban-dominated
3292500,3248,222,82,63.06306306,38.2114592,-85.7024613,1,Natural vegetation,3,Urban,1,0,0,0,0,1,TRUE,Urban-dominated
3293,722,39,14,64.1025641,37.518685,115.075585,3,Urban,3,Urban,1,0,0,0,0,1,TRUE,Urban-dominated
3293000,4347,30,1,96.66666667,38.237293,-85.6646834,3,Urban,3,Urban,1,0,0,0,0,1,TRUE,Urban-dominated
3293500,3474,566,164,71.02473498,38.25034895,-85.7166287,3,Urban,3,Urban,1,0,0,0,0,1,TRUE,Urban-dominated
3293510,2641,539,370,31.35435993,38.26590398,-85.7207955,3,Urban,3,Urban,0.75,0,0.25,0,0,0.75,TRUE,Urban-dominated
3293530,3730,22,4,81.81818182,38.27645917,-85.693573,3,Urban,5,Other,0,0,1,0,0,0,FALSE,Mixed
3293532,1162,75,18,76,38.2603486,-85.7182954,3,Urban,3,Urban,0.75,0,0.25,0,0,0.75,TRUE,Urban-dominated
3294,574,17,6,64.70588235,38.823736,116.024029,4,Wetland,2,Cropland,0,0.333333333,0.333333333,0.333333333,0,0.333333333,TRUE,Mixed
3294570,2346,82,35,57.31707317,38.07812588,-85.8899635,1,Natural vegetation,3,Urban,0.5,0,0.25,0,0.25,0.5,TRUE,Urban-dominated
3295,722,48,8,83.33333333,39.678461,119.223129,2,Cropland,3,Urban,1,0,0,0,0,1,TRUE,Urban-dominated
3296,708,10,2,80,33.877112,113.779832,3,Urban,2,Cropland,0,1,0,0,0,1,TRUE,Ag-dominated
3297,719,8,0,100,33.93393,113.949926,2,Cropland,2,Cropland,0,1,0,0,0,1,TRUE,Ag-dominated
3297800,3771,39,7,82.05128205,37.9911111,-85.6411111,1,Natural vegetation,1,Natural vegetation,0,0,0,0,1,0,FALSE,Natural-dominated
3297900,2758,67,17,74.62686567,38.28534776,-85.4674592,1,Natural vegetation,1,Natural vegetation,0,0,0,0,1,0,FALSE,Natural-dominated
3298,624,236,213,9.745762712,32.089061,114.105024,3,Urban,2,Cropland,0.5,0.5,0,0,0,1,TRUE,Urban-dominated
3298000,3813,1,1,0,38.18840166,-85.460235,1,Natural vegetation,1,Natural vegetation,0,0,0,0,1,0,FALSE,Natural-dominated
3298135,3372,49,2,95.91836735,38.19479109,-85.557181,3,Urban,3,Urban,1,0,0,0,0,1,TRUE,Urban-dominated
3298150,3848,6,0,100,38.16006729,-85.5421797,1,Natural vegetation,1,Natural vegetation,0.25,0,0,0,0.75,0.25,FALSE,Natural-dominated
3298200,3064,18,1,94.44444444,38.08534216,-85.5549556,1,Natural vegetation,3,Urban,1,0,0,0,0,1,TRUE,Urban-dominated
3298250,3523,36,6,83.33333333,38.0792321,-85.6160683,1,Natural vegetation,1,Natural vegetation,0.333333333,0,0,0,0.666666667,0.333333333,TRUE,Natural-dominated
3298300,3262,259,114,55.98455598,38.08756629,-85.642458,1,Natural vegetation,3,Urban,1,0,0,0,0,1,TRUE,Urban-dominated
3299,727,1,0,100,35.222893,113.457855,3,Urban,2,Cropland,0.25,0.75,0,0,0,1,TRUE,Ag-dominated
3300,649,12,5,58.33333333,34.765515,113.753602,3,Urban,3,Urban,1,0,0,0,0,1,TRUE,Urban-dominated
3301940,3663,263,39,85.17110266,38.1503466,-85.6935714,3,Urban,3,Urban,0.75,0,0,0,0.25,0.75,TRUE,Urban-dominated
3302,657,9,6,33.33333333,36.108471,115.06861,2,Cropland,2,Cropland,0,1,0,0,0,1,TRUE,Ag-dominated
3302000,2969,56,36,35.71428571,38.1197916,-85.7957955,1,Natural vegetation,1,Natural vegetation,0,0,0,0,1,0,FALSE,Natural-dominated
3302030,3719,79,24,69.62025316,38.05423677,-85.8716296,1,Natural vegetation,1,Natural vegetation,0.5,0,0,0,0.5,0.5,TRUE,Urban-dominated
3302050,3705,279,126,54.83870968,38.04693096,-85.8572681,1,Natural vegetation,1,Natural vegetation,0,0,0,0,1,0,FALSE,Natural-dominated
3302058,575,2,1,50,37.9922222,-85.9220556,1,Natural vegetation,1,Natural vegetation,0,0.25,0,0,0.75,0.25,FALSE,Natural-dominated
3303,623,166,79,52.40963855,32.673099,112.812864,3,Urban,2,Cropland,0.25,0.75,0,0,0,1,TRUE,Ag-dominated
3304,388,3,2,33.33333333,34.571616,111.478756,1,Natural vegetation,1,Natural vegetation,0,0.5,0,0,0.5,0.5,TRUE,Ag-dominated
3306,731,20,6,70,33.503413,114.574433,2,Cropland,2,Cropland,0,1,0,0,0,1,TRUE,Ag-dominated
3307,791,13,5,61.53846154,32.081175,115.421399,2,Cropland,2,Cropland,0,1,0,0,0,1,TRUE,Ag-dominated
3310,775,13,6,53.84615385,35.134576,114.605094,2,Cropland,2,Cropland,0.25,0.75,0,0,0,1,TRUE,Ag-dominated
3311,696,18,9,50,34.765515,113.753602,3,Urban,3,Urban,1,0,0,0,0,1,TRUE,Urban-dominated
3313,782,1,1,0,36.07964,114.135423,1,Natural vegetation,3,Urban,0.75,0.25,0,0,0,1,TRUE,Urban-dominated
3314,528,27,11,59.25925926,32.251659,113.979279,2,Cropland,2,Cropland,0,1,0,0,0,1,TRUE,Ag-dominated
3315,757,93,31,66.66666667,32.780629,114.868435,2,Cropland,2,Cropland,0,1,0,0,0,1,TRUE,Ag-dominated
3316,634,4,2,50,32.7135129,115.0622929,2,Cropland,2,Cropland,0,1,0,0,0,1,TRUE,Ag-dominated
3317,771,3,1,66.66666667,34.323191,113.778832,2,Cropland,2,Cropland,0,1,0,0,0,1,TRUE,Ag-dominated
3319,424,10,0,100,34.060856,112.972621,1,Natural vegetation,2,Cropland,0,1,0,0,0,1,TRUE,Ag-dominated
3320,776,101,26,74.25742574,32.977274,113.588091,5,Other,5,Other,0,0,1,0,0,0,FALSE,Mixed
3321,351,13,1,92.30769231,32.895127,114.406066,2,Cropland,2,Cropland,0,1,0,0,0,1,TRUE,Ag-dominated
3321500,3810,33,14,57.57575758,37.8583774,-87.4097294,2,Cropland,2,Cropland,0,1,0,0,0,1,TRUE,Ag-dominated
3322,762,120,69,42.5,32.128443,115.051424,3,Urban,2,Cropland,0.25,0.75,0,0,0,1,TRUE,Ag-dominated
3323,761,65,44,32.30769231,35.590216,114.907187,2,Cropland,2,Cropland,0,1,0,0,0,1,TRUE,Ag-dominated
3326,711,2,0,100,33.722364,113.250862,3,Urban,3,Urban,0.75,0,0.25,0,0,0.75,TRUE,Urban-dominated
3327,667,13,9,30.76923077,34.765515,113.753602,3,Urban,3,Urban,1,0,0,0,0,1,TRUE,Urban-dominated
3328,657,3,0,100,33.27192,113.548952,5,Other,1,Natural vegetation,0.25,0.25,0,0,0.5,0.5,TRUE,Natural-dominated
3330,740,2,0,100,32.167866,114.660307,2,Cropland,2,Cropland,0,1,0,0,0,1,TRUE,Ag-dominated
3332,734,60,18,70,33.203367,115.151458,2,Cropland,2,Cropland,0,1,0,0,0,1,TRUE,Ag-dominated
3333,788,1,0,100,33.606101,113.763482,2,Cropland,2,Cropland,0.5,0.5,0,0,0,1,TRUE,Urban-dominated
3334,766,60,14,76.66666667,34.765515,113.753602,3,Urban,3,Urban,1,0,0,0,0,1,TRUE,Urban-dominated
3335,619,4,3,25,32.635434,113.938979,5,Other,2,Cropland,0,0.5,0.25,0,0.25,0.5,TRUE,Ag-dominated
3336,719,7,2,71.42857143,33.894563,114.636783,2,Cropland,2,Cropland,0,1,0,0,0,1,TRUE,Ag-dominated
3337,655,23,10,56.52173913,33.404611,113.899043,3,Urban,2,Cropland,0.25,0.75,0,0,0,1,TRUE,Ag-dominated
3338,539,340,291,14.41176471,34.878877,112.497597,2,Cropland,2,Cropland,0,1,0,0,0,1,TRUE,Ag-dominated
3339,711,4,1,75,34.357765,114.467138,2,Cropland,2,Cropland,0,1,0,0,0,1,TRUE,Ag-dominated
3340,729,35,17,51.42857143,33.823184,114.243256,2,Cropland,2,Cropland,0,1,0,0,0,1,TRUE,Ag-dominated
3341,723,23,1,95.65217391,32.272325,114.035868,2,Cropland,2,Cropland,0,1,0,0,0,1,TRUE,Ag-dominated
3342,706,1,0,100,33.308204,113.525593,2,Cropland,3,Urban,1,0,0,0,0,1,TRUE,Urban-dominated
3345,767,22,12,45.45454545,28.467694,119.416539,2,Cropland,2,Cropland,0,1,0,0,0,1,TRUE,Ag-dominated
3347,786,76,20,73.68421053,29.302339,120.08912,3,Urban,3,Urban,1,0,0,0,0,1,TRUE,Urban-dominated
3348,782,133,99,25.56390977,30.147737,120.407333,3,Urban,3,Urban,1,0,0,0,0,1,TRUE,Urban-dominated
3350,680,157,103,34.39490446,30.267446,120.152791,3,Urban,3,Urban,1,0,0,0,0,1,TRUE,Urban-dominated
3353415,2286,156,78,50,39.88577778,-86.3554444,2,Cropland,2,Cropland,0.25,0.75,0,0,0,1,TRUE,Ag-dominated
3353420,3066,310,96,69.03225806,39.8725833,-86.3615278,2,Cropland,2,Cropland,0.5,0.5,0,0,0,1,TRUE,Urban-dominated
3355,793,30,10,66.66666667,29.266018,120.051391,3,Urban,3,Urban,1,0,0,0,0,1,TRUE,Urban-dominated
3358,691,60,38,36.66666667,30.442504,120.070573,3,Urban,2,Cropland,0.5,0.5,0,0,0,1,TRUE,Urban-dominated
3363,755,9,5,44.44444444,30.225321,120.726949,5,Other,5,Other,0,0,1,0,0,0,FALSE,Mixed
3368,797,2,0,100,31.123297,119.902583,3,Urban,2,Cropland,0,1,0,0,0,1,TRUE,Ag-dominated
3369,347,1,1,0,28.670578,121.323929,3,Urban,2,Cropland,0,1,0,0,0,1,TRUE,Ag-dominated
3370,791,24,8,66.66666667,30.25332,119.866868,2,Cropland,1,Natural vegetation,0,0.25,0,0,0.75,0.25,FALSE,Natural-dominated
3371,838,8,2,75,28.276705,121.68638,5,Other,5,Other,0,0,1,0,0,0,FALSE,Mixed
3375,745,3,0,100,29.071266,119.671617,3,Urban,2,Cropland,0.5,0.5,0,0,0,1,TRUE,Urban-dominated
3376,784,15,6,60,29.772181,120.238368,2,Cropland,2,Cropland,0,1,0,0,0,1,TRUE,Ag-dominated
3377,789,85,40,52.94117647,29.90894,121.532765,3,Urban,3,Urban,1,0,0,0,0,1,TRUE,Urban-dominated
3378,711,4,1,75,28.363673,120.690527,1,Natural vegetation,1,Natural vegetation,0,0,0,0,1,0,FALSE,Natural-dominated
3378500,1948,2,0,100,38.130879,-87.941419,2,Cropland,5,Other,0,0,1,0,0,0,FALSE,Mixed
3379,808,34,4,88.23529412,28.401983,121.313909,3,Urban,3,Urban,1,0,0,0,0,1,TRUE,Urban-dominated
3381,675,146,103,29.45205479,30.788164,121.287508,2,Cropland,2,Cropland,0,1,0,0,0,1,TRUE,Ag-dominated
3383,794,110,1,99.09090909,29.44436,119.931804,3,Urban,3,Urban,0.75,0.25,0,0,0,1,TRUE,Urban-dominated
3384,718,1,0,100,28.691077,121.480529,5,Other,1,Natural vegetation,0.25,0.25,0.25,0,0.25,0.5,TRUE,Mixed
3385,648,1,1,0,28.722889,119.366656,1,Natural vegetation,1,Natural vegetation,0,0,0,0,1,0,FALSE,Natural-dominated
3386,733,83,12,85.54216867,28.440311,119.522168,2,Cropland,2,Cropland,0,1,0,0,0,1,TRUE,Ag-dominated
3387,825,2,1,50,29.200956,119.492445,2,Cropland,3,Urban,0.75,0,0,0,0.25,0.75,TRUE,Urban-dominated
3389,768,43,16,62.79069767,28.498534,121.612773,5,Other,5,Other,0,0,1,0,0,0,FALSE,Mixed
3390,639,1,1,0,29.432919,120.991562,1,Natural vegetation,1,Natural vegetation,0,0,0,0,1,0,FALSE,Natural-dominated
3392,835,43,28,34.88372093,30.012424,122.099384,3,Urban,3,Urban,1,0,0,0,0,1,TRUE,Urban-dominated
3393,797,3,0,100,28.401295,119.958275,1,Natural vegetation,1,Natural vegetation,0,0,0,0,1,0,FALSE,Natural-dominated
3395,772,32,8,75,18.309346,109.296015,2,Cropland,5,Other,0,0,1,0,0,0,FALSE,Mixed
3397,754,111,15,86.48648649,18.435633,108.88035,2,Cropland,3,Urban,1,0,0,0,0,1,TRUE,Urban-dominated
3399,803,1,0,100,20.03468,110.341344,3,Urban,3,Urban,1,0,0,0,0,1,TRUE,Urban-dominated
3400800,1580,11,3,72.72727273,36.75230974,-83.2574012,1,Natural vegetation,1,Natural vegetation,0,0,0,0,1,0,FALSE,Natural-dominated
3401,785,1,1,0,19.23792,108.90976,2,Cropland,2,Cropland,0,1,0,0,0,1,TRUE,Ag-dominated
3402,786,8,0,100,18.868383,110.446856,3,Urban,3,Urban,1,0,0,0,0,1,TRUE,Urban-dominated
3403,807,309,176,43.0420712,18.771022,110.361185,2,Cropland,2,Cropland,0,1,0,0,0,1,TRUE,Ag-dominated
3405,774,4,3,25,18.899736,110.478603,3,Urban,1,Natural vegetation,0,0,0,0,1,0,FALSE,Natural-dominated
3406,779,34,11,67.64705882,19.641482,110.90946,2,Cropland,1,Natural vegetation,0,0.5,0,0,0.5,0.5,TRUE,Ag-dominated
3407,757,87,10,88.50574713,18.517517,110.0638,1,Natural vegetation,2,Cropland,0,0.5,0.5,0,0,0.5,TRUE,Ag-dominated
3409,797,15,5,66.66666667,18.365332,109.16614,3,Urban,3,Urban,0.666666667,0.333333333,0,0,0,1,TRUE,Urban-dominated
3411,737,241,79,67.21991701,19.619,110.753577,3,Urban,2,Cropland,0,1,0,0,0,1,TRUE,Ag-dominated
3413,772,77,12,84.41558442,20.001319,110.372868,3,Urban,3,Urban,1,0,0,0,0,1,TRUE,Urban-dominated
3414,750,2,0,100,18.272081,109.575045,3,Urban,1,Natural vegetation,0,0,0,0,1,0,FALSE,Natural-dominated
3414000,1119,10,0,100,36.88395484,-85.1394008,1,Natural vegetation,1,Natural vegetation,0,0,0.25,0,0.75,0,FALSE,Natural-dominated
3414002,954,2,0,100,36.88405556,-85.12963889,2,Cropland,1,Natural vegetation,0,0,0,0,1,0,FALSE,Natural-dominated
3415,772,46,2,95.65217391,18.299466,109.537206,3,Urban,1,Natural vegetation,0.5,0,0,0,0.5,0.5,TRUE,Urban-dominated
3416,768,28,5,82.14285714,19.107418,110.517393,2,Cropland,1,Natural vegetation,0,0.5,0,0,0.5,0.5,TRUE,Ag-dominated
3417,774,9,1,88.88888889,18.584272,109.899226,1,Natural vegetation,1,Natural vegetation,0,0,0,0,1,0,FALSE,Natural-dominated
3417500,2770,1,1,0,36.5542507,-85.5143938,1,Natural vegetation,1,Natural vegetation,0,0,0,0,1,0,FALSE,Natural-dominated
3418420,2127,12,0,100,36.2867558,-85.94079609,1,Natural vegetation,5,Other,0.25,0,0.5,0,0.25,0.25,FALSE,Mixed
3420,694,11,0,100,19.146787,110.324964,2,Cropland,1,Natural vegetation,0,0,0,0,1,0,FALSE,Natural-dominated
3429,597,13,5,61.53846154,30.932298,114.664435,2,Cropland,2,Cropland,0.25,0.75,0,0,0,1,TRUE,Ag-dominated
3430,787,4,4,0,32.479431,111.08413,1,Natural vegetation,1,Natural vegetation,0,0,0,0,1,0,FALSE,Natural-dominated
3430200,5651,111,15,86.48648649,36.1864446,-86.6327739,3,Urban,3,Urban,1,0,0,0,0,1,TRUE,Urban-dominated
3431083,5948,10,2,80,36.16394545,-86.699164,1,Natural vegetation,3,Urban,1,0,0,0,0,1,TRUE,Urban-dominated
3431514,5596,8,0,100,36.1889717,-86.8283959,3,Urban,3,Urban,1,0,0,0,0,1,TRUE,Urban-dominated
3432,554,5,4,20,31.850714,113.318907,2,Cropland,2,Cropland,0,1,0,0,0,1,TRUE,Ag-dominated
343233905,3255,1,0,100,35.89984185,-86.8428894,1,Natural vegetation,3,Urban,0.5,0.25,0,0,0.25,0.75,TRUE,Urban-dominated
3434,740,8,0,100,29.980468,113.915926,3,Urban,3,Urban,1,0,0,0,0,1,TRUE,Urban-dominated
3436,732,21,4,80.95238095,30.607998,114.739996,5,Other,3,Urban,1,0,0,0,0,1,TRUE,Urban-dominated
3438,527,18,6,66.66666667,29.77652,109.816955,1,Natural vegetation,1,Natural vegetation,0,0,0,0,1,0,FALSE,Natural-dominated
3439,627,62,42,32.25806452,30.926829,113.885347,3,Urban,2,Cropland,0.5,0.5,0,0,0,1,TRUE,Urban-dominated
3442,569,4,1,75,31.82216,112.710238,2,Cropland,2,Cropland,0,1,0,0,0,1,TRUE,Ag-dominated
3443,785,4,1,75,30.925216,113.588349,3,Urban,2,Cropland,0.25,0.75,0,0,0,1,TRUE,Ag-dominated
3444,808,165,100,39.39393939,30.725578,112.839824,2,Cropland,3,Urban,1,0,0,0,0,1,TRUE,Urban-dominated
3445,740,6,1,83.33333333,29.6665,113.329487,5,Other,2,Cropland,0,0.5,0.5,0,0,0.5,TRUE,Ag-dominated
3446,578,4,0,100,30.691979,113.943238,3,Urban,3,Urban,1,0,0,0,0,1,TRUE,Urban-dominated
3447,521,59,41,30.50847458,31.57971,113.115433,1,Natural vegetation,1,Natural vegetation,0,0,0,0,1,0,FALSE,Natural-dominated
3448,763,3,2,33.33333333,30.167878,113.345876,2,Cropland,2,Cropland,0,1,0,0,0,1,TRUE,Ag-dominated
3452,682,12,4,66.66666667,30.254048,114.571771,5,Other,5,Other,0,0,1,0,0,0,FALSE,Mixed
3455,683,14,14,0,30.205647,113.846046,5,Other,5,Other,0,0.25,0.5,0.25,0,0.25,FALSE,Mixed
3457,821,8,0,100,30.479428,114.441717,3,Urban,3,Urban,1,0,0,0,0,1,TRUE,Urban-dominated
3458,710,4,2,50,31.062773,113.791446,2,Cropland,2,Cropland,0.25,0.75,0,0,0,1,TRUE,Ag-dominated
3460,686,4,1,75,30.287569,108.9049,3,Urban,1,Natural vegetation,0.25,0,0,0,0.75,0.25,FALSE,Natural-dominated
3462,797,6,1,83.33333333,31.706189,113.357381,3,Urban,3,Urban,1,0,0,0,0,1,TRUE,Urban-dominated
3464,748,40,9,77.5,30.71412,114.353979,3,Urban,3,Urban,1,0,0,0,0,1,TRUE,Urban-dominated
3467,809,1,1,0,30.415972,112.858475,3,Urban,2,Cropland,0.5,0.5,0,0,0,1,TRUE,Urban-dominated
3469,803,1,0,100,30.328291,114.606334,3,Urban,2,Cropland,0,0.5,0.5,0,0,0.5,TRUE,Ag-dominated
3470,733,7,0,100,31.265037,114.468486,2,Cropland,2,Cropland,0,1,0,0,0,1,TRUE,Ag-dominated
3474,659,148,94,36.48648649,29.936945,114.206491,4,Wetland,4,Wetland,0,0,0,1,0,0,FALSE,Mixed
3477,824,1,1,0,30.169848,114.668405,2,Cropland,2,Cropland,0,0.5,0.25,0,0.25,0.5,TRUE,Ag-dominated
3479,758,1,1,0,29.689218,112.635912,2,Cropland,2,Cropland,0,1,0,0,0,1,TRUE,Ag-dominated
3480,689,224,159,29.01785714,30.299189,112.519313,2,Cropland,2,Cropland,0,1,0,0,0,1,TRUE,Ag-dominated
3481,661,23,16,30.43478261,30.958605,114.772146,2,Cropland,2,Cropland,0,1,0,0,0,1,TRUE,Ag-dominated
3482,684,123,65,47.15447154,30.300442,114.134789,5,Other,2,Cropland,0,0.5,0.5,0,0,0.5,TRUE,Ag-dominated
3484,405,12,3,75,29.90909,113.688546,3,Urban,2,Cropland,0,0.5,0.5,0,0,0.5,TRUE,Ag-dominated
3487,337,1,0,100,31.170363,115.004703,3,Urban,3,Urban,0.5,0.25,0.25,0,0,0.75,TRUE,Urban-dominated
3491,732,27,11,59.25925926,30.020142,115.315117,2,Cropland,3,Urban,1,0,0,0,0,1,TRUE,Urban-dominated
3492,593,33,16,51.51515152,31.121516,115.346493,1,Natural vegetation,1,Natural vegetation,0,0.25,0,0,0.75,0.25,FALSE,Natural-dominated
3493,603,5,1,80,32.653896,111.205815,5,Other,1,Natural vegetation,0,0,0.333333333,0,0.666666667,0,FALSE,Natural-dominated
3496,785,34,16,52.94117647,29.310533,112.849485,4,Wetland,4,Wetland,0,0,0.333333333,0.666666667,0,0,FALSE,Mixed
3497,284,2,0,100,29.254035,113.028626,5,Other,5,Other,0,0,1,0,0,0,FALSE,Mixed
3500,716,8,5,37.5,29.248398,113.492368,1,Natural vegetation,1,Natural vegetation,0,0,0,0,1,0,FALSE,Natural-dominated
3501,634,61,16,73.7704918,29.457415,112.76546,2,Cropland,2,Cropland,0,0.75,0.25,0,0,0.75,TRUE,Ag-dominated
3506,729,12,5,58.33333333,26.82305,113.156194,1,Natural vegetation,1,Natural vegetation,0,0.25,0,0,0.75,0.25,FALSE,Natural-dominated
3508,790,8,5,37.5,29.4497926,113.14871,3,Urban,5,Other,0.25,0,0.75,0,0,0.25,FALSE,Mixed
3511,649,22,2,90.90909091,29.206544,112.515163,5,Other,5,Other,0,0,1,0,0,0,FALSE,Mixed
3513,480,71,20,71.83098592,29.590311,112.238314,2,Cropland,2,Cropland,0,1,0,0,0,1,TRUE,Ag-dominated
3520,773,22,7,68.18181818,28.259883,113.008048,3,Urban,3,Urban,1,0,0,0,0,1,TRUE,Urban-dominated
3523,805,14,0,100,28.52605,112.150471,1,Natural vegetation,3,Urban,1,0,0,0,0,1,TRUE,Urban-dominated
3524,623,1,0,100,27.712051,109.609609,1,Natural vegetation,1,Natural vegetation,0,0,0,0,1,0,FALSE,Natural-dominated
3525,96,1,1,0,28.56049,112.812316,3,Urban,1,Natural vegetation,0,0.25,0,0,0.75,0.25,FALSE,Natural-dominated
3526,134,9,0,100,27.215471,112.885768,1,Natural vegetation,1,Natural vegetation,0,0,0.5,0,0.5,0,FALSE,Natural-dominated
3528,744,6,6,0,28.112444,112.98381,3,Urban,3,Urban,1,0,0,0,0,1,TRUE,Urban-dominated
3529,783,1,0,100,27.674002,111.421332,3,Urban,3,Urban,1,0,0,0,0,1,TRUE,Urban-dominated
3533,786,4,1,75,33.827571,119.307466,2,Cropland,2,Cropland,0,1,0,0,0,1,TRUE,Ag-dominated
3534,658,1,1,0,25.986252,109.782371,1,Natural vegetation,1,Natural vegetation,0,0,0,0,1,0,FALSE,Natural-dominated
3539,188,1,0,100,28.6460477,112.4147437,5,Other,2,Cropland,0,0.75,0.25,0,0,0.75,TRUE,Ag-dominated
3540,206,3,1,66.66666667,29.0557678,112.3110917,2,Cropland,2,Cropland,0,1,0,0,0,1,TRUE,Ag-dominated
3545,275,24,7,70.83333333,28.293453,112.958736,3,Urban,3,Urban,0.75,0,0,0,0.25,0.75,TRUE,Urban-dominated
3548,758,5,3,40,30.839666,111.06395,5,Other,1,Natural vegetation,0,0,0.25,0,0.75,0,FALSE,Natural-dominated
3551,767,3,1,66.66666667,27.136894,110.032419,1,Natural vegetation,1,Natural vegetation,0.25,0.25,0,0,0.5,0.5,TRUE,Natural-dominated
3553,253,44,17,61.36363636,25.072475,111.846913,1,Natural vegetation,1,Natural vegetation,0,0,0,0,1,0,FALSE,Natural-dominated
35541,19,2,0,100,35.90279958,-106.6214241,1,Natural vegetation,1,Natural vegetation,0,0,0,0,1,0,FALSE,Natural-dominated
3556,743,8,3,62.5,26.756175,112.751951,2,Cropland,2,Cropland,0.333333333,0.666666667,0,0,0,1,TRUE,Ag-dominated
3572,545,3,2,33.33333333,34.144303,104.847086,1,Natural vegetation,1,Natural vegetation,0,0,0,0,1,0,FALSE,Natural-dominated
3574,663,4,0,100,35.618085,103.237716,3,Urban,2,Cropland,0.25,0.75,0,0,0,1,TRUE,Ag-dominated
3583,481,13,0,100,38.370496,102.0513,1,Natural vegetation,1,Natural vegetation,0,0,0,0,1,0,FALSE,Natural-dominated
3584,640,4,0,100,35.33874,107.744589,3,Urban,2,Cropland,0,1,0,0,0,1,TRUE,Ag-dominated
3589,625,68,26,61.76470588,25.346121,117.555685,1,Natural vegetation,1,Natural vegetation,0,0,0,0,1,0,FALSE,Natural-dominated
3591,801,27,14,48.14814815,23.94656,117.3503,3,Urban,2,Cropland,0.5,0.5,0,0,0,1,TRUE,Urban-dominated
3593,755,4,0,100,25.107288,117.555005,1,Natural vegetation,1,Natural vegetation,0,0,0,0,1,0,FALSE,Natural-dominated
3595,779,12,4,66.66666667,24.951791,118.44607,3,Urban,3,Urban,1,0,0,0,0,1,TRUE,Urban-dominated
3596,705,13,7,46.15384615,24.46201,117.405013,2,Cropland,1,Natural vegetation,0.25,0,0,0,0.75,0.25,FALSE,Natural-dominated
3597,582,24,3,87.5,24.567778,117.518239,2,Cropland,2,Cropland,0,1,0,0,0,1,TRUE,Ag-dominated
3600,755,9,4,55.55555556,25.050703,118.266127,3,Urban,1,Natural vegetation,0,0.5,0,0,0.5,0.5,TRUE,Ag-dominated
3601,661,31,0,100,26.671964,117.19124,1,Natural vegetation,1,Natural vegetation,0,0,0,0,1,0,FALSE,Natural-dominated
3603,670,45,22,51.11111111,25.92585,118.393076,1,Natural vegetation,1,Natural vegetation,0,0,0,0,1,0,FALSE,Natural-dominated
3608,738,1,0,100,27.647798,118.688747,1,Natural vegetation,1,Natural vegetation,0,0,0,0,1,0,FALSE,Natural-dominated
3610,751,11,6,45.45454545,26.548915,117.996231,1,Natural vegetation,1,Natural vegetation,0,0,0,0,1,0,FALSE,Natural-dominated
3611,581,45,31,31.11111111,26.088396,117.10368,1,Natural vegetation,1,Natural vegetation,0,0,0,0,1,0,FALSE,Natural-dominated
3612,806,10,0,100,26.086997,117.444817,3,Urban,1,Natural vegetation,0,0,0,0,1,0,FALSE,Natural-dominated
3612600,2280,1,0,100,37.17921867,-89.058404,5,Other,2,Cropland,0,0.5,0.25,0.25,0,0.5,TRUE,Ag-dominated
3613,738,9,1,88.88888889,25.284037,118.383698,1,Natural vegetation,1,Natural vegetation,0,0,0,0,1,0,FALSE,Natural-dominated
3615,725,1,0,100,26.057304,119.209604,3,Urban,5,Other,0,0,1,0,0,0,FALSE,Mixed
3619,667,7,3,57.14285714,26.100779,119.295144,3,Urban,3,Urban,1,0,0,0,0,1,TRUE,Urban-dominated
3622,788,3,0,100,26.100779,119.295144,3,Urban,3,Urban,1,0,0,0,0,1,TRUE,Urban-dominated
3623,644,1,1,0,26.146209,119.107921,3,Urban,3,Urban,1,0,0,0,0,1,TRUE,Urban-dominated
3624,820,112,74,33.92857143,26.326652,118.755979,5,Other,1,Natural vegetation,0,0,0,0,1,0,FALSE,Natural-dominated
3625,517,3,1,66.66666667,25.24576,117.150525,1,Natural vegetation,1,Natural vegetation,0,0,0,0,1,0,FALSE,Natural-dominated
3632,608,6,6,0,26.315435,104.751606,2,Cropland,2,Cropland,0,0.75,0,0,0.25,0.75,TRUE,Ag-dominated
3638,654,2,0,100,27.576213,107.191157,2,Cropland,1,Natural vegetation,0,0.5,0,0,0.5,0.5,TRUE,Ag-dominated
3645,612,159,115,27.67295597,26.594198,104.81999,3,Urban,3,Urban,1,0,0,0,0,1,TRUE,Urban-dominated
3648,570,6,6,0,26.050708,107.859702,1,Natural vegetation,1,Natural vegetation,0,0,0,0,1,0,FALSE,Natural-dominated
3654,615,1,0,100,24.871249,104.586066,1,Natural vegetation,1,Natural vegetation,0,0,0,0,1,0,FALSE,Natural-dominated
3655,562,1,0,100,26.09237,107.267217,1,Natural vegetation,1,Natural vegetation,0,0,0,0,1,0,FALSE,Natural-dominated
3656,721,71,25,64.78873239,41.238406,122.231353,2,Cropland,2,Cropland,0,1,0,0,0,1,TRUE,Ag-dominated
3658,670,13,5,61.53846154,40.95209,120.862859,2,Cropland,2,Cropland,0,1,0,0,0,1,TRUE,Ag-dominated
3659,735,1,0,100,41.330582,123.154762,3,Urban,2,Cropland,0.5,0.5,0,0,0,1,TRUE,Urban-dominated
3662,841,27,9,66.66666667,41.5986,121.935696,2,Cropland,2,Cropland,0,1,0,0,0,1,TRUE,Ag-dominated
3663,753,33,5,84.84848485,40.375511,124.742974,5,Other,1,Natural vegetation,0,0,0.5,0,0.5,0,FALSE,Natural-dominated
3664,817,3,0,100,42.754086,124.083179,3,Urban,2,Cropland,0.25,0.75,0,0,0,1,TRUE,Ag-dominated
3666,824,43,9,79.06976744,41.797545,123.196401,3,Urban,2,Cropland,0.5,0.5,0,0,0,1,TRUE,Urban-dominated
3669,676,3,0,100,40.234403,123.328585,2,Cropland,1,Natural vegetation,0,0.25,0,0,0.75,0.25,FALSE,Natural-dominated
3670,770,3,0,100,39.471652,122.582711,5,Other,5,Other,0,0,1,0,0,0,FALSE,Mixed
3671,779,14,7,50,40.549855,122.652461,2,Cropland,2,Cropland,0,1,0,0,0,1,TRUE,Ag-dominated
3672,810,2,0,100,40.375511,124.742974,5,Other,1,Natural vegetation,0,0,0.5,0,0.5,0,FALSE,Natural-dominated
3673,754,26,6,76.92307692,40.210189,120.433988,2,Cropland,2,Cropland,0,1,0,0,0,1,TRUE,Ag-dominated
3674,713,19,8,57.89473684,40.269321,120.469041,1,Natural vegetation,2,Cropland,0.25,0.5,0.25,0,0,0.75,TRUE,Ag-dominated
3675,651,10,3,70,42.01371,122.951184,2,Cropland,2,Cropland,0,1,0,0,0,1,TRUE,Ag-dominated
3676,690,4,1,75,41.125026,121.908957,2,Cropland,1,Natural vegetation,0,0,0,0,1,0,FALSE,Natural-dominated
3678,706,6,2,66.66666667,39.841474,122.117254,1,Natural vegetation,2,Cropland,0.5,0.5,0,0,0,1,TRUE,Urban-dominated
3679,752,5,0,100,42.243274,124.036625,5,Other,1,Natural vegetation,0,0.25,0,0,0.75,0.25,FALSE,Natural-dominated
3681,641,51,15,70.58823529,40.923266,122.803966,3,Urban,2,Cropland,0,1,0,0,0,1,TRUE,Ag-dominated
3682,650,1,0,100,40.754672,120.59247,2,Cropland,2,Cropland,0,1,0,0,0,1,TRUE,Ag-dominated
3683,804,4,0,100,41.72692,125.03679,3,Urban,3,Urban,1,0,0,0,0,1,TRUE,Urban-dominated
3685,671,1,0,100,39.781799,123.129198,2,Cropland,2,Cropland,0,1,0,0,0,1,TRUE,Ag-dominated
3687,766,47,30,36.17021277,42.621437,123.675436,2,Cropland,2,Cropland,0,1,0,0,0,1,TRUE,Ag-dominated
3688,679,1,0,100,41.948698,124.130817,2,Cropland,1,Natural vegetation,0.25,0.25,0,0,0.5,0.5,TRUE,Natural-dominated
3691,689,13,4,69.23076923,31.17634,108.13505,2,Cropland,2,Cropland,0,0.75,0,0,0.25,0.75,TRUE,Ag-dominated
3693,803,49,30,38.7755102,29.967405,106.233565,3,Urban,2,Cropland,0.25,0.75,0,0,0,1,TRUE,Ag-dominated
3700,769,3,2,33.33333333,29.035039,105.761294,2,Cropland,2,Cropland,0,1,0,0,0,1,TRUE,Ag-dominated
3704,688,13,6,53.84615385,30.944318,108.674842,5,Other,3,Urban,1,0,0,0,0,1,TRUE,Urban-dominated
3705,652,2,0,100,28.653371,108.637456,1,Natural vegetation,1,Natural vegetation,0,0,0,0,1,0,FALSE,Natural-dominated
3706,718,6,4,33.33333333,29.708068,106.821893,2,Cropland,2,Cropland,0.5,0.5,0,0,0,1,TRUE,Urban-dominated
3709,743,13,3,76.92307692,29.207546,107.506786,1,Natural vegetation,1,Natural vegetation,0,0,0,0,1,0,FALSE,Natural-dominated
3711,769,58,11,81.03448276,29.972779,107.797662,2,Cropland,2,Cropland,0,1,0,0,0,1,TRUE,Ag-dominated
3720,677,81,32,60.49382716,29.54633,105.687881,1,Natural vegetation,2,Cropland,0,1,0,0,0,1,TRUE,Ag-dominated
3728,766,17,12,29.41176471,29.818174,107.12328,2,Cropland,2,Cropland,0,1,0,0,0,1,TRUE,Ag-dominated
3730,644,2,2,0,29.122363,109.124363,2,Cropland,1,Natural vegetation,0,0,0,0,1,0,FALSE,Natural-dominated
3731,282,6,5,16.66666667,30.737812,108.609295,2,Cropland,1,Natural vegetation,0,0.5,0,0,0.5,0.5,TRUE,Ag-dominated
3733,760,23,9,60.86956522,29.808129,106.977916,1,Natural vegetation,3,Urban,1,0,0,0,0,1,TRUE,Urban-dominated
3736,774,18,12,33.33333333,30.412865,108.159455,5,Other,5,Other,0,0,1,0,0,0,FALSE,Mixed
3739,679,4,2,50,34.342738,109.597958,2,Cropland,2,Cropland,0,0.75,0,0,0.25,0.75,TRUE,Ag-dominated
3740,680,8,6,25,34.331984,109.10789,3,Urban,3,Urban,1,0,0,0,0,1,TRUE,Urban-dominated
3741,654,8,0,100,33.999268,109.439328,1,Natural vegetation,1,Natural vegetation,0,0,0,0,1,0,FALSE,Natural-dominated
3745,628,3,0,100,38.421699,110.750542,1,Natural vegetation,1,Natural vegetation,0,0,0,0,1,0,FALSE,Natural-dominated
3747,692,1,0,100,34.341042,109.029633,3,Urban,3,Urban,1,0,0,0,0,1,TRUE,Urban-dominated
3753,650,6,2,66.66666667,34.881673,106.710551,2,Cropland,2,Cropland,0,1,0,0,0,1,TRUE,Ag-dominated
37531,1723,15,2,86.66666667,37.89713889,-97.4411111,2,Cropland,2,Cropland,0,1,0,0,0,1,TRUE,Ag-dominated
3754,634,1,0,100,37.993818,109.854869,3,Urban,1,Natural vegetation,0,0,0,0,1,0,FALSE,Natural-dominated
3760,634,2,0,100,36.980189,99.825521,1,Natural vegetation,1,Natural vegetation,0,0,0,0,1,0,FALSE,Natural-dominated
3761,604,3,2,33.33333333,32.90242,100.796611,1,Natural vegetation,1,Natural vegetation,0,0,0,0,1,0,FALSE,Natural-dominated
3765,627,2,0,100,44.266976,128.639537,1,Natural vegetation,1,Natural vegetation,0,0,0,0,1,0,FALSE,Natural-dominated
3766,685,2,0,100,44.780159,129.522687,1,Natural vegetation,2,Cropland,0,1,0,0,0,1,TRUE,Ag-dominated
3774,279,1,0,100,47.314285,126.848283,2,Cropland,2,Cropland,0,1,0,0,0,1,TRUE,Ag-dominated
3778,731,13,12,7.692307692,45.726806,126.523186,3,Urban,3,Urban,0.75,0,0,0,0.25,0.75,TRUE,Urban-dominated
3785,685,28,28,0,50.249585,127.499023,3,Urban,3,Urban,0.75,0,0.25,0,0,0.75,TRUE,Urban-dominated
3795,12,2,0,100,23.981819,97.879546,3,Urban,3,Urban,1,0,0,0,0,1,TRUE,Urban-dominated
3804,280,42,1,97.61904762,24.678912,102.688312,1,Natural vegetation,1,Natural vegetation,0,0,0.5,0,0.5,0,FALSE,Natural-dominated
38051,699,556,479,13.84892086,38.09661389,-121.6512444,5,Other,2,Cropland,0,1,0,0,0,1,TRUE,Ag-dominated
38071,406,244,152,37.70491803,38.1198,-121.5428972,2,Cropland,2,Cropland,0,1,0,0,0,1,TRUE,Ag-dominated
3812,201,3,0,100,42.441301,120.807707,1,Natural vegetation,1,Natural vegetation,0,0.5,0,0,0.5,0.5,TRUE,Ag-dominated
3816,168,3,0,100,43.174106,117.758673,1,Natural vegetation,1,Natural vegetation,0,0,0,0,1,0,FALSE,Natural-dominated
38171,81,2,1,50,38.2846833,-85.821925,3,Urban,1,Natural vegetation,0.5,0,0,0,0.5,0.5,TRUE,Urban-dominated
3820,423,3,2,33.33333333,50.308321,119.371214,1,Natural vegetation,1,Natural vegetation,0,0,0,0,1,0,FALSE,Natural-dominated
3830,619,23,17,26.08695652,44.628169,127.180088,2,Cropland,2,Cropland,0,1,0,0,0,1,TRUE,Ag-dominated
3831,181,1,0,100,44.623803,122.961691,2,Cropland,2,Cropland,0,0.75,0,0,0.25,0.75,TRUE,Ag-dominated
3834,446,31,22,29.03225806,43.387278,125.029958,3,Urban,2,Cropland,0,1,0,0,0,1,TRUE,Ag-dominated
3845,127,3,2,33.33333333,31.80927,101.44973,1,Natural vegetation,1,Natural vegetation,0,0,0,0,1,0,FALSE,Natural-dominated
3849,666,1,0,100,31.40885,107.240246,1,Natural vegetation,2,Cropland,0,1,0,0,0,1,TRUE,Ag-dominated
3862,399,49,20,59.18367347,38.838361,117.333968,2,Cropland,2,Cropland,0,0.5,0.25,0,0.25,0.5,TRUE,Ag-dominated
3868,654,13,6,53.84615385,39.439892,117.075969,2,Cropland,2,Cropland,0,1,0,0,0,1,TRUE,Ag-dominated
3869,458,36,14,61.11111111,38.770583,117.5701,5,Other,5,Other,0,0,1,0,0,0,FALSE,Mixed
3880,205,43,3,93.02325581,36.685903,121.175962,5,Other,3,Urban,1,0,0,0,0,1,TRUE,Urban-dominated
3881,668,42,6,85.71428571,35.406527,115.768534,3,Urban,2,Cropland,0,1,0,0,0,1,TRUE,Ag-dominated
3882,632,13,3,76.92307692,36.866154,116.459246,2,Cropland,2,Cropland,0,1,0,0,0,1,TRUE,Ag-dominated
3883,608,3,3,0,34.5519243,117.7168927,3,Urban,3,Urban,1,0,0,0,0,1,TRUE,Urban-dominated
3885,531,5,0,100,36.272938,117.379726,2,Cropland,2,Cropland,0,1,0,0,0,1,TRUE,Ag-dominated
3886,662,12,0,100,34.868596,116.175491,2,Cropland,2,Cropland,0,1,0,0,0,1,TRUE,Ag-dominated
3887,419,33,4,87.87878788,37.535881,121.289911,3,Urban,3,Urban,1,0,0,0,0,1,TRUE,Urban-dominated
3888,674,56,10,82.14285714,34.926483,118.382936,2,Cropland,5,Other,0,0,1,0,0,0,FALSE,Mixed
3889,575,1,0,100,36.997097,116.580564,2,Cropland,2,Cropland,0,1,0,0,0,1,TRUE,Ag-dominated
3890,676,24,5,79.16666667,35.109899,116.210637,2,Cropland,2,Cropland,0,1,0,0,0,1,TRUE,Ag-dominated
3893,665,13,3,76.92307692,37.569847,116.335396,2,Cropland,2,Cropland,0,1,0,0,0,1,TRUE,Ag-dominated
3894,589,141,2,98.58156028,35.144836,118.274968,3,Urban,3,Urban,0.75,0.25,0,0,0,1,TRUE,Urban-dominated
3896,690,3,0,100,37.266821,117.073018,2,Cropland,2,Cropland,0,1,0,0,0,1,TRUE,Ag-dominated
3898,669,1,1,0,35.13497,111.825047,2,Cropland,2,Cropland,0,1,0,0,0,1,TRUE,Ag-dominated
39021,301,27,4,85.18518519,39.0338222,-94.60745,3,Urban,3,Urban,1,0,0,0,0,1,TRUE,Urban-dominated
3906,583,3,0,100,37.641851,110.797948,1,Natural vegetation,1,Natural vegetation,0,0,0,0,1,0,FALSE,Natural-dominated
3910,727,12,3,75,22.462587,112.742789,2,Cropland,2,Cropland,0,1,0,0,0,1,TRUE,Ag-dominated
3914,752,14,8,42.85714286,22.552676,112.007501,3,Urban,3,Urban,1,0,0,0,0,1,TRUE,Urban-dominated
3917,776,2,0,100,22.184873,113.416799,5,Other,5,Other,0,0,1,0,0,0,FALSE,Mixed
3918,784,2,0,100,23.115118,116.355037,2,Cropland,1,Natural vegetation,0,0,0,0,1,0,FALSE,Natural-dominated
39191,1224,14,0,100,39.33119444,-108.2178056,2,Cropland,1,Natural vegetation,0,0.25,0,0,0.75,0.25,FALSE,Natural-dominated
3925,305,1,0,100,40.506678,81.301296,3,Urban,2,Cropland,0,1,0,0,0,1,TRUE,Ag-dominated
3926,295,12,1,91.66666667,37.445847,78.5372,5,Other,5,Other,0,0,1,0,0,0,FALSE,Mixed
3944,676,31,16,48.38709677,33.014668,118.920997,2,Cropland,2,Cropland,0,1,0,0,0,1,TRUE,Ag-dominated
3946,654,31,21,32.25806452,32.687943,120.254645,3,Urban,2,Cropland,0,1,0,0,0,1,TRUE,Ag-dominated
3967,758,1,0,100,40.842139,118.073132,1,Natural vegetation,1,Natural vegetation,0.5,0,0,0,0.5,0.5,TRUE,Urban-dominated
3969,518,2,1,50,39.437191,116.167531,2,Cropland,2,Cropland,0,1,0,0,0,1,TRUE,Ag-dominated
3975,440,5,0,100,39.320799,115.666086,3,Urban,3,Urban,1,0,0,0,0,1,TRUE,Urban-dominated
3979,249,1,0,100,36.951398,114.845351,2,Cropland,3,Urban,0.75,0.25,0,0,0,1,TRUE,Urban-dominated
3982,567,49,2,95.91836735,41.12365,117.970569,2,Cropland,1,Natural vegetation,0,0,0,0,1,0,FALSE,Natural-dominated
3986,574,2,2,0,37.823713,115.686356,2,Cropland,2,Cropland,0.5,0.5,0,0,0,1,TRUE,Urban-dominated
3989,388,3,0,100,34.827747,111.344163,5,Other,1,Natural vegetation,0,0.5,0,0,0.5,0.5,TRUE,Ag-dominated
3990,616,1,1,0,34.691727,112.318621,3,Urban,2,Cropland,0.5,0.5,0,0,0,1,TRUE,Urban-dominated
3991,253,2,1,50,34.673653,114.11387,2,Cropland,2,Cropland,0,1,0,0,0,1,TRUE,Ag-dominated
3992,527,6,2,66.66666667,35.403717,113.944923,3,Urban,2,Cropland,0,1,0,0,0,1,TRUE,Ag-dominated
3997,690,8,2,75,35.511776,114.197142,2,Cropland,2,Cropland,0,1,0,0,0,1,TRUE,Ag-dominated
3999,258,2,1,50,34.664817,112.264874,2,Cropland,2,Cropland,0.25,0.75,0,0,0,1,TRUE,Ag-dominated
4002,633,1,0,100,35.227856,113.870157,2,Cropland,2,Cropland,0,1,0,0,0,1,TRUE,Ag-dominated
4003,713,36,1,97.22222222,33.313765,113.234746,2,Cropland,2,Cropland,0,1,0,0,0,1,TRUE,Ag-dominated
401011281104040_,1957,29,14,51.72413793,44.4814,142.335,1,Natural vegetation,1,Natural vegetation,0,0.5,0,0,0.5,0.5,TRUE,Ag-dominated
401031281101050_,2259,263,114,56.6539924,43.135,141.525,2,Cropland,2,Cropland,0.5,0.5,0,0,0,1,TRUE,Urban-dominated
401031281104010_,1853,18,11,38.88888889,43.8181,142.4258,3,Urban,3,Urban,1,0,0,0,0,1,TRUE,Urban-dominated
401061281105020_,2668,66,20,69.6969697,42.5733,141.9367,2,Cropland,2,Cropland,0,0.5,0.25,0,0.25,0.5,TRUE,Ag-dominated
401081281107070_,2514,72,38,47.22222222,42.9344,143.2033,3,Urban,3,Urban,1,0,0,0,0,1,TRUE,Urban-dominated
401081281107090_,2097,5,0,100,42.8078,143.5117,2,Cropland,2,Cropland,0,1,0,0,0,1,TRUE,Ag-dominated
401101281108051_,3000,461,337,26.89804772,43.9906,144.2189,5,Other,5,Other,0,0.25,0.5,0,0.25,0.25,FALSE,Mixed
4012,574,9,4,55.55555556,34.721917,112.605462,3,Urban,3,Urban,1,0,0,0,0,1,TRUE,Urban-dominated
4015,491,10,2,80,34.755454,112.153882,2,Cropland,2,Cropland,0,1,0,0,0,1,TRUE,Ag-dominated
4016,721,10,2,80,33.874388,115.484812,3,Urban,2,Cropland,0.5,0.5,0,0,0,1,TRUE,Urban-dominated
4020,184,6,1,83.33333333,30.9232021,120.7132892,5,Other,2,Cropland,0.25,0.5,0.25,0,0,0.75,TRUE,Ag-dominated
402011282206020_,2614,70,43,38.57142857,37.9217,140.7628,1,Natural vegetation,1,Natural vegetation,0,0.5,0,0,0.5,0.5,TRUE,Ag-dominated
402011282218040_,1173,7,1,85.71428571,37.4081,140.4094,3,Urban,2,Cropland,0.5,0.5,0,0,0,1,TRUE,Urban-dominated
402011282218070_,3529,7,1,85.71428571,37.7272,140.4731,3,Urban,3,Urban,0.75,0,0,0,0.25,0.75,TRUE,Urban-dominated
402011282218090_,2592,23,11,52.17391304,37.8933,140.6428,1,Natural vegetation,1,Natural vegetation,0,0,0,0,1,0,FALSE,Natural-dominated
402011282228040_,3445,17,2,88.23529412,37.4242,140.5247,2,Cropland,2,Cropland,0.25,0.75,0,0,0,1,TRUE,Ag-dominated
402011282228070_,3529,7,1,85.71428571,37.3972,140.4864,2,Cropland,2,Cropland,0,1,0,0,0,1,TRUE,Ag-dominated
402011282228160_,3679,17,1,94.11764706,37.4142,140.4908,2,Cropland,2,Cropland,0.5,0.5,0,0,0,1,TRUE,Urban-dominated
402021282206050_,1081,31,1,96.77419355,38.2156,140.9094,3,Urban,3,Urban,1,0,0,0,0,1,TRUE,Urban-dominated
402031282207080_,2815,46,7,84.7826087,38.5311,141.0058,2,Cropland,1,Natural vegetation,0.25,0.25,0,0,0.5,0.5,TRUE,Natural-dominated
402031282207090_,2941,43,8,81.39534884,38.4156,141.1386,1,Natural vegetation,3,Urban,0.5,0.25,0,0,0.25,0.75,TRUE,Urban-dominated
402041282204010_,2504,6,4,33.33333333,39.835,141.1614,2,Cropland,2,Cropland,0,1,0,0,0,1,TRUE,Ag-dominated
402041282204050_,5042,44,25,43.18181818,39.5514,141.175,2,Cropland,1,Natural vegetation,0.333333333,0.333333333,0,0,0.333333333,0.666666667,TRUE,Mixed
402041282204090_,6096,33,7,78.78787879,39.1967,141.1272,2,Cropland,3,Urban,1,0,0,0,0,1,TRUE,Urban-dominated
402041282204110_,4088,64,16,75,38.95,141.1817,2,Cropland,2,Cropland,0,0.75,0,0,0.25,0.75,TRUE,Ag-dominated
402041282207090_,2986,36,14,61.11111111,38.5,141.2489,2,Cropland,2,Cropland,0,1,0,0,0,1,TRUE,Ag-dominated
402041282220220_,642,2,2,0,39.835,141.1614,2,Cropland,2,Cropland,0,1,0,0,0,1,TRUE,Ag-dominated
402051282201010_,4064,62,43,30.64516129,40.4861,141.4281,3,Urban,2,Cropland,0.25,0.5,0,0,0.25,0.75,TRUE,Ag-dominated
402071282201010_,2055,10,2,80,40.5922,140.4142,2,Cropland,2,Cropland,0.25,0.75,0,0,0,1,TRUE,Ag-dominated
402071282201080_,5371,116,55,52.5862069,40.8078,140.4375,3,Urban,3,Urban,1,0,0,0,0,1,TRUE,Urban-dominated
402081282211040_,2216,44,14,68.18181818,40.1978,140.2336,1,Natural vegetation,1,Natural vegetation,0.333333333,0,0,0,0.666666667,0.333333333,TRUE,Natural-dominated
402091282209020_,2344,11,1,90.90909091,39.6144,140.1558,5,Other,2,Cropland,0,1,0,0,0,1,TRUE,Ag-dominated
402101282209020_,2629,7,1,85.71428571,39.3536,140.0697,2,Cropland,2,Cropland,0.333333333,0.666666667,0,0,0,1,TRUE,Ag-dominated
402111282214070_,2478,5,0,100,38.4203,140.3261,2,Cropland,2,Cropland,0.25,0.5,0,0,0.25,0.75,TRUE,Ag-dominated
402111282216010_,2937,10,1,90,38.6642,140.2731,1,Natural vegetation,1,Natural vegetation,0,0,0,0,1,0,FALSE,Natural-dominated
403011283322030_,1765,4,2,50,36.4964,140.5544,2,Cropland,3,Urban,0.666666667,0.333333333,0,0,0,1,TRUE,Urban-dominated
403021283322090_,5124,41,8,80.48780488,36.4594,140.4086,2,Cropland,1,Natural vegetation,0,0.5,0,0,0.5,0.5,TRUE,Ag-dominated
403031283301050_,2356,46,23,50,36.1725,139.4725,2,Cropland,3,Urban,0.5,0.25,0.25,0,0,0.75,TRUE,Urban-dominated
403031283301060_,1420,22,5,77.27272727,36.1433,139.7047,3,Urban,3,Urban,1,0,0,0,0,1,TRUE,Urban-dominated
403031283301222_,1308,12,6,50,36.2114,139.6786,5,Other,2,Cropland,0.5,0.5,0,0,0,1,TRUE,Urban-dominated
403031283302041_,1203,2,1,50,35.8564,140.135,3,Urban,3,Urban,0.5,0.25,0.25,0,0,0.75,TRUE,Urban-dominated
403031283302051_,1043,506,70,86.16600791,35.8422,140.1617,5,Other,2,Cropland,0.5,0.5,0,0,0,1,TRUE,Urban-dominated
403031283302091_,82,6,3,50,35.8997,140.5028,3,Urban,2,Cropland,0,0.5,0.25,0,0.25,0.5,TRUE,Ag-dominated
403031283302231_,961,12,11,8.333333333,35.8586,140.0244,3,Urban,3,Urban,0.75,0.25,0,0,0,1,TRUE,Urban-dominated
403031283303010_,2199,61,48,21.31147541,36.1392,140.3397,5,Other,5,Other,0,0,1,0,0,0,FALSE,Mixed
403031283303071_,1143,7,5,28.57142857,36.0378,140.4039,5,Other,5,Other,0,0.25,0.75,0,0,0.25,FALSE,Mixed
403031283303091_,835,23,1,95.65217391,35.9647,140.4889,5,Other,5,Other,0,0,1,0,0,0,FALSE,Mixed
403031283303100_,2753,24,7,70.83333333,35.935,140.5503,3,Urban,2,Cropland,0.25,0.75,0,0,0,1,TRUE,Ag-dominated
403031283303160_,1856,31,13,58.06451613,36.1231,140.5286,5,Other,1,Natural vegetation,0.5,0,0,0,0.5,0.5,TRUE,Urban-dominated
403031283303181_,1342,15,8,46.66666667,36.0167,140.565,5,Other,5,Other,0.25,0.25,0.5,0,0,0.5,TRUE,Mixed
403031283303191_,1296,6,2,66.66666667,35.9622,140.6097,3,Urban,1,Natural vegetation,0.25,0.25,0.25,0,0.25,0.5,TRUE,Mixed
403031283305030_,1298,2,0,100,35.8458,139.8911,3,Urban,3,Urban,1,0,0,0,0,1,TRUE,Urban-dominated
403031283305120_,2144,19,6,68.42105263,35.8478,139.8419,3,Urban,3,Urban,1,0,0,0,0,1,TRUE,Urban-dominated
403031283305140_,1787,77,15,80.51948052,35.7786,139.8506,3,Urban,3,Urban,1,0,0,0,0,1,TRUE,Urban-dominated
403031283305470_,282,278,244,12.23021583,35.7981,139.8928,3,Urban,3,Urban,1,0,0,0,0,1,TRUE,Urban-dominated
403031283306041_,2769,71,32,54.92957746,36.3269,139.4531,3,Urban,3,Urban,1,0,0,0,0,1,TRUE,Urban-dominated
403031283307130_,1046,2,0,100,36.2475,139.9983,2,Cropland,2,Cropland,0,1,0,0,0,1,TRUE,Ag-dominated
403031283323030_,1978,48,17,64.58333333,36.2794,139.1203,3,Urban,3,Urban,1,0,0,0,0,1,TRUE,Urban-dominated
403041283309010_,2593,301,121,59.80066445,35.8003,139.6469,3,Urban,3,Urban,1,0,0,0,0,1,TRUE,Urban-dominated
403051283310040_,1695,45,34,24.44444444,35.6969,139.3475,3,Urban,3,Urban,0.75,0,0,0,0.25,0.75,TRUE,Urban-dominated
403051283310050_,2386,427,389,8.899297424,35.6792,139.4197,3,Urban,3,Urban,1,0,0,0,0,1,TRUE,Urban-dominated
403051283310100_,45,10,8,20,35.6022,139.6375,3,Urban,3,Urban,1,0,0,0,0,1,TRUE,Urban-dominated
403051283310180_,1514,40,4,90,35.665,139.4122,3,Urban,3,Urban,1,0,0,0,0,1,TRUE,Urban-dominated
403061283310030_,2377,1703,649,61.89078097,35.5336,139.6664,3,Urban,3,Urban,1,0,0,0,0,1,TRUE,Urban-dominated
403071283310010_,1684,55,36,34.54545455,35.3319,139.3672,3,Urban,3,Urban,1,0,0,0,0,1,TRUE,Urban-dominated
403081283324004_,1052,41,27,34.14634146,35.5392,138.4572,1,Natural vegetation,1,Natural vegetation,0.25,0,0,0,0.75,0.25,FALSE,Natural-dominated
403081283324009_,1021,103,45,56.31067961,35.5764,138.5225,2,Cropland,3,Urban,0.75,0,0,0,0.25,0.75,TRUE,Urban-dominated
4035,745,36,6,83.33333333,31.658505,113.558856,2,Cropland,2,Cropland,0,1,0,0,0,1,TRUE,Ag-dominated
4040,753,8,4,50,30.891566,113.312214,2,Cropland,2,Cropland,0,1,0,0,0,1,TRUE,Ag-dominated
404021284402300_,3298,51,17,66.66666667,37.8533,139.1547,3,Urban,5,Other,0,0,1,0,0,0,FALSE,Mixed
404021284415300_,3238,78,44,43.58974359,37.5586,139.8564,2,Cropland,2,Cropland,0,1,0,0,0,1,TRUE,Ag-dominated
404031284401300_,4708,155,82,47.09677419,37.8817,139.0189,3,Urban,3,Urban,1,0,0,0,0,1,TRUE,Urban-dominated
404031284403300_,3867,158,66,58.2278481,37.4506,138.8364,3,Urban,3,Urban,0.5,0.25,0.25,0,0,0.75,TRUE,Urban-dominated
404031284416160_,872,55,30,45.45454545,36.2647,137.9442,3,Urban,3,Urban,1,0,0,0,0,1,TRUE,Urban-dominated
404031284416300_,3466,156,108,30.76923077,36.5322,138.1125,3,Urban,3,Urban,0.75,0.25,0,0,0,1,TRUE,Urban-dominated
404031284416310_,2115,17,2,88.23529412,36.2672,137.9436,1,Natural vegetation,3,Urban,1,0,0,0,0,1,TRUE,Urban-dominated
404071284408030_,1049,4,0,100,36.7303,137.2828,2,Cropland,3,Urban,0.666666667,0.333333333,0,0,0,1,TRUE,Urban-dominated
404081284408040_,2647,32,6,81.25,36.7461,137.2181,3,Urban,5,Other,0,0,1,0,0,0,FALSE,Mixed
4041,437,1,1,0,31.537412,114.68585,1,Natural vegetation,1,Natural vegetation,0,0,0,0,1,0,FALSE,Natural-dominated
404101284408300_,864,5,5,0,36.7558,136.9819,3,Urban,1,Natural vegetation,0.5,0,0,0,0.5,0.5,TRUE,Urban-dominated
404121284412020_,1068,3,0,100,36.4061,136.4872,3,Urban,2,Cropland,0.5,0.5,0,0,0,1,TRUE,Urban-dominated
4042,710,12,9,25,32.36496,112.468554,2,Cropland,2,Cropland,0,1,0,0,0,1,TRUE,Ag-dominated
4045,771,1,0,100,30.236456,115.418687,3,Urban,3,Urban,1,0,0,0,0,1,TRUE,Urban-dominated
4046,671,1,0,100,32.816347,110.777179,5,Other,5,Other,0,0,1,0,0,0,FALSE,Mixed
4047,401,18,8,55.55555556,29.861698,115.437402,3,Urban,1,Natural vegetation,0.25,0,0.25,0,0.5,0.25,FALSE,Natural-dominated
4048,521,7,3,57.14285714,29.933344,112.791924,2,Cropland,2,Cropland,0,1,0,0,0,1,TRUE,Ag-dominated
405011285508040_,2174,41,17,58.53658537,35.0983,138.8706,3,Urban,3,Urban,1,0,0,0,0,1,TRUE,Urban-dominated
405061285512050_,1688,2,0,100,34.8106,137.4186,3,Urban,3,Urban,1,0,0,0,0,1,TRUE,Urban-dominated
405071285512021_,3876,31,2,93.5483871,35.0022,137.1667,3,Urban,3,Urban,1,0,0,0,0,1,TRUE,Urban-dominated
405071285512040_,733,1,0,100,34.8894,137.0583,3,Urban,3,Urban,1,0,0,0,0,1,TRUE,Urban-dominated
405081285505021_,3760,2,1,50,35.3256,137.2947,1,Natural vegetation,1,Natural vegetation,0,0,0,0,1,0,FALSE,Natural-dominated
405081285505031_,3884,11,5,54.54545455,35.3172,137.3103,1,Natural vegetation,1,Natural vegetation,0,0,0,0,1,0,FALSE,Natural-dominated
405081285505035_,3693,25,18,28,35.3319,137.3231,1,Natural vegetation,1,Natural vegetation,0,0,0,0,1,0,FALSE,Natural-dominated
405081285511070_,3636,16,6,62.5,35.1992,136.8747,3,Urban,3,Urban,1,0,0,0,0,1,TRUE,Urban-dominated
405091285502090_,2320,3,0,100,35.3619,136.6878,3,Urban,3,Urban,1,0,0,0,0,1,TRUE,Urban-dominated
405091285502120_,6337,11,1,90.90909091,35.2967,136.6711,5,Other,2,Cropland,0.25,0.5,0.25,0,0,0.75,TRUE,Ag-dominated
405091285502200_,1982,33,2,93.93939394,35.2561,136.615,2,Cropland,2,Cropland,0,1,0,0,0,1,TRUE,Ag-dominated
405091285502850_,6346,1,0,100,35.3614,136.7569,3,Urban,3,Urban,1,0,0,0,0,1,TRUE,Urban-dominated
405091285515010_,2328,1,0,100,35.2261,136.6797,5,Other,5,Other,0,0,1,0,0,0,FALSE,Mixed
405091285515070_,2135,4,0,100,35.1867,136.63,3,Urban,5,Other,0,0,1,0,0,0,FALSE,Mixed
405091285515090_,163,1,1,0,35.0267,136.7103,5,Other,3,Urban,0.5,0,0.5,0,0,0.5,TRUE,Urban-dominated
405091285515110_,2566,4,1,75,35.2711,136.6742,3,Urban,5,Other,0,0,1,0,0,0,FALSE,Mixed
405091285515170_,168,1,1,0,35.0603,136.7131,5,Other,3,Urban,1,0,0,0,0,1,TRUE,Urban-dominated
405111285514021_,2381,7,1,85.71428571,34.6467,136.5131,3,Urban,3,Urban,1,0,0,0,0,1,TRUE,Urban-dominated
405131285514021_,2345,12,2,83.33333333,34.4892,136.6856,3,Urban,3,Urban,1,0,0,0,0,1,TRUE,Urban-dominated
4053,110,11,3,72.72727273,29.810176,113.462786,3,Urban,3,Urban,1,0,0,0,0,1,TRUE,Urban-dominated
4054,400,4,1,75,30.480375,114.411567,3,Urban,3,Urban,1,0,0,0,0,1,TRUE,Urban-dominated
4057800,492,1,0,100,46.49910267,-87.8865238,1,Natural vegetation,1,Natural vegetation,0,0,0,0,1,0,FALSE,Natural-dominated
406021286614020_,2442,17,0,100,34.3469,135.6889,3,Urban,1,Natural vegetation,0.25,0,0,0,0.75,0.25,FALSE,Natural-dominated
406021286614090_,1771,26,17,34.61538462,34.2514,135.3106,3,Urban,1,Natural vegetation,0.5,0,0,0,0.5,0.5,TRUE,Urban-dominated
406021286614111_,3586,94,17,81.91489362,34.2542,135.1956,3,Urban,1,Natural vegetation,0.5,0,0,0,0.5,0.5,TRUE,Urban-dominated
406031286607040_,3756,45,4,91.11111111,34.5844,135.6839,3,Urban,1,Natural vegetation,0.5,0,0,0,0.5,0.5,TRUE,Urban-dominated
406031286607060_,6789,29,5,82.75862069,34.5819,135.6169,3,Urban,1,Natural vegetation,0.5,0,0,0,0.5,0.5,TRUE,Urban-dominated
406031286607070_,73,8,3,62.5,34.5858,135.5019,3,Urban,3,Urban,1,0,0,0,0,1,TRUE,Urban-dominated
406041286603170_,3681,7,2,71.42857143,35.2672,136.2225,5,Other,3,Urban,0.5,0,0.25,0,0.25,0.5,TRUE,Urban-dominated
406041286603270_,6887,12,6,50,35.1192,135.9419,3,Urban,3,Urban,1,0,0,0,0,1,TRUE,Urban-dominated
406041286603390_,1357,9,8,11.11111111,35.0331,135.9136,5,Other,5,Other,0,0,1,0,0,0,FALSE,Mixed
406041286603430_,4214,2,0,100,35.0139,135.8603,3,Urban,5,Other,0.25,0,0.5,0,0.25,0.25,FALSE,Mixed
406041286603450_,417,49,10,79.59183673,35.0108,135.9214,3,Urban,3,Urban,0.5,0,0.5,0,0,0.5,TRUE,Urban-dominated
406041286603500_,1004,39,2,94.87179487,35.4011,136.2319,2,Cropland,2,Cropland,0,1,0,0,0,1,TRUE,Ag-dominated
406041286603520_,19,3,1,66.66666667,35.1019,135.9931,3,Urban,3,Urban,1,0,0,0,0,1,TRUE,Urban-dominated
406041286606050_,5758,41,12,70.73170732,34.8911,135.6994,1,Natural vegetation,3,Urban,1,0,0,0,0,1,TRUE,Urban-dominated
406041286606060_,6084,84,7,91.66666667,34.8125,135.6317,3,Urban,3,Urban,1,0,0,0,0,1,TRUE,Urban-dominated
406041286606190_,1171,52,34,34.61538462,34.8897,135.6994,1,Natural vegetation,3,Urban,1,0,0,0,0,1,TRUE,Urban-dominated
406041286606240_,5669,20,3,85,34.9075,135.7167,3,Urban,3,Urban,1,0,0,0,0,1,TRUE,Urban-dominated
406041286608010_,6982,20,6,70,34.855,135.415,3,Urban,3,Urban,1,0,0,0,0,1,TRUE,Urban-dominated
406041286608040_,6930,166,18,89.15662651,34.7989,135.4233,3,Urban,3,Urban,1,0,0,0,0,1,TRUE,Urban-dominated
406041286618020_,1087,1,0,100,34.8789,135.8467,1,Natural vegetation,1,Natural vegetation,0,0,0,0,1,0,FALSE,Natural-dominated
406041286618030_,2415,26,5,80.76923077,34.88,135.8281,1,Natural vegetation,1,Natural vegetation,0.5,0,0,0,0.5,0.5,TRUE,Urban-dominated
406051286611030_,5776,160,44,72.5,34.9653,134.9728,3,Urban,3,Urban,1,0,0,0,0,1,TRUE,Urban-dominated
406051286611060_,5698,226,92,59.2920354,34.7975,134.8994,3,Urban,3,Urban,1,0,0,0,0,1,TRUE,Urban-dominated
406061286611050_,3414,62,20,67.74193548,34.8014,134.5631,3,Urban,1,Natural vegetation,0.5,0,0,0,0.5,0.5,TRUE,Urban-dominated
406071286601060_,3924,96,36,62.5,36.0878,136.1864,3,Urban,1,Natural vegetation,0.25,0.25,0,0,0.5,0.5,TRUE,Natural-dominated
406091286605020_,1331,17,4,76.47058824,35.3075,135.2261,3,Urban,1,Natural vegetation,0,0,0,0,1,0,FALSE,Natural-dominated
406091286605050_,6156,79,47,40.50632911,35.3556,135.1153,1,Natural vegetation,1,Natural vegetation,0,0,0,0,1,0,FALSE,Natural-dominated
4061,518,8,2,75,32.662319,110.789239,3,Urban,3,Urban,1,0,0,0,0,1,TRUE,Urban-dominated
406101286610020_,6263,256,108,57.8125,35.5436,134.83,3,Urban,3,Urban,1,0,0,0,0,1,TRUE,Urban-dominated
4063,712,57,14,75.43859649,32.086108,112.607012,2,Cropland,2,Cropland,0,1,0,0,0,1,TRUE,Ag-dominated
4065,690,2,1,50,31.724546,113.298941,1,Natural vegetation,2,Cropland,0,0.75,0,0,0.25,0.75,TRUE,Ag-dominated
4069,692,1,0,100,31.45536,112.424951,3,Urban,2,Cropland,0,0.666666667,0.333333333,0,0,0.666666667,TRUE,Ag-dominated
407041287705100_,1430,30,19,36.66666667,35.4656,133.0533,3,Urban,3,Urban,0.5,0,0.25,0.25,0,0.5,TRUE,Urban-dominated
407051287711030_,1281,1,0,100,34.8169,132.8342,1,Natural vegetation,1,Natural vegetation,0,0,0,0,1,0,FALSE,Natural-dominated
407091287712070_,923,8,2,75,34.4972,132.5139,3,Urban,1,Natural vegetation,0.5,0,0,0,0.5,0.5,TRUE,Urban-dominated
4071,515,3,1,66.66666667,31.736074,110.833152,1,Natural vegetation,1,Natural vegetation,0,0,0,0,1,0,FALSE,Natural-dominated
4080,373,4,1,75,29.398746,112.329403,2,Cropland,2,Cropland,0,1,0,0,0,1,TRUE,Ag-dominated
408011288805002_,82,49,46,6.12244898,33.8069,132.7272,3,Urban,3,Urban,1,0,0,0,0,1,TRUE,Urban-dominated
4082,750,2,1,50,27.190669,111.536969,2,Cropland,2,Cropland,0,1,0,0,0,1,TRUE,Ag-dominated
4085108,644,28,12,57.14285714,44.37194444,-88.0922222,2,Cropland,2,Cropland,0,1,0,0,0,1,TRUE,Ag-dominated
4087119,1930,1,0,100,43.0438333,-88.0051111,3,Urban,3,Urban,1,0,0,0,0,1,TRUE,Urban-dominated
40871488,976,10,0,100,42.99025,-87.9523333,3,Urban,3,Urban,1,0,0,0,0,1,TRUE,Urban-dominated
4087170,3189,2,0,100,43.02444444,-87.8983333,3,Urban,3,Urban,1,0,0,0,0,1,TRUE,Urban-dominated
4089,734,1,0,100,24.981593,116.978429,1,Natural vegetation,1,Natural vegetation,0,0,0,0,1,0,FALSE,Natural-dominated
409003,1070,84,83,1.19047619,-35.53,144.9657,3,Urban,3,Urban,1,0,0,0,0,1,TRUE,Urban-dominated
409005,1417,68,65,4.411764706,-35.6298,144.1245,3,Urban,2,Cropland,0,0.5,0,0.25,0.25,0.5,TRUE,Ag-dominated
409013,588,159,147,7.547169811,-35.0376,143.5702,1,Natural vegetation,1,Natural vegetation,0,0.25,0,0.25,0.5,0.25,FALSE,Natural-dominated
409014,1216,144,134,6.944444444,-35.0899,144.0331,1,Natural vegetation,2,Cropland,0,1,0,0,0,1,TRUE,Ag-dominated
409016,225,5,4,20,-36.09927778,147.0239833,2,Cropland,2,Cropland,0,0.5,0,0.5,0,0.5,TRUE,Ag-dominated
409025,277,64,64,0,-36.0114,145.994,3,Urban,2,Cropland,0,1,0,0,0,1,TRUE,Ag-dominated
409036,1269,107,104,2.803738318,-35.1074,143.5826,2,Cropland,2,Cropland,0,0.75,0,0,0.25,0.75,TRUE,Ag-dominated
409044,924,124,114,8.064516129,-35.5214,144.0517,2,Cropland,2,Cropland,0,1,0,0,0,1,TRUE,Ag-dominated
409047,798,89,85,4.494382022,-35.6428,144.9596,4,Wetland,4,Wetland,0,0,0,1,0,0,FALSE,Mixed
409048,995,84,81,3.571428571,-35.2739,144.1595,1,Natural vegetation,2,Cropland,0,0.75,0,0,0.25,0.75,TRUE,Ag-dominated
409061289901500_,7076,46,13,71.73913043,33.33,130.5261,3,Urban,3,Urban,0.75,0.25,0,0,0,1,TRUE,Urban-dominated
409062,772,143,138,3.496503497,-35.329,143.9322,1,Natural vegetation,2,Cropland,0,1,0,0,0,1,TRUE,Ag-dominated
409086,1031,115,112,2.608695652,-35.1351,143.8001,2,Cropland,2,Cropland,0,1,0,0,0,1,TRUE,Ag-dominated
4094,565,49,43,12.24489796,27.362076,107.413232,5,Other,4,Wetland,0,0,0,1,0,0,FALSE,Mixed
410040,874,29,29,0,-34.4776,144.3009,1,Natural vegetation,1,Natural vegetation,0,0,0,0,1,0,FALSE,Natural-dominated
410130,1071,146,138,5.479452055,-34.665,143.4917,1,Natural vegetation,1,Natural vegetation,0,0.5,0,0,0.5,0.5,TRUE,Ag-dominated
4102,521,1,0,100,41.036863,122.926206,3,Urban,3,Urban,1,0,0,0,0,1,TRUE,Urban-dominated
4104,623,1,0,100,39.510908,122.475631,3,Urban,2,Cropland,0,1,0,0,0,1,TRUE,Ag-dominated
4106,615,7,3,57.14285714,41.061356,122.282673,3,Urban,3,Urban,1,0,0,0,0,1,TRUE,Urban-dominated
4109,475,3,0,100,41.307508,124.132657,3,Urban,1,Natural vegetation,0.25,0,0,0,0.75,0.25,FALSE,Natural-dominated
4111,701,4,1,75,41.835441,123.42944,3,Urban,3,Urban,1,0,0,0,0,1,TRUE,Urban-dominated
4112,533,4,0,100,40.223583,124.507297,5,Other,1,Natural vegetation,0.25,0,0.25,0,0.5,0.25,FALSE,Natural-dominated
4118,638,428,343,19.85981308,41.039546,120.977806,3,Urban,2,Cropland,0.5,0.5,0,0,0,1,TRUE,Urban-dominated
4119,763,25,9,64,39.324437,122.211445,2,Cropland,2,Cropland,0,0.5,0.25,0,0.25,0.5,TRUE,Ag-dominated
412004,398,192,182,5.208333333,-33.41080904,147.9910504,2,Cropland,2,Cropland,0,1,0,0,0,1,TRUE,Ag-dominated
412005,85,19,10,47.36842105,-33.8695,144.8811,1,Natural vegetation,1,Natural vegetation,0,0,0,0,1,0,FALSE,Natural-dominated
412006,277,31,28,9.677419355,-33.091,147.1482,3,Urban,1,Natural vegetation,0,0.5,0,0,0.5,0.5,TRUE,Ag-dominated
412011,300,121,86,28.92561983,-33.201,146.4532,1,Natural vegetation,2,Cropland,0,1,0,0,0,1,TRUE,Ag-dominated
412038,209,160,139,13.125,-33.348326,145.87524,1,Natural vegetation,2,Cropland,0,1,0,0,0,1,TRUE,Ag-dominated
412039,69,13,10,23.07692308,-33.4873,145.504,2,Cropland,2,Cropland,0,1,0,0,0,1,TRUE,Ag-dominated
412047,145,88,82,6.818181818,-33.3824,145.9027,2,Cropland,1,Natural vegetation,0,0.5,0,0,0.5,0.5,TRUE,Ag-dominated
4121660,3566,9,1,88.88888889,43.61308,-85.4778209,1,Natural vegetation,1,Natural vegetation,0,0,0,0,1,0,FALSE,Natural-dominated
4121680,3336,555,79,85.76576577,43.485857,-85.63060189,5,Other,1,Natural vegetation,0,0,0.25,0,0.75,0,FALSE,Natural-dominated
4121970,4706,15,0,100,43.43474558,-85.6653239,5,Other,5,Other,0,0,1,0,0,0,FALSE,Mixed
4135,689,2,2,0,28.9994404,105.8508137,5,Other,1,Natural vegetation,0,0,0,0,1,0,FALSE,Natural-dominated
4137030,2868,16,0,100,44.47279328,-83.57108839,1,Natural vegetation,1,Natural vegetation,0,0,0.25,0,0.75,0,FALSE,Natural-dominated
4153,651,6,1,83.33333333,35.00617,108.73628,1,Natural vegetation,2,Cropland,0,1,0,0,0,1,TRUE,Ag-dominated
4154,624,2,0,100,34.353997,107.271763,3,Urban,3,Urban,1,0,0,0,0,1,TRUE,Urban-dominated
4156,565,17,3,82.35294118,34.460378,109.251996,2,Cropland,2,Cropland,0.25,0.75,0,0,0,1,TRUE,Ag-dominated
4157005,4446,6,1,83.33333333,43.4219699,-83.951918,3,Urban,3,Urban,1,0,0,0,0,1,TRUE,Urban-dominated
4159,573,24,10,58.33333333,34.564536,109.485973,2,Cropland,2,Cropland,0.25,0.75,0,0,0,1,TRUE,Ag-dominated
4160,561,1,1,0,34.45589,109.005226,3,Urban,3,Urban,0.75,0,0.25,0,0,0.75,TRUE,Urban-dominated
4162,614,18,8,55.55555556,34.613631,110.2348456,2,Cropland,2,Cropland,0,0.75,0,0.25,0,0.75,TRUE,Ag-dominated
4165,696,1,0,100,33.216619,107.952694,1,Natural vegetation,1,Natural vegetation,0,0,0,0,1,0,FALSE,Natural-dominated
4165500,4468,4,1,75,42.5958674,-82.90881,3,Urban,3,Urban,1,0,0,0,0,1,TRUE,Urban-dominated
4166,615,6,2,66.66666667,36.556856,101.930057,1,Natural vegetation,1,Natural vegetation,0,0,0,0,1,0,FALSE,Natural-dominated
4166500,4936,33,2,93.93939394,42.3730923,-83.2546513,3,Urban,3,Urban,1,0,0,0,0,1,TRUE,Urban-dominated
4168400,2102,26,1,96.15384615,42.30837099,-83.2527063,3,Urban,3,Urban,1,0,0,0,0,1,TRUE,Urban-dominated
4171,455,3,2,33.33333333,33.011787,97.255347,1,Natural vegetation,1,Natural vegetation,0,0,0,0,1,0,FALSE,Natural-dominated
4177,386,3,1,66.66666667,51.763712,126.639504,5,Other,1,Natural vegetation,0,0,0,0,1,0,FALSE,Natural-dominated
4179,314,2,0,100,46.567284,132.633838,2,Cropland,2,Cropland,0,1,0,0,0,1,TRUE,Ag-dominated
4182,312,2,1,50,45.401432,126.299118,3,Urban,3,Urban,1,0,0,0,0,1,TRUE,Urban-dominated
4183038,1045,54,23,57.40740741,41.1830833,-84.8696944,2,Cropland,2,Cropland,0,1,0,0,0,1,TRUE,Ag-dominated
4183500,1976,2,0,100,41.19893889,-84.7444033,2,Cropland,2,Cropland,0,1,0,0,0,1,TRUE,Ag-dominated
4184,468,1,0,100,45.316643,132.585736,5,Other,5,Other,0,0,1,0,0,0,FALSE,Mixed
4186,343,120,94,21.66666667,46.3054261,129.5434746,3,Urban,2,Cropland,0.25,0.5,0.25,0,0,0.75,TRUE,Ag-dominated
4187,354,1,1,0,45.4936489,125.0451846,3,Urban,2,Cropland,0,0.5,0.5,0,0,0.5,TRUE,Ag-dominated
4188496,2893,293,155,47.09897611,40.9792203,-83.6532653,2,Cropland,2,Cropland,0,1,0,0,0,1,TRUE,Ag-dominated
4192,296,1,0,100,50.2386399,127.5357671,3,Urban,3,Urban,0.5,0,0.5,0,0,0.5,TRUE,Urban-dominated
4193500,717,31,0,100,41.5000526,-83.7127145,2,Cropland,2,Cropland,0,1,0,0,0,1,TRUE,Ag-dominated
42001,516,94,70,25.53191489,42.01040278,-121.5614222,2,Cropland,2,Cropland,0,1,0,0,0,1,TRUE,Ag-dominated
42071,1841,414,362,12.56038647,42.12805556,-121.9277778,1,Natural vegetation,1,Natural vegetation,0,0,0,0,1,0,FALSE,Natural-dominated
42081,513,155,124,20,42.14258889,-121.672186,2,Cropland,2,Cropland,0,0.75,0,0,0.25,0.75,TRUE,Ag-dominated
422001,295,216,196,9.259259259,-30.01531667,148.06075,1,Natural vegetation,1,Natural vegetation,0,0.25,0,0,0.75,0.25,FALSE,Natural-dominated
422002,295,216,196,9.259259259,-29.94716667,146.8637167,1,Natural vegetation,1,Natural vegetation,0,0,0,0,1,0,FALSE,Natural-dominated
422003,227,161,150,6.832298137,-29.547141,148.576104,1,Natural vegetation,1,Natural vegetation,0,0,0,0,1,0,FALSE,Natural-dominated
4220045,1534,44,14,68.18181818,43.17430556,-78.38638889,2,Cropland,2,Cropland,0,1,0,0,0,1,TRUE,Ag-dominated
4220223,1544,1,0,100,43.3390833,-77.9152222,2,Cropland,2,Cropland,0,1,0,0,0,1,TRUE,Ag-dominated
422027,274,187,179,4.278074866,-30.14343333,147.3768667,1,Natural vegetation,1,Natural vegetation,0,0.5,0,0,0.5,0.5,TRUE,Ag-dominated
425001,28,27,25,7.407407407,-32.3969,142.4218,1,Natural vegetation,1,Natural vegetation,0,0,0.25,0,0.75,0,FALSE,Natural-dominated
425003,245,163,152,6.748466258,-30.087894,145.936761,3,Urban,3,Urban,1,0,0,0,0,1,TRUE,Urban-dominated
425004,251,94,94,0,-30.53474142,145.1150748,1,Natural vegetation,1,Natural vegetation,0,0,0,0,1,0,FALSE,Natural-dominated
425007,762,30,27,10,-33.74641667,142.2682778,1,Natural vegetation,4,Wetland,0,0.25,0,0.5,0.25,0.25,FALSE,Mixed
425012,67,26,24,7.692307692,-32.4353,142.3799,1,Natural vegetation,1,Natural vegetation,0,0,0,0,1,0,FALSE,Natural-dominated
425039,427,270,255,5.555555556,-29.9646,146.3004,1,Natural vegetation,1,Natural vegetation,0,0,0,0,1,0,FALSE,Natural-dominated
45301,2774,185,107,42.16216216,45.5009505,-122.852045,3,Urban,3,Urban,1,0,0,0,0,1,TRUE,Urban-dominated
45303,1711,8,7,12.5,45.5081944,-122.9335,3,Urban,3,Urban,1,0,0,0,0,1,TRUE,Urban-dominated
50048565,2893,14,3,78.57142857,18.4070314,-66.118083,3,Urban,3,Urban,0.75,0,0.25,0,0,0.75,TRUE,Urban-dominated
50048580,2331,1483,734,50.50573163,18.4201918,-66.1160552,3,Urban,3,Urban,0.75,0,0.25,0,0,0.75,TRUE,Urban-dominated
5051522,1512,4,0,100,46.65968548,-96.7959154,2,Cropland,2,Cropland,0,1,0,0,0,1,TRUE,Ag-dominated
5054000,5680,2,0,100,46.861075,-96.7836924,3,Urban,3,Urban,1,0,0,0,0,1,TRUE,Urban-dominated
5057000,3530,60,57,5,47.43277097,-98.0275954,2,Cropland,2,Cropland,0,1,0,0,0,1,TRUE,Ag-dominated
5062130,1491,1,0,100,47.0926944,-96.8170556,2,Cropland,2,Cropland,0,1,0,0,0,1,TRUE,Ag-dominated
5114000,1004,73,12,83.56164384,48.98995719,-101.9583348,2,Cropland,2,Cropland,0,1,0,0,0,1,TRUE,Ag-dominated
5117500,1162,50,48,4,48.2458428,-101.3712745,2,Cropland,2,Cropland,0,1,0,0,0,1,TRUE,Ag-dominated
5124000,1257,367,339,7.629427793,48.9964079,-100.9584889,2,Cropland,2,Cropland,0,1,0,0,0,1,TRUE,Ag-dominated
5406457,2765,1,0,100,43.1097222,-89.6408333,3,Urban,1,Natural vegetation,0,0.25,0,0,0.75,0.25,FALSE,Natural-dominated
5406469,931,4,0,100,43.12527778,-89.635,2,Cropland,1,Natural vegetation,0,0.5,0,0,0.5,0.5,TRUE,Ag-dominated
5406479,2063,10,0,100,43.1147222,-89.6641667,3,Urban,1,Natural vegetation,0,0,0,0,1,0,FALSE,Natural-dominated
5435943,9218,39,1,97.43589744,42.97694444,-89.5394444,3,Urban,2,Cropland,0,1,0,0,0,1,TRUE,Ag-dominated
5435950,5354,5,0,100,42.94916667,-89.5441667,2,Cropland,2,Cropland,0,1,0,0,0,1,TRUE,Ag-dominated
5474500,920,6,1,83.33333333,40.39365535,-91.374318,5,Other,5,Other,0,0,1,0,0,0,FALSE,Mixed
5515500,3686,12,5,58.33333333,41.38963889,-86.7061667,2,Cropland,2,Cropland,0,1,0,0,0,1,TRUE,Ag-dominated
5524500,3020,2,1,50,40.87059306,-87.3066912,2,Cropland,2,Cropland,0,1,0,0,0,1,TRUE,Ag-dominated
5537980,2452,20,10,50,41.5364722,-88.0836944,3,Urban,3,Urban,1,0,0,0,0,1,TRUE,Urban-dominated
5545750,915,11,1,90.90909091,42.61085116,-88.225923,2,Cropland,2,Cropland,0,1,0,0,0,1,TRUE,Ag-dominated
5549500,1185,72,12,83.33333333,42.3100222,-88.2514745,3,Urban,1,Natural vegetation,0,0,0,0,1,0,FALSE,Natural-dominated
5558300,1949,8,3,62.5,41.10727778,-89.3562222,5,Other,4,Wetland,0,0,0,1,0,0,FALSE,Mixed
5559900,451,10,1,90,40.72503739,-89.5495396,4,Wetland,3,Urban,1,0,0,0,0,1,TRUE,Urban-dominated
5567500,730,43,22,48.8372093,40.6235,-89.2416667,2,Cropland,2,Cropland,0,1,0,0,0,1,TRUE,Ag-dominated
5586300,4290,6,0,100,39.63275,-90.6076667,5,Other,2,Cropland,0,1,0,0,0,1,TRUE,Ag-dominated
5599490,2013,232,169,27.15517241,37.7583333,-89.3277778,1,Natural vegetation,1,Natural vegetation,0,0.5,0,0,0.5,0.5,TRUE,Ag-dominated
613,10,10,10,46.7592593,48.7574,11.4261,3,Urban,3,Urban,0.75,0,0.25,0,0,0.75,TRUE,Urban-dominated
616,10,10,10,34.439834,48.8798,12.7473,2,Cropland,2,Cropland,0,1,0,0,0,1,TRUE,Ag-dominated
6193,220,6,1,83.33333333,29.821683,113.463833,3,Urban,3,Urban,1,0,0,0,0,1,TRUE,Urban-dominated
6194,706,3,2,33.33333333,30.317805,103.970525,3,Urban,2,Cropland,0,1,0,0,0,1,TRUE,Ag-dominated
6195,351,11,0,100,41.741893,83.171831,2,Cropland,5,Other,0,0.25,0.75,0,0,0.25,FALSE,Mixed
6198,381,1,0,100,35.874223,94.566714,1,Natural vegetation,1,Natural vegetation,0,0,0,0,1,0,FALSE,Natural-dominated
6199,645,1,0,100,35.451425,109.462752,2,Cropland,1,Natural vegetation,0,0,0,0,1,0,FALSE,Natural-dominated
6201,582,2,1,50,37.3924,110.631,1,Natural vegetation,1,Natural vegetation,0,0,0,0,1,0,FALSE,Natural-dominated
6205,459,22,11,50,40.6807,122.2336,3,Urban,3,Urban,0.75,0,0,0,0.25,0.75,TRUE,Urban-dominated
6214,670,27,9,66.66666667,34.7589,117.0059,2,Cropland,2,Cropland,0.5,0.5,0,0,0,1,TRUE,Urban-dominated
6218,682,15,3,80,33.4816,118.1131,2,Cropland,2,Cropland,0,1,0,0,0,1,TRUE,Ag-dominated
6221,583,56,16,71.42857143,33.8744,116.5878,2,Cropland,2,Cropland,0,1,0,0,0,1,TRUE,Ag-dominated
6223,662,10,2,80,32.7923,117.9642,2,Cropland,2,Cropland,0.25,0.75,0,0,0,1,TRUE,Ag-dominated
6224,667,24,10,58.33333333,33.1689,118.1492,5,Other,3,Urban,1,0,0,0,0,1,TRUE,Urban-dominated
6225,645,34,12,64.70588235,32.3088,118.4555,2,Cropland,2,Cropland,0,1,0,0,0,1,TRUE,Ag-dominated
6226,442,59,20,66.10169492,32.0978,118.2887,3,Urban,3,Urban,1,0,0,0,0,1,TRUE,Urban-dominated
6227,674,7,3,57.14285714,32.4286,115.6024,2,Cropland,2,Cropland,0,1,0,0,0,1,TRUE,Ag-dominated
6233,529,10,1,90,28.7682,116.0853,5,Other,1,Natural vegetation,0.25,0.25,0.25,0,0.25,0.5,TRUE,Mixed
6234,550,3,0,100,29.2455,116.1894,5,Other,5,Other,0,0.25,0.75,0,0,0.25,FALSE,Mixed
6237,558,4,1,75,36.725,116.9886,3,Urban,3,Urban,1,0,0,0,0,1,TRUE,Urban-dominated
6238,653,1,0,100,34.8042,117.1695,2,Cropland,2,Cropland,0,1,0,0,0,1,TRUE,Ag-dominated
6242,592,77,23,70.12987013,33.8068,116.3924,2,Cropland,2,Cropland,0,1,0,0,0,1,TRUE,Ag-dominated
6251,657,11,5,54.54545455,29.063,112.2989,5,Other,2,Cropland,0,1,0,0,0,1,TRUE,Ag-dominated
6253,666,38,14,63.15789474,23.1376,113.7508,5,Other,2,Cropland,0,1,0,0,0,1,TRUE,Ag-dominated
6255,663,1,0,100,22.7836,108.1264,2,Cropland,2,Cropland,0,1,0,0,0,1,TRUE,Ag-dominated
6261,645,5,0,100,30.2604,103.891,3,Urban,2,Cropland,0.25,0.5,0.25,0,0,0.75,TRUE,Ag-dominated
6268,628,91,4,95.6043956,25.1477,102.0548,1,Natural vegetation,1,Natural vegetation,0,0,0,0,1,0,FALSE,Natural-dominated
6328,689,41,29,29.26829268,31.955,119.9805,3,Urban,3,Urban,0.75,0,0.25,0,0,0.75,TRUE,Urban-dominated
6330,640,1,0,100,26.6586,106.8425,1,Natural vegetation,1,Natural vegetation,0,0,0,0,1,0,FALSE,Natural-dominated
6343,508,1,0,100,25.427,106.5798,1,Natural vegetation,1,Natural vegetation,0,0,0,0,1,0,FALSE,Natural-dominated
6346,510,37,8,78.37837838,38.6862,117.047,2,Cropland,2,Cropland,0.25,0.75,0,0,0,1,TRUE,Ag-dominated
6348,360,1,1,0,36.1678,103.483,3,Urban,1,Natural vegetation,0.25,0,0,0,0.75,0.25,FALSE,Natural-dominated
6350,582,66,16,75.75757576,31.6554,117.2733,2,Cropland,2,Cropland,0,1,0,0,0,1,TRUE,Ag-dominated
6353,376,40,38,5,49.3061,118.0472,1,Natural vegetation,1,Natural vegetation,0.5,0,0,0,0.5,0.5,TRUE,Urban-dominated
6354890,422,53,1,98.11320755,45.9524438,-103.3069613,1,Natural vegetation,1,Natural vegetation,0,0,0,0,1,0,FALSE,Natural-dominated
6354980,413,112,16,85.71428571,46.0177216,-103.2919615,1,Natural vegetation,1,Natural vegetation,0,0.5,0,0,0.5,0.5,TRUE,Ag-dominated
6355,471,1,0,100,28.6074,121.0616,5,Other,1,Natural vegetation,0,0,0.5,0,0.5,0,FALSE,Natural-dominated
6365,464,17,3,82.35294118,40.2585,111.148,1,Natural vegetation,1,Natural vegetation,0.5,0,0,0,0.5,0.5,TRUE,Urban-dominated
6373,399,3,0,100,44.3966,127.692,1,Natural vegetation,1,Natural vegetation,0,0,0,0,1,0,FALSE,Natural-dominated
6382,458,43,14,67.44186047,28.6919,121.3277,5,Other,5,Other,0,0.333333333,0.666666667,0,0,0.333333333,TRUE,Mixed
6384,479,7,3,57.14285714,31.2695,118.3338,3,Urban,3,Urban,0.5,0.25,0,0.25,0,0.75,TRUE,Urban-dominated
6387,355,6,2,66.66666667,30.7703,117.7527,5,Other,5,Other,0,0,1,0,0,0,FALSE,Mixed
6389,447,1,0,100,31.1034,118.9031,5,Other,5,Other,0,0,0.75,0,0.25,0,FALSE,Mixed
6395,466,6,1,83.33333333,36.2594,120.4698,5,Other,3,Urban,0.5,0,0.25,0,0.25,0.5,TRUE,Urban-dominated
6396,479,61,26,57.37704918,35.0878,116.6297,2,Cropland,4,Wetland,0,0,0,1,0,0,FALSE,Mixed
6398,476,8,0,100,35.0394,116.6677,2,Cropland,2,Cropland,0,1,0,0,0,1,TRUE,Ag-dominated
6400,402,9,5,44.44444444,35.8937,116.5525,5,Other,2,Cropland,0,1,0,0,0,1,TRUE,Ag-dominated
6419,472,25,18,28,30.6003,115.4457,1,Natural vegetation,1,Natural vegetation,0,0.5,0,0,0.5,0.5,TRUE,Ag-dominated
6425,378,159,68,57.2327044,22.5077,114.0357,4,Wetland,3,Urban,1,0,0,0,0,1,TRUE,Urban-dominated
6426,473,5,0,100,21.4314,110.7946,3,Urban,3,Urban,1,0,0,0,0,1,TRUE,Urban-dominated
6430,460,227,191,15.85903084,23.0588,113.7525,3,Urban,3,Urban,1,0,0,0,0,1,TRUE,Urban-dominated
6442,468,57,31,45.61403509,29.2443,104.2998,2,Cropland,2,Cropland,0,1,0,0,0,1,TRUE,Ag-dominated
6448,475,76,22,71.05263158,25.0115,102.6694,3,Urban,3,Urban,0.5,0,0,0.5,0,0.5,TRUE,Urban-dominated
6486,267,4,2,50,21.3002,110.3065,2,Cropland,3,Urban,1,0,0,0,0,1,TRUE,Urban-dominated
6489,251,2,1,50,40.8675,108.7942,5,Other,5,Other,0,0,1,0,0,0,FALSE,Mixed
6711565,5854,11,0,100,39.66498738,-105.004149,3,Urban,3,Urban,1,0,0,0,0,1,TRUE,Urban-dominated
6800500,3352,8,3,62.5,41.2933333,-96.2838889,2,Cropland,2,Cropland,0,1,0,0,0,1,TRUE,Ag-dominated
6801000,983,1,1,0,41.06225556,-96.3245139,5,Other,2,Cropland,0,1,0,0,0,1,TRUE,Ag-dominated
6805000,3209,49,8,83.67346939,41.05166667,-96.3386111,2,Cropland,2,Cropland,0,1,0,0,0,1,TRUE,Ag-dominated
6805500,3283,5,0,100,41.01497778,-96.1575,3,Urban,2,Cropland,0,1,0,0,0,1,TRUE,Ag-dominated
6818000,5079,18,7,61.11111111,39.75325,-94.8568333,3,Urban,2,Cropland,0.5,0.5,0,0,0,1,TRUE,Urban-dominated
6819550,478,26,18,30.76923077,40.4311111,-94.7722222,2,Cropland,2,Cropland,0,1,0,0,0,1,TRUE,Ag-dominated
6856600,2014,1,0,100,39.3555515,-97.1275203,2,Cropland,2,Cropland,0,1,0,0,0,1,TRUE,Ag-dominated
6879150,512,1,0,100,39.0902755,-96.7133394,2,Cropland,2,Cropland,0,1,0,0,0,1,TRUE,Ag-dominated
6888990,2040,2,0,100,39.07194435,-95.7163715,3,Urban,2,Cropland,0.5,0.5,0,0,0,1,TRUE,Urban-dominated
6889110,962,23,6,73.91304348,39.6095472,-95.9760556,2,Cropland,2,Cropland,0,1,0,0,0,1,TRUE,Ag-dominated
6889160,1378,5,0,100,39.4631449,-95.9505944,2,Cropland,2,Cropland,0,1,0,0,0,1,TRUE,Ag-dominated
6892518,2762,7,1,85.71428571,39.0461111,-94.7894444,3,Urban,3,Urban,1,0,0,0,0,1,TRUE,Urban-dominated
6892900,282,11,1,90.90909091,39.0440833,-94.6560139,3,Urban,3,Urban,1,0,0,0,0,1,TRUE,Urban-dominated
6893620,1916,13,2,84.61538462,39.11194444,-94.4722222,3,Urban,3,Urban,1,0,0,0,0,1,TRUE,Urban-dominated
6893820,5282,7,2,71.42857143,39.0173611,-94.3872778,3,Urban,1,Natural vegetation,0,0,0,0,1,0,FALSE,Natural-dominated
6894650,462,4,1,75,39.1336111,-94.0638889,2,Cropland,2,Cropland,0,1,0,0,0,1,TRUE,Ag-dominated
6899900,744,6,1,83.33333333,40.45444444,-93.2863889,2,Cropland,2,Cropland,0,1,0,0,0,1,TRUE,Ag-dominated
6900050,458,2,0,100,40.0266111,-93.4362222,2,Cropland,2,Cropland,0,1,0,0,0,1,TRUE,Ag-dominated
6902000,365,4,2,50,39.64002778,-93.2736944,2,Cropland,4,Wetland,0,0,0,1,0,0,FALSE,Mixed
6914950,317,24,17,29.16666667,38.75334168,-94.977188,1,Natural vegetation,1,Natural vegetation,0,0,0,0,1,0,FALSE,Natural-dominated
6914990,346,35,7,80,38.7675084,-94.8794073,1,Natural vegetation,2,Cropland,0,1,0,0,0,1,TRUE,Ag-dominated
6934500,4883,7,4,42.85714286,38.70980556,-91.4385,5,Other,2,Cropland,0.333333333,0.333333333,0.333333333,0,0,0.666666667,TRUE,Mixed
7048600,2504,7,0,100,36.07305556,-94.0811111,1,Natural vegetation,1,Natural vegetation,0,0,0,0,1,0,FALSE,Natural-dominated
7049691,2911,70,23,67.14285714,36.4208333,-93.8472222,1,Natural vegetation,1,Natural vegetation,0,0,0,0,1,0,FALSE,Natural-dominated
7054501,3213,45,0,100,36.365,-92.575,1,Natural vegetation,1,Natural vegetation,0.25,0,0,0,0.75,0.25,FALSE,Natural-dominated
7054527,3282,7,6,14.28571429,36.3436111,-92.5741667,1,Natural vegetation,1,Natural vegetation,0,0,0,0,1,0,FALSE,Natural-dominated
7061270,5688,4,3,25,37.55255556,-90.8424444,2,Cropland,1,Natural vegetation,0,0,0,0,1,0,FALSE,Natural-dominated
7061290,5499,124,38,69.35483871,37.4936111,-90.8383333,1,Natural vegetation,1,Natural vegetation,0,0,0,0,1,0,FALSE,Natural-dominated
7075270,4547,25,1,96,35.5697222,-92.6219444,1,Natural vegetation,1,Natural vegetation,0,0,0,0,1,0,FALSE,Natural-dominated
7076000,4047,4,0,100,35.5172222,-91.9972222,1,Natural vegetation,1,Natural vegetation,0,0,0,0,1,0,FALSE,Natural-dominated
7099400,2589,316,68,78.48101266,38.2716694,-104.718033,1,Natural vegetation,1,Natural vegetation,0,0,0,0,1,0,FALSE,Natural-dominated
7109500,5506,1,0,100,38.24805799,-104.3991356,1,Natural vegetation,1,Natural vegetation,0,0,0,0,1,0,FALSE,Natural-dominated
7143672,1510,9,3,66.66666667,38.02853056,-97.5405417,2,Cropland,2,Cropland,0,1,0,0,0,1,TRUE,Ag-dominated
7144100,1910,6,2,66.66666667,37.88306739,-97.4244864,2,Cropland,2,Cropland,0,1,0,0,0,1,TRUE,Ag-dominated
7164500,3437,13,0,100,36.14064807,-96.0063866,3,Urban,3,Urban,1,0,0,0,0,1,TRUE,Urban-dominated
7177500,5488,1,0,100,36.27842534,-95.954162,1,Natural vegetation,1,Natural vegetation,0,0,0,0,1,0,FALSE,Natural-dominated
7178200,2208,1,0,100,36.2231514,-95.8194322,3,Urban,1,Natural vegetation,0.5,0,0,0,0.5,0.5,TRUE,Urban-dominated
7198000,3945,175,28,84,35.5731511,-95.0688458,1,Natural vegetation,1,Natural vegetation,0,0,0,0,1,0,FALSE,Natural-dominated
7239000,1259,205,22,89.26829268,36.07698408,-98.59675,1,Natural vegetation,1,Natural vegetation,0,0.25,0.25,0,0.5,0.25,FALSE,Natural-dominated
7239450,4379,33,6,81.81818182,35.6169933,-98.0653316,2,Cropland,2,Cropland,0,1,0,0,0,1,TRUE,Ag-dominated
7241000,3530,191,43,77.48691099,35.47866848,-97.6633752,3,Urban,3,Urban,1,0,0,0,0,1,TRUE,Urban-dominated
7241520,3370,106,14,86.79245283,35.5656147,-97.367258,1,Natural vegetation,1,Natural vegetation,0,0,0,0,1,0,FALSE,Natural-dominated
7241550,3467,179,35,80.44692737,35.5003412,-97.1939194,2,Cropland,1,Natural vegetation,0.25,0.25,0,0,0.5,0.5,TRUE,Natural-dominated
7263296,5847,429,83,80.65268065,34.87888889,-92.6855556,1,Natural vegetation,1,Natural vegetation,0,0,0,0,1,0,FALSE,Natural-dominated
72632966,5492,91,25,72.52747253,34.87527778,-92.6538889,5,Other,1,Natural vegetation,0,0,0.5,0,0.5,0,FALSE,Natural-dominated
7288068,746,71,52,26.76056338,34.07475,-90.6249444,2,Cropland,2,Cropland,0,1,0,0,0,1,TRUE,Ag-dominated
7288150,631,144,53,63.19444444,34.0093333,-90.7560833,2,Cropland,2,Cropland,0,0.75,0,0,0.25,0.75,TRUE,Ag-dominated
7288500,698,17,10,41.17647059,33.5473557,-90.5431579,2,Cropland,3,Urban,1,0,0,0,0,1,TRUE,Urban-dominated
7288521,167,15,10,33.33333333,33.54825,-90.6723611,2,Cropland,2,Cropland,0,1,0,0,0,1,TRUE,Ag-dominated
7332605,751,116,70,39.65517241,33.57579444,-96.1557444,2,Cropland,1,Natural vegetation,0.25,0.25,0.25,0,0.25,0.5,TRUE,Mixed
7332622,4532,59,14,76.27118644,33.74416667,-95.9611111,1,Natural vegetation,1,Natural vegetation,0,0,0,0,1,0,FALSE,Natural-dominated
7380255,1181,104,14,86.53846154,29.57673333,-89.9864083,4,Wetland,5,Other,0,0,0.75,0.25,0,0,FALSE,Mixed
8047050,606,19,12,36.84210526,32.6951316,-97.4472422,3,Urban,3,Urban,1,0,0,0,0,1,TRUE,Urban-dominated
8048000,2860,284,35,87.67605634,32.76096337,-97.3325167,3,Urban,3,Urban,1,0,0,0,0,1,TRUE,Urban-dominated
8049500,5386,7,2,71.42857143,32.7625,-96.9944444,3,Urban,3,Urban,0.75,0,0,0,0.25,0.75,TRUE,Urban-dominated
8052700,4566,329,104,68.38905775,33.28344977,-96.8927805,2,Cropland,2,Cropland,0,0.75,0,0,0.25,0.75,TRUE,Ag-dominated
8052745,4477,58,20,65.51724138,33.219298,-96.8919565,3,Urban,2,Cropland,0.5,0.5,0,0,0,1,TRUE,Urban-dominated
8057000,2296,10,6,40,32.7748517,-96.8219464,3,Urban,3,Urban,1,0,0,0,0,1,TRUE,Urban-dominated
8057410,2339,25,12,52,32.70763139,-96.7358319,4,Wetland,3,Urban,0.5,0,0,0.25,0.25,0.5,TRUE,Urban-dominated
8065350,5032,16,9,43.75,31.33851319,-95.6563407,1,Natural vegetation,1,Natural vegetation,0,0,0,0,1,0,FALSE,Natural-dominated
8068000,3771,13,3,76.92307692,30.24465738,-95.4571616,3,Urban,3,Urban,1,0,0,0,0,1,TRUE,Urban-dominated
8068500,5548,11,0,100,30.11049517,-95.4363275,3,Urban,1,Natural vegetation,0,0,0,0,1,0,FALSE,Natural-dominated
8069500,5070,204,31,84.80392157,30.02716385,-95.2579888,1,Natural vegetation,3,Urban,1,0,0,0,0,1,TRUE,Urban-dominated
8070200,5762,30,5,83.33333333,30.14523056,-95.1246139,1,Natural vegetation,1,Natural vegetation,0,0,0,0,1,0,FALSE,Natural-dominated
8181500,6050,22,11,50,29.2641276,-98.4908493,4,Wetland,1,Natural vegetation,0,0,0,0,1,0,FALSE,Natural-dominated
8181800,6030,29,13,55.17241379,29.2221853,-98.3558463,1,Natural vegetation,2,Cropland,0,1,0,0,0,1,TRUE,Ag-dominated
8188060,4399,3,0,100,28.84869444,-97.7371389,1,Natural vegetation,1,Natural vegetation,0,0.5,0,0,0.5,0.5,TRUE,Ag-dominated
8188500,1812,1,1,0,28.6492861,-97.3848583,1,Natural vegetation,1,Natural vegetation,0,0.25,0,0,0.75,0.25,FALSE,Natural-dominated
8211200,5656,2,1,50,27.93779594,-97.7758308,2,Cropland,2,Cropland,0,0.5,0,0.5,0,0.5,TRUE,Ag-dominated
8371500,1891,109,44,59.63302752,29.6210127,-104.4810367,2,Cropland,1,Natural vegetation,0,0.5,0,0,0.5,0.5,TRUE,Ag-dominated
8374200,3477,67,17,74.62686567,29.51962973,-104.2865896,1,Natural vegetation,1,Natural vegetation,0,0,0,0,1,0,FALSE,Natural-dominated
8374510,2450,50,17,66,29.1547222,-103.5977778,1,Natural vegetation,1,Natural vegetation,0,0,0,0,1,0,FALSE,Natural-dominated
8375300,4060,118,44,62.71186441,29.1835386,-102.9754409,1,Natural vegetation,1,Natural vegetation,0,0,0,0,1,0,FALSE,Natural-dominated
8377200,4317,52,15,71.15384615,29.78075694,-101.7559523,1,Natural vegetation,1,Natural vegetation,0,0,0,0,1,0,FALSE,Natural-dominated
8412500,2539,404,38,90.59405941,31.87264499,-103.8315949,1,Natural vegetation,1,Natural vegetation,0,0,0,0,1,0,FALSE,Natural-dominated
8437710,4166,1335,67,94.98127341,31.3668055,-103.0059908,1,Natural vegetation,1,Natural vegetation,0,0,0,0,1,0,FALSE,Natural-dominated
8446500,3716,1676,55,96.71837709,31.11320329,-102.4176419,1,Natural vegetation,1,Natural vegetation,0,0,0,0,1,0,FALSE,Natural-dominated
8447000,4216,18,5,72.22222222,30.65961373,-101.7701244,1,Natural vegetation,1,Natural vegetation,0,0,0,0,1,0,FALSE,Natural-dominated
8474115,337,10,1,90,25.95733333,-97.4215,3,Urban,3,Urban,0.5,0.25,0,0.25,0,0.75,TRUE,Urban-dominated
8474320,234,26,0,100,25.95666667,-97.3754167,3,Urban,3,Urban,0.5,0,0,0.5,0,0.5,TRUE,Urban-dominated
9037500,607,1,1,0,40.0002,-106.1803667,1,Natural vegetation,1,Natural vegetation,0,0.333333333,0,0,0.666666667,0.333333333,TRUE,Natural-dominated
9041400,6020,7,0,100,40.10859628,-106.4139212,1,Natural vegetation,1,Natural vegetation,0,0,0,0,1,0,FALSE,Natural-dominated
9095500,1500,2,0,100,39.2391463,-108.2661946,1,Natural vegetation,1,Natural vegetation,0,0,0,0,1,0,FALSE,Natural-dominated
9379500,1030,2,0,100,37.15067778,-109.8666889,1,Natural vegetation,1,Natural vegetation,0,0,0,0,1,0,FALSE,Natural-dominated
9406000,6013,2,1,50,37.2041494,-113.1807789,1,Natural vegetation,1,Natural vegetation,0,0,0,0,1,0,FALSE,Natural-dominated
A2390542,24,24,22,8.333333333,-36.945858,140.74025,2,Cropland,2,Cropland,0,1,0,0,0,1,TRUE,Ag-dominated
A2391077,1004,41,18,56.09756098,-37.391211,139.945693,5,Other,4,Wetland,0,0,0.5,0.5,0,0,FALSE,Mixed
A2391078,1294,184,73,60.32608696,-37.427827,139.990479,5,Other,5,Other,0,0,0.666666667,0,0.333333333,0,FALSE,Mixed
A2391081,949,226,208,7.96460177,-36.572526,140.005692,1,Natural vegetation,1,Natural vegetation,0,0.25,0,0,0.75,0.25,FALSE,Natural-dominated
A2391082,130,1,0,100,-36.546058,139.881494,4,Wetland,2,Cropland,0,1,0,0,0,1,TRUE,Ag-dominated
A2391085,746,518,500,3.474903475,-36.7379,140.2577,1,Natural vegetation,2,Cropland,0,1,0,0,0,1,TRUE,Ag-dominated
A2391086,147,111,110,0.900900901,-36.5802,140.3056,1,Natural vegetation,1,Natural vegetation,0,0.5,0,0,0.5,0.5,TRUE,Ag-dominated
A2391140,26,1,1,0,-36.402293,140.015728,2,Cropland,1,Natural vegetation,0,0,0,0,1,0,FALSE,Natural-dominated
A2391152,612,66,14,78.78787879,-36.294824,139.93055,1,Natural vegetation,1,Natural vegetation,0,0,0.5,0,0.5,0,FALSE,Natural-dominated
A4260554,180,5,3,40,-34.021444,139.68861,1,Natural vegetation,1,Natural vegetation,0,0,0,0,1,0,FALSE,Natural-dominated
A4260573,106,10,10,0,-34.174481,140.217719,1,Natural vegetation,1,Natural vegetation,0,0.5,0,0,0.5,0.5,TRUE,Ag-dominated
A4260580,1099,51,47,7.843137255,-33.9211,140.9525,1,Natural vegetation,5,Other,0,0,1,0,0,0,FALSE,Mixed
A4260594,2428,38,37,2.631578947,-34.15,139.9151,5,Other,2,Cropland,0,0.75,0,0,0.25,0.75,TRUE,Ag-dominated
A4260633,798,98,46,53.06122449,-35.901976,139.3956,1,Natural vegetation,5,Other,0,0,1,0,0,0,FALSE,Mixed
A4260644,719,167,167,0,-34.25953,140.759761,4,Wetland,1,Natural vegetation,0,0.25,0,0,0.75,0.25,FALSE,Natural-dominated
A4260645,245,42,41,2.380952381,-34.264687,140.687294,1,Natural vegetation,1,Natural vegetation,0,0.333333333,0,0,0.666666667,0.333333333,TRUE,Natural-dominated
A4260702,944,2,1,50,-34.062186,139.839139,2,Cropland,1,Natural vegetation,0,0,0,0,1,0,FALSE,Natural-dominated
A4260703,2424,21,21,0,-34.15414,140.77938,5,Other,3,Urban,1,0,0,0,0,1,TRUE,Urban-dominated
A4261022,2969,42,33,21.42857143,-33.9798,140.9615,1,Natural vegetation,1,Natural vegetation,0,0,0.25,0,0.75,0,FALSE,Natural-dominated
A4261023,2594,11,10,9.090909091,-34.2524,140.7166,4,Wetland,1,Natural vegetation,0,0,0,0,1,0,FALSE,Natural-dominated
A4261024,2443,29,28,3.448275862,-34.4505,140.511,2,Cropland,2,Cropland,0,0.5,0,0.5,0,0.5,TRUE,Ag-dominated
A4261053,95,22,19,13.63636364,-34.267527,140.808721,1,Natural vegetation,1,Natural vegetation,0,0.25,0,0,0.75,0.25,FALSE,Natural-dominated
A4261055,384,5,4,20,-34.223598,140.808045,1,Natural vegetation,1,Natural vegetation,0,0.25,0,0.25,0.5,0.25,FALSE,Natural-dominated
A4261107,560,27,20,25.92592593,-33.952305,140.902121,1,Natural vegetation,1,Natural vegetation,0,0,0.5,0,0.5,0,FALSE,Natural-dominated
A4261108,2505,36,23,36.11111111,-34.383541,140.546401,1,Natural vegetation,1,Natural vegetation,0,0,0,0,1,0,FALSE,Natural-dominated
A4261124,38,5,5,0,-35.495993,138.90628,5,Other,1,Natural vegetation,0,0.333333333,0.333333333,0,0.333333333,0.333333333,TRUE,Mixed
A4261134,4,3,3,0,-35.6005,139.0266,5,Other,5,Other,0,0,1,0,0,0,FALSE,Mixed
A4261139,2557,1829,1435,21.54182613,-35.1877,138.9135,2,Cropland,2,Cropland,0,0.75,0,0,0.25,0.75,TRUE,Ag-dominated
A4261165,2,2,2,0,-36.10874,139.608272,5,Other,5,Other,0,0,1,0,0,0,FALSE,Mixed
A4261168,3086,11,11,0,-34.026439,140.84037,4,Wetland,1,Natural vegetation,0,0.25,0,0,0.75,0.25,FALSE,Natural-dominated
A4261173,51,49,45,8.163265306,-35.232757,138.990179,2,Cropland,2,Cropland,0,1,0,0,0,1,TRUE,Ag-dominated
A4261204,168,20,1,95,-35.534114,138.909811,1,Natural vegetation,1,Natural vegetation,0,0,0,0,1,0,FALSE,Natural-dominated
A4261224,3050,49,29,40.81632653,-34.00223,140.862866,5,Other,1,Natural vegetation,0,0,0,0,1,0,FALSE,Natural-dominated
A4261255,236,24,23,4.166666667,-34.335475,140.547905,1,Natural vegetation,1,Natural vegetation,0,0,0,0,1,0,FALSE,Natural-dominated
A4261262,423,4,2,50,-34.24422,140.74787,1,Natural vegetation,1,Natural vegetation,0,0,0,0,1,0,FALSE,Natural-dominated
A4261263,2662,25,25,0,-34.406627,140.48899,4,Wetland,1,Natural vegetation,0,0,0,0,1,0,FALSE,Natural-dominated
A4261264,475,67,17,74.62686567,-34.374941,140.54009,1,Natural vegetation,1,Natural vegetation,0,0,0,0,1,0,FALSE,Natural-dominated
A4261265,681,418,418,0,-34.328343,140.564594,1,Natural vegetation,1,Natural vegetation,0,0,0,0.5,0.5,0,FALSE,Natural-dominated
A4261268,301,10,7,30,-34.22152,140.77173,5,Other,4,Wetland,0,0,0,1,0,0,FALSE,Mixed
A4261270,91,4,4,0,-34.212264,140.781963,4,Wetland,4,Wetland,0,0,0,1,0,0,FALSE,Mixed
A4261271,41,35,35,0,-34.20895,140.771704,1,Natural vegetation,4,Wetland,0,0,0,1,0,0,FALSE,Mixed
A4261536,70,7,7,0,-34.34763,140.53045,1,Natural vegetation,1,Natural vegetation,0,0,0,0,1,0,FALSE,Natural-dominated
A4261539,159,21,16,23.80952381,-34.22626,140.77031,4,Wetland,1,Natural vegetation,0,0,0,0.333333333,0.666666667,0,FALSE,Natural-dominated
A4261789,860,4,2,50,-34.26358,140.38606,5,Other,5,Other,0,0,1,0,0,0,FALSE,Mixed
A5011036,341,312,293,6.08974359,-35.4966,138.51378,2,Cropland,2,Cropland,0,0.75,0,0,0.25,0.75,TRUE,Ag-dominated
A5011038,1101,945,937,0.846560847,-35.55523,138.60883,3,Urban,2,Cropland,0.25,0.5,0.25,0,0,0.75,TRUE,Ag-dominated
A5011039,843,370,316,14.59459459,-35.53251,138.6235,2,Cropland,3,Urban,1,0,0,0,0,1,TRUE,Urban-dominated
A5011040,240,232,223,3.879310345,-35.44815,138.31725,3,Urban,2,Cropland,0,0.5,0.5,0,0,0.5,TRUE,Ag-dominated
A5040517,61,46,37,19.56521739,-34.9703,138.6813,1,Natural vegetation,1,Natural vegetation,0,0,0,0,1,0,FALSE,Natural-dominated
Carrat,192,30,10,66.66666667,45.829041,4.311987,1,Natural vegetation,1,Natural vegetation,0,0,0,0,1,0,FALSE,Natural-dominated
Caversham,659,4,2,50,51.465551,-0.976395,3,Urban,1,Natural vegetation,0.5,0,0,0,0.5,0.5,TRUE,Urban-dominated
Charpassonne Chanin,211,2,1,50,45.81982,4.311937,1,Natural vegetation,1,Natural vegetation,0.25,0,0,0,0.75,0.25,FALSE,Natural-dominated
Charpassonne Château de Donzy,354,36,18,50,45.745372,4.27681,2,Cropland,2,Cropland,0,1,0,0,0,1,TRUE,Ag-dominated
Charpassonne la Jamarie,64,5,0,100,45.807908,4.319506,1,Natural vegetation,1,Natural vegetation,0,0,0,0,1,0,FALSE,Natural-dominated
Charpassonne la Valette,159,4,1,75,45.765039,4.29147,1,Natural vegetation,1,Natural vegetation,0,0.333333333,0,0,0.666666667,0.333333333,TRUE,Natural-dominated
Charpassonne le Tél,300,38,20,47.36842105,45.804494,4.316504,1,Natural vegetation,1,Natural vegetation,0,0,0,0,1,0,FALSE,Natural-dominated
Charpassonne Moulin de Ronzy,159,8,1,87.5,45.78491,4.314855,1,Natural vegetation,1,Natural vegetation,0,0,0,0,1,0,FALSE,Natural-dominated
Charpassonne Moulin Marcel,210,17,9,47.05882353,45.825752,4.305821,1,Natural vegetation,1,Natural vegetation,0.25,0,0,0,0.75,0.25,FALSE,Natural-dominated
Coise la Bruyere,210,54,16,70.37037037,45.62501,4.552785,2,Cropland,2,Cropland,0,1,0,0,0,1,TRUE,Ag-dominated
Coizet,211,19,2,89.47368421,45.625713,4.50712,2,Cropland,2,Cropland,0,1,0,0,0,1,TRUE,Ag-dominated
Curraize,256,3,0,100,45.580995,4.171648,2,Cropland,2,Cropland,0,1,0,0,0,1,TRUE,Ag-dominated
Doise,364,29,10,65.51724138,45.736709,4.296509,1,Natural vegetation,1,Natural vegetation,0,0.5,0,0,0.5,0.5,TRUE,Ag-dominated
Fontbonne aval,192,10,5,50,45.820128,4.342175,1,Natural vegetation,1,Natural vegetation,0,0,0,0,1,0,FALSE,Natural-dominated
Fontbonne Bessenay,207,32,1,96.875,45.826535,4.369788,1,Natural vegetation,1,Natural vegetation,0,0,0,0,1,0,FALSE,Natural-dominated
Fowey_Restormel,1474,12,10,16.66666667,50.4309,-4.6788,1,Natural vegetation,1,Natural vegetation,0,0.25,0,0,0.75,0.25,FALSE,Natural-dominated
FP01,1211,559,466,16.63685152,50.917653,-1.645012,1,Natural vegetation,1,Natural vegetation,0,0,0,0,1,0,FALSE,Natural-dominated
FP02,582,36,34,5.555555556,50.68963,-2.225391,2,Cropland,1,Natural vegetation,0,0.25,0,0,0.75,0.25,FALSE,Natural-dominated
FP06,633,483,482,0.207039337,50.78564,-2.316285,2,Cropland,2,Cropland,0,1,0,0,0,1,TRUE,Ag-dominated
FP11,879,268,267,0.373134328,50.68115,-2.189257,1,Natural vegetation,1,Natural vegetation,0,0,0,0,1,0,FALSE,Natural-dominated
FP12,665,61,58,4.918032787,50.71317,-2.414234,1,Natural vegetation,2,Cropland,0,1,0,0,0,1,TRUE,Ag-dominated
FP15,660,78,78,0,50.79024,-2.582322,2,Cropland,1,Natural vegetation,0,0.5,0,0,0.5,0.5,TRUE,Ag-dominated
FP21,630,324,323,0.308641975,50.68799,-2.124167,1,Natural vegetation,1,Natural vegetation,0,0,0,0,1,0,FALSE,Natural-dominated
FP22,989,266,233,12.40601504,50.74038,-2.254687,2,Cropland,2,Cropland,0,1,0,0,0,1,TRUE,Ag-dominated
FP23,667,268,261,2.611940299,50.76695,-2.400529,2,Cropland,2,Cropland,0,1,0,0,0,1,TRUE,Ag-dominated
FP26,1089,368,320,13.04347826,50.79749,-2.523172,1,Natural vegetation,1,Natural vegetation,0,0,0,0,1,0,FALSE,Natural-dominated
FP31,646,16,15,6.25,50.77655,-2.576124,2,Cropland,1,Natural vegetation,0,0.5,0,0,0.5,0.5,TRUE,Ag-dominated
FUI,1158,16,4,75,41.6833,2.5667,1,Natural vegetation,1,Natural vegetation,0,0,0,0,1,0,FALSE,Natural-dominated
Le Rieu,202,47,34,27.65957447,45.625399,4.55312,2,Cropland,2,Cropland,0,1,0,0,0,1,TRUE,Ag-dominated
Loise amont Doise Salt,328,11,4,63.63636364,45.737758,4.29548,1,Natural vegetation,1,Natural vegetation,0,0.5,0,0,0.5,0.5,TRUE,Ag-dominated
Loise Essertine en Donzy,117,15,7,53.33333333,45.752768,4.327479,2,Cropland,1,Natural vegetation,0,0,0,0,1,0,FALSE,Natural-dominated
Mare Pont du diable,224,24,16,33.33333333,45.490166,4.133384,1,Natural vegetation,1,Natural vegetation,0,0,0,0,1,0,FALSE,Natural-dominated
mercier amont presles,207,1,0,100,45.7549898,4.6686959,1,Natural vegetation,2,Cropland,0.5,0.5,0,0,0,1,TRUE,Urban-dominated
miloniere,203,2,1,50,45.717876,4.6293848,1,Natural vegetation,1,Natural vegetation,0.25,0.25,0,0,0.5,0.5,TRUE,Natural-dominated
morcilles,187,5,2,60,46.1259817,4.7009917,2,Cropland,1,Natural vegetation,0,0.25,0,0,0.75,0.25,FALSE,Natural-dominated
Moulin Piquet aval,313,16,7,56.25,45.806483,4.319036,1,Natural vegetation,1,Natural vegetation,0,0,0,0,1,0,FALSE,Natural-dominated
PL09,608,350,347,0.857142857,51.46858,-1.440655,2,Cropland,2,Cropland,0,1,0,0,0,1,TRUE,Ag-dominated
PL15,1345,138,128,7.246376812,51.41088,-1.325613,3,Urban,3,Urban,1,0,0,0,0,1,TRUE,Urban-dominated
PL17,1352,432,376,12.96296296,51.43531,-1.205849,2,Cropland,2,Cropland,0,1,0,0,0,1,TRUE,Ag-dominated
PL18,1379,528,454,14.01515152,51.45344,-1.227842,2,Cropland,2,Cropland,0,0.75,0,0,0.25,0.75,TRUE,Ag-dominated
PL19,1450,341,294,13.7829912,51.46838,-1.085784,2,Cropland,2,Cropland,0,1,0,0,0,1,TRUE,Ag-dominated
PL20,1184,224,191,14.73214286,51.44261,-1.157162,2,Cropland,2,Cropland,0,1,0,0,0,1,TRUE,Ag-dominated
ratier amont charbonnieres,203,2,0,100,45.7581675,4.7554872,3,Urban,3,Urban,1,0,0,0,0,1,TRUE,Urban-dominated
ratier amont ribes,208,1,0,100,45.7558605,4.7437924,3,Urban,3,Urban,0.75,0.25,0,0,0,1,TRUE,Urban-dominated
sallarin,208,8,2,75,46.0550185,4.651791,1,Natural vegetation,1,Natural vegetation,0,0,0,0,1,0,FALSE,Natural-dominated
st didier,201,1,0,100,46.1658245,4.5684728,1,Natural vegetation,1,Natural vegetation,0,0,0,0,1,0,FALSE,Natural-dominated
Stour_Wixoe,2932,16,10,37.5,52.0571,0.4997,2,Cropland,2,Cropland,0,1,0,0,0,1,TRUE,Ag-dominated
TE03,300,51,51,0,52.90345,-2.457871,1,Natural vegetation,1,Natural vegetation,0,0,0,0,1,0,FALSE,Natural-dominated
TE05,279,91,88,3.296703297,52.87967,-2.554205,1,Natural vegetation,2,Cropland,0,1,0,0,0,1,TRUE,Ag-dominated
TE09,425,166,163,1.807228916,52.8052,-2.522106,2,Cropland,2,Cropland,0,1,0,0,0,1,TRUE,Ag-dominated
TE16,422,95,93,2.105263158,52.94308,-2.437456,1,Natural vegetation,1,Natural vegetation,0,0,0,0,1,0,FALSE,Natural-dominated
TE20,471,78,76,2.564102564,52.79611,-2.544244,2,Cropland,2,Cropland,0,1,0,0,0,1,TRUE,Ag-dominated
TE22,959,96,73,23.95833333,52.87967,-2.554205,1,Natural vegetation,2,Cropland,0,1,0,0,0,1,TRUE,Ag-dominated
Thames_Taplow,2332,7,1,85.71428571,51.5366,-0.698,3,Urban,3,Urban,1,0,0,0,0,1,TRUE,Urban-dominated
thielas,210,1,0,100,46.1103645,4.6113778,1,Natural vegetation,1,Natural vegetation,0,0,0,0,1,0,FALSE,Natural-dominated
thiollet,200,1,0,100,45.7144619,4.5749122,1,Natural vegetation,1,Natural vegetation,0,0,0,0,1,0,FALSE,Natural-dominated
Toranche aval,313,89,53,40.4494382,45.685126,4.215967,2,Cropland,2,Cropland,0,1,0,0,0,1,TRUE,Ag-dominated
Toranche St Cyr les Vignes,370,43,25,41.86046512,45.673081,4.301466,1,Natural vegetation,1,Natural vegetation,0,0.333333333,0,0,0.666666667,0.333333333,TRUE,Natural-dominated
Trout Beck_ Calgaith,2332,7,1,85.71428571,54.3955,-2.92045,1,Natural vegetation,1,Natural vegetation,0,0,0.25,0,0.75,0,FALSE,Natural-dominated
vernus,195,10,0,100,46.1429728,4.6500288,1,Natural vegetation,1,Natural vegetation,0,0,0,0,1,0,FALSE,Natural-dominated
Vizézy amont Bullieux,153,16,3,81.25,45.638865,4.104924,2,Cropland,2,Cropland,0,0.75,0,0,0.25,0.75,TRUE,Ag-dominated
