file_name,median_hours,n_events,latitude,longitude,lc5_point,lc5_name,lc5_dom_2km,lc5_dom_name_2km,p_urban_2km,p_crop_2km,p_other_2km,p_wetland_2km,p_natural_2km,human_share,human_impacted,landuse_group
10129900,5,168,40.73522634,-111.4760313,1,Natural vegetation,1,Natural vegetation,0,0,0,0,1,0,FALSE,Natural-dominated
10133650,NA,0,40.7238375,-111.5196438,1,Natural vegetation,1,Natural vegetation,0,0,0,0,1,0,FALSE,Natural-dominated
10133800,NA,0,40.75966979,-111.5640912,3,Urban,1,Natural vegetation,0,0,0,0,1,0,FALSE,Natural-dominated
10133980,NA,0,40.8695861,-111.5866222,1,Natural vegetation,1,Natural vegetation,0,0,0,0,1,0,FALSE,Natural-dominated
1021050,NA,0,45.17,-67.2966667,3,Urban,1,Natural vegetation,0.25,0,0,0,0.75,0.25,FALSE,Natural-dominated
1043110325021_,13,4,43.7631,142.275,1,Natural vegetation,1,Natural vegetation,0,0,0,0,1,0,FALSE,Natural-dominated
1043110332180_,2,14,42.8325,141.6597,3,Urban,3,Urban,1,0,0,0,0,1,TRUE,Urban-dominated
1043110332210_,5,176,43.0378,141.355,3,Urban,3,Urban,0.75,0,0,0,0.25,0.75,TRUE,Urban-dominated
11044000,2,11,33.4739175,-117.1422536,1,Natural vegetation,3,Urban,0.75,0,0,0,0.25,0.75,TRUE,Urban-dominated
1104430,3,1,42.3981512,-71.2733903,3,Urban,5,Other,0,0,1,0,0,0,FALSE,Mixed
1108000,NA,0,41.9339903,-70.9564307,1,Natural vegetation,1,Natural vegetation,0,0,0,0,1,0,FALSE,Natural-dominated
1108410,NA,0,41.8998232,-71.0894897,3,Urban,3,Urban,1,0,0,0,0,1,TRUE,Urban-dominated
11092450,3,25,34.16167247,-118.466749,3,Urban,3,Urban,1,0,0,0,0,1,TRUE,Urban-dominated
11126000,NA,0,34.58914745,-119.9887195,1,Natural vegetation,1,Natural vegetation,0,0,0,0,1,0,FALSE,Natural-dominated
11126400,2.5,22,34.5901111,-120.025361,1,Natural vegetation,1,Natural vegetation,0,0,0,0,1,0,FALSE,Natural-dominated
11128500,6,331,34.58498706,-120.1445926,3,Urban,3,Urban,1,0,0,0,0,1,TRUE,Urban-dominated
11152850,NA,0,37.08669444,-121.2875556,1,Natural vegetation,1,Natural vegetation,0,0,0,0,1,0,FALSE,Natural-dominated
11152880,4,5,37.04368056,-121.2759028,1,Natural vegetation,1,Natural vegetation,0,0,0,0,1,0,FALSE,Natural-dominated
11152890,NA,0,37.03480556,-121.3100556,1,Natural vegetation,1,Natural vegetation,0,0,0,0,1,0,FALSE,Natural-dominated
11152900,5,8,37.0499451,-121.327431,1,Natural vegetation,1,Natural vegetation,0,0,0,0,1,0,FALSE,Natural-dominated
11153000,4,2,36.98,-121.3802778,2,Cropland,1,Natural vegetation,0,0,0,0,1,0,FALSE,Natural-dominated
11173200,NA,0,37.46160337,-121.769397,1,Natural vegetation,1,Natural vegetation,0,0,0,0,1,0,FALSE,Natural-dominated
1124149,NA,0,41.94747969,-71.9017145,1,Natural vegetation,1,Natural vegetation,0,0,0,0,1,0,FALSE,Natural-dominated
11273400,6,24,37.3472151,-120.9761777,2,Cropland,2,Cropland,0.25,0.75,0,0,0,1,TRUE,Ag-dominated
11337190,NA,0,38.0521424,-121.6888428,5,Other,2,Cropland,0,1,0,0,0,1,TRUE,Ag-dominated
11447650,NA,0,38.45566389,-121.5016167,2,Cropland,2,Cropland,0.5,0.5,0,0,0,1,TRUE,Urban-dominated
11447890,NA,0,38.25769218,-121.5182865,2,Cropland,2,Cropland,0,1,0,0,0,1,TRUE,Ag-dominated
11453590,NA,0,38.6469722,-122.365825,1,Natural vegetation,1,Natural vegetation,0,0,0.25,0,0.75,0,FALSE,Natural-dominated
11455095,NA,0,38.47686944,-121.5836417,2,Cropland,2,Cropland,0,1,0,0,0,1,TRUE,Ag-dominated
11455136,NA,0,38.40444444,-121.6145556,2,Cropland,2,Cropland,0,1,0,0,0,1,TRUE,Ag-dominated
11455338,NA,0,38.23739167,-121.6739556,5,Other,2,Cropland,0,0.75,0.25,0,0,0.75,TRUE,Ag-dominated
11455478,NA,0,38.093252,-121.7371772,5,Other,2,Cropland,0,1,0,0,0,1,TRUE,Ag-dominated
11455485,NA,0,38.0778083,-121.767286,5,Other,2,Cropland,0,0.5,0.25,0,0.25,0.5,TRUE,Ag-dominated
11461500,NA,0,39.24652277,-123.1302509,1,Natural vegetation,1,Natural vegetation,0,0,0,0,1,0,FALSE,Natural-dominated
11462500,NA,0,39.0265265,-123.1305253,1,Natural vegetation,1,Natural vegetation,0,0.5,0,0,0.5,0.5,TRUE,Ag-dominated
11463000,NA,0,38.87930758,-123.0535767,1,Natural vegetation,1,Natural vegetation,0,0,0,0,1,0,FALSE,Natural-dominated
11463682,NA,0,38.65820245,-122.8294009,1,Natural vegetation,2,Cropland,0,1,0,0,0,1,TRUE,Ag-dominated
11463980,NA,0,38.6329653,-122.8555494,1,Natural vegetation,3,Urban,1,0,0,0,0,1,TRUE,Urban-dominated
11465240,NA,0,38.65324355,-122.9272191,2,Cropland,1,Natural vegetation,0,0.25,0,0,0.75,0.25,FALSE,Natural-dominated
11467000,NA,0,38.50852336,-122.9277737,1,Natural vegetation,1,Natural vegetation,0,0,0,0,1,0,FALSE,Natural-dominated
11509370,5,360,42.12788298,-121.9288769,1,Natural vegetation,1,Natural vegetation,0,0,0,0,1,0,FALSE,Natural-dominated
11509500,NA,0,42.13319946,-121.9622313,1,Natural vegetation,1,Natural vegetation,0,0,0,0,1,0,FALSE,Natural-dominated
11510700,NA,0,42.0845877,-122.0733453,1,Natural vegetation,1,Natural vegetation,0,0,0,0,1,0,FALSE,Natural-dominated
11511990,NA,0,41.973,-122.3648222,1,Natural vegetation,1,Natural vegetation,0,0,0,0,1,0,FALSE,Natural-dominated
1161280,NA,0,42.6833333,-72.4719444,5,Other,1,Natural vegetation,0.25,0,0,0,0.75,0.25,FALSE,Natural-dominated
1184000,NA,0,41.9873186,-72.6053669,5,Other,1,Natural vegetation,0.5,0,0,0,0.5,0.5,TRUE,Urban-dominated
1191000,4.5,32,41.78443889,-72.7080556,3,Urban,3,Urban,1,0,0,0,0,1,TRUE,Urban-dominated
12090400,NA,0,47.1345151,-122.4151013,3,Urban,3,Urban,1,0,0,0,0,1,TRUE,Urban-dominated
12090500,NA,0,47.14590298,-122.5103822,3,Urban,5,Other,0,0,1,0,0,0,FALSE,Mixed
12098700,NA,0,47.169824,-122.0026114,1,Natural vegetation,1,Natural vegetation,0,0.5,0,0,0.5,0.5,TRUE,Ag-dominated
12100490,NA,0,47.27479497,-122.207876,1,Natural vegetation,3,Urban,0.75,0,0,0,0.25,0.75,TRUE,Urban-dominated
12101102,NA,0,47.23555556,-122.236111,3,Urban,3,Urban,1,0,0,0,0,1,TRUE,Urban-dominated
12102078,NA,0,47.2009047,-122.3417673,3,Urban,3,Urban,1,0,0,0,0,1,TRUE,Urban-dominated
12442500,NA,0,48.98460109,-119.6184098,1,Natural vegetation,1,Natural vegetation,0,0,0,0,1,0,FALSE,Natural-dominated
12492900,NA,0,46.2852222,-120.0919944,2,Cropland,2,Cropland,0,1,0,0,0,1,TRUE,Ag-dominated
12507573,1,2,46.2852222,-120.0919944,2,Cropland,2,Cropland,0,1,0,0,0,1,TRUE,Ag-dominated
12509489,NA,0,46.2124361,-119.7656833,3,Urban,2,Cropland,0.5,0.5,0,0,0,1,TRUE,Urban-dominated
12510500,NA,0,46.25346748,-119.4780794,3,Urban,1,Natural vegetation,0,0.5,0,0,0.5,0.5,TRUE,Ag-dominated
12511800,NA,0,46.2970794,-119.3333527,3,Urban,3,Urban,0.75,0.25,0,0,0,1,TRUE,Urban-dominated
13013650,NA,0,43.65405556,-110.7154722,1,Natural vegetation,1,Natural vegetation,0,0,0,0,1,0,FALSE,Natural-dominated
13018750,NA,0,43.3722222,-110.7386111,1,Natural vegetation,1,Natural vegetation,0,0,0,0,1,0,FALSE,Natural-dominated
1302020,9,5,40.86230556,-73.87438889,3,Urban,3,Urban,1,0,0,0,0,1,TRUE,Urban-dominated
13213000,NA,0,43.78166667,-116.9727778,2,Cropland,2,Cropland,0,1,0,0,0,1,TRUE,Ag-dominated
1342732,NA,0,43.01975,-75.0284722,3,Urban,3,Urban,1,0,0,0,0,1,TRUE,Urban-dominated
1354330,NA,0,42.8281583,-73.9903722,3,Urban,3,Urban,0.75,0,0,0,0.25,0.75,TRUE,Urban-dominated
1355475,NA,0,42.8511111,-73.88725,3,Urban,1,Natural vegetation,0.25,0.25,0,0,0.5,0.5,TRUE,Natural-dominated
135749950,1,6,42.78569444,-73.7104167,3,Urban,1,Natural vegetation,0.5,0,0,0,0.5,0.5,TRUE,Urban-dominated
135980207,NA,0,42.4996111,-73.7768056,5,Other,1,Natural vegetation,0.25,0.25,0,0,0.5,0.5,TRUE,Natural-dominated
1363121256010_,1,16,38.7736,139.8489,2,Cropland,2,Cropland,0,1,0,0,0,1,TRUE,Ag-dominated
1376307,NA,0,40.93625,-73.9043056,3,Urban,3,Urban,0.5,0,0.5,0,0,0.5,TRUE,Urban-dominated
1376515,NA,0,40.76463889,-74.0031944,5,Other,5,Other,0,0,1,0,0,0,FALSE,Mixed
1376520,NA,0,40.72152778,-74.0156111,5,Other,3,Urban,0.5,0,0.5,0,0,0.5,TRUE,Urban-dominated
1388000,NA,0,40.99194444,-74.28,3,Urban,3,Urban,1,0,0,0,0,1,TRUE,Urban-dominated
1400500,NA,0,40.55555556,-74.58277778,3,Urban,3,Urban,1,0,0,0,0,1,TRUE,Urban-dominated
1402000,7,8,40.475,-74.5758333,2,Cropland,3,Urban,1,0,0,0,0,1,TRUE,Urban-dominated
14078260,7,2,44.062,-120.0433056,1,Natural vegetation,1,Natural vegetation,0,0,0,0,1,0,FALSE,Natural-dominated
14149011,NA,0,43.91378056,-122.7556472,1,Natural vegetation,1,Natural vegetation,0,0,0,0,1,0,FALSE,Natural-dominated
14150000,NA,0,43.9456815,-122.8372967,1,Natural vegetation,1,Natural vegetation,0,0,0,0,1,0,FALSE,Natural-dominated
14151000,1,1,43.94429299,-122.774794,1,Natural vegetation,1,Natural vegetation,0,0,0,0,1,0,FALSE,Natural-dominated
14152000,NA,0,43.99818166,-122.9059126,1,Natural vegetation,1,Natural vegetation,0,0,0,0,1,0,FALSE,Natural-dominated
14158100,NA,0,44.09166667,-123.116111,3,Urban,2,Cropland,0.5,0.5,0,0,0,1,TRUE,Urban-dominated
14158850,NA,0,44.2679001,-122.0497826,1,Natural vegetation,1,Natural vegetation,0,0,0,0,1,0,FALSE,Natural-dominated
14159500,NA,0,44.13595817,-122.248391,1,Natural vegetation,1,Natural vegetation,0,0,0.25,0,0.75,0,FALSE,Natural-dominated
14162200,NA,0,44.16234819,-122.3331192,1,Natural vegetation,1,Natural vegetation,0,0,0,0,1,0,FALSE,Natural-dominated
14162450,NA,0,44.1233611,-122.3787222,1,Natural vegetation,1,Natural vegetation,0,0,0,0,1,0,FALSE,Natural-dominated
14162500,NA,0,44.1248487,-122.47062,1,Natural vegetation,1,Natural vegetation,0,0,0,0,1,0,FALSE,Natural-dominated
14163000,NA,0,44.1460861,-122.5730333,1,Natural vegetation,1,Natural vegetation,0,0,0,0,1,0,FALSE,Natural-dominated
14163900,NA,0,44.0698492,-122.7711874,2,Cropland,2,Cropland,0,1,0,0,0,1,TRUE,Ag-dominated
14164550,NA,0,44.07066667,-122.8846667,2,Cropland,1,Natural vegetation,0.25,0.25,0,0,0.5,0.5,TRUE,Natural-dominated
14181500,NA,0,44.75377778,-122.2974444,1,Natural vegetation,1,Natural vegetation,0,0,0,0,1,0,FALSE,Natural-dominated
14182500,NA,0,44.7915108,-122.5789738,1,Natural vegetation,1,Natural vegetation,0,0,0,0,1,0,FALSE,Natural-dominated
14183020,NA,0,44.7782222,-122.6777222,2,Cropland,2,Cropland,0,1,0,0,0,1,TRUE,Ag-dominated
14185000,NA,0,44.39179225,-122.4975817,1,Natural vegetation,1,Natural vegetation,0,0,0,0,1,0,FALSE,Natural-dominated
14185900,NA,0,44.54012357,-122.4359155,1,Natural vegetation,1,Natural vegetation,0,0,0,0,1,0,FALSE,Natural-dominated
14186200,NA,0,44.44818005,-122.5503613,1,Natural vegetation,1,Natural vegetation,0,0,0.25,0,0.75,0,FALSE,Natural-dominated
14187200,NA,0,44.4123468,-122.6886956,1,Natural vegetation,1,Natural vegetation,0.25,0,0,0,0.75,0.25,FALSE,Natural-dominated
14187500,NA,0,44.4984564,-122.8234214,1,Natural vegetation,1,Natural vegetation,0,0,0,0,1,0,FALSE,Natural-dominated
14202650,8,232,45.44064167,-123.125,2,Cropland,2,Cropland,0,0.75,0,0,0.25,0.75,TRUE,Ag-dominated
14202980,NA,0,45.46927968,-123.200109,5,Other,1,Natural vegetation,0,0,0,0,1,0,FALSE,Natural-dominated
14203500,NA,0,45.4748365,-123.124274,2,Cropland,1,Natural vegetation,0,0.5,0,0,0.5,0.5,TRUE,Ag-dominated
14206241,NA,0,45.50011635,-122.9912157,2,Cropland,2,Cropland,0.5,0.5,0,0,0,1,TRUE,Urban-dominated
14206694,NA,0,45.40150659,-122.8951003,2,Cropland,2,Cropland,0,1,0,0,0,1,TRUE,Ag-dominated
14206950,2,27,45.403452,-122.7548185,3,Urban,3,Urban,0.75,0,0,0,0.25,0.75,TRUE,Urban-dominated
14207200,NA,0,45.35650877,-122.6850937,1,Natural vegetation,1,Natural vegetation,0,0,0,0,1,0,FALSE,Natural-dominated
14209700,NA,0,45.14762079,-122.1531366,1,Natural vegetation,1,Natural vegetation,0,0,0,0,1,0,FALSE,Natural-dominated
14209710,NA,0,45.16706506,-122.1561923,1,Natural vegetation,1,Natural vegetation,0,0,0,0,1,0,FALSE,Natural-dominated
14210000,NA,0,45.29984346,-122.3539746,1,Natural vegetation,1,Natural vegetation,0.25,0,0,0,0.75,0.25,FALSE,Natural-dominated
14211010,NA,0,45.3792874,-122.5773134,3,Urban,1,Natural vegetation,0.5,0,0,0,0.5,0.5,TRUE,Urban-dominated
1427207,NA,0,41.86727778,-75.21375,1,Natural vegetation,1,Natural vegetation,0,0,0,0,1,0,FALSE,Natural-dominated
1427510,NA,0,41.75675,-75.0574167,1,Natural vegetation,1,Natural vegetation,0,0,0,0,1,0,FALSE,Natural-dominated
14316460,NA,0,43.3059544,-122.5128232,1,Natural vegetation,1,Natural vegetation,0,0,0,0,1,0,FALSE,Natural-dominated
14317450,NA,0,43.324563,-122.9997836,1,Natural vegetation,1,Natural vegetation,0,0,0,0,1,0,FALSE,Natural-dominated
1433005,NA,0,41.56727778,-74.78327778,1,Natural vegetation,1,Natural vegetation,0,0,0,0,1,0,FALSE,Natural-dominated
1433500,NA,0,41.4612222,-74.75877778,1,Natural vegetation,1,Natural vegetation,0,0,0,0,1,0,FALSE,Natural-dominated
1438500,NA,0,41.30916667,-74.79527778,1,Natural vegetation,1,Natural vegetation,0,0,0,0,1,0,FALSE,Natural-dominated
1454700,NA,0,40.6692656,-75.23628808,3,Urban,3,Urban,0.75,0,0,0,0.25,0.75,TRUE,Urban-dominated
1458500,NA,0,40.5261111,-75.065,3,Urban,1,Natural vegetation,0,0,0,0,1,0,FALSE,Natural-dominated
1465798,2,1,40.0569557,-74.9851603,3,Urban,3,Urban,1,0,0,0,0,1,TRUE,Urban-dominated
14670261,NA,0,40.0385,-74.9936111,5,Other,3,Urban,0.75,0,0.25,0,0,0.75,TRUE,Urban-dominated
1467042,NA,0,40.0897334,-75.0690517,3,Urban,1,Natural vegetation,0,0,0,0,1,0,FALSE,Natural-dominated
1467048,NA,0,40.0500115,-75.0326619,3,Urban,3,Urban,1,0,0,0,0,1,TRUE,Urban-dominated
1467086,NA,0,40.04261157,-75.1121191,3,Urban,3,Urban,1,0,0,0,0,1,TRUE,Urban-dominated
1467087,3.5,8,40.0159454,-75.0968411,3,Urban,3,Urban,1,0,0,0,0,1,TRUE,Urban-dominated
1467200,NA,0,39.946402,-75.1393603,5,Other,3,Urban,1,0,0,0,0,1,TRUE,Urban-dominated
1473500,NA,0,40.11555556,-75.3561111,3,Urban,3,Urban,1,0,0,0,0,1,TRUE,Urban-dominated
1473900,2,11,40.1239987,-75.2198992,1,Natural vegetation,1,Natural vegetation,0,0,0,0,1,0,FALSE,Natural-dominated
1474000,NA,0,40.0152903,-75.2068343,3,Urban,3,Urban,1,0,0,0,0,1,TRUE,Urban-dominated
1474500,NA,0,39.9677908,-75.1885007,3,Urban,3,Urban,1,0,0,0,0,1,TRUE,Urban-dominated
1475530,NA,0,39.9747355,-75.2798924,3,Urban,3,Urban,1,0,0,0,0,1,TRUE,Urban-dominated
1475548,3,28,39.9327861,-75.2376361,3,Urban,3,Urban,1,0,0,0,0,1,TRUE,Urban-dominated
1477050,1,3,39.83677934,-75.36630199,5,Other,5,Other,0,0,1,0,0,0,FALSE,Mixed
1480617,NA,0,39.9617734,-75.8013341,1,Natural vegetation,1,Natural vegetation,0,0,0,0,1,0,FALSE,Natural-dominated
1480870,NA,0,39.9687191,-75.6732715,1,Natural vegetation,1,Natural vegetation,0,0,0,0,1,0,FALSE,Natural-dominated
1481000,NA,0,39.8698328,-75.5932623,1,Natural vegetation,1,Natural vegetation,0,0,0,0,1,0,FALSE,Natural-dominated
1481500,NA,0,39.7695,-75.5766944,3,Urban,3,Urban,0.666666667,0,0,0,0.333333333,0.666666667,TRUE,Urban-dominated
1484272,2,497,38.791,-75.25077778,1,Natural vegetation,2,Cropland,0,0.5,0,0.25,0.25,0.5,TRUE,Ag-dominated
1484525,2,80,38.59455556,-75.29102778,3,Urban,1,Natural vegetation,0,0,0.5,0,0.5,0,FALSE,Natural-dominated
1487165,NA,0,38.6863611,-75.6176944,2,Cropland,2,Cropland,0,0.75,0,0,0.25,0.75,TRUE,Ag-dominated
1491000,NA,0,38.99719444,-75.7858056,2,Cropland,2,Cropland,0,1,0,0,0,1,TRUE,Ag-dominated
15008000,NA,0,56.025815,-130.0669823,1,Natural vegetation,1,Natural vegetation,0,0,0,0.25,0.75,0,FALSE,Natural-dominated
15015595,NA,0,56.2402062,-130.8819864,1,Natural vegetation,1,Natural vegetation,0,0,0,0,1,0,FALSE,Natural-dominated
15024800,NA,0,56.7079243,-132.1319708,5,Other,1,Natural vegetation,0,0,0,0,1,0,FALSE,Natural-dominated
15041200,NA,0,58.53829828,-133.7017432,1,Natural vegetation,1,Natural vegetation,0,0,0,0,1,0,FALSE,Natural-dominated
15319015,NA,0,41.71691667,-76.6668056,1,Natural vegetation,2,Cropland,0,1,0,0,0,1,TRUE,Ag-dominated
1540008,NA,0,40.95399444,-76.4679944,5,Other,1,Natural vegetation,0,0.5,0,0,0.5,0.5,TRUE,Ag-dominated
1542500,NA,0,41.11755906,-78.108896,1,Natural vegetation,1,Natural vegetation,0,0,0,0,1,0,FALSE,Natural-dominated
1544500,NA,0,41.47583829,-77.82580078,1,Natural vegetation,1,Natural vegetation,0,0,0,0,1,0,FALSE,Natural-dominated
1548030,NA,0,40.9804722,-77.48277778,1,Natural vegetation,1,Natural vegetation,0,0,0,0,1,0,FALSE,Natural-dominated
1549700,NA,0,41.273683,-77.32414028,1,Natural vegetation,1,Natural vegetation,0,0,0,0,1,0,FALSE,Natural-dominated
1552044,NA,0,54.15556,-1.349187,2,Cropland,2,Cropland,0,1,0,0,0,1,TRUE,Ag-dominated
1552046,3,11,53.77701,-1.505282,3,Urban,3,Urban,1,0,0,0,0,1,TRUE,Urban-dominated
1552048,11.5,82,53.75148,-1.42369,3,Urban,2,Cropland,0,1,0,0,0,1,TRUE,Ag-dominated
1573208,NA,0,40.32223889,-76.6293944,2,Cropland,2,Cropland,0,1,0,0,0,1,TRUE,Ag-dominated
1573660,NA,0,40.1533333,-76.7555556,3,Urban,5,Other,0,0.25,0.5,0,0.25,0.25,FALSE,Mixed
1573684,NA,0,40.22519444,-76.55452778,2,Cropland,2,Cropland,0,0.75,0,0,0.25,0.75,TRUE,Ag-dominated
1573816,NA,0,39.87805556,-77.10077778,2,Cropland,2,Cropland,0,1,0,0,0,1,TRUE,Ag-dominated
1574000,1,3,40.0809008,-76.7180813,2,Cropland,2,Cropland,0,0.75,0.25,0,0,0.75,TRUE,Ag-dominated
1575598,NA,0,40.0522222,-76.6544444,3,Urban,2,Cropland,0,0.5,0.25,0,0.25,0.5,TRUE,Ag-dominated
1575900,NA,0,40.0628745,-76.5155214,2,Cropland,2,Cropland,0.5,0.5,0,0,0,1,TRUE,Urban-dominated
1576007,NA,0,40.01416667,-76.5480556,1,Natural vegetation,3,Urban,1,0,0,0,0,1,TRUE,Urban-dominated
1576045,NA,0,39.94194444,-76.50027778,2,Cropland,2,Cropland,0,1,0,0,0,1,TRUE,Ag-dominated
1576381,NA,0,40.2710833,-76.3217222,2,Cropland,1,Natural vegetation,0,0.5,0,0,0.5,0.5,TRUE,Ag-dominated
1577500,NA,0,39.77260378,-76.3157919,1,Natural vegetation,2,Cropland,0,0.5,0.25,0,0.25,0.5,TRUE,Ag-dominated
1579550,NA,0,39.62605556,-76.15775,5,Other,1,Natural vegetation,0,0,0.25,0,0.75,0,FALSE,Natural-dominated
1584376,14,27,53.99151,-1.13211,2,Cropland,2,Cropland,0.5,0.5,0,0,0,1,TRUE,Urban-dominated
1584377,NA,0,53.97311,-1.350507,2,Cropland,2,Cropland,0,1,0,0,0,1,TRUE,Ag-dominated
1594441,NA,0,38.9468333,-76.69488889,1,Natural vegetation,1,Natural vegetation,0.5,0,0,0,0.5,0.5,TRUE,Urban-dominated
1608500,NA,0,39.44703879,-78.6541817,1,Natural vegetation,1,Natural vegetation,0,0,0,0,1,0,FALSE,Natural-dominated
1611500,3,1,39.5823158,-78.3097312,1,Natural vegetation,1,Natural vegetation,0,0,0,0,1,0,FALSE,Natural-dominated
163287828,NA,0,38.56496944,-78.7155028,1,Natural vegetation,1,Natural vegetation,0,0.25,0,0,0.75,0.25,FALSE,Natural-dominated
1632900,NA,0,38.69345016,-78.6427935,1,Natural vegetation,2,Cropland,0,1,0,0,0,1,TRUE,Ag-dominated
1633000,NA,0,38.74567048,-78.6389042,2,Cropland,2,Cropland,0,1,0,0,0,1,TRUE,Ag-dominated
1634000,NA,0,38.9767759,-78.3361152,1,Natural vegetation,1,Natural vegetation,0,0,0,0,1,0,FALSE,Natural-dominated
1638500,NA,0,39.2735833,-77.5431111,5,Other,1,Natural vegetation,0,0,0,0,1,0,FALSE,Natural-dominated
1643580,NA,0,39.2633972,-77.4357417,2,Cropland,1,Natural vegetation,0,0.5,0,0,0.5,0.5,TRUE,Ag-dominated
1645704,NA,0,38.88469518,-77.3324293,1,Natural vegetation,1,Natural vegetation,0.5,0,0,0,0.5,0.5,TRUE,Urban-dominated
1645762,NA,0,38.90888916,-77.3382627,1,Natural vegetation,1,Natural vegetation,0,0,0,0,1,0,FALSE,Natural-dominated
164578734,NA,0,38.9296611,-77.34113889,3,Urban,1,Natural vegetation,0,0,0,0,1,0,FALSE,Natural-dominated
164579522,4,4,38.9256,-77.32933889,3,Urban,1,Natural vegetation,0,0,0,0,1,0,FALSE,Natural-dominated
1646000,2,2,38.97594346,-77.24581439,1,Natural vegetation,1,Natural vegetation,0.25,0,0,0,0.75,0.25,FALSE,Natural-dominated
1646305,NA,0,38.95977716,-77.1756743,1,Natural vegetation,5,Other,0,0,1,0,0,0,FALSE,Mixed
1649190,NA,0,39.0333611,-76.96402778,1,Natural vegetation,3,Urban,1,0,0,0,0,1,TRUE,Urban-dominated
1649500,3,29,38.96025,-76.9259722,3,Urban,3,Urban,1,0,0,0,0,1,TRUE,Urban-dominated
1650800,NA,0,38.9862222,-77.0048611,3,Urban,3,Urban,1,0,0,0,0,1,TRUE,Urban-dominated
1654000,NA,0,38.81289066,-77.2283158,3,Urban,3,Urban,1,0,0,0,0,1,TRUE,Urban-dominated
1654107,NA,0,38.8246,-77.2667,3,Urban,3,Urban,1,0,0,0,0,1,TRUE,Urban-dominated
1654500,2,3,38.81358508,-77.2364549,3,Urban,3,Urban,1,0,0,0,0,1,TRUE,Urban-dominated
1654670,NA,0,38.7751822,-77.20324308,3,Urban,3,Urban,1,0,0,0,0,1,TRUE,Urban-dominated
1656903,3,23,38.8823899,-77.4319047,3,Urban,3,Urban,1,0,0,0,0,1,TRUE,Urban-dominated
1668000,NA,0,38.30846178,-77.52915268,1,Natural vegetation,3,Urban,0.5,0.25,0,0,0.25,0.75,TRUE,Urban-dominated
16701405,NA,0,38.139,-78.00673889,1,Natural vegetation,1,Natural vegetation,0,0,0,0,1,0,FALSE,Natural-dominated
1670200,2,7,38.1545801,-77.9502747,1,Natural vegetation,1,Natural vegetation,0,0.5,0,0,0.5,0.5,TRUE,Ag-dominated
1673000,NA,0,37.76764189,-77.3322018,1,Natural vegetation,1,Natural vegetation,0,0,0,0,1,0,FALSE,Natural-dominated
1674500,NA,0,37.88388889,-77.16527778,1,Natural vegetation,1,Natural vegetation,0,0,0,0,1,0,FALSE,Natural-dominated
2035000,NA,0,37.67097957,-78.0858328,1,Natural vegetation,1,Natural vegetation,0,0,0,0,1,0,FALSE,Natural-dominated
204001,NA,0,-29.978146,152.725685,1,Natural vegetation,1,Natural vegetation,0,0,0,0,1,0,FALSE,Natural-dominated
204025,12,27,-30.2528,153.0333,1,Natural vegetation,1,Natural vegetation,0,0,0,0,1,0,FALSE,Natural-dominated
2041650,NA,0,37.2251505,-77.475263,3,Urban,1,Natural vegetation,0.5,0,0,0,0.5,0.5,TRUE,Urban-dominated
205373035,NA,0,37.1870833,-80.1519167,1,Natural vegetation,1,Natural vegetation,0,0,0,0,1,0,FALSE,Natural-dominated
205373075,NA,0,37.1913611,-80.1440833,1,Natural vegetation,1,Natural vegetation,0,0,0,0,1,0,FALSE,Natural-dominated
205373228,NA,0,37.1731111,-80.1350833,1,Natural vegetation,1,Natural vegetation,0,0,0,0,1,0,FALSE,Natural-dominated
205373422,NA,0,37.16475,-80.1413611,1,Natural vegetation,1,Natural vegetation,0,0,0,0,1,0,FALSE,Natural-dominated
205450393,NA,0,37.23430556,-80.19975,1,Natural vegetation,1,Natural vegetation,0,0,0,0,1,0,FALSE,Natural-dominated
205450495,NA,0,37.2337222,-80.1967778,1,Natural vegetation,1,Natural vegetation,0,0,0,0,1,0,FALSE,Natural-dominated
2054550,NA,0,37.27818976,-80.105041,3,Urban,3,Urban,1,0,0,0,0,1,TRUE,Urban-dominated
2054750,NA,0,37.27155556,-80.00788889,3,Urban,3,Urban,1,0,0,0,0,1,TRUE,Urban-dominated
205551460,NA,0,37.27794444,-79.9375556,3,Urban,3,Urban,1,0,0,0,0,1,TRUE,Urban-dominated
205551614,NA,0,37.27788889,-79.9093611,3,Urban,3,Urban,1,0,0,0,0,1,TRUE,Urban-dominated
205696042,NA,0,37.05227778,-79.8268333,1,Natural vegetation,1,Natural vegetation,0,0,0,0,1,0,FALSE,Natural-dominated
205696095,NA,0,37.0558333,-79.8254722,1,Natural vegetation,1,Natural vegetation,0,0.25,0,0,0.75,0.25,FALSE,Natural-dominated
2079500,6,1547,36.60319824,-78.2977743,5,Other,1,Natural vegetation,0,0,0.5,0,0.5,0,FALSE,Natural-dominated
208062765,NA,0,36.3311111,-77.58027778,1,Natural vegetation,1,Natural vegetation,0,0.25,0,0,0.75,0.25,FALSE,Natural-dominated
2081094,9,27,35.81305556,-76.89277778,1,Natural vegetation,1,Natural vegetation,0,0,0,0.5,0.5,0,FALSE,Natural-dominated
2098,12,5,40.363954,120.273091,2,Cropland,2,Cropland,0,1,0,0,0,1,TRUE,Ag-dominated
2099,NA,0,33.042398,106.264817,2,Cropland,1,Natural vegetation,0.25,0,0,0,0.75,0.25,FALSE,Natural-dominated
2100,4,1,30.84969,120.418512,3,Urban,3,Urban,0.5,0.25,0,0,0.25,0.75,TRUE,Urban-dominated
2101,NA,0,25.032207,106.140539,1,Natural vegetation,1,Natural vegetation,0,0,0,0,1,0,FALSE,Natural-dominated
210150,NA,0,-32.239117,151.695523,1,Natural vegetation,1,Natural vegetation,0,0,0,0,1,0,FALSE,Natural-dominated
2101726,12,608,35.73514055,-79.4230754,1,Natural vegetation,1,Natural vegetation,0,0,0,0,1,0,FALSE,Natural-dominated
2102,12,26,41.1889225,122.1876454,3,Urban,2,Cropland,0,1,0,0,0,1,TRUE,Ag-dominated
2102500,NA,0,35.4061111,-78.8133333,3,Urban,1,Natural vegetation,0,0.25,0,0,0.75,0.25,FALSE,Natural-dominated
2103,NA,0,30.078912,106.433255,3,Urban,2,Cropland,0,1,0,0,0,1,TRUE,Ag-dominated
2104,NA,0,44.069265,127.331612,1,Natural vegetation,1,Natural vegetation,0,0.25,0,0,0.75,0.25,FALSE,Natural-dominated
2105,NA,0,33.58455,113.403169,2,Cropland,2,Cropland,0,1,0,0,0,1,TRUE,Ag-dominated
2106,8,45,30.388179,114.352698,3,Urban,5,Other,0.333333333,0,0.666666667,0,0,0.333333333,TRUE,Mixed
2107,12,53,34.765515,113.753602,3,Urban,3,Urban,1,0,0,0,0,1,TRUE,Urban-dominated
2108,16,50,30.402384,120.554155,3,Urban,3,Urban,1,0,0,0,0,1,TRUE,Urban-dominated
2109,NA,0,41.32954,124.19027,5,Other,5,Other,0,0,1,0,0,0,FALSE,Mixed
2110,NA,0,41.274287,126.145747,1,Natural vegetation,1,Natural vegetation,0,0,0,0,1,0,FALSE,Natural-dominated
2110400,5,577,33.953505,-78.71973988,1,Natural vegetation,1,Natural vegetation,0,0,0,0,1,0,FALSE,Natural-dominated
2110500,4,128,33.9126719,-78.7150175,1,Natural vegetation,1,Natural vegetation,0,0,0,0,1,0,FALSE,Natural-dominated
2110701,5,2264,33.86100349,-79.0411471,1,Natural vegetation,1,Natural vegetation,0.25,0,0,0.25,0.5,0.25,FALSE,Natural-dominated
2110704,3,408,33.8326111,-79.0437222,3,Urban,3,Urban,0.5,0,0,0.5,0,0.5,TRUE,Urban-dominated
2111,8,1,43.628448,126.308376,1,Natural vegetation,1,Natural vegetation,0,0.5,0,0,0.5,0.5,TRUE,Ag-dominated
2112,NA,0,31.264172,105.07645,2,Cropland,2,Cropland,0,1,0,0,0,1,TRUE,Ag-dominated
2113,12,1,27.094325,109.614806,5,Other,1,Natural vegetation,0,0,0.5,0,0.5,0,FALSE,Natural-dominated
2114,4,6,34.889459,108.989429,3,Urban,3,Urban,1,0,0,0,0,1,TRUE,Urban-dominated
2115,NA,0,36.069564,110.444343,1,Natural vegetation,1,Natural vegetation,0,0,0,0,1,0,FALSE,Natural-dominated
2117,NA,0,33.278916,106.138647,1,Natural vegetation,1,Natural vegetation,0,0,0,0,1,0,FALSE,Natural-dominated
2118,10,28,45.787555,126.752056,3,Urban,3,Urban,1,0,0,0,0,1,TRUE,Urban-dominated
2119,NA,0,30.700479,117.229669,3,Urban,5,Other,0,0,1,0,0,0,FALSE,Mixed
2120,NA,0,28.630018,108.50076,1,Natural vegetation,1,Natural vegetation,0,0,0,0,1,0,FALSE,Natural-dominated
212011,72,1,-33.5343,150.0951,1,Natural vegetation,1,Natural vegetation,0,0,0,0,1,0,FALSE,Natural-dominated
212042,NA,0,-33.4962,150.0984,1,Natural vegetation,1,Natural vegetation,0,0,0,0,1,0,FALSE,Natural-dominated
212054,12,9,-33.3971,150.0839,1,Natural vegetation,1,Natural vegetation,0,0,0,0,1,0,FALSE,Natural-dominated
212058,NA,0,-33.485416,150.076872,1,Natural vegetation,1,Natural vegetation,0,0,0,0,1,0,FALSE,Natural-dominated
2121,16,24,45.552395,133.281365,2,Cropland,2,Cropland,0,0.5,0,0.25,0.25,0.5,TRUE,Ag-dominated
2122,NA,0,45.326365,130.973375,3,Urban,3,Urban,1,0,0,0,0,1,TRUE,Urban-dominated
212203,NA,0,-34.245297,150.667111,1,Natural vegetation,1,Natural vegetation,0,0,0,0,1,0,FALSE,Natural-dominated
212209,NA,0,-34.477019,150.534097,1,Natural vegetation,1,Natural vegetation,0,0,0,0,1,0,FALSE,Natural-dominated
2122322,NA,0,-34.285578,150.901237,1,Natural vegetation,1,Natural vegetation,0,0,0,0,1,0,FALSE,Natural-dominated
212233,NA,0,-34.228931,150.743181,1,Natural vegetation,1,Natural vegetation,0,0,0,0,1,0,FALSE,Natural-dominated
212244,6,158,-33.97944444,150.5591667,1,Natural vegetation,1,Natural vegetation,0,0,0,0,1,0,FALSE,Natural-dominated
212250,4,7,-33.87124191,150.2540137,1,Natural vegetation,1,Natural vegetation,0,0,0,0,1,0,FALSE,Natural-dominated
2122518,14,33,-34.73666667,149.6794444,2,Cropland,1,Natural vegetation,0.5,0,0,0,0.5,0.5,TRUE,Urban-dominated
2122520,13.5,98,-34.54592,150.33737,2,Cropland,2,Cropland,0,1,0,0,0,1,TRUE,Ag-dominated
212270,23,10,-34.227667,150.252806,1,Natural vegetation,1,Natural vegetation,0,0,0,0,1,0,FALSE,Natural-dominated
2122711,8,502,-34.7213892,149.7930558,1,Natural vegetation,2,Cropland,0,1,0,0,0,1,TRUE,Ag-dominated
2122713,16,209,-34.61162,149.88297,1,Natural vegetation,1,Natural vegetation,0,0,0,0,1,0,FALSE,Natural-dominated
212274,4.5,4,-34.57719481,150.5775536,2,Cropland,2,Cropland,0,1,0,0,0,1,TRUE,Ag-dominated
2123,4,1,31.620979,119.021234,1,Natural vegetation,3,Urban,1,0,0,0,0,1,TRUE,Urban-dominated
212378405,5,82,35.20066667,-80.0618056,5,Other,1,Natural vegetation,0,0,0,0,1,0,FALSE,Natural-dominated
2124,4,37,33.626572,114.680083,3,Urban,3,Urban,1,0,0,0,0,1,TRUE,Urban-dominated
2125,6,4,23.366544,104.253525,3,Urban,3,Urban,1,0,0,0,0,1,TRUE,Urban-dominated
2126,8,13,41.149403,121.813325,3,Urban,3,Urban,0.666666667,0.333333333,0,0,0,1,TRUE,Urban-dominated
2127,20,11,45.90503,126.504213,2,Cropland,2,Cropland,0,1,0,0,0,1,TRUE,Ag-dominated
2128,NA,0,37.510809,111.163242,1,Natural vegetation,1,Natural vegetation,0,0,0,0,1,0,FALSE,Natural-dominated
212880025,2,34,34.9834833,-79.8775806,5,Other,1,Natural vegetation,0,0,0.25,0,0.75,0,FALSE,Natural-dominated
2129,44,2,33.686867,114.196677,2,Cropland,2,Cropland,0,1,0,0,0,1,TRUE,Ag-dominated
2129375,1,4,34.8662583,-79.878925,1,Natural vegetation,1,Natural vegetation,0,0,0,0,1,0,FALSE,Natural-dominated
2130,NA,0,33.573434,106.064492,1,Natural vegetation,1,Natural vegetation,0,0,0,0,1,0,FALSE,Natural-dominated
2131,4,1,20.009525,110.375224,4,Wetland,3,Urban,1,0,0,0,0,1,TRUE,Urban-dominated
2132,NA,0,29.777166,112.014545,2,Cropland,2,Cropland,0,1,0,0,0,1,TRUE,Ag-dominated
213211,9,213,-34.046561,151.005328,1,Natural vegetation,3,Urban,1,0,0,0,0,1,TRUE,Urban-dominated
2133,NA,0,33.22567,106.963432,1,Natural vegetation,1,Natural vegetation,0,0,0,0,1,0,FALSE,Natural-dominated
2134,4,1,34.183074,108.187798,2,Cropland,2,Cropland,0.25,0.75,0,0,0,1,TRUE,Ag-dominated
2135,4,6,35.909376,119.156486,2,Cropland,2,Cropland,0,1,0,0,0,1,TRUE,Ag-dominated
2135000,4,1,34.05675,-79.2477222,1,Natural vegetation,1,Natural vegetation,0,0,0,0.25,0.75,0,FALSE,Natural-dominated
2136,4,1,38.507579,110.896829,1,Natural vegetation,1,Natural vegetation,0,0,0,0,1,0,FALSE,Natural-dominated
2137,NA,0,25.860693,115.024412,3,Urban,1,Natural vegetation,0,0,0,0,1,0,FALSE,Natural-dominated
2138,4,3,28.944771,106.741756,2,Cropland,2,Cropland,0,1,0,0,0,1,TRUE,Ag-dominated
2138520,7,3,35.74125,-81.8352528,1,Natural vegetation,1,Natural vegetation,0,0,0,0,1,0,FALSE,Natural-dominated
2139,NA,0,24.3712,102.776866,5,Other,2,Cropland,0,0.75,0.25,0,0,0.75,TRUE,Ag-dominated
2140,NA,0,36.830163,101.080194,1,Natural vegetation,1,Natural vegetation,0,0,0,0,1,0,FALSE,Natural-dominated
2141,NA,0,24.242784,102.482485,2,Cropland,3,Urban,1,0,0,0,0,1,TRUE,Urban-dominated
2141500,NA,0,35.77262778,-81.4306556,1,Natural vegetation,1,Natural vegetation,0,0,0,0,1,0,FALSE,Natural-dominated
214196125,NA,0,35.8218972,-81.1903833,1,Natural vegetation,1,Natural vegetation,0,0,0,0,1,0,FALSE,Natural-dominated
2142,4,3,39.918966,119.631456,5,Other,3,Urban,0.75,0,0.25,0,0,0.75,TRUE,Urban-dominated
214244102,1,1,35.75719444,-81.08915,1,Natural vegetation,1,Natural vegetation,0,0,0,0,1,0,FALSE,Natural-dominated
214264790,NA,0,35.4277333,-80.9573417,1,Natural vegetation,1,Natural vegetation,0,0,0.25,0,0.75,0,FALSE,Natural-dominated
214267602,NA,0,35.33400556,-80.9864083,5,Other,1,Natural vegetation,0,0,0.25,0,0.75,0,FALSE,Natural-dominated
2144,4,6,41.879991,120.98351,2,Cropland,1,Natural vegetation,0,0.5,0,0,0.5,0.5,TRUE,Ag-dominated
2145,4,66,25.958516,100.124072,2,Cropland,5,Other,0,0.25,0.5,0,0.25,0.25,FALSE,Mixed
2145910,1,109,35.01641944,-81.00156389,1,Natural vegetation,3,Urban,0.75,0,0,0,0.25,0.75,TRUE,Urban-dominated
2146,24,2,46.934667,133.853376,1,Natural vegetation,1,Natural vegetation,0,0,0,0,1,0,FALSE,Natural-dominated
2147,NA,0,25.55634,103.820802,3,Urban,2,Cropland,0.25,0.5,0,0,0.25,0.75,TRUE,Ag-dominated
2147310,2,37,34.59805556,-80.8905556,1,Natural vegetation,1,Natural vegetation,0,0,0,0,1,0,FALSE,Natural-dominated
21474095,1,22,34.55801667,-80.8935,1,Natural vegetation,5,Other,0,0,1,0,0,0,FALSE,Mixed
2147505,3,17,34.5411111,-80.8752778,1,Natural vegetation,5,Other,0,0,1,0,0,0,FALSE,Mixed
2147801,NA,0,34.3320798,-80.69842699,5,Other,1,Natural vegetation,0,0,0,0,1,0,FALSE,Natural-dominated
2148,4,4,27.840777,102.269485,4,Wetland,1,Natural vegetation,0.333333333,0,0,0,0.666666667,0.333333333,TRUE,Natural-dominated
2149,4,1,31.50139,117.270311,2,Cropland,2,Cropland,0,1,0,0,0,1,TRUE,Ag-dominated
2150,NA,0,31.6083986,117.8003691,2,Cropland,2,Cropland,0,1,0,0,0,1,TRUE,Ag-dominated
2151,8,5,36.276864,116.117321,2,Cropland,2,Cropland,0.25,0.75,0,0,0,1,TRUE,Ag-dominated
2152,NA,0,28.369489,121.377984,3,Urban,3,Urban,1,0,0,0,0,1,TRUE,Urban-dominated
215207,768,4,-34.81921893,150.1821299,1,Natural vegetation,1,Natural vegetation,0,0,0,0,1,0,FALSE,Natural-dominated
2152131,33,5,-34.7345,150.284944,1,Natural vegetation,1,Natural vegetation,0,0,0,0,1,0,FALSE,Natural-dominated
215215,NA,0,-34.77777778,150.3158333,1,Natural vegetation,1,Natural vegetation,0,0,0,0,1,0,FALSE,Natural-dominated
215216,24,1,-34.83943446,150.4318317,1,Natural vegetation,1,Natural vegetation,0,0,0,0,1,0,FALSE,Natural-dominated
215220,9,10,-34.72798991,150.5224407,1,Natural vegetation,2,Cropland,0,1,0,0,0,1,TRUE,Ag-dominated
2152201,16,2,-34.712767,150.582545,1,Natural vegetation,1,Natural vegetation,0,0,0,0,1,0,FALSE,Natural-dominated
215233,8,57,-34.60520243,150.5191395,1,Natural vegetation,1,Natural vegetation,0,0,0,0,1,0,FALSE,Natural-dominated
2153,NA,0,28.047798,113.201759,1,Natural vegetation,1,Natural vegetation,0,0,0,0,1,0,FALSE,Natural-dominated
2154,NA,0,47.8800106,117.8676958,5,Other,5,Other,0,0,1,0,0,0,FALSE,Mixed
2155,NA,0,33.22046,119.316931,3,Urban,3,Urban,1,0,0,0,0,1,TRUE,Urban-dominated
2156,NA,0,33.348079,111.90639,1,Natural vegetation,1,Natural vegetation,0,0,0,0,1,0,FALSE,Natural-dominated
2156500,NA,0,34.5951393,-81.4212089,1,Natural vegetation,1,Natural vegetation,0,0,0,0,1,0,FALSE,Natural-dominated
2157,NA,0,30.471859,114.422632,3,Urban,3,Urban,1,0,0,0,0,1,TRUE,Urban-dominated
2158,NA,0,34.265472,108.954239,3,Urban,3,Urban,1,0,0,0,0,1,TRUE,Urban-dominated
2159,4,19,34.749162,110.050793,2,Cropland,2,Cropland,0,1,0,0,0,1,TRUE,Ag-dominated
2160,NA,0,24.517107,98.286565,1,Natural vegetation,1,Natural vegetation,0,0,0,0,1,0,FALSE,Natural-dominated
2160105,NA,0,34.5354163,-81.548158,1,Natural vegetation,1,Natural vegetation,0,0,0,0,1,0,FALSE,Natural-dominated
2160700,NA,0,34.5093039,-81.5981594,1,Natural vegetation,1,Natural vegetation,0,0,0,0,1,0,FALSE,Natural-dominated
2160991,NA,0,34.26070285,-81.3303747,1,Natural vegetation,1,Natural vegetation,0,0,0,0,1,0,FALSE,Natural-dominated
2161,NA,0,30.168904,106.667907,2,Cropland,2,Cropland,0.25,0.5,0,0,0.25,0.75,TRUE,Ag-dominated
2162,NA,0,38.241967,110.484742,1,Natural vegetation,1,Natural vegetation,0,0,0,0,1,0,FALSE,Natural-dominated
2162035,NA,0,34.0483333,-81.0733333,5,Other,1,Natural vegetation,0,0,0.5,0,0.5,0,FALSE,Natural-dominated
2163,NA,0,37.02715,102.404068,1,Natural vegetation,1,Natural vegetation,0,0,0,0,1,0,FALSE,Natural-dominated
2164,12,11,35.004221,118.912242,2,Cropland,2,Cropland,0,1,0,0,0,1,TRUE,Ag-dominated
2165,4,286,24.360423,117.93156,3,Urban,2,Cropland,0.25,0.5,0.25,0,0,0.75,TRUE,Ag-dominated
2166,NA,0,25.3024,114.655597,5,Other,1,Natural vegetation,0,0,0,0,1,0,FALSE,Natural-dominated
2167,NA,0,29.4698337,112.1175895,2,Cropland,2,Cropland,0,1,0,0,0,1,TRUE,Ag-dominated
2167600,3,1,34.09930647,-81.5684382,1,Natural vegetation,1,Natural vegetation,0,0,0.25,0,0.75,0,FALSE,Natural-dominated
2167716,2,39,34.0795843,-81.5617714,5,Other,1,Natural vegetation,0,0,0,0,1,0,FALSE,Natural-dominated
2168,NA,0,36.7282673,117.0045935,3,Urban,3,Urban,1,0,0,0,0,1,TRUE,Urban-dominated
2168504,3,27,34.0509822,-81.2095418,3,Urban,3,Urban,0.5,0,0.25,0,0.25,0.5,TRUE,Urban-dominated
2169,NA,0,30.677431,111.799442,2,Cropland,2,Cropland,0,0.75,0,0,0.25,0.75,TRUE,Ag-dominated
2169000,34,1,34.0140416,-81.0878717,3,Urban,3,Urban,0.75,0,0.25,0,0,0.75,TRUE,Urban-dominated
2170,NA,0,28.7685731,116.0913702,5,Other,1,Natural vegetation,0.25,0.25,0.25,0,0.25,0.5,TRUE,Mixed
2171,8,148,34.177411,116.471647,2,Cropland,2,Cropland,0,1,0,0,0,1,TRUE,Ag-dominated
2171500,NA,0,33.45377778,-80.1413611,1,Natural vegetation,1,Natural vegetation,0,0,0,0,1,0,FALSE,Natural-dominated
2171560,NA,0,33.49405569,-79.9603544,1,Natural vegetation,1,Natural vegetation,0,0,0,0,1,0,FALSE,Natural-dominated
2171645,2,16,33.4275,-79.915,1,Natural vegetation,1,Natural vegetation,0,0,0,0,1,0,FALSE,Natural-dominated
2172,4,5,30.000985,121.325079,2,Cropland,2,Cropland,0,0.5,0.5,0,0,0.5,TRUE,Ag-dominated
2172002,1,97,33.21491667,-79.9749167,1,Natural vegetation,1,Natural vegetation,0,0,0,0,1,0,FALSE,Natural-dominated
2173,8,21,27.878331,111.357444,2,Cropland,1,Natural vegetation,0,0.5,0,0,0.5,0.5,TRUE,Ag-dominated
2174,NA,0,40.310107,97.737083,2,Cropland,2,Cropland,0,1,0,0,0,1,TRUE,Ag-dominated
2175,NA,0,27.0311,103.363742,1,Natural vegetation,1,Natural vegetation,0,0,0,0,1,0,FALSE,Natural-dominated
2176,NA,0,27.944155,102.917075,1,Natural vegetation,1,Natural vegetation,0,0.25,0,0,0.75,0.25,FALSE,Natural-dominated
2177,8,2,33.352881,115.953353,2,Cropland,2,Cropland,0,1,0,0,0,1,TRUE,Ag-dominated
2178,NA,0,23.6834229,113.0676568,5,Other,3,Urban,1,0,0,0,0,1,TRUE,Urban-dominated
2179,4,1,31.87893,120.977622,2,Cropland,2,Cropland,0,1,0,0,0,1,TRUE,Ag-dominated
2180,4,1,31.391125,113.98047,2,Cropland,2,Cropland,0,1,0,0,0,1,TRUE,Ag-dominated
2181,12,12,45.618322,122.829592,3,Urban,3,Urban,1,0,0,0,0,1,TRUE,Urban-dominated
2182,4,1,28.950873,105.359266,1,Natural vegetation,1,Natural vegetation,0,0,0,0,1,0,FALSE,Natural-dominated
2183,8,11,31.861184,117.284922,3,Urban,3,Urban,1,0,0,0,0,1,TRUE,Urban-dominated
2184,8,25,34.879613,117.027314,3,Urban,3,Urban,1,0,0,0,0,1,TRUE,Urban-dominated
2185,8,43,35.538668,116.84332,2,Cropland,2,Cropland,0.5,0.5,0,0,0,1,TRUE,Urban-dominated
2186,NA,0,24.047347,113.779963,1,Natural vegetation,1,Natural vegetation,0,0.25,0,0,0.75,0.25,FALSE,Natural-dominated
2187,8,95,24.067389,116.364039,1,Natural vegetation,1,Natural vegetation,0,0,0,0,1,0,FALSE,Natural-dominated
2188,16,100,33.731002,120.393063,3,Urban,5,Other,0,0,1,0,0,0,FALSE,Mixed
2189,6,6,28.675696,115.909228,3,Urban,3,Urban,1,0,0,0,0,1,TRUE,Urban-dominated
2190,4,8,29.637542,117.303815,1,Natural vegetation,1,Natural vegetation,0,0,0,0,1,0,FALSE,Natural-dominated
2191,NA,0,28.675696,115.909228,3,Urban,3,Urban,1,0,0,0,0,1,TRUE,Urban-dominated
2192,8,45,34.068636,116.25461,2,Cropland,2,Cropland,0,1,0,0,0,1,TRUE,Ag-dominated
2193,4,1,32.262114,115.392074,2,Cropland,2,Cropland,0,1,0,0,0,1,TRUE,Ag-dominated
2194,4,8,30.280827,120.135191,3,Urban,3,Urban,1,0,0,0,0,1,TRUE,Urban-dominated
2195,4,2,30.246073,109.493289,1,Natural vegetation,1,Natural vegetation,0.25,0.25,0,0,0.5,0.5,TRUE,Natural-dominated
2196,12,22,31.579754,121.798307,2,Cropland,2,Cropland,0,1,0,0,0,1,TRUE,Ag-dominated
2197,NA,0,31.626252,121.384665,3,Urban,2,Cropland,0,0.5,0.5,0,0,0.5,TRUE,Ag-dominated
2198,14,6,31.193231,121.785769,2,Cropland,3,Urban,0.666666667,0,0.333333333,0,0,0.666666667,TRUE,Urban-dominated
2199,4,60,31.801399,121.194699,2,Cropland,2,Cropland,0,0.5,0.5,0,0,0.5,TRUE,Ag-dominated
2200,10,56,31.013867,121.754522,3,Urban,3,Urban,1,0,0,0,0,1,TRUE,Urban-dominated
2201,8,19,31.535298,121.6762,2,Cropland,2,Cropland,0,1,0,0,0,1,TRUE,Ag-dominated
2202,10,32,31.362887,121.745275,3,Urban,3,Urban,1,0,0,0,0,1,TRUE,Urban-dominated
2203,4,8,31.023111,121.041476,3,Urban,2,Cropland,0.25,0.5,0.25,0,0,0.75,TRUE,Ag-dominated
2203603,4,12,33.68388889,-84.4152778,3,Urban,3,Urban,1,0,0,0,0,1,TRUE,Urban-dominated
2203655,4.5,6,33.67891667,-84.35813889,3,Urban,3,Urban,1,0,0,0,0,1,TRUE,Urban-dominated
2203800,27.5,2,33.6796111,-84.3079444,1,Natural vegetation,3,Urban,0.75,0,0,0,0.25,0.75,TRUE,Urban-dominated
2203831,NA,0,33.70569444,-84.2921944,3,Urban,3,Urban,1,0,0,0,0,1,TRUE,Urban-dominated
2203863,NA,0,33.69319444,-84.25388889,3,Urban,3,Urban,0.75,0,0,0,0.25,0.75,TRUE,Urban-dominated
2203873,11,5,33.70941667,-84.2391667,3,Urban,3,Urban,1,0,0,0,0,1,TRUE,Urban-dominated
2203900,5,3,33.66577778,-84.224,3,Urban,1,Natural vegetation,0.5,0,0,0,0.5,0.5,TRUE,Urban-dominated
2203950,9.5,8,33.7632222,-84.2203611,3,Urban,3,Urban,1,0,0,0,0,1,TRUE,Urban-dominated
2203960,NA,0,33.69666667,-84.1986111,3,Urban,1,Natural vegetation,0,0,0,0,1,0,FALSE,Natural-dominated
2204,4,28,31.1155091,120.9170361,5,Other,5,Other,0,0,1,0,0,0,FALSE,Mixed
2204037,NA,0,33.66819444,-84.1511667,1,Natural vegetation,1,Natural vegetation,0,0,0,0,1,0,FALSE,Natural-dominated
2205,4,63,31.005464,121.12989,3,Urban,3,Urban,1,0,0,0,0,1,TRUE,Urban-dominated
2206,4,96,30.949895,121.204222,2,Cropland,2,Cropland,0,1,0,0,0,1,TRUE,Ag-dominated
2207,NA,0,31.088307,120.985569,2,Cropland,2,Cropland,0,0.666666667,0.333333333,0,0,0.666666667,TRUE,Ag-dominated
2207135,NA,0,33.83041667,-84.1393333,1,Natural vegetation,1,Natural vegetation,0,0,0,0,1,0,FALSE,Natural-dominated
2207160,2,1,33.77327778,-84.0771667,3,Urban,1,Natural vegetation,0.5,0,0,0,0.5,0.5,TRUE,Urban-dominated
2207385,2.5,2,33.81527778,-83.99013889,1,Natural vegetation,1,Natural vegetation,0,0,0,0,1,0,FALSE,Natural-dominated
2207400,NA,0,33.82138889,-83.9425,1,Natural vegetation,1,Natural vegetation,0,0,0,0,1,0,FALSE,Natural-dominated
2207418,NA,0,33.72938889,-83.9363056,5,Other,1,Natural vegetation,0,0,0,0,1,0,FALSE,Natural-dominated
2207435,NA,0,33.7111111,-83.9144444,1,Natural vegetation,1,Natural vegetation,0,0,0,0,1,0,FALSE,Natural-dominated
2207448,NA,0,33.66163889,-83.9280833,1,Natural vegetation,1,Natural vegetation,0,0,0,0,1,0,FALSE,Natural-dominated
2208,8,33,31.40073,121.423992,3,Urban,3,Urban,1,0,0,0,0,1,TRUE,Urban-dominated
2208450,NA,0,33.63938889,-83.7784167,1,Natural vegetation,1,Natural vegetation,0,0,0.25,0,0.75,0,FALSE,Natural-dominated
2208493,NA,0,33.6285,-83.7988611,1,Natural vegetation,1,Natural vegetation,0,0,0,0,1,0,FALSE,Natural-dominated
2209,16,22,30.872458,121.541336,3,Urban,3,Urban,0.75,0.25,0,0,0,1,TRUE,Urban-dominated
2210,6,24,30.96988,121.312408,5,Other,2,Cropland,0.5,0.5,0,0,0,1,TRUE,Urban-dominated
2211,4,47,31.276424,121.225288,3,Urban,3,Urban,1,0,0,0,0,1,TRUE,Urban-dominated
2212,16,39,24.951581,102.691559,3,Urban,3,Urban,1,0,0,0,0,1,TRUE,Urban-dominated
221208,NA,0,-37.688768,149.4917673,1,Natural vegetation,1,Natural vegetation,0,0,0,0,1,0,FALSE,Natural-dominated
221210,NA,0,-37.41577078,149.5203757,1,Natural vegetation,1,Natural vegetation,0,0,0,0,1,0,FALSE,Natural-dominated
221224,NA,0,-37.53864684,149.156689,2,Cropland,2,Cropland,0,1,0,0,0,1,TRUE,Ag-dominated
221225,NA,0,-37.72962305,148.9510043,1,Natural vegetation,1,Natural vegetation,0,0,0.25,0,0.75,0,FALSE,Natural-dominated
2213,NA,0,22.567284,102.274306,1,Natural vegetation,1,Natural vegetation,0,0,0,0,1,0,FALSE,Natural-dominated
2215,4,6,23.001322,104.778803,1,Natural vegetation,1,Natural vegetation,0,0,0,0,1,0,FALSE,Natural-dominated
2216,NA,0,24.9704441,102.6365007,5,Other,4,Wetland,0,0,0,1,0,0,FALSE,Mixed
2217,NA,0,22.5092497,103.9569181,3,Urban,3,Urban,1,0,0,0,0,1,TRUE,Urban-dominated
2217643,NA,0,34.1620583,-83.5250944,1,Natural vegetation,1,Natural vegetation,0,0,0,0,1,0,FALSE,Natural-dominated
2218,NA,0,24.656413,102.641488,1,Natural vegetation,1,Natural vegetation,0,0,0,0,1,0,FALSE,Natural-dominated
2220,NA,0,25.304817,102.774897,1,Natural vegetation,1,Natural vegetation,0,0.25,0,0,0.75,0.25,FALSE,Natural-dominated
2222,8,1,39.5163998,106.7539556,5,Other,5,Other,0.25,0,0.5,0,0.25,0.25,FALSE,Mixed
222201,NA,0,-37.70739307,148.4509503,3,Urban,2,Cropland,0,0.75,0,0,0.25,0.75,TRUE,Ag-dominated
222203,NA,0,-37.79888889,148.5277778,5,Other,5,Other,0,0,1,0,0,0,FALSE,Mixed
222223,NA,0,-37.726682,148.54308,2,Cropland,2,Cropland,0,1,0,0,0,1,TRUE,Ag-dominated
2223,NA,0,40.5315391,109.9285814,1,Natural vegetation,1,Natural vegetation,0.25,0.25,0,0,0.5,0.5,TRUE,Natural-dominated
2224,NA,0,49.2773263,118.1028904,1,Natural vegetation,1,Natural vegetation,0.5,0,0,0,0.5,0.5,TRUE,Urban-dominated
2225,NA,0,40.81746,112.528279,1,Natural vegetation,1,Natural vegetation,0,0,0,0,1,0,FALSE,Natural-dominated
2226,NA,0,39.055305,106.075203,5,Other,1,Natural vegetation,0,0,0.5,0,0.5,0,FALSE,Natural-dominated
2227,NA,0,38.342756,103.630837,5,Other,5,Other,0,0,1,0,0,0,FALSE,Mixed
2228,8,3,40.966814,106.948099,2,Cropland,2,Cropland,0,1,0,0,0,1,TRUE,Ag-dominated
2229,NA,0,46.097446,122.051897,3,Urban,3,Urban,1,0,0,0,0,1,TRUE,Urban-dominated
2230,NA,0,48.966937,117.765285,3,Urban,3,Urban,1,0,0,0,0,1,TRUE,Urban-dominated
2231,8,68,39.93045,115.520692,1,Natural vegetation,1,Natural vegetation,0,0,0,0,1,0,FALSE,Natural-dominated
2232,NA,0,41.734149,126.7420146,1,Natural vegetation,1,Natural vegetation,0,0,0.25,0,0.75,0,FALSE,Natural-dominated
223209,4,5,-37.7573062,147.8491161,2,Cropland,2,Cropland,0,1,0,0,0,1,TRUE,Ag-dominated
223210,509,2,-37.73756155,147.7109962,1,Natural vegetation,1,Natural vegetation,0,0,0,0,1,0,FALSE,Natural-dominated
223218,NA,0,-37.727613,147.695371,1,Natural vegetation,1,Natural vegetation,0,0,0,0,1,0,FALSE,Natural-dominated
2233,NA,0,42.5684939,130.5272044,2,Cropland,1,Natural vegetation,0,0.5,0,0,0.5,0.5,TRUE,Ag-dominated
2234,NA,0,45.3558586,124.7198445,5,Other,2,Cropland,0,1,0,0,0,1,TRUE,Ag-dominated
2235,NA,0,44.7605131,125.9212005,2,Cropland,2,Cropland,0,0.75,0.25,0,0,0.75,TRUE,Ag-dominated
2236,NA,0,46.2972086,123.8481347,1,Natural vegetation,2,Cropland,0,0.666666667,0,0,0.333333333,0.666666667,TRUE,Ag-dominated
2237,NA,0,41.4121428,128.1863241,3,Urban,3,Urban,0.5,0.25,0,0,0.25,0.75,TRUE,Urban-dominated
2238,NA,0,41.0538998,126.1257127,5,Other,1,Natural vegetation,0,0.25,0.25,0,0.5,0.25,FALSE,Natural-dominated
2239,NA,0,32.78015,105.430637,3,Urban,1,Natural vegetation,0,0,0,0,1,0,FALSE,Natural-dominated
2239501,8,940,29.2149764,-82.0412,1,Natural vegetation,1,Natural vegetation,0,0,0,0,1,0,FALSE,Natural-dominated
2240,NA,0,29.528191,104.236215,1,Natural vegetation,1,Natural vegetation,0,0.5,0,0,0.5,0.5,TRUE,Ag-dominated
2241,NA,0,32.6570828,105.8766792,3,Urban,1,Natural vegetation,0,0.25,0,0,0.75,0.25,FALSE,Natural-dominated
2242,NA,0,29.08974,105.607798,2,Cropland,2,Cropland,0,1,0,0,0,1,TRUE,Ag-dominated
224203,6,2,-37.76358991,147.3747776,2,Cropland,2,Cropland,0,1,0,0,0,1,TRUE,Ag-dominated
224215,NA,0,-37.60186405,147.3390494,1,Natural vegetation,1,Natural vegetation,0,0,0,0,1,0,FALSE,Natural-dominated
224217,NA,0,-37.81500036,147.5722231,2,Cropland,2,Cropland,0.25,0.75,0,0,0,1,TRUE,Ag-dominated
2243,NA,0,28.920485,104.264181,3,Urban,2,Cropland,0,1,0,0,0,1,TRUE,Ag-dominated
2244,NA,0,30.632392,104.13284,3,Urban,3,Urban,1,0,0,0,0,1,TRUE,Urban-dominated
2245,12,56,39.1393072,117.18897,3,Urban,3,Urban,1,0,0,0,0,1,TRUE,Urban-dominated
2246,8,10,38.871337,117.424182,3,Urban,3,Urban,0.666666667,0.333333333,0,0,0,1,TRUE,Urban-dominated
224602,7,167,-37.84944444,147.6378972,4,Wetland,2,Cropland,0.25,0.25,0.25,0.25,0,0.5,TRUE,Mixed
2247,NA,0,40.0214909,117.7155247,5,Other,5,Other,0,0,1,0,0,0,FALSE,Mixed
2248,NA,0,37.4787797,105.1626375,1,Natural vegetation,1,Natural vegetation,0,0,0,0,1,0,FALSE,Natural-dominated
2250,NA,0,37.480632,105.297744,2,Cropland,2,Cropland,0,1,0,0,0,1,TRUE,Ag-dominated
2251,NA,0,34.0179266,117.213674,2,Cropland,2,Cropland,0,1,0,0,0,1,TRUE,Ag-dominated
2252,8,73,33.4957895,115.4699245,2,Cropland,2,Cropland,0,1,0,0,0,1,TRUE,Ag-dominated
225200,NA,0,-37.98544026,146.7801402,2,Cropland,2,Cropland,0,1,0,0,0,1,TRUE,Ag-dominated
225212,1,1,-38.01068638,146.8810046,2,Cropland,2,Cropland,0,1,0,0,0,1,TRUE,Ag-dominated
225231,NA,0,-37.97499864,146.625004,1,Natural vegetation,1,Natural vegetation,0,0,0,0,1,0,FALSE,Natural-dominated
225232,NA,0,-38.04526544,146.9921134,2,Cropland,2,Cropland,0,1,0,0,0,1,TRUE,Ag-dominated
225236,15,5,-38.00213184,146.7800107,2,Cropland,2,Cropland,0,1,0,0,0,1,TRUE,Ag-dominated
225256,8,11,-38.00396747,146.9815133,2,Cropland,2,Cropland,0,1,0,0,0,1,TRUE,Ag-dominated
2253,8,23,33.8752478,116.5802321,2,Cropland,2,Cropland,0,1,0,0,0,1,TRUE,Ag-dominated
2254,NA,0,31.6584795,117.4492571,5,Other,3,Urban,1,0,0,0,0,1,TRUE,Urban-dominated
2255,NA,0,33.1674762,118.1533047,5,Other,3,Urban,1,0,0,0,0,1,TRUE,Urban-dominated
2256,18,36,33.2640607,115.3390767,3,Urban,3,Urban,1,0,0,0,0,1,TRUE,Urban-dominated
2257,4,9,32.6439828,116.9074973,2,Cropland,2,Cropland,0,0.5,0.5,0,0,0.5,TRUE,Ag-dominated
2258,4,59,32.9527884,117.2710932,5,Other,2,Cropland,0.5,0.5,0,0,0,1,TRUE,Urban-dominated
2259,8,7,33.814464,116.855937,2,Cropland,2,Cropland,0.25,0.75,0,0,0,1,TRUE,Ag-dominated
2260,NA,0,32.4164278,115.6365441,2,Cropland,2,Cropland,0.25,0.75,0,0,0,1,TRUE,Ag-dominated
226027,4,11,-38.14491292,147.127818,2,Cropland,1,Natural vegetation,0,0,0,0,1,0,FALSE,Natural-dominated
2261,NA,0,31.282899,118.720525,4,Wetland,4,Wetland,0,0,0,1,0,0,FALSE,Mixed
2262,4,9,31.647649,117.811618,2,Cropland,2,Cropland,0,1,0,0,0,1,TRUE,Ag-dominated
226226,NA,0,-37.97984217,146.193315,1,Natural vegetation,1,Natural vegetation,0,0,0,0,1,0,FALSE,Natural-dominated
2263,32,6,32.724409,119.0894,2,Cropland,2,Cropland,0,1,0,0,0,1,TRUE,Ag-dominated
2264,16,56,35.071916,118.229582,3,Urban,3,Urban,1,0,0,0,0,1,TRUE,Urban-dominated
2264000,15,1163,28.39056323,-81.5195173,1,Natural vegetation,1,Natural vegetation,0.333333333,0,0,0,0.666666667,0.333333333,TRUE,Natural-dominated
2264051,4,119,28.37444444,-81.515,3,Urban,3,Urban,1,0,0,0,0,1,TRUE,Urban-dominated
2264100,6,961,28.32528785,-81.5206284,3,Urban,1,Natural vegetation,0,0,0,0,1,0,FALSE,Natural-dominated
226415,13,16,-38.2698709,146.5404981,2,Cropland,2,Cropland,0,1,0,0,0,1,TRUE,Ag-dominated
2265,NA,0,37.914529,117.683318,5,Other,2,Cropland,0.25,0.75,0,0,0,1,TRUE,Ag-dominated
2266,12,62,37.280543,118.730288,2,Cropland,2,Cropland,0,1,0,0,0,1,TRUE,Ag-dominated
226614,14,68,-38.12684167,147.0755,1,Natural vegetation,1,Natural vegetation,0.25,0.25,0,0,0.5,0.5,TRUE,Natural-dominated
2266200,18,868,28.38500749,-81.6164632,4,Wetland,1,Natural vegetation,0.25,0,0,0,0.75,0.25,FALSE,Natural-dominated
2266291,9,498,28.42702778,-81.6052778,1,Natural vegetation,1,Natural vegetation,0,0,0,0,1,0,FALSE,Natural-dominated
2266300,33,13,28.33278738,-81.579796,1,Natural vegetation,3,Urban,0.75,0,0,0.25,0,0.75,TRUE,Urban-dominated
2266495,14,410,28.27584517,-81.5439622,4,Wetland,4,Wetland,0,0,0,1,0,0,FALSE,Mixed
2267,8,42,35.337055,116.619434,2,Cropland,2,Cropland,0.25,0.5,0.25,0,0,0.75,TRUE,Ag-dominated
2268,4,1,34.7022325,118.4786666,5,Other,2,Cropland,0,0.75,0.25,0,0,0.75,TRUE,Ag-dominated
2269,8,11,34.5999124,118.1425578,2,Cropland,2,Cropland,0,1,0,0,0,1,TRUE,Ag-dominated
2270,4,26,35.651181,115.517942,2,Cropland,2,Cropland,0,1,0,0,0,1,TRUE,Ag-dominated
2271,NA,0,36.48392,116.990901,5,Other,2,Cropland,0,1,0,0,0,1,TRUE,Ag-dominated
2272,4,4,35.80937,119.639585,5,Other,2,Cropland,0,1,0,0,0,1,TRUE,Ag-dominated
227264,14,130,-38.44973718,145.9571493,2,Cropland,2,Cropland,0,1,0,0,0,1,TRUE,Ag-dominated
227270,18,353,-38.43219544,145.7926083,1,Natural vegetation,2,Cropland,0,0.75,0,0,0.25,0.75,TRUE,Ag-dominated
227273,100,14,-38.57365861,145.5105533,2,Cropland,2,Cropland,0,1,0,0,0,1,TRUE,Ag-dominated
2273,8,51,35.225111,116.513133,2,Cropland,2,Cropland,0,1,0,0,0,1,TRUE,Ag-dominated
2274,8,20,36.35474,120.524975,2,Cropland,3,Urban,0.75,0.25,0,0,0,1,TRUE,Urban-dominated
2275,8,16,38.010543,117.686232,3,Urban,2,Cropland,0,1,0,0,0,1,TRUE,Ag-dominated
2276,8,8,37.701315,118.126414,3,Urban,2,Cropland,0.25,0.75,0,0,0,1,TRUE,Ag-dominated
2277,8,41,38.063661,117.792787,3,Urban,2,Cropland,0.25,0.75,0,0,0,1,TRUE,Ag-dominated
2278,8,41,35.346292,116.765526,3,Urban,2,Cropland,0,1,0,0,0,1,TRUE,Ag-dominated
2279,4,11,36.868794,118.793639,3,Urban,3,Urban,1,0,0,0,0,1,TRUE,Urban-dominated
2280,4,1,34.507991,118.195764,2,Cropland,3,Urban,1,0,0,0,0,1,TRUE,Urban-dominated
2281,4,14,34.862105,116.042865,2,Cropland,2,Cropland,0,1,0,0,0,1,TRUE,Ag-dominated
2282,6,4,35.431478,116.008235,2,Cropland,2,Cropland,0,1,0,0,0,1,TRUE,Ag-dominated
2283,8,7,36.937298,119.395341,3,Urban,2,Cropland,0,1,0,0,0,1,TRUE,Ag-dominated
2284,NA,0,35.93722,116.313083,4,Wetland,2,Cropland,0.25,0.5,0,0.25,0,0.75,TRUE,Ag-dominated
2285,4,11,35.03919,116.951152,3,Urban,2,Cropland,0,1,0,0,0,1,TRUE,Ag-dominated
2286,8,8,37.620396,117.327253,2,Cropland,2,Cropland,0,1,0,0,0,1,TRUE,Ag-dominated
2287,8,112,37.255764,118.854524,5,Other,5,Other,0,0,0.75,0.25,0,0,FALSE,Mixed
2288,8,26,37.44649,116.27445,3,Urban,3,Urban,1,0,0,0,0,1,TRUE,Urban-dominated
2289,NA,0,37.864919,117.885594,5,Other,2,Cropland,0,1,0,0,0,1,TRUE,Ag-dominated
2290,12,28,34.638468,115.556362,2,Cropland,2,Cropland,0,1,0,0,0,1,TRUE,Ag-dominated
2291,6,14,37.025299,116.233597,2,Cropland,2,Cropland,0,1,0,0,0,1,TRUE,Ag-dominated
229143,312,1,-37.78588056,145.02505,3,Urban,3,Urban,1,0,0,0,0,1,TRUE,Urban-dominated
229147,8.5,4,-37.6894,145.3233194,1,Natural vegetation,1,Natural vegetation,0,0,0,0,1,0,FALSE,Natural-dominated
2292,8,77,35.373248,115.88739,3,Urban,2,Cropland,0.5,0.5,0,0,0,1,TRUE,Urban-dominated
229200,NA,0,-37.73666667,145.22,3,Urban,1,Natural vegetation,0,0,0,0,1,0,FALSE,Natural-dominated
2293,8,36,36.66853,117.020359,3,Urban,3,Urban,1,0,0,0,0,1,TRUE,Urban-dominated
2294,8,22,37.10119,118.065234,3,Urban,2,Cropland,0,1,0,0,0,1,TRUE,Ag-dominated
2295,NA,0,36.193418,117.455376,2,Cropland,2,Cropland,0,1,0,0,0,1,TRUE,Ag-dominated
2296,8,16,36.508114,118.537078,3,Urban,3,Urban,1,0,0,0,0,1,TRUE,Urban-dominated
229653,NA,0,-37.66721633,145.4760006,1,Natural vegetation,2,Cropland,0,0.75,0,0,0.25,0.75,TRUE,Ag-dominated
2297,4,1,37.075474,120.471352,2,Cropland,2,Cropland,0,1,0,0,0,1,TRUE,Ag-dominated
2298,NA,0,39.5795193,111.4302725,5,Other,1,Natural vegetation,0,0,0,0,1,0,FALSE,Natural-dominated
2299,8,3,22.888331,113.267097,3,Urban,2,Cropland,0.5,0.5,0,0,0,1,TRUE,Urban-dominated
2300,NA,0,24.063586,115.257782,1,Natural vegetation,1,Natural vegetation,0.25,0,0,0,0.75,0.25,FALSE,Natural-dominated
2301,NA,0,24.750105,113.790692,1,Natural vegetation,1,Natural vegetation,0,0,0,0,1,0,FALSE,Natural-dominated
2301500,7,1,27.872248,-82.2112008,1,Natural vegetation,1,Natural vegetation,0.25,0,0,0,0.75,0.25,FALSE,Natural-dominated
2301635,1,11,27.85715556,-82.26858889,3,Urban,3,Urban,0.75,0,0,0,0.25,0.75,TRUE,Urban-dominated
2302,8,160,24.858987,112.309585,1,Natural vegetation,1,Natural vegetation,0,0,0,0,1,0,FALSE,Natural-dominated
230220,14,53,-37.49078,144.73922,2,Cropland,2,Cropland,0,1,0,0,0,1,TRUE,Ag-dominated
230240,10,273,-37.57117842,144.7368969,3,Urban,3,Urban,1,0,0,0,0,1,TRUE,Urban-dominated
2303,12,17,23.665131,117.003995,3,Urban,3,Urban,0.5,0,0.5,0,0,0.5,TRUE,Urban-dominated
2304,4,4,22.979087,115.832299,3,Urban,2,Cropland,0.25,0.5,0,0,0.25,0.75,TRUE,Ag-dominated
2304000,15,599,28.05446224,-82.3637032,3,Urban,1,Natural vegetation,0.5,0,0,0,0.5,0.5,TRUE,Urban-dominated
2305,NA,0,24.59357,116.31529,1,Natural vegetation,1,Natural vegetation,0,0,0,0,1,0,FALSE,Natural-dominated
2306,4,22,22.238874,112.720441,1,Natural vegetation,1,Natural vegetation,0,0,0,0,1,0,FALSE,Natural-dominated
2307,NA,0,23.241268,114.156364,3,Urban,1,Natural vegetation,0,0,0,0,1,0,FALSE,Natural-dominated
2308,4,3,22.800286,114.92215,3,Urban,3,Urban,0.5,0.25,0,0,0.25,0.75,TRUE,Urban-dominated
2309,8,235,23.447464,116.554572,3,Urban,3,Urban,1,0,0,0,0,1,TRUE,Urban-dominated
2310,NA,0,25.435996,113.181084,1,Natural vegetation,1,Natural vegetation,0,0,0,0,1,0,FALSE,Natural-dominated
2311,4,58,23.064736,113.512709,3,Urban,3,Urban,0.5,0,0.5,0,0,0.5,TRUE,Urban-dominated
2312,NA,0,22.341973,113.359214,1,Natural vegetation,1,Natural vegetation,0,0,0.25,0,0.75,0,FALSE,Natural-dominated
2313,NA,0,23.083921,111.396813,1,Natural vegetation,1,Natural vegetation,0,0,0,0,1,0,FALSE,Natural-dominated
2313700,2,56,29.20413378,-82.769001,4,Wetland,1,Natural vegetation,0,0,0,0.25,0.75,0,FALSE,Natural-dominated
2314,4,7,23.023376,113.333231,3,Urban,3,Urban,1,0,0,0,0,1,TRUE,Urban-dominated
2315,4,69,22.891775,113.47333,3,Urban,3,Urban,0.5,0,0.5,0,0,0.5,TRUE,Urban-dominated
2316,NA,0,23.43983,111.73678,1,Natural vegetation,1,Natural vegetation,0,0,0,0,1,0,FALSE,Natural-dominated
2317,NA,0,22.775054,115.038462,5,Other,4,Wetland,0,0,0,1,0,0,FALSE,Mixed
2318,8,109,23.028025,113.199715,3,Urban,3,Urban,1,0,0,0,0,1,TRUE,Urban-dominated
2318500,7.5,4,30.79330556,-83.4534444,1,Natural vegetation,1,Natural vegetation,0,0,0,0,1,0,FALSE,Natural-dominated
2319,6,2,24.347717,113.855428,1,Natural vegetation,1,Natural vegetation,0,0,0,0,1,0,FALSE,Natural-dominated
2320,NA,0,23.177386,114.458742,5,Other,2,Cropland,0,1,0,0,0,1,TRUE,Ag-dominated
2321,NA,0,23.296456,112.985654,5,Other,2,Cropland,0.5,0.5,0,0,0,1,TRUE,Urban-dominated
2322,NA,0,22.5278286,113.2008883,5,Other,5,Other,0.25,0,0.75,0,0,0.25,FALSE,Mixed
232242,9,11,-37.86192,144.1318,1,Natural vegetation,2,Cropland,0,1,0,0,0,1,TRUE,Ag-dominated
2322700,3,21,29.95273288,-82.7859573,1,Natural vegetation,1,Natural vegetation,0,0,0,0,1,0,FALSE,Natural-dominated
2323,NA,0,22.885302,111.995442,1,Natural vegetation,1,Natural vegetation,0.25,0,0,0,0.75,0.25,FALSE,Natural-dominated
2324,8,9,23.711524,113.217941,2,Cropland,2,Cropland,0,1,0,0,0,1,TRUE,Ag-dominated
2325,8,105,21.959607,111.675334,2,Cropland,1,Natural vegetation,0,0,0,0,1,0,FALSE,Natural-dominated
2326,NA,0,22.693113,113.502012,5,Other,5,Other,0,0,1,0,0,0,FALSE,Mixed
2326516,20,87,30.3397222,-83.9923333,1,Natural vegetation,1,Natural vegetation,0,0,0,0,1,0,FALSE,Natural-dominated
2326526,5.5,60,30.3013159,-83.9796085,1,Natural vegetation,1,Natural vegetation,0,0,0,0,1,0,FALSE,Natural-dominated
2327,NA,0,23.51581,113.556941,3,Urban,1,Natural vegetation,0.25,0,0,0,0.75,0.25,FALSE,Natural-dominated
2328,NA,0,22.718191,111.271433,1,Natural vegetation,1,Natural vegetation,0,0,0,0,1,0,FALSE,Natural-dominated
2329,8,138,23.015018,114.4862,5,Other,1,Natural vegetation,0,0,0,0,1,0,FALSE,Natural-dominated
2330,4,88,22.992944,112.290777,1,Natural vegetation,1,Natural vegetation,0,0,0,0,1,0,FALSE,Natural-dominated
2331,NA,0,23.488427,116.777142,3,Urban,3,Urban,1,0,0,0,0,1,TRUE,Urban-dominated
2332,NA,0,22.800704,113.527502,3,Urban,1,Natural vegetation,0.25,0,0.25,0,0.5,0.25,FALSE,Natural-dominated
233217,6,22,-38.16360559,144.3468922,3,Urban,3,Urban,0.75,0,0.25,0,0,0.75,TRUE,Urban-dominated
2333,8,30,22.54716,112.97655,1,Natural vegetation,1,Natural vegetation,0,0,0,0,1,0,FALSE,Natural-dominated
2334,8,45,23.686789,116.887764,1,Natural vegetation,1,Natural vegetation,0,0,0,0,1,0,FALSE,Natural-dominated
2334430,6,105,34.15666667,-84.0784167,1,Natural vegetation,1,Natural vegetation,0,0,0,0,1,0,FALSE,Natural-dominated
2334500,NA,0,34.1261111,-84.09338889,1,Natural vegetation,3,Urban,1,0,0,0,0,1,TRUE,Urban-dominated
2335,NA,0,21.613011,110.266806,3,Urban,2,Cropland,0.25,0.75,0,0,0,1,TRUE,Ag-dominated
2336,NA,0,23.072242,112.153685,1,Natural vegetation,1,Natural vegetation,0,0,0,0,1,0,FALSE,Natural-dominated
2336120,2,6,33.83155556,-84.3427778,3,Urban,3,Urban,1,0,0,0,0,1,TRUE,Urban-dominated
2336152,10,40,33.81044444,-84.2479722,3,Urban,3,Urban,1,0,0,0,0,1,TRUE,Urban-dominated
23362095,NA,0,33.82138889,-84.2747222,3,Urban,3,Urban,1,0,0,0,0,1,TRUE,Urban-dominated
2336240,NA,0,33.8030833,-84.3406944,3,Urban,3,Urban,1,0,0,0,0,1,TRUE,Urban-dominated
2336300,1,3,33.82030556,-84.40763889,3,Urban,3,Urban,1,0,0,0,0,1,TRUE,Urban-dominated
2336313,6,66,33.82163889,-84.43863889,3,Urban,3,Urban,1,0,0,0,0,1,TRUE,Urban-dominated
2336340,NA,0,33.89775,-84.34525,3,Urban,3,Urban,1,0,0,0,0,1,TRUE,Urban-dominated
2336360,3.5,4,33.86916667,-84.37888889,3,Urban,3,Urban,1,0,0,0,0,1,TRUE,Urban-dominated
2336410,NA,0,33.8382222,-84.4392778,3,Urban,3,Urban,1,0,0,0,0,1,TRUE,Urban-dominated
2336526,6,19,33.7944722,-84.4741944,3,Urban,3,Urban,1,0,0,0,0,1,TRUE,Urban-dominated
2336728,3,2,33.74352778,-84.5681667,3,Urban,3,Urban,1,0,0,0,0,1,TRUE,Urban-dominated
2337,NA,0,22.599575,112.128586,1,Natural vegetation,1,Natural vegetation,0,0,0,0,1,0,FALSE,Natural-dominated
2337170,3.5,2,33.65666667,-84.6736111,1,Natural vegetation,1,Natural vegetation,0,0,0,0,1,0,FALSE,Natural-dominated
2338,NA,0,22.930987,115.609849,2,Cropland,3,Urban,0.5,0,0.5,0,0,0.5,TRUE,Urban-dominated
2339,NA,0,23.471058,113.183855,3,Urban,3,Urban,0.5,0,0.25,0,0.25,0.5,TRUE,Urban-dominated
2340,14,76,22.997112,112.424484,3,Urban,1,Natural vegetation,0,0.333333333,0,0,0.666666667,0.333333333,TRUE,Natural-dominated
2341,8,162,22.335273,113.448344,3,Urban,3,Urban,0.666666667,0,0,0,0.333333333,0.666666667,TRUE,Urban-dominated
2342,NA,0,22.732501,112.224538,1,Natural vegetation,1,Natural vegetation,0,0,0,0,1,0,FALSE,Natural-dominated
2343,NA,0,22.529583,113.447543,3,Urban,3,Urban,1,0,0,0,0,1,TRUE,Urban-dominated
23432415,3,1179,31.62219444,-85.0591667,1,Natural vegetation,2,Cropland,0,1,0,0,0,1,TRUE,Ag-dominated
2343805,NA,0,31.24908333,-85.1066111,1,Natural vegetation,2,Cropland,0,1,0,0,0,1,TRUE,Ag-dominated
2344,14,4,24.487936,115.497302,1,Natural vegetation,1,Natural vegetation,0,0,0,0,1,0,FALSE,Natural-dominated
2344630,8.5,38,33.35727778,-84.5826111,1,Natural vegetation,1,Natural vegetation,0,0,0,0,1,0,FALSE,Natural-dominated
2344673,7,37,33.38316667,-84.5727222,3,Urban,3,Urban,1,0,0,0,0,1,TRUE,Urban-dominated
2345,8,637,23.572236,116.392179,3,Urban,3,Urban,1,0,0,0,0,1,TRUE,Urban-dominated
2346,12,4,21.66039,109.136571,2,Cropland,2,Cropland,0,1,0,0,0,1,TRUE,Ag-dominated
2347,NA,0,25.940862,109.873784,1,Natural vegetation,1,Natural vegetation,0,0,0,0,1,0,FALSE,Natural-dominated
2348,NA,0,24.204279,110.156699,1,Natural vegetation,1,Natural vegetation,0,0,0,0,1,0,FALSE,Natural-dominated
2349,NA,0,22.2165526,106.7065555,1,Natural vegetation,1,Natural vegetation,0,0,0,0,1,0,FALSE,Natural-dominated
2350,NA,0,23.494393,109.736549,2,Cropland,1,Natural vegetation,0,0.5,0,0,0.5,0.5,TRUE,Ag-dominated
2351,NA,0,22.7818691,108.1314675,5,Other,2,Cropland,0,1,0,0,0,1,TRUE,Ag-dominated
2352,NA,0,23.379547,106.180563,1,Natural vegetation,1,Natural vegetation,0,0,0,0,1,0,FALSE,Natural-dominated
2353,NA,0,22.4645798,106.6125759,2,Cropland,1,Natural vegetation,0,0.5,0,0,0.5,0.5,TRUE,Ag-dominated
2354,4,1,23.556576,110.390755,3,Urban,3,Urban,1,0,0,0,0,1,TRUE,Urban-dominated
2355,NA,0,22.853146,106.72843,1,Natural vegetation,1,Natural vegetation,0,0,0,0,1,0,FALSE,Natural-dominated
2356,NA,0,25.185404,109.414808,1,Natural vegetation,1,Natural vegetation,0,0,0,0,1,0,FALSE,Natural-dominated
2356000,NA,0,30.91030556,-84.5805,3,Urban,1,Natural vegetation,0,0,0,0,1,0,FALSE,Natural-dominated
2357,4,1,24.507607,108.884472,2,Cropland,2,Cropland,0,1,0,0,0,1,TRUE,Ag-dominated
2357150,2,6,30.903,-84.7495,1,Natural vegetation,2,Cropland,0,1,0,0,0,1,TRUE,Ag-dominated
2358,NA,0,25.225332,108.407467,1,Natural vegetation,1,Natural vegetation,0,0,0,0,1,0,FALSE,Natural-dominated
2358000,2.5,2,30.7010251,-84.8590871,5,Other,1,Natural vegetation,0,0,0,0,1,0,FALSE,Natural-dominated
2359,NA,0,23.421211,110.539833,3,Urban,2,Cropland,0,1,0,0,0,1,TRUE,Ag-dominated
2359170,188,3,29.94937094,-85.0154686,1,Natural vegetation,4,Wetland,0,0,0,1,0,0,FALSE,Mixed
2359223,3,67,29.7695111,-85.0842806,4,Wetland,4,Wetland,0,0,0,1,0,0,FALSE,Mixed
2360,NA,0,24.902747,110.517916,1,Natural vegetation,1,Natural vegetation,0,0.25,0,0,0.75,0.25,FALSE,Natural-dominated
2361,NA,0,23.987209,106.6086,5,Other,2,Cropland,0,0.5,0.5,0,0,0.5,TRUE,Ag-dominated
2362,NA,0,23.787609,106.821007,3,Urban,1,Natural vegetation,0,0.5,0,0,0.5,0.5,TRUE,Ag-dominated
2363,4,1,23.415838,111.174427,1,Natural vegetation,1,Natural vegetation,0,0,0,0,1,0,FALSE,Natural-dominated
2364,4,1,23.850452,109.516111,2,Cropland,3,Urban,1,0,0,0,0,1,TRUE,Urban-dominated
2365,NA,0,23.51852,108.129669,3,Urban,1,Natural vegetation,0,0.25,0,0,0.75,0.25,FALSE,Natural-dominated
2366,NA,0,23.466327,110.1675757,3,Urban,2,Cropland,0,1,0,0,0,1,TRUE,Ag-dominated
2367,NA,0,25.304837,110.177191,2,Cropland,1,Natural vegetation,0.25,0.25,0,0,0.5,0.5,TRUE,Natural-dominated
2368,NA,0,21.5379255,107.961648,3,Urban,2,Cropland,0.5,0.5,0,0,0,1,TRUE,Urban-dominated
2369,NA,0,22.866259,109.287212,2,Cropland,2,Cropland,0,1,0,0,0,1,TRUE,Ag-dominated
2370,NA,0,24.965173,107.548562,1,Natural vegetation,1,Natural vegetation,0,0,0,0,1,0,FALSE,Natural-dominated
2371,NA,0,25.414973,109.543408,1,Natural vegetation,1,Natural vegetation,0,0,0,0,1,0,FALSE,Natural-dominated
2373,NA,0,46.144595,90.988352,5,Other,5,Other,0,0,1,0,0,0,FALSE,Mixed
2374,6,2,46.473199,82.814172,1,Natural vegetation,1,Natural vegetation,0,0,0,0,1,0,FALSE,Natural-dominated
2375,NA,0,43.797645,87.609015,3,Urban,3,Urban,1,0,0,0,0,1,TRUE,Urban-dominated
2376,4,2,47.329765,87.819778,3,Urban,2,Cropland,0.5,0.5,0,0,0,1,TRUE,Urban-dominated
2377,12,67,34.060052,120.225024,2,Cropland,2,Cropland,0.25,0.75,0,0,0,1,TRUE,Ag-dominated
2378,86,2,34.786621,116.916933,2,Cropland,2,Cropland,0.25,0.75,0,0,0,1,TRUE,Ag-dominated
2379,8,36,34.087534,120.247992,3,Urban,2,Cropland,0,1,0,0,0,1,TRUE,Ag-dominated
2380,6,4,32.331747,119.478663,2,Cropland,3,Urban,0.5,0.25,0.25,0,0,0.75,TRUE,Urban-dominated
2381,NA,0,31.8864297,118.5239199,3,Urban,2,Cropland,0,0.5,0.25,0.25,0,0.5,TRUE,Ag-dominated
2382,16,32,34.475074,119.284184,2,Cropland,2,Cropland,0,1,0,0,0,1,TRUE,Ag-dominated
2383,12,66,34.420654,119.501679,3,Urban,2,Cropland,0,1,0,0,0,1,TRUE,Ag-dominated
2384,4,1,31.744229,119.803875,2,Cropland,3,Urban,1,0,0,0,0,1,TRUE,Urban-dominated
2385,8,88,33.400235,120.126341,3,Urban,3,Urban,1,0,0,0,0,1,TRUE,Urban-dominated
2386,8,35,34.605988,118.482669,2,Cropland,3,Urban,1,0,0,0,0,1,TRUE,Urban-dominated
2387,16,77,33.223399,120.2997,2,Cropland,2,Cropland,0,1,0,0,0,1,TRUE,Ag-dominated
2388,4,5,32.061707,118.763232,3,Urban,3,Urban,1,0,0,0,0,1,TRUE,Urban-dominated
2388985,NA,0,34.3986111,-84.0566667,1,Natural vegetation,1,Natural vegetation,0,0,0,0,1,0,FALSE,Natural-dominated
2389,8,36,34.661703,119.182412,3,Urban,3,Urban,0.5,0.25,0.25,0,0,0.75,TRUE,Urban-dominated
2390,8,29,34.305619,120.05062,3,Urban,2,Cropland,0,1,0,0,0,1,TRUE,Ag-dominated
2391,8,89,32.083269,120.333295,2,Cropland,2,Cropland,0,1,0,0,0,1,TRUE,Ag-dominated
2392,8,113,33.798763,120.34031,5,Other,2,Cropland,0,1,0,0,0,1,TRUE,Ag-dominated
2393,8,60,33.051439,120.798311,2,Cropland,2,Cropland,0,1,0,0,0,1,TRUE,Ag-dominated
2394,8,1,33.191976,117.990686,2,Cropland,2,Cropland,0,0.75,0.25,0,0,0.75,TRUE,Ag-dominated
2394682,2,3,34.0789722,-84.8544444,1,Natural vegetation,1,Natural vegetation,0,0,0,0,1,0,FALSE,Natural-dominated
2395,16,17,34.1666,118.882275,2,Cropland,2,Cropland,0,1,0,0,0,1,TRUE,Ag-dominated
2396,4,1,34.6214143,118.1051302,2,Cropland,2,Cropland,0,1,0,0,0,1,TRUE,Ag-dominated
2397,NA,0,33.9821408,117.8784662,3,Urban,2,Cropland,0,1,0,0,0,1,TRUE,Ag-dominated
2397530,NA,0,34.20194444,-85.45325,1,Natural vegetation,1,Natural vegetation,0,0,0,0,1,0,FALSE,Natural-dominated
2398,NA,0,33.647568,119.447306,3,Urban,2,Cropland,0,1,0,0,0,1,TRUE,Ag-dominated
2399,16,83,33.459693,120.58843,5,Other,5,Other,0,0,1,0,0,0,FALSE,Mixed
2400,12,89,32.442549,119.550954,3,Urban,3,Urban,1,0,0,0,0,1,TRUE,Urban-dominated
2401,12,85,33.617416,120.47589,2,Cropland,2,Cropland,0,0.75,0.25,0,0,0.75,TRUE,Ag-dominated
2402,8,59,34.630774,119.157303,2,Cropland,3,Urban,1,0,0,0,0,1,TRUE,Urban-dominated
2403,16,35,34.625156,119.171402,3,Urban,3,Urban,1,0,0,0,0,1,TRUE,Urban-dominated
2404,NA,0,31.3994789,120.2294781,5,Other,5,Other,0,0,1,0,0,0,FALSE,Mixed
2405,12,92,34.056805,118.804565,3,Urban,2,Cropland,0,1,0,0,0,1,TRUE,Ag-dominated
2406,16,47,31.503261,119.838119,2,Cropland,4,Wetland,0,0.25,0.25,0.5,0,0.25,FALSE,Mixed
2407,8,18,33.39845,119.609473,2,Cropland,2,Cropland,0,1,0,0,0,1,TRUE,Ag-dominated
2408,12,68,31.894245,120.602195,3,Urban,3,Urban,0.75,0.25,0,0,0,1,TRUE,Urban-dominated
2409,4,2,34.67746,119.151436,3,Urban,2,Cropland,0,1,0,0,0,1,TRUE,Ag-dominated
2410,NA,0,33.4756166,118.099662,2,Cropland,2,Cropland,0,1,0,0,0,1,TRUE,Ag-dominated
2411,8,3,33.282706,118.637266,5,Other,5,Other,0,0,1,0,0,0,FALSE,Mixed
2412,8,8,34.954826,119.144615,3,Urban,2,Cropland,0,1,0,0,0,1,TRUE,Ag-dominated
2413,NA,0,33.028792,118.500556,3,Urban,5,Other,0,0,1,0,0,0,FALSE,Mixed
2413205,NA,0,33.5008333,-85.2525,1,Natural vegetation,1,Natural vegetation,0,0,0,0,1,0,FALSE,Natural-dominated
2413210,NA,0,33.49269444,-85.2793056,1,Natural vegetation,1,Natural vegetation,0,0,0,0,1,0,FALSE,Natural-dominated
2413215,NA,0,33.61277778,-85.2844444,1,Natural vegetation,1,Natural vegetation,0,0,0,0,1,0,FALSE,Natural-dominated
2414,8,74,34.211619,119.580868,3,Urban,3,Urban,0.5,0.25,0.25,0,0,0.75,TRUE,Urban-dominated
2415,20,27,34.668919,119.459167,5,Other,5,Other,0,0,1,0,0,0,FALSE,Mixed
2416,16,28,34.50932,119.751725,5,Other,5,Other,0,0,1,0,0,0,FALSE,Mixed
2417,12,116,33.184199,120.701088,1,Natural vegetation,2,Cropland,0,1,0,0,0,1,TRUE,Ag-dominated
2418,12,71,33.626576,118.994994,3,Urban,3,Urban,1,0,0,0,0,1,TRUE,Urban-dominated
2419,NA,0,31.1316451,120.2181405,5,Other,5,Other,0,0,0.75,0,0.25,0,FALSE,Mixed
2420,8,56,31.380975,119.639617,2,Cropland,2,Cropland,0.25,0.75,0,0,0,1,TRUE,Ag-dominated
2421,8,45,34.398537,117.179892,3,Urban,3,Urban,1,0,0,0,0,1,TRUE,Urban-dominated
2422,12,118,34.067903,119.367138,2,Cropland,2,Cropland,0,1,0,0,0,1,TRUE,Ag-dominated
2423,NA,0,34.7645984,118.7054204,5,Other,2,Cropland,0,1,0,0,0,1,TRUE,Ag-dominated
2423130,NA,0,33.62232504,-86.599431,3,Urban,1,Natural vegetation,0,0,0,0,1,0,FALSE,Natural-dominated
2423160,NA,0,33.60371416,-86.5491517,1,Natural vegetation,1,Natural vegetation,0,0,0,0,1,0,FALSE,Natural-dominated
2423380,NA,0,33.4817724,-86.7127653,1,Natural vegetation,1,Natural vegetation,0.5,0,0,0,0.5,0.5,TRUE,Urban-dominated
2423555,NA,0,33.28455786,-86.8824901,1,Natural vegetation,1,Natural vegetation,0,0,0,0,1,0,FALSE,Natural-dominated
2423571,4,74,33.52093809,-86.7169325,3,Urban,1,Natural vegetation,0.5,0,0,0,0.5,0.5,TRUE,Urban-dominated
2423647,NA,0,33.09817509,-87.054716,1,Natural vegetation,1,Natural vegetation,0,0,0,0,1,0,FALSE,Natural-dominated
2424,6,20,34.786466,119.144453,3,Urban,5,Other,0.25,0.25,0.5,0,0,0.5,TRUE,Mixed
2425,NA,0,31.318337,119.936482,5,Other,5,Other,0.333333333,0,0.666666667,0,0,0.333333333,TRUE,Mixed
2426,8,36,31.909695,120.398111,3,Urban,3,Urban,1,0,0,0,0,1,TRUE,Urban-dominated
2427,18,6,32.238702,119.241225,3,Urban,3,Urban,0.5,0,0.5,0,0,0.5,TRUE,Urban-dominated
2428,NA,0,34.072752,118.296812,2,Cropland,2,Cropland,0,1,0,0,0,1,TRUE,Ag-dominated
2429,NA,0,34.00457,118.417778,2,Cropland,2,Cropland,0.25,0.75,0,0,0,1,TRUE,Ag-dominated
2430,12,79,33.351703,120.043331,2,Cropland,2,Cropland,0,1,0,0,0,1,TRUE,Ag-dominated
2431,8,3,28.720414,115.456909,2,Cropland,2,Cropland,0.25,0.75,0,0,0,1,TRUE,Ag-dominated
2432,NA,0,29.258872,117.856331,3,Urban,3,Urban,1,0,0,0,0,1,TRUE,Urban-dominated
2433,NA,0,28.9010223,116.4236311,5,Other,5,Other,0,0,1,0,0,0,FALSE,Mixed
2434,NA,0,29.2504565,116.1868837,5,Other,5,Other,0,0,1,0,0,0,FALSE,Mixed
2435,8,68,28.296352,117.713131,3,Urban,1,Natural vegetation,0.5,0,0,0,0.5,0.5,TRUE,Urban-dominated
2436,NA,0,28.502825,116.09994,5,Other,5,Other,0,0,1,0,0,0,FALSE,Mixed
2437,NA,0,28.675696,115.909228,3,Urban,3,Urban,1,0,0,0,0,1,TRUE,Urban-dominated
2438,NA,0,29.7294296,115.9811165,3,Urban,3,Urban,0.5,0,0.5,0,0,0.5,TRUE,Urban-dominated
2439,NA,0,28.378044,117.449588,3,Urban,2,Cropland,0.25,0.5,0,0,0.25,0.75,TRUE,Ag-dominated
2440,8,29,28.947317,117.572119,3,Urban,1,Natural vegetation,0,0,0,0,1,0,FALSE,Natural-dominated
2441,NA,0,29.738731,116.257957,3,Urban,3,Urban,1,0,0,0,0,1,TRUE,Urban-dominated
2442,NA,0,28.571832,115.790844,3,Urban,2,Cropland,0.333333333,0.333333333,0.333333333,0,0,0.666666667,TRUE,Mixed
2443,4,5,28.675696,115.909228,3,Urban,3,Urban,1,0,0,0,0,1,TRUE,Urban-dominated
2444,NA,0,25.704528,114.545317,1,Natural vegetation,1,Natural vegetation,0,0,0,0,1,0,FALSE,Natural-dominated
2445,4,1,29.6051759,116.1272585,5,Other,5,Other,0,0,1,0,0,0,FALSE,Mixed
2446,4,5,28.941453,117.151076,3,Urban,2,Cropland,0.5,0.5,0,0,0,1,TRUE,Urban-dominated
2447,NA,0,29.061247,116.611057,2,Cropland,2,Cropland,0,0.5,0.5,0,0,0.5,TRUE,Ag-dominated
2448,NA,0,29.676932,117.448049,1,Natural vegetation,1,Natural vegetation,0,0,0,0,1,0,FALSE,Natural-dominated
2449,NA,0,29.20291,117.1077,3,Urban,1,Natural vegetation,0,0.25,0,0,0.75,0.25,FALSE,Natural-dominated
2450,6,10,40.3405825,115.5478498,2,Cropland,1,Natural vegetation,0,0.25,0,0,0.75,0.25,FALSE,Natural-dominated
2451,NA,0,38.325802,116.212332,2,Cropland,2,Cropland,0,1,0,0,0,1,TRUE,Ag-dominated
2452,NA,0,37.972436,113.913956,3,Urban,3,Urban,1,0,0,0,0,1,TRUE,Urban-dominated
2453,4,2,38.037057,114.468664,3,Urban,3,Urban,1,0,0,0,0,1,TRUE,Urban-dominated
2454,8,30,37.211118,115.350472,2,Cropland,2,Cropland,0,1,0,0,0,1,TRUE,Ag-dominated
2455,NA,0,38.3201557,113.9937027,5,Other,3,Urban,1,0,0,0,0,1,TRUE,Urban-dominated
2456,4,1,34.765515,113.753602,3,Urban,3,Urban,1,0,0,0,0,1,TRUE,Urban-dominated
2457,NA,0,32.6736289,111.7090816,3,Urban,2,Cropland,0,1,0,0,0,1,TRUE,Ag-dominated
2458,8,11,33.8193013,116.3484945,2,Cropland,2,Cropland,0,1,0,0,0,1,TRUE,Ag-dominated
2459,4,9,33.124041,111.460461,3,Urban,1,Natural vegetation,0.333333333,0.333333333,0,0,0.333333333,0.666666667,TRUE,Mixed
2460,NA,0,32.11683,114.05857,3,Urban,3,Urban,1,0,0,0,0,1,TRUE,Urban-dominated
2461,8,26,33.68667,114.16434,2,Cropland,2,Cropland,0,1,0,0,0,1,TRUE,Ag-dominated
2462,8,9,33.8792895,115.4910372,3,Urban,2,Cropland,0.25,0.75,0,0,0,1,TRUE,Ag-dominated
2463,4,2,35.850782,113.931199,2,Cropland,2,Cropland,0,0.75,0,0,0.25,0.75,TRUE,Ag-dominated
2464,8,16,30.367019,120.221154,3,Urban,3,Urban,1,0,0,0,0,1,TRUE,Urban-dominated
2465,NA,0,28.575709,119.34579,1,Natural vegetation,1,Natural vegetation,0,0,0,0,1,0,FALSE,Natural-dominated
2466,NA,0,28.824718,121.435589,1,Natural vegetation,1,Natural vegetation,0,0,0.25,0,0.75,0,FALSE,Natural-dominated
2467,NA,0,30.267446,120.152791,3,Urban,3,Urban,1,0,0,0,0,1,TRUE,Urban-dominated
2468,12,72,29.998926,122.215702,3,Urban,3,Urban,0.5,0,0.25,0,0.25,0.5,TRUE,Urban-dominated
2469,16,41,30.742701,120.487901,3,Urban,3,Urban,1,0,0,0,0,1,TRUE,Urban-dominated
2469100,NA,0,32.2376437,-88.0083498,4,Wetland,1,Natural vegetation,0,0,0,0,1,0,FALSE,Natural-dominated
2469525,NA,0,32.13014697,-88.0411267,1,Natural vegetation,1,Natural vegetation,0,0,0.5,0,0.5,0,FALSE,Natural-dominated
2470,8,43,30.389197,119.953649,3,Urban,3,Urban,1,0,0,0,0,1,TRUE,Urban-dominated
2471,8,83,30.505958,120.948967,5,Other,5,Other,0.25,0.25,0.5,0,0,0.5,TRUE,Mixed
2472,4,1,28.769243,118.659728,1,Natural vegetation,1,Natural vegetation,0.25,0.25,0,0,0.5,0.5,TRUE,Natural-dominated
2473,4,1,28.687516,118.813398,1,Natural vegetation,1,Natural vegetation,0,0,0,0,1,0,FALSE,Natural-dominated
2474,8,45,28.322041,119.704038,1,Natural vegetation,1,Natural vegetation,0,0,0,0,1,0,FALSE,Natural-dominated
2475,8,74,30.27792,121.31823,3,Urban,3,Urban,1,0,0,0,0,1,TRUE,Urban-dominated
2476,4,43,29.506424,120.897324,3,Urban,2,Cropland,0.25,0.75,0,0,0,1,TRUE,Ag-dominated
2477,NA,0,30.640482,119.602837,3,Urban,2,Cropland,0.25,0.5,0,0,0.25,0.75,TRUE,Ag-dominated
2478,12,45,28.212405,121.101439,1,Natural vegetation,2,Cropland,0,0.5,0.25,0.25,0,0.5,TRUE,Ag-dominated
2479,8,23,30.921099,120.177691,2,Cropland,2,Cropland,0,0.5,0.5,0,0,0.5,TRUE,Ag-dominated
2480,4,8,28.892731,118.545013,1,Natural vegetation,1,Natural vegetation,0,0,0,0,1,0,FALSE,Natural-dominated
2481,8,30,30.78938,121.121247,2,Cropland,2,Cropland,0,1,0,0,0,1,TRUE,Ag-dominated
2482,8,55,30.963576,120.101914,5,Other,3,Urban,1,0,0,0,0,1,TRUE,Urban-dominated
2483,12,41,30.616051,120.805238,2,Cropland,2,Cropland,0,1,0,0,0,1,TRUE,Ag-dominated
2484,16,41,28.494492,119.833412,1,Natural vegetation,1,Natural vegetation,0.5,0,0,0,0.5,0.5,TRUE,Urban-dominated
2485,4,1,30.8909035,120.1005112,3,Urban,3,Urban,1,0,0,0,0,1,TRUE,Urban-dominated
2486,8,10,28.439517,121.543023,3,Urban,2,Cropland,0.25,0.75,0,0,0,1,TRUE,Ag-dominated
2487,12,52,30.848742,120.894048,3,Urban,3,Urban,0.75,0.25,0,0,0,1,TRUE,Urban-dominated
2488,NA,0,29.767201,121.395288,3,Urban,2,Cropland,0,1,0,0,0,1,TRUE,Ag-dominated
2489,8,1,28.401886,119.538611,1,Natural vegetation,1,Natural vegetation,0,0,0,0,1,0,FALSE,Natural-dominated
2490,4,11,30.724406,120.994556,3,Urban,2,Cropland,0.5,0.5,0,0,0,1,TRUE,Urban-dominated
2491,8,1,30.736711,120.911908,2,Cropland,2,Cropland,0,1,0,0,0,1,TRUE,Ag-dominated
2492,12,19,30.939381,120.342285,3,Urban,5,Other,0,0,1,0,0,0,FALSE,Mixed
2493,NA,0,30.267446,120.152791,3,Urban,3,Urban,1,0,0,0,0,1,TRUE,Urban-dominated
2494,NA,0,29.23126,121.827794,2,Cropland,2,Cropland,0.25,0.75,0,0,0,1,TRUE,Ag-dominated
2495,NA,0,30.370015,119.538923,1,Natural vegetation,1,Natural vegetation,0,0,0,0,1,0,FALSE,Natural-dominated
2496,8,32,29.907382,120.313331,1,Natural vegetation,3,Urban,0.75,0,0,0.25,0,0.75,TRUE,Urban-dominated
2497,4,3,30.030173,120.604399,3,Urban,3,Urban,1,0,0,0,0,1,TRUE,Urban-dominated
2498,8,162,30.003568,120.801067,3,Urban,3,Urban,0.5,0.25,0,0,0.25,0.75,TRUE,Urban-dominated
2499,8,49,30.8849975,120.7095199,3,Urban,2,Cropland,0.25,0.5,0.25,0,0,0.75,TRUE,Ag-dominated
2500,12,45,30.402274,120.545629,3,Urban,3,Urban,1,0,0,0,0,1,TRUE,Urban-dominated
2501,8,21,30.856484,120.914013,3,Urban,3,Urban,1,0,0,0,0,1,TRUE,Urban-dominated
2502,4,1,30.82326,119.780421,2,Cropland,2,Cropland,0.5,0.5,0,0,0,1,TRUE,Urban-dominated
2503,12,24,30.047365,121.093727,3,Urban,1,Natural vegetation,0.5,0,0,0,0.5,0.5,TRUE,Urban-dominated
2504,16,36,28.165644,121.061852,3,Urban,2,Cropland,0.25,0.5,0.25,0,0,0.75,TRUE,Ag-dominated
2505,NA,0,29.6821828,118.7920482,1,Natural vegetation,5,Other,0,0,1,0,0,0,FALSE,Mixed
2506,6,2,29.622386,119.815549,1,Natural vegetation,1,Natural vegetation,0,0,0,0,1,0,FALSE,Natural-dominated
2507,8,8,30.301193,119.973122,2,Cropland,2,Cropland,0.5,0.5,0,0,0,1,TRUE,Urban-dominated
2508,NA,0,29.127464,118.918888,5,Other,1,Natural vegetation,0,0,0,0,1,0,FALSE,Natural-dominated
2509,8,135,30.505918,120.948956,5,Other,5,Other,0.25,0.25,0.5,0,0,0.5,TRUE,Mixed
2510,4,1,28.186588,119.602925,1,Natural vegetation,1,Natural vegetation,0,0,0,0,1,0,FALSE,Natural-dominated
2511,8,82,30.814378,121.102536,2,Cropland,2,Cropland,0,1,0,0,0,1,TRUE,Ag-dominated
2512,NA,0,28.324525,119.936074,1,Natural vegetation,1,Natural vegetation,0,0,0,0,1,0,FALSE,Natural-dominated
2513,12,3,19.624334,110.717366,2,Cropland,1,Natural vegetation,0,0.5,0,0,0.5,0.5,TRUE,Ag-dominated
2514,NA,0,19.329235,108.685071,1,Natural vegetation,2,Cropland,0,1,0,0,0,1,TRUE,Ag-dominated
2515,NA,0,18.436393,109.242338,1,Natural vegetation,1,Natural vegetation,0,0.333333333,0,0,0.666666667,0.333333333,TRUE,Natural-dominated
2516,NA,0,18.985702,109.005486,5,Other,5,Other,0,0,0.75,0,0.25,0,FALSE,Mixed
2517,NA,0,19.970869,110.397589,3,Urban,3,Urban,1,0,0,0,0,1,TRUE,Urban-dominated
2518,6,2,19.882588,110.416458,5,Other,1,Natural vegetation,0,0.25,0,0,0.75,0.25,FALSE,Natural-dominated
2519,12,19,30.359787,115.159707,5,Other,5,Other,0,0,1,0,0,0,FALSE,Mixed
2520,8,16,30.775926,113.43734,2,Cropland,2,Cropland,0,1,0,0,0,1,TRUE,Ag-dominated
2521,6,2,30.425803,115.027978,3,Urban,2,Cropland,0,0.5,0.5,0,0,0.5,TRUE,Ag-dominated
2522,4,41,32.059363,112.382843,2,Cropland,2,Cropland,0,1,0,0,0,1,TRUE,Ag-dominated
2523,6,8,30.1823,112.866681,2,Cropland,2,Cropland,0,1,0,0,0,1,TRUE,Ag-dominated
2524,12,150,31.664417,112.184187,2,Cropland,2,Cropland,0,1,0,0,0,1,TRUE,Ag-dominated
2525,16,68,30.164666,113.892022,2,Cropland,2,Cropland,0,0.5,0.5,0,0,0.5,TRUE,Ag-dominated
2526,8,7,30.278016,113.109137,2,Cropland,2,Cropland,0,1,0,0,0,1,TRUE,Ag-dominated
2527,16,139,30.264433,113.791834,2,Cropland,2,Cropland,0,0.5,0,0.25,0.25,0.5,TRUE,Ag-dominated
2528,NA,0,29.203638,109.225576,1,Natural vegetation,1,Natural vegetation,0,0,0,0,1,0,FALSE,Natural-dominated
2529,64,1,30.262804,115.423717,3,Urban,2,Cropland,0,1,0,0,0,1,TRUE,Ag-dominated
2530,NA,0,29.740766,109.085235,1,Natural vegetation,1,Natural vegetation,0,0,0,0,1,0,FALSE,Natural-dominated
2531,12,14,30.395714,114.092344,1,Natural vegetation,2,Cropland,0,1,0,0,0,1,TRUE,Ag-dominated
2532,NA,0,29.146783,113.11895,3,Urban,3,Urban,1,0,0,0,0,1,TRUE,Urban-dominated
2534,NA,0,34.532635,106.250042,2,Cropland,1,Natural vegetation,0,0.5,0,0,0.5,0.5,TRUE,Ag-dominated
2535,NA,0,24.888209,118.607392,3,Urban,3,Urban,1,0,0,0,0,1,TRUE,Urban-dominated
2536,12,79,26.433311,118.623307,5,Other,1,Natural vegetation,0,0,0.25,0,0.75,0,FALSE,Natural-dominated
2537,NA,0,24.8213,118.58747,3,Urban,3,Urban,1,0,0,0,0,1,TRUE,Urban-dominated
2538,NA,0,27.336408,118.713059,1,Natural vegetation,1,Natural vegetation,0,0,0,0,1,0,FALSE,Natural-dominated
2539,NA,0,26.7954,117.9049,5,Other,1,Natural vegetation,0,0,0,0,1,0,FALSE,Natural-dominated
2540,NA,0,26.986877,119.624264,1,Natural vegetation,1,Natural vegetation,0,0,0,0,1,0,FALSE,Natural-dominated
2541,NA,0,26.96766,119.679468,3,Urban,1,Natural vegetation,0.25,0,0.25,0,0.5,0.25,FALSE,Natural-dominated
2542,4,6,26.205703,119.555245,3,Urban,3,Urban,1,0,0,0,0,1,TRUE,Urban-dominated
2543,NA,0,27.2974,117.5617,1,Natural vegetation,1,Natural vegetation,0,0,0,0,1,0,FALSE,Natural-dominated
2544,NA,0,25.085454,118.534895,2,Cropland,2,Cropland,0,1,0,0,0,1,TRUE,Ag-dominated
2545,NA,0,29.438186,90.954869,1,Natural vegetation,1,Natural vegetation,0,0,0.25,0,0.75,0,FALSE,Natural-dominated
2546,NA,0,24.930468,105.034115,5,Other,1,Natural vegetation,0,0,0,0,1,0,FALSE,Natural-dominated
2547,NA,0,26.8793,107.450544,3,Urban,2,Cropland,0,0.75,0,0,0.25,0.75,TRUE,Ag-dominated
2548,NA,0,25.74035,108.90642,1,Natural vegetation,1,Natural vegetation,0,0,0,0,1,0,FALSE,Natural-dominated
2549,NA,0,26.627461,106.675106,3,Urban,1,Natural vegetation,0,0,0,0,1,0,FALSE,Natural-dominated
2550,NA,0,27.504242,108.684432,1,Natural vegetation,1,Natural vegetation,0,0,0,0,1,0,FALSE,Natural-dominated
2551,NA,0,24.978988,104.75777,1,Natural vegetation,1,Natural vegetation,0,0.25,0,0,0.75,0.25,FALSE,Natural-dominated
2552,NA,0,27.66309,105.55528,2,Cropland,2,Cropland,0,1,0,0,0,1,TRUE,Ag-dominated
2553,NA,0,27.458087,106.232531,2,Cropland,1,Natural vegetation,0,0,0,0,1,0,FALSE,Natural-dominated
2554,4,1,27.017328,108.63525,1,Natural vegetation,1,Natural vegetation,0,0,0,0,1,0,FALSE,Natural-dominated
2555,4,1,26.768079,107.879014,2,Cropland,1,Natural vegetation,0,0.5,0,0,0.5,0.5,TRUE,Ag-dominated
2556,8,1,25.282076,105.533786,1,Natural vegetation,1,Natural vegetation,0,0.333333333,0,0,0.666666667,0.333333333,TRUE,Natural-dominated
2557,NA,0,41.81237,123.581661,3,Urban,3,Urban,0.75,0,0.25,0,0,0.75,TRUE,Urban-dominated
2558,NA,0,40.1170344,124.3886435,3,Urban,3,Urban,1,0,0,0,0,1,TRUE,Urban-dominated
2559,20,8,41.251133,122.63783,3,Urban,2,Cropland,0,1,0,0,0,1,TRUE,Ag-dominated
2560,4,6,41.265244,123.704185,3,Urban,1,Natural vegetation,0.5,0,0,0,0.5,0.5,TRUE,Urban-dominated
2561,4,1,40.544025,120.708427,5,Other,3,Urban,0.5,0,0.5,0,0,0.5,TRUE,Urban-dominated
2562,NA,0,40.611139,120.702485,3,Urban,3,Urban,0.75,0.25,0,0,0,1,TRUE,Urban-dominated
2563,NA,0,40.894132,121.842831,3,Urban,5,Other,0,0.25,0.5,0.25,0,0.25,FALSE,Mixed
2564,4,1,40.317253,124.659946,2,Cropland,1,Natural vegetation,0,0.5,0,0,0.5,0.5,TRUE,Ag-dominated
2565,NA,0,41.940288,123.71503,2,Cropland,2,Cropland,0,1,0,0,0,1,TRUE,Ag-dominated
2566,8,4,41.003403,122.507547,2,Cropland,2,Cropland,0,1,0,0,0,1,TRUE,Ag-dominated
2567,4,39,41.864105,123.868182,3,Urban,3,Urban,1,0,0,0,0,1,TRUE,Urban-dominated
2568,NA,0,41.8888159,124.0940416,5,Other,1,Natural vegetation,0.5,0,0,0,0.5,0.5,TRUE,Urban-dominated
2569,NA,0,42.431383,123.890069,3,Urban,2,Cropland,0,1,0,0,0,1,TRUE,Ag-dominated
2570,4,14,40.619733,119.485351,2,Cropland,2,Cropland,0,1,0,0,0,1,TRUE,Ag-dominated
2571,8,5,42.2059018,123.5529584,2,Cropland,2,Cropland,0,1,0,0,0,1,TRUE,Ag-dominated
2572,4,2,41.599141,120.69456,2,Cropland,1,Natural vegetation,0,0.25,0,0,0.75,0.25,FALSE,Natural-dominated
2573,4,1,40.607377,120.762881,3,Urban,3,Urban,0.75,0,0.25,0,0,0.75,TRUE,Urban-dominated
2574,NA,0,41.370208,123.90975,1,Natural vegetation,1,Natural vegetation,0.5,0,0,0,0.5,0.5,TRUE,Urban-dominated
2575,4,2,40.6805983,122.217647,3,Urban,3,Urban,0.75,0,0,0,0.25,0.75,TRUE,Urban-dominated
2576,8,7,41.835441,123.42944,3,Urban,3,Urban,1,0,0,0,0,1,TRUE,Urban-dominated
2577,4,35,41.433116,122.753617,2,Cropland,2,Cropland,0.5,0.5,0,0,0,1,TRUE,Urban-dominated
2578,NA,0,41.124616,121.388707,2,Cropland,2,Cropland,0,1,0,0,0,1,TRUE,Ag-dominated
2579,NA,0,30.933451,107.950317,1,Natural vegetation,1,Natural vegetation,0,0.5,0,0,0.5,0.5,TRUE,Ag-dominated
2580,16,1,48.258915,134.6728087,4,Wetland,5,Other,0,0,1,0,0,0,FALSE,Mixed
2581,NA,0,47.6425983,132.4690226,5,Other,3,Urban,1,0,0,0,0,1,TRUE,Urban-dominated
2582,NA,0,47.684003,131.062156,5,Other,3,Urban,1,0,0,0,0,1,TRUE,Urban-dominated
2583,12,7,46.003555,126.646118,3,Urban,3,Urban,1,0,0,0,0,1,TRUE,Urban-dominated
2584,106,2,53.480873,122.3556112,3,Urban,1,Natural vegetation,0.25,0,0,0,0.75,0.25,FALSE,Natural-dominated
2585,NA,0,45.979708,133.676903,4,Wetland,4,Wetland,0,0,0,0.75,0.25,0,FALSE,Mixed
2586,8,118,31.392691,121.522058,5,Other,5,Other,0.333333333,0,0.666666667,0,0,0.333333333,TRUE,Mixed
2587,16,16,30.924535,121.571838,3,Urban,2,Cropland,0.25,0.75,0,0,0,1,TRUE,Ag-dominated
2588,4,1,31.032082,120.872697,3,Urban,2,Cropland,0,1,0,0,0,1,TRUE,Ag-dominated
2589,8,69,31.241434,121.476553,3,Urban,3,Urban,1,0,0,0,0,1,TRUE,Urban-dominated
2590,24,1,25.045806,102.710002,3,Urban,3,Urban,1,0,0,0,0,1,TRUE,Urban-dominated
2591,8,314,24.946646,102.706839,3,Urban,3,Urban,0.75,0,0.25,0,0,0.75,TRUE,Urban-dominated
2592,4,1,27.17941,99.151708,1,Natural vegetation,1,Natural vegetation,0,0,0,0,1,0,FALSE,Natural-dominated
2593,8,8,24.195343,103.108814,1,Natural vegetation,1,Natural vegetation,0,0,0,0,1,0,FALSE,Natural-dominated
2594,NA,0,25.72075,98.561684,1,Natural vegetation,1,Natural vegetation,0,0,0,0,1,0,FALSE,Natural-dominated
2595,4,3,26.341758,103.264753,2,Cropland,1,Natural vegetation,0,0,0,0,1,0,FALSE,Natural-dominated
2596,8,8,27.188602,100.904089,1,Natural vegetation,1,Natural vegetation,0,0.25,0,0,0.75,0.25,FALSE,Natural-dominated
2597,NA,0,21.675541,101.13535,1,Natural vegetation,1,Natural vegetation,0,0,0,0,1,0,FALSE,Natural-dominated
2598,NA,0,21.91636,101.247382,1,Natural vegetation,1,Natural vegetation,0,0,0,0,1,0,FALSE,Natural-dominated
2599,NA,0,23.980477,98.971934,1,Natural vegetation,1,Natural vegetation,0,0,0,0,1,0,FALSE,Natural-dominated
2600,NA,0,23.435832,105.258513,1,Natural vegetation,1,Natural vegetation,0,0,0,0,1,0,FALSE,Natural-dominated
2601,4,28,26.861431,100.220307,3,Urban,1,Natural vegetation,0.25,0.25,0,0,0.5,0.5,TRUE,Natural-dominated
2602,NA,0,25.09684,102.686743,3,Urban,3,Urban,1,0,0,0,0,1,TRUE,Urban-dominated
2603,NA,0,24.553494,100.489424,1,Natural vegetation,1,Natural vegetation,0,0,0,0,1,0,FALSE,Natural-dominated
2604,4,4,25.568941,100.178267,1,Natural vegetation,1,Natural vegetation,0,0,0,0,1,0,FALSE,Natural-dominated
2605,4,37,24.200715,102.4234,1,Natural vegetation,1,Natural vegetation,0,0,0,0,1,0,FALSE,Natural-dominated
2606,NA,0,23.603082,99.614273,1,Natural vegetation,1,Natural vegetation,0,0,0,0,1,0,FALSE,Natural-dominated
2607,12,230,24.824166,102.7676,3,Urban,3,Urban,0.5,0,0.5,0,0,0.5,TRUE,Urban-dominated
2608,12,49,25.59304,100.221316,3,Urban,1,Natural vegetation,0.25,0,0.25,0,0.5,0.25,FALSE,Natural-dominated
2609,4,3,27.795905,99.813832,1,Natural vegetation,1,Natural vegetation,0,0,0,0,1,0,FALSE,Natural-dominated
2610,NA,0,25.045806,102.710002,3,Urban,3,Urban,1,0,0,0,0,1,TRUE,Urban-dominated
2611,NA,0,23.589496,99.077975,3,Urban,3,Urban,1,0,0,0,0,1,TRUE,Urban-dominated
2612,NA,0,22.683623,103.058091,1,Natural vegetation,1,Natural vegetation,0,0,0,0,1,0,FALSE,Natural-dominated
2613,8,156,24.924339,102.725061,5,Other,3,Urban,1,0,0,0,0,1,TRUE,Urban-dominated
2614,4,24,25.220989,102.505553,3,Urban,3,Urban,1,0,0,0,0,1,TRUE,Urban-dominated
2615,NA,0,23.532261,102.341173,1,Natural vegetation,1,Natural vegetation,0,0,0,0,1,0,FALSE,Natural-dominated
2616,4,1,23.262287,99.676621,1,Natural vegetation,1,Natural vegetation,0,0,0,0,1,0,FALSE,Natural-dominated
2617,12,104,25.337579,103.233232,2,Cropland,1,Natural vegetation,0,0.25,0,0,0.75,0.25,FALSE,Natural-dominated
2618,8,5,28.598761,103.971257,3,Urban,1,Natural vegetation,0,0,0.25,0.25,0.5,0,FALSE,Natural-dominated
2619,NA,0,25.03425,101.54699,3,Urban,3,Urban,0.75,0,0,0,0.25,0.75,TRUE,Urban-dominated
2620,NA,0,22.49637,100.58072,5,Other,1,Natural vegetation,0,0,0,0,1,0,FALSE,Natural-dominated
2621,NA,0,21.69394,100.048093,3,Urban,3,Urban,1,0,0,0,0,1,TRUE,Urban-dominated
2622,NA,0,24.572973,102.964021,1,Natural vegetation,1,Natural vegetation,0,0,0.333333333,0,0.666666667,0,FALSE,Natural-dominated
2623,NA,0,26.865534,98.871293,1,Natural vegetation,1,Natural vegetation,0,0,0,0,1,0,FALSE,Natural-dominated
2624,4,12,26.743353,103.505731,1,Natural vegetation,1,Natural vegetation,0,0,0,0,1,0,FALSE,Natural-dominated
2625,NA,0,26.493989,99.1566,1,Natural vegetation,1,Natural vegetation,0,0,0,0,1,0,FALSE,Natural-dominated
2626,4,26,24.992944,102.654327,3,Urban,3,Urban,0.5,0,0,0.5,0,0.5,TRUE,Urban-dominated
2627,NA,0,24.8974354,102.7598514,5,Other,3,Urban,0.5,0.25,0.25,0,0,0.75,TRUE,Urban-dominated
2628,NA,0,25.648198,102.646816,1,Natural vegetation,1,Natural vegetation,0,0,0,0,1,0,FALSE,Natural-dominated
2629,NA,0,25.045806,102.710002,3,Urban,3,Urban,1,0,0,0,0,1,TRUE,Urban-dominated
2630,8,1,24.111735,102.75097,3,Urban,3,Urban,1,0,0,0,0,1,TRUE,Urban-dominated
2631,NA,0,27.330165,103.460126,2,Cropland,2,Cropland,0,1,0,0,0,1,TRUE,Ag-dominated
2632,8,123,24.155922,102.446686,3,Urban,1,Natural vegetation,0,0,0,0,1,0,FALSE,Natural-dominated
2633,NA,0,27.731131,103.897452,2,Cropland,1,Natural vegetation,0,0,0,0,1,0,FALSE,Natural-dominated
2634,8,275,26.943372,100.620865,1,Natural vegetation,1,Natural vegetation,0,0,0,0,1,0,FALSE,Natural-dominated
2635,NA,0,25.858054,101.532609,1,Natural vegetation,1,Natural vegetation,0,0,0,0,1,0,FALSE,Natural-dominated
2636,6,2,25.717534,100.238235,1,Natural vegetation,5,Other,0,0,1,0,0,0,FALSE,Mixed
2637,NA,0,27.662574,100.781291,1,Natural vegetation,5,Other,0,0,1,0,0,0,FALSE,Mixed
2638,NA,0,24.997978,102.682596,3,Urban,3,Urban,1,0,0,0,0,1,TRUE,Urban-dominated
2639,NA,0,24.426243,99.31376,1,Natural vegetation,1,Natural vegetation,0,0,0,0,1,0,FALSE,Natural-dominated
2640,NA,0,24.656413,102.641488,1,Natural vegetation,1,Natural vegetation,0,0,0,0,1,0,FALSE,Natural-dominated
2641,NA,0,25.045806,102.710002,3,Urban,3,Urban,1,0,0,0,0,1,TRUE,Urban-dominated
2642,4,30,25.041489,102.748474,3,Urban,3,Urban,1,0,0,0,0,1,TRUE,Urban-dominated
2643,4,1,25.211904,102.47833,1,Natural vegetation,1,Natural vegetation,0.25,0,0,0,0.75,0.25,FALSE,Natural-dominated
2644,NA,0,24.219417,103.10624,3,Urban,1,Natural vegetation,0,0.25,0,0,0.75,0.25,FALSE,Natural-dominated
2645,4,20,24.448543,103.436917,2,Cropland,1,Natural vegetation,0.25,0,0,0,0.75,0.25,FALSE,Natural-dominated
2646,8,12,26.890883,100.219753,3,Urban,1,Natural vegetation,0.5,0,0,0,0.5,0.5,TRUE,Urban-dominated
2647,4,1,24.85047,101.999503,1,Natural vegetation,1,Natural vegetation,0,0,0,0,1,0,FALSE,Natural-dominated
2648,12,35,25.019045,102.682976,3,Urban,3,Urban,1,0,0,0,0,1,TRUE,Urban-dominated
2649,4,14,24.666808,98.233033,2,Cropland,1,Natural vegetation,0,0.25,0,0,0.75,0.25,FALSE,Natural-dominated
2650,4,1,25.771733,103.920583,5,Other,1,Natural vegetation,0.25,0,0,0,0.75,0.25,FALSE,Natural-dominated
2651,4,11,26.588653,100.188942,3,Urban,2,Cropland,0,1,0,0,0,1,TRUE,Ag-dominated
2652,8,38,23.255495,104.487444,1,Natural vegetation,1,Natural vegetation,0,0,0,0,1,0,FALSE,Natural-dominated
2653,8,20,23.018383,103.344087,3,Urban,1,Natural vegetation,0,0.25,0,0,0.75,0.25,FALSE,Natural-dominated
2654,NA,0,24.648205,100.228662,1,Natural vegetation,1,Natural vegetation,0,0,0,0,1,0,FALSE,Natural-dominated
2655,8,92,25.029147,102.678433,3,Urban,3,Urban,0.75,0,0,0.25,0,0.75,TRUE,Urban-dominated
2656,NA,0,24.985816,102.470948,1,Natural vegetation,1,Natural vegetation,0.25,0,0,0,0.75,0.25,FALSE,Natural-dominated
2657,NA,0,22.42942,101.412186,1,Natural vegetation,1,Natural vegetation,0,0,0,0,1,0,FALSE,Natural-dominated
2658,20,22,23.900462,106.15664,5,Other,1,Natural vegetation,0,0,0,0,1,0,FALSE,Natural-dominated
2659,NA,0,25.588742,100.21412,3,Urban,1,Natural vegetation,0,0,0,0,1,0,FALSE,Natural-dominated
2660,6,8,27.559972,99.035696,1,Natural vegetation,1,Natural vegetation,0,0,0,0,1,0,FALSE,Natural-dominated
2661,4,34,24.876459,102.477035,1,Natural vegetation,2,Cropland,0,1,0,0,0,1,TRUE,Ag-dominated
2662,NA,0,24.977869,102.6957,3,Urban,3,Urban,1,0,0,0,0,1,TRUE,Urban-dominated
2663,NA,0,27.3077,100.250903,1,Natural vegetation,1,Natural vegetation,0,0.5,0,0,0.5,0.5,TRUE,Ag-dominated
2664,NA,0,24.912227,103.00313,5,Other,1,Natural vegetation,0.25,0,0,0,0.75,0.25,FALSE,Natural-dominated
2665,12,3,24.396192,98.518682,3,Urban,2,Cropland,0.5,0.5,0,0,0,1,TRUE,Urban-dominated
2666,NA,0,24.573611,99.942277,3,Urban,1,Natural vegetation,0,0,0,0,1,0,FALSE,Natural-dominated
2667,NA,0,26.022763,103.862648,1,Natural vegetation,1,Natural vegetation,0,0,0,0,1,0,FALSE,Natural-dominated
2668,NA,0,25.385831,102.202822,1,Natural vegetation,1,Natural vegetation,0,0,0,0,1,0,FALSE,Natural-dominated
2669,4,30,25.090788,103.134416,1,Natural vegetation,1,Natural vegetation,0,0,0,0,1,0,FALSE,Natural-dominated
2670,4,6,26.93877,100.061806,1,Natural vegetation,5,Other,0,0,1,0,0,0,FALSE,Mixed
2671,NA,0,40.299739,107.041572,2,Cropland,1,Natural vegetation,0,0.25,0.25,0,0.5,0.25,FALSE,Natural-dominated
2672,NA,0,40.953413,112.436578,1,Natural vegetation,1,Natural vegetation,0,0,0,0,1,0,FALSE,Natural-dominated
2673,6,2,40.819102,111.664859,3,Urban,3,Urban,1,0,0,0,0,1,TRUE,Urban-dominated
2674,NA,0,40.545734,110.022067,5,Other,3,Urban,1,0,0,0,0,1,TRUE,Urban-dominated
2675,NA,0,42.632207,117.396207,1,Natural vegetation,1,Natural vegetation,0,0,0,0,1,0,FALSE,Natural-dominated
2676,NA,0,40.875904,110.464922,1,Natural vegetation,1,Natural vegetation,0,0,0,0,1,0,FALSE,Natural-dominated
2677,NA,0,40.869045,111.695348,3,Urban,3,Urban,1,0,0,0,0,1,TRUE,Urban-dominated
2678,NA,0,50.14466,124.283193,2,Cropland,1,Natural vegetation,0,0,0,0,1,0,FALSE,Natural-dominated
2679,NA,0,38.288916,104.435185,1,Natural vegetation,1,Natural vegetation,0,0,0,0,1,0,FALSE,Natural-dominated
2680,NA,0,40.893181,108.334851,2,Cropland,2,Cropland,0,1,0,0,0,1,TRUE,Ag-dominated
2681,8,21,39.673915,116.526519,2,Cropland,2,Cropland,0.25,0.75,0,0,0,1,TRUE,Ag-dominated
2682,NA,0,39.890237,116.187123,3,Urban,3,Urban,1,0,0,0,0,1,TRUE,Urban-dominated
2683,NA,0,40.319538,116.633775,3,Urban,3,Urban,1,0,0,0,0,1,TRUE,Urban-dominated
2684,NA,0,40.563889,116.803076,1,Natural vegetation,1,Natural vegetation,0,0,0,0,1,0,FALSE,Natural-dominated
2685,8,15,39.834406,116.425261,3,Urban,3,Urban,1,0,0,0,0,1,TRUE,Urban-dominated
2686,NA,0,40.517502,116.913914,5,Other,5,Other,0,0,0.75,0,0.25,0,FALSE,Mixed
2687,4,60,39.735711,116.903395,2,Cropland,2,Cropland,0.25,0.75,0,0,0,1,TRUE,Ag-dominated
2688,4,1,39.899404,116.44061,3,Urban,3,Urban,1,0,0,0,0,1,TRUE,Urban-dominated
2689,4,1,40.309662,116.592811,5,Other,5,Other,0,0,1,0,0,0,FALSE,Mixed
2690,8,17,39.907408,116.618333,3,Urban,3,Urban,1,0,0,0,0,1,TRUE,Urban-dominated
2691,8,16,39.7572,116.03895,3,Urban,3,Urban,1,0,0,0,0,1,TRUE,Urban-dominated
2692,8,96,40.026901,116.349049,3,Urban,3,Urban,1,0,0,0,0,1,TRUE,Urban-dominated
2693,8,5,39.941767,116.32528,3,Urban,3,Urban,1,0,0,0,0,1,TRUE,Urban-dominated
2694,16,54,40.412399,116.305631,1,Natural vegetation,1,Natural vegetation,0.25,0,0,0,0.75,0.25,FALSE,Natural-dominated
2695,12,94,39.654948,116.574886,3,Urban,2,Cropland,0,1,0,0,0,1,TRUE,Ag-dominated
2696,4,50,39.977668,116.365688,3,Urban,3,Urban,1,0,0,0,0,1,TRUE,Urban-dominated
2697,4,1,40.430962,115.959848,2,Cropland,3,Urban,1,0,0,0,0,1,TRUE,Urban-dominated
2698,8,3,40.094418,116.298616,3,Urban,3,Urban,1,0,0,0,0,1,TRUE,Urban-dominated
2699,4,7,39.956847,116.39537,3,Urban,3,Urban,1,0,0,0,0,1,TRUE,Urban-dominated
2700,NA,0,42.838181,130.308639,2,Cropland,2,Cropland,0,1,0,0,0,1,TRUE,Ag-dominated
2701,4,2,41.722564,125.941497,3,Urban,3,Urban,1,0,0,0,0,1,TRUE,Urban-dominated
2702,4,5,44.682265,123.168748,2,Cropland,2,Cropland,0,1,0,0,0,1,TRUE,Ag-dominated
2703,NA,0,43.77763,126.618421,3,Urban,2,Cropland,0.5,0.5,0,0,0,1,TRUE,Urban-dominated
2704,30,2,44.598827,125.944944,2,Cropland,2,Cropland,0,1,0,0,0,1,TRUE,Ag-dominated
2705,10,32,44.758751,125.680294,2,Cropland,2,Cropland,0,0.75,0,0.25,0,0.75,TRUE,Ag-dominated
2706,NA,0,44.046496,126.474419,3,Urban,2,Cropland,0,1,0,0,0,1,TRUE,Ag-dominated
2707,12,13,43.252547,124.374963,2,Cropland,2,Cropland,0,1,0,0,0,1,TRUE,Ag-dominated
2708,NA,0,43.624848,124.689359,2,Cropland,2,Cropland,0,1,0,0,0,1,TRUE,Ag-dominated
2709,4,2,43.667467,126.657307,1,Natural vegetation,1,Natural vegetation,0,0,0,0,1,0,FALSE,Natural-dominated
2710,NA,0,44.885737,124.850294,2,Cropland,2,Cropland,0,1,0,0,0,1,TRUE,Ag-dominated
2711,NA,0,42.05251,126.687582,1,Natural vegetation,1,Natural vegetation,0,0,0,0,1,0,FALSE,Natural-dominated
2712,NA,0,45.186471,124.792848,3,Urban,3,Urban,1,0,0,0,0,1,TRUE,Urban-dominated
2713,12,1,43.804344,125.902096,2,Cropland,2,Cropland,0,1,0,0,0,1,TRUE,Ag-dominated
2714,6,2,44.42767,126.363826,2,Cropland,2,Cropland,0,1,0,0,0,1,TRUE,Ag-dominated
2715,NA,0,42.891255,129.508946,3,Urban,3,Urban,1,0,0,0,0,1,TRUE,Urban-dominated
2716,6,10,45.704479,124.033104,1,Natural vegetation,1,Natural vegetation,0,0,0,0,1,0,FALSE,Natural-dominated
2717,4,2,43.342228,125.288981,3,Urban,3,Urban,1,0,0,0,0,1,TRUE,Urban-dominated
2718,NA,0,45.211133,124.425027,1,Natural vegetation,5,Other,0,0,0.75,0,0.25,0,FALSE,Mixed
2719,NA,0,43.70963,128.659731,2,Cropland,1,Natural vegetation,0,0.25,0,0.25,0.5,0.25,FALSE,Natural-dominated
2720,NA,0,45.33234,124.435076,2,Cropland,2,Cropland,0,1,0,0,0,1,TRUE,Ag-dominated
2721,NA,0,43.477863,126.909932,5,Other,5,Other,0,0,1,0,0,0,FALSE,Mixed
2722,6,10,44.835289,126.530466,3,Urban,3,Urban,1,0,0,0,0,1,TRUE,Urban-dominated
2723,14,12,41.470043,126.137606,1,Natural vegetation,1,Natural vegetation,0,0,0,0,1,0,FALSE,Natural-dominated
2724,12,1,41.997573,127.333863,1,Natural vegetation,1,Natural vegetation,0,0,0,0,1,0,FALSE,Natural-dominated
2725,NA,0,44.381638,126.52318,3,Urban,2,Cropland,0,1,0,0,0,1,TRUE,Ag-dominated
2726,16,1,43.829095,126.56626,3,Urban,3,Urban,1,0,0,0,0,1,TRUE,Urban-dominated
2727,8,64,43.896536,125.32599,3,Urban,3,Urban,1,0,0,0,0,1,TRUE,Urban-dominated
2728,12,1,44.348903,126.741232,2,Cropland,2,Cropland,0,1,0,0,0,1,TRUE,Ag-dominated
2729,NA,0,40.904959,125.986323,1,Natural vegetation,1,Natural vegetation,0,0,0.25,0,0.75,0,FALSE,Natural-dominated
2730,NA,0,41.782451,126.939949,2,Cropland,1,Natural vegetation,0,0.25,0,0,0.75,0.25,FALSE,Natural-dominated
2731,NA,0,42.764315,126.309242,2,Cropland,2,Cropland,0,1,0,0,0,1,TRUE,Ag-dominated
2732,NA,0,43.559974,128.493479,2,Cropland,2,Cropland,0,1,0,0,0,1,TRUE,Ag-dominated
2733,NA,0,44.846837,125.299937,2,Cropland,2,Cropland,0,1,0,0,0,1,TRUE,Ag-dominated
2734,6,2,43.651058,125.886685,2,Cropland,2,Cropland,0,1,0,0,0,1,TRUE,Ag-dominated
2735,NA,0,43.889729,125.302278,3,Urban,3,Urban,1,0,0,0,0,1,TRUE,Urban-dominated
2736,4,1,30.913256,104.394305,5,Other,2,Cropland,0,1,0,0,0,1,TRUE,Ag-dominated
2737,NA,0,29.351175,105.414315,1,Natural vegetation,2,Cropland,0,1,0,0,0,1,TRUE,Ag-dominated
2738,4,1,31.938295,106.016657,1,Natural vegetation,1,Natural vegetation,0,0,0,0,1,0,FALSE,Natural-dominated
2739,NA,0,29.248483,102.824629,5,Other,1,Natural vegetation,0,0,0,0,1,0,FALSE,Natural-dominated
2740,NA,0,30.915699,104.14104,2,Cropland,3,Urban,1,0,0,0,0,1,TRUE,Urban-dominated
2741,4,2,29.106833,105.649307,2,Cropland,2,Cropland,0,0.75,0,0,0.25,0.75,TRUE,Ag-dominated
2742,8,1,32.386776,105.739457,1,Natural vegetation,2,Cropland,0.25,0.5,0,0,0.25,0.75,TRUE,Ag-dominated
2743,4,1,28.46181,105.617896,1,Natural vegetation,1,Natural vegetation,0,0,0,0,1,0,FALSE,Natural-dominated
2744,18,14,31.09342,102.864996,1,Natural vegetation,1,Natural vegetation,0,0,0,0,1,0,FALSE,Natural-dominated
2745,18,8,30.057141,101.077814,1,Natural vegetation,1,Natural vegetation,0,0,0,0,1,0,FALSE,Natural-dominated
2746,NA,0,31.351132,104.829939,5,Other,2,Cropland,0.5,0.5,0,0,0,1,TRUE,Urban-dominated
2747,4,2,30.499615,104.035727,3,Urban,3,Urban,0.75,0,0,0,0.25,0.75,TRUE,Urban-dominated
2748,NA,0,26.598324,101.784912,1,Natural vegetation,1,Natural vegetation,0.25,0,0,0,0.75,0.25,FALSE,Natural-dominated
2749,NA,0,32.058476,107.989972,1,Natural vegetation,1,Natural vegetation,0,0,0,0,1,0,FALSE,Natural-dominated
2750,4,37,31.141915,102.423009,1,Natural vegetation,1,Natural vegetation,0,0,0,0,1,0,FALSE,Natural-dominated
2751,NA,0,31.865155,104.526629,1,Natural vegetation,1,Natural vegetation,0,0,0,0,1,0,FALSE,Natural-dominated
2752,NA,0,31.535969,105.649402,5,Other,1,Natural vegetation,0,0,0,0,1,0,FALSE,Natural-dominated
2753,4,7,30.899389,103.960365,2,Cropland,2,Cropland,0,1,0,0,0,1,TRUE,Ag-dominated
2754,NA,0,30.711993,105.827923,2,Cropland,2,Cropland,0,1,0,0,0,1,TRUE,Ag-dominated
2755,NA,0,30.775219,106.825234,2,Cropland,2,Cropland,0,1,0,0,0,1,TRUE,Ag-dominated
2756,16,15,27.965618,102.131198,2,Cropland,1,Natural vegetation,0,0.25,0,0,0.75,0.25,FALSE,Natural-dominated
2757,8,17,30.45568,104.003892,2,Cropland,3,Urban,1,0,0,0,0,1,TRUE,Urban-dominated
2758,NA,0,30.107342,102.76319,1,Natural vegetation,1,Natural vegetation,0,0.5,0,0,0.5,0.5,TRUE,Ag-dominated
2759,NA,0,28.404328,103.57403,1,Natural vegetation,1,Natural vegetation,0,0,0,0,1,0,FALSE,Natural-dominated
2760,4,1,30.651651,104.075931,3,Urban,3,Urban,1,0,0,0,0,1,TRUE,Urban-dominated
2761,4,4,31.31484,104.400543,2,Cropland,2,Cropland,0,1,0,0,0,1,TRUE,Ag-dominated
2762,NA,0,30.651651,104.075931,3,Urban,3,Urban,1,0,0,0,0,1,TRUE,Urban-dominated
2763,NA,0,30.602938,104.537094,2,Cropland,2,Cropland,0,1,0,0,0,1,TRUE,Ag-dominated
2764,NA,0,28.7791268,104.6214833,3,Urban,3,Urban,0.5,0.25,0.25,0,0,0.75,TRUE,Urban-dominated
2765,NA,0,32.200873,105.298706,1,Natural vegetation,1,Natural vegetation,0,0,0,0,1,0,FALSE,Natural-dominated
2766,4,1,30.381788,103.869644,2,Cropland,2,Cropland,0.25,0.5,0,0,0.25,0.75,TRUE,Ag-dominated
2767,NA,0,29.5168886,103.7652049,5,Other,1,Natural vegetation,0,0,0,0,1,0,FALSE,Natural-dominated
2768,4,21,27.888273,102.251128,3,Urban,3,Urban,1,0,0,0,0,1,TRUE,Urban-dominated
2769,NA,0,30.811037,104.464624,1,Natural vegetation,2,Cropland,0.25,0.5,0,0,0.25,0.75,TRUE,Ag-dominated
2770,6,4,31.376229,104.896536,2,Cropland,2,Cropland,0,1,0,0,0,1,TRUE,Ag-dominated
2771,NA,0,31.236052,107.21441,2,Cropland,2,Cropland,0,1,0,0,0,1,TRUE,Ag-dominated
2772,4,5,31.676821,107.62806,1,Natural vegetation,1,Natural vegetation,0,0,0,0,1,0,FALSE,Natural-dominated
2773,NA,0,28.895583,105.549859,5,Other,3,Urban,0.5,0,0.25,0,0.25,0.5,TRUE,Urban-dominated
2774,NA,0,30.088293,104.671059,3,Urban,2,Cropland,0.5,0.5,0,0,0,1,TRUE,Urban-dominated
2775,NA,0,28.778317,104.676341,3,Urban,1,Natural vegetation,0.25,0.25,0,0,0.5,0.5,TRUE,Natural-dominated
2776,NA,0,31.624272,106.022192,1,Natural vegetation,5,Other,0,0.25,0.5,0,0.25,0.25,FALSE,Mixed
2777,NA,0,27.084924,102.201781,1,Natural vegetation,1,Natural vegetation,0,0,0,0,1,0,FALSE,Natural-dominated
2778,NA,0,29.040938,104.164944,5,Other,5,Other,0,0,1,0,0,0,FALSE,Mixed
2779,NA,0,29.796617,103.489224,3,Urban,1,Natural vegetation,0,0,0,0,1,0,FALSE,Natural-dominated
2780,16,1,29.504172,103.74717,1,Natural vegetation,1,Natural vegetation,0.25,0.25,0,0,0.5,0.5,TRUE,Natural-dominated
2781,NA,0,29.556038,103.755595,5,Other,5,Other,0,0,1,0,0,0,FALSE,Mixed
2782,NA,0,27.063134,101.908514,1,Natural vegetation,1,Natural vegetation,0,0,0,0,1,0,FALSE,Natural-dominated
2783,16,1,31.286621,105.271433,1,Natural vegetation,1,Natural vegetation,0,0,0,0,1,0,FALSE,Natural-dominated
2784,NA,0,29.903359,99.056393,1,Natural vegetation,1,Natural vegetation,0,0,0,0,1,0,FALSE,Natural-dominated
2785,NA,0,28.8911868,105.435826,3,Urban,3,Urban,1,0,0,0,0,1,TRUE,Urban-dominated
2786,6,4,28.887274,105.401685,3,Urban,1,Natural vegetation,0.5,0,0,0,0.5,0.5,TRUE,Urban-dominated
2787,NA,0,28.018072,104.891459,1,Natural vegetation,1,Natural vegetation,0,0,0,0,1,0,FALSE,Natural-dominated
2788,NA,0,32.246338,99.294566,1,Natural vegetation,1,Natural vegetation,0,0,0,0,1,0,FALSE,Natural-dominated
2789,8,1,28.898659,104.95491,2,Cropland,2,Cropland,0,1,0,0,0,1,TRUE,Ag-dominated
2790,NA,0,30.217462,103.885342,3,Urban,3,Urban,0.5,0.25,0.25,0,0,0.75,TRUE,Urban-dominated
2791,8,39,31.028382,106.619841,2,Cropland,2,Cropland,0,1,0,0,0,1,TRUE,Ag-dominated
2792,NA,0,30.469907,106.092085,1,Natural vegetation,2,Cropland,0,1,0,0,0,1,TRUE,Ag-dominated
2793,4,2,29.891922,104.636796,2,Cropland,2,Cropland,0,1,0,0,0,1,TRUE,Ag-dominated
2794,4,1,31.040764,106.862146,2,Cropland,1,Natural vegetation,0,0.5,0,0,0.5,0.5,TRUE,Ag-dominated
2795,4,1,31.065617,105.190887,5,Other,2,Cropland,0,1,0,0,0,1,TRUE,Ag-dominated
2796,NA,0,31.667347,106.886959,1,Natural vegetation,1,Natural vegetation,0,0,0,0,1,0,FALSE,Natural-dominated
2797,NA,0,30.625746,103.661498,3,Urban,3,Urban,1,0,0,0,0,1,TRUE,Urban-dominated
2798,NA,0,30.64638,103.874375,3,Urban,3,Urban,0.75,0.25,0,0,0,1,TRUE,Urban-dominated
2799,4,11,31.535904,104.372125,2,Cropland,2,Cropland,0,1,0,0,0,1,TRUE,Ag-dominated
2800,NA,0,28.74236,105.229785,5,Other,5,Other,0,0,1,0,0,0,FALSE,Mixed
2801,16,4,29.401596,103.827306,3,Urban,2,Cropland,0.5,0.5,0,0,0,1,TRUE,Urban-dominated
2802,NA,0,29.434889,105.030264,2,Cropland,2,Cropland,0,1,0,0,0,1,TRUE,Ag-dominated
2803,12,9,32.389563,105.781436,1,Natural vegetation,1,Natural vegetation,0.25,0,0,0,0.75,0.25,FALSE,Natural-dominated
2804,NA,0,32.427518,105.857165,3,Urban,3,Urban,1,0,0,0,0,1,TRUE,Urban-dominated
2805,8,3,32.189997,105.415702,1,Natural vegetation,1,Natural vegetation,0,0,0,0,1,0,FALSE,Natural-dominated
2806,8,9,31.018642,104.859137,3,Urban,2,Cropland,0,1,0,0,0,1,TRUE,Ag-dominated
2807,4,5,30.558761,105.511944,2,Cropland,1,Natural vegetation,0,0,0,0,1,0,FALSE,Natural-dominated
2808,8,47,30.321626,105.340003,1,Natural vegetation,2,Cropland,0,1,0,0,0,1,TRUE,Ag-dominated
2809,NA,0,31.450809,105.009724,2,Cropland,2,Cropland,0,1,0,0,0,1,TRUE,Ag-dominated
2810,NA,0,31.025919,103.593384,1,Natural vegetation,1,Natural vegetation,0.25,0,0,0,0.75,0.25,FALSE,Natural-dominated
2811,NA,0,32.1837,105.33388,1,Natural vegetation,1,Natural vegetation,0,0,0,0,1,0,FALSE,Natural-dominated
2812,NA,0,29.989115,102.957199,3,Urban,1,Natural vegetation,0,0.25,0,0,0.75,0.25,FALSE,Natural-dominated
2813,NA,0,27.611511,102.191008,2,Cropland,1,Natural vegetation,0,0.5,0,0,0.5,0.5,TRUE,Ag-dominated
2814,NA,0,32.169199,104.371118,1,Natural vegetation,1,Natural vegetation,0,0,0,0,1,0,FALSE,Natural-dominated
2815,NA,0,29.15477,103.958521,3,Urban,2,Cropland,0.5,0.5,0,0,0,1,TRUE,Urban-dominated
2816,NA,0,30.923649,105.024622,5,Other,2,Cropland,0,1,0,0,0,1,TRUE,Ag-dominated
2817,4,1,26.5972815,101.5065686,5,Other,1,Natural vegetation,0,0,0,0,1,0,FALSE,Natural-dominated
2818,NA,0,29.926985,103.153212,1,Natural vegetation,1,Natural vegetation,0,0,0.25,0,0.75,0,FALSE,Natural-dominated
2819,14,22,40.030984,117.613633,5,Other,5,Other,0,0,1,0,0,0,FALSE,Mixed
2820,4,9,40.040942,117.498843,5,Other,5,Other,0.25,0,0.5,0.25,0,0.25,FALSE,Mixed
2821,12,95,39.150547,117.160843,3,Urban,3,Urban,1,0,0,0,0,1,TRUE,Urban-dominated
2822,8,16,38.763512,117.565847,4,Wetland,3,Urban,0.5,0,0.5,0,0,0.5,TRUE,Urban-dominated
2823,8,51,39.177685,117.178687,3,Urban,3,Urban,1,0,0,0,0,1,TRUE,Urban-dominated
2824,96,1,38.680679,117.083436,2,Cropland,2,Cropland,0,1,0,0,0,1,TRUE,Ag-dominated
2825,4,15,38.075104,114.295174,3,Urban,2,Cropland,0.5,0.5,0,0,0,1,TRUE,Urban-dominated
2826,14,102,39.057732,117.656499,3,Urban,3,Urban,1,0,0,0,0,1,TRUE,Urban-dominated
2827,8,47,39.162712,117.172691,3,Urban,3,Urban,1,0,0,0,0,1,TRUE,Urban-dominated
2828,8,9,39.399788,117.364817,3,Urban,2,Cropland,0,1,0,0,0,1,TRUE,Ag-dominated
2829,NA,0,39.148061,117.145238,3,Urban,3,Urban,1,0,0,0,0,1,TRUE,Urban-dominated
2830,4,2,40.037261,117.444056,5,Other,3,Urban,0.75,0,0,0.25,0,0.75,TRUE,Urban-dominated
2831,4,39,38.575858,117.311264,4,Wetland,2,Cropland,0.25,0.75,0,0,0,1,TRUE,Ag-dominated
2832,8,50,39.099467,117.236295,3,Urban,3,Urban,1,0,0,0,0,1,TRUE,Urban-dominated
2833,12,61,39.047531,117.345251,3,Urban,3,Urban,1,0,0,0,0,1,TRUE,Urban-dominated
2834,10,32,39.880008,117.401466,2,Cropland,2,Cropland,0,1,0,0,0,1,TRUE,Ag-dominated
2835,8,37,38.689473,117.107112,2,Cropland,2,Cropland,0,1,0,0,0,1,TRUE,Ag-dominated
2836,8,36,38.987431,117.719872,5,Other,3,Urban,1,0,0,0,0,1,TRUE,Urban-dominated
2837,8,49,39.084158,117.200983,3,Urban,3,Urban,1,0,0,0,0,1,TRUE,Urban-dominated
2838,6,2,40.135123,117.975537,3,Urban,2,Cropland,0.5,0.5,0,0,0,1,TRUE,Urban-dominated
2839,NA,0,38.522958,106.235269,3,Urban,3,Urban,0.5,0,0.25,0,0.25,0.5,TRUE,Urban-dominated
2840,12,1,38.813644,106.67004,2,Cropland,2,Cropland,0,1,0,0,0,1,TRUE,Ag-dominated
2841,NA,0,38.471317,106.258754,3,Urban,3,Urban,1,0,0,0,0,1,TRUE,Urban-dominated
2842,NA,0,37.492035,105.807845,2,Cropland,1,Natural vegetation,0,0.5,0,0,0.5,0.5,TRUE,Ag-dominated
2843,4,6,35.834736,106.8165,2,Cropland,2,Cropland,0,1,0,0,0,1,TRUE,Ag-dominated
2844,4,1,37.481685,105.563539,1,Natural vegetation,1,Natural vegetation,0,0,0,0,1,0,FALSE,Natural-dominated
2845,14,2,38.44729,106.29814,3,Urban,3,Urban,1,0,0,0,0,1,TRUE,Urban-dominated
2846,NA,0,37.536064,105.09761,1,Natural vegetation,1,Natural vegetation,0.25,0.25,0,0,0.5,0.5,TRUE,Natural-dominated
2847,NA,0,38.147696,106.547491,1,Natural vegetation,1,Natural vegetation,0,0,0,0,1,0,FALSE,Natural-dominated
2848,NA,0,31.48546,115.620216,1,Natural vegetation,1,Natural vegetation,0,0,0,0,1,0,FALSE,Natural-dominated
2849,NA,0,31.969757,117.417593,2,Cropland,2,Cropland,0,1,0,0,0,1,TRUE,Ag-dominated
2850,8,57,31.502262,117.258837,3,Urban,2,Cropland,0,1,0,0,0,1,TRUE,Ag-dominated
2851,8,59,30.758719,118.686325,1,Natural vegetation,1,Natural vegetation,0,0,0,0,1,0,FALSE,Natural-dominated
2852,8,28,31.577988,117.87603,3,Urban,2,Cropland,0.5,0.5,0,0,0,1,TRUE,Urban-dominated
2853,8,29,31.95972,117.499594,2,Cropland,2,Cropland,0,1,0,0,0,1,TRUE,Ag-dominated
2854,NA,0,32.943468,117.395278,3,Urban,3,Urban,0.75,0.25,0,0,0,1,TRUE,Urban-dominated
2855,8,35,33.51521,116.943445,2,Cropland,2,Cropland,0,1,0,0,0,1,TRUE,Ag-dominated
2856,8,5,30.20963,116.914531,3,Urban,5,Other,0,0,1,0,0,0,FALSE,Mixed
2857,4,4,32.388833,116.429457,2,Cropland,2,Cropland,0,0.75,0.25,0,0,0.75,TRUE,Ag-dominated
2858,NA,0,32.130695,116.383512,2,Cropland,2,Cropland,0,1,0,0,0,1,TRUE,Ag-dominated
2859,8,16,32.199777,118.417907,3,Urban,2,Cropland,0.5,0.5,0,0,0,1,TRUE,Urban-dominated
2860,NA,0,30.774607,117.684788,2,Cropland,2,Cropland,0,0.5,0.5,0,0,0.5,TRUE,Ag-dominated
2861,16,3,33.127823,117.879486,3,Urban,2,Cropland,0.25,0.75,0,0,0,1,TRUE,Ag-dominated
2862,12,24,32.605506,116.764262,2,Cropland,2,Cropland,0.5,0.5,0,0,0,1,TRUE,Urban-dominated
2863,NA,0,31.262833,117.26247,3,Urban,2,Cropland,0.25,0.75,0,0,0,1,TRUE,Ag-dominated
2864,12,31,30.584347,117.078305,5,Other,2,Cropland,0,1,0,0,0,1,TRUE,Ag-dominated
2865,16,104,33.262629,117.804218,2,Cropland,2,Cropland,0,1,0,0,0,1,TRUE,Ag-dominated
2866,12,113,33.85356,117.280926,2,Cropland,2,Cropland,0,1,0,0,0,1,TRUE,Ag-dominated
2867,8,56,33.138513,116.19039,3,Urban,3,Urban,1,0,0,0,0,1,TRUE,Urban-dominated
2868,8,1,31.016411,118.952277,2,Cropland,2,Cropland,0,0.5,0,0.25,0.25,0.5,TRUE,Ag-dominated
2869,12,14,31.410873,116.91384,2,Cropland,2,Cropland,0,1,0,0,0,1,TRUE,Ag-dominated
2870,8,17,30.128011,116.618304,2,Cropland,2,Cropland,0,1,0,0,0,1,TRUE,Ag-dominated
2871,NA,0,30.42124,116.871085,4,Wetland,2,Cropland,0,0.75,0.25,0,0,0.75,TRUE,Ag-dominated
2872,8,63,31.76996,118.355088,3,Urban,2,Cropland,0,1,0,0,0,1,TRUE,Ag-dominated
2873,12,47,31.861184,117.284922,3,Urban,3,Urban,1,0,0,0,0,1,TRUE,Urban-dominated
2874,NA,0,31.572105,116.065087,5,Other,5,Other,0,0,1,0,0,0,FALSE,Mixed
2875,4,1,31.095417,116.90207,1,Natural vegetation,1,Natural vegetation,0,0,0,0,1,0,FALSE,Natural-dominated
2876,8,43,30.024119,116.34803,5,Other,5,Other,0,0,1,0,0,0,FALSE,Mixed
2877,8,6,32.373979,116.498832,2,Cropland,2,Cropland,0,1,0,0,0,1,TRUE,Ag-dominated
2878,12,57,32.704886,119.026529,3,Urban,2,Cropland,0.5,0.5,0,0,0,1,TRUE,Urban-dominated
2879,NA,0,31.861184,117.284922,3,Urban,3,Urban,1,0,0,0,0,1,TRUE,Urban-dominated
2880,4,1,31.549437,118.479184,3,Urban,2,Cropland,0.25,0.75,0,0,0,1,TRUE,Ag-dominated
2881,NA,0,30.692212,118.387766,1,Natural vegetation,3,Urban,1,0,0,0,0,1,TRUE,Urban-dominated
2882,4,8,33.4530255,117.8850083,1,Natural vegetation,2,Cropland,0.25,0.75,0,0,0,1,TRUE,Ag-dominated
2883,12,52,33.34421,116.426383,3,Urban,2,Cropland,0,1,0,0,0,1,TRUE,Ag-dominated
2884,12,52,32.350232,116.273076,3,Urban,2,Cropland,0.25,0.5,0.25,0,0,0.75,TRUE,Ag-dominated
2885,12,66,33.840665,115.791037,3,Urban,3,Urban,0.75,0.25,0,0,0,1,TRUE,Urban-dominated
2886,8,42,31.15702,117.439766,2,Cropland,1,Natural vegetation,0,0.5,0,0,0.5,0.5,TRUE,Ag-dominated
2887,NA,0,30.259622,117.064422,2,Cropland,2,Cropland,0,1,0,0,0,1,TRUE,Ag-dominated
2888,4,3,31.484455,118.492964,2,Cropland,3,Urban,1,0,0,0,0,1,TRUE,Urban-dominated
2889,8,64,31.714434,118.319357,2,Cropland,2,Cropland,0.5,0.5,0,0,0,1,TRUE,Urban-dominated
2890,4,2,32.271894,116.220503,2,Cropland,2,Cropland,0,0.75,0.25,0,0,0.75,TRUE,Ag-dominated
2891,24,9,32.775789,117.103527,2,Cropland,2,Cropland,0.5,0.5,0,0,0,1,TRUE,Urban-dominated
2892,NA,0,29.862438,118.618899,5,Other,1,Natural vegetation,0,0,0,0,1,0,FALSE,Natural-dominated
2893,4,3,31.98873,117.087304,2,Cropland,2,Cropland,0,1,0,0,0,1,TRUE,Ag-dominated
2894,4,8,29.961077,118.504612,2,Cropland,1,Natural vegetation,0,0.25,0,0,0.75,0.25,FALSE,Natural-dominated
2895,12,120,31.683019,117.471625,2,Cropland,3,Urban,1,0,0,0,0,1,TRUE,Urban-dominated
2896,12,80,30.771958,117.410646,2,Cropland,2,Cropland,0,1,0,0,0,1,TRUE,Ag-dominated
2897,8,27,31.769141,117.754946,3,Urban,3,Urban,1,0,0,0,0,1,TRUE,Urban-dominated
2898,NA,0,29.717799,118.297603,3,Urban,1,Natural vegetation,0,0,0,0,1,0,FALSE,Natural-dominated
2899,6,6,30.27099,116.669977,5,Other,5,Other,0,0,1,0,0,0,FALSE,Mixed
2900,6,8,31.618256,117.2443,2,Cropland,2,Cropland,0,1,0,0,0,1,TRUE,Ag-dominated
2901,4,13,30.593188,114.273591,3,Urban,3,Urban,0.75,0,0.25,0,0,0.75,TRUE,Urban-dominated
2902,14,4,31.332876,117.096014,3,Urban,2,Cropland,0,1,0,0,0,1,TRUE,Ag-dominated
2903,16,1,30.691628,118.98031,3,Urban,3,Urban,1,0,0,0,0,1,TRUE,Urban-dominated
29033,6,3,54.38959,-1.655021,2,Cropland,2,Cropland,0.5,0.5,0,0,0,1,TRUE,Urban-dominated
2904,8,48,32.502665,116.521698,5,Other,2,Cropland,0,0.75,0.25,0,0,0.75,TRUE,Ag-dominated
29040,228,4,53.81909,-0.9290913,2,Cropland,2,Cropland,0,1,0,0,0,1,TRUE,Ag-dominated
29041,2,61,53.72318,-1.192203,2,Cropland,2,Cropland,0,1,0,0,0,1,TRUE,Ag-dominated
29043,9,24,53.14185,-0.7950109,2,Cropland,2,Cropland,0,1,0,0,0,1,TRUE,Ag-dominated
29044,3,99,53.727,-1.381586,3,Urban,3,Urban,1,0,0,0,0,1,TRUE,Urban-dominated
2905,4,5,31.18298,118.794129,2,Cropland,1,Natural vegetation,0,0.25,0,0,0.75,0.25,FALSE,Natural-dominated
2906,4,1,30.991272,119.936981,3,Urban,3,Urban,1,0,0,0,0,1,TRUE,Urban-dominated
2907,12,1,29.690279,118.312937,3,Urban,1,Natural vegetation,0.5,0,0,0,0.5,0.5,TRUE,Urban-dominated
2908,8,22,30.459931,118.245551,1,Natural vegetation,1,Natural vegetation,0,0,0,0,1,0,FALSE,Natural-dominated
2909,4,12,33.637904,116.048247,2,Cropland,2,Cropland,0,1,0,0,0,1,TRUE,Ag-dominated
2910,12,103,32.288364,118.315567,3,Urban,3,Urban,0.75,0.25,0,0,0,1,TRUE,Urban-dominated
2911,12,96,33.540418,115.637255,2,Cropland,2,Cropland,0,1,0,0,0,1,TRUE,Ag-dominated
2912,12,1,31.08593,119.031442,2,Cropland,5,Other,0,0,1,0,0,0,FALSE,Mixed
2913,4,15,32.570486,116.5909,4,Wetland,2,Cropland,0,1,0,0,0,1,TRUE,Ag-dominated
2914,4,5,31.645018,117.858773,3,Urban,1,Natural vegetation,0,0,0,0,1,0,FALSE,Natural-dominated
2915,8,1,29.699942,118.293416,3,Urban,3,Urban,1,0,0,0,0,1,TRUE,Urban-dominated
2916,4,2,32.407674,116.887689,5,Other,5,Other,0,0,1,0,0,0,FALSE,Mixed
2917,12,41,38.879326,116.001576,4,Wetland,4,Wetland,0,0,0.5,0.5,0,0,FALSE,Mixed
2918,4,7,30.4956203,117.0053119,5,Other,2,Cropland,0.25,0.5,0.25,0,0,0.75,TRUE,Ag-dominated
2919,4,6,30.509513,117.000948,2,Cropland,2,Cropland,0.25,0.5,0.25,0,0,0.75,TRUE,Ag-dominated
2920,12,60,32.059642,116.807275,2,Cropland,2,Cropland,0,1,0,0,0,1,TRUE,Ag-dominated
2921,18,4,32.641579,116.915776,5,Other,2,Cropland,0,1,0,0,0,1,TRUE,Ag-dominated
2922,12,58,33.753156,116.979217,3,Urban,2,Cropland,0,1,0,0,0,1,TRUE,Ag-dominated
2923,NA,0,31.157496,118.743402,1,Natural vegetation,1,Natural vegetation,0,0,0,0,1,0,FALSE,Natural-dominated
2924,4,62,29.763863,118.366667,1,Natural vegetation,1,Natural vegetation,0.25,0,0,0,0.75,0.25,FALSE,Natural-dominated
2925,12,29,31.785615,117.154467,3,Urban,3,Urban,1,0,0,0,0,1,TRUE,Urban-dominated
2926,8,13,33.483853,117.215577,2,Cropland,2,Cropland,0,1,0,0,0,1,TRUE,Ag-dominated
2927,NA,0,30.458399,116.300251,3,Urban,3,Urban,1,0,0,0,0,1,TRUE,Urban-dominated
2928,4,5,31.130526,118.012738,1,Natural vegetation,1,Natural vegetation,0.25,0,0.25,0,0.5,0.25,FALSE,Natural-dominated
2929,4,2,30.832508,117.091176,5,Other,5,Other,0,0,0.75,0.25,0,0,FALSE,Mixed
2930,12,61,33.316899,117.316955,3,Urban,3,Urban,1,0,0,0,0,1,TRUE,Urban-dominated
2931,NA,0,31.43253,118.311762,5,Other,3,Urban,0.75,0,0.25,0,0,0.75,TRUE,Urban-dominated
2932,4,2,32.045256,116.621515,2,Cropland,2,Cropland,0,1,0,0,0,1,TRUE,Ag-dominated
2933,12,55,33.219622,116.067254,2,Cropland,2,Cropland,0,1,0,0,0,1,TRUE,Ag-dominated
2934,4,4,31.229151,118.288408,3,Urban,2,Cropland,0,1,0,0,0,1,TRUE,Ag-dominated
2935,NA,0,30.62842,116.613475,2,Cropland,2,Cropland,0,1,0,0,0,1,TRUE,Ag-dominated
2936,8,76,31.630932,118.517796,2,Cropland,3,Urban,0.75,0.25,0,0,0,1,TRUE,Urban-dominated
2937,8,50,32.658297,115.595644,3,Urban,2,Cropland,0.25,0.75,0,0,0,1,TRUE,Ag-dominated
2938,12,114,31.71867,118.521306,3,Urban,3,Urban,1,0,0,0,0,1,TRUE,Urban-dominated
2939,10,18,32.912195,115.867791,3,Urban,2,Cropland,0.5,0.5,0,0,0,1,TRUE,Urban-dominated
2940,4,1,31.589232,117.271944,2,Cropland,2,Cropland,0,1,0,0,0,1,TRUE,Ag-dominated
2941,4,1,31.539384,116.332494,2,Cropland,2,Cropland,0,1,0,0,0,1,TRUE,Ag-dominated
2942,NA,0,32.717422,118.74337,2,Cropland,2,Cropland,0,1,0,0,0,1,TRUE,Ag-dominated
2943,8,37,30.934479,117.926587,2,Cropland,3,Urban,0.5,0.25,0,0,0.25,0.75,TRUE,Urban-dominated
2944,6,36,31.449897,116.423277,2,Cropland,2,Cropland,0,1,0,0,0,1,TRUE,Ag-dominated
2945,NA,0,30.926719,118.321239,3,Urban,2,Cropland,0.25,0.75,0,0,0,1,TRUE,Ag-dominated
2946,12,16,29.992903,116.466746,5,Other,5,Other,0,0,1,0,0,0,FALSE,Mixed
2947,16,1,31.657076,117.545139,2,Cropland,2,Cropland,0,1,0,0,0,1,TRUE,Ag-dominated
2948,12,68,33.103036,116.867173,3,Urban,2,Cropland,0,1,0,0,0,1,TRUE,Ag-dominated
2949,4,1,29.905695,115.966227,2,Cropland,2,Cropland,0,1,0,0,0,1,TRUE,Ag-dominated
2950,NA,0,31.611101,117.806853,2,Cropland,2,Cropland,0,1,0,0,0,1,TRUE,Ag-dominated
2951,8,183,35.545375,116.827792,3,Urban,3,Urban,1,0,0,0,0,1,TRUE,Urban-dominated
2952,8,8,36.665194,117.065407,3,Urban,3,Urban,1,0,0,0,0,1,TRUE,Urban-dominated
2953,8,4,36.074312,118.753745,2,Cropland,2,Cropland,0,1,0,0,0,1,TRUE,Ag-dominated
2954,6,6,34.764207,118.710756,2,Cropland,2,Cropland,0,1,0,0,0,1,TRUE,Ag-dominated
2955,NA,0,35.665166,118.096923,5,Other,5,Other,0,0,1,0,0,0,FALSE,Mixed
2956,4,16,38.018599,118.909417,5,Other,5,Other,0,0,1,0,0,0,FALSE,Mixed
2957,6,6,36.94308,118.106575,3,Urban,2,Cropland,0,1,0,0,0,1,TRUE,Ag-dominated
2958,NA,0,36.863486,116.228742,3,Urban,2,Cropland,0.5,0.5,0,0,0,1,TRUE,Urban-dominated
2959,4,14,34.90613,117.237479,3,Urban,2,Cropland,0.25,0.75,0,0,0,1,TRUE,Ag-dominated
2960,4,132,35.496218,118.818401,2,Cropland,2,Cropland,0.5,0.5,0,0,0,1,TRUE,Urban-dominated
2961,8,73,35.341198,119.454681,3,Urban,3,Urban,0.5,0.25,0.25,0,0,0.75,TRUE,Urban-dominated
2962,4,1,36.467925,119.51198,5,Other,5,Other,0,0,1,0,0,0,FALSE,Mixed
2963,4,19,37.41156,116.317671,3,Urban,3,Urban,0.75,0.25,0,0,0,1,TRUE,Urban-dominated
2964,18,26,37.505466,117.86615,2,Cropland,2,Cropland,0,1,0,0,0,1,TRUE,Ag-dominated
2965,12,7,36.748637,115.927885,2,Cropland,2,Cropland,0,1,0,0,0,1,TRUE,Ag-dominated
2966,16,59,36.665439,116.839637,2,Cropland,2,Cropland,0,1,0,0,0,1,TRUE,Ag-dominated
2967,14,4,35.389133,116.593313,3,Urban,3,Urban,1,0,0,0,0,1,TRUE,Urban-dominated
2968,8,164,36.584928,121.025384,5,Other,5,Other,0,0,1,0,0,0,FALSE,Mixed
2969,12,9,35.104323,116.999244,2,Cropland,2,Cropland,0.25,0.75,0,0,0,1,TRUE,Ag-dominated
2970,10,10,35.093029,116.390365,2,Cropland,2,Cropland,0,1,0,0,0,1,TRUE,Ag-dominated
2971,4,1,36.007278,112.369528,1,Natural vegetation,1,Natural vegetation,0,0.25,0,0,0.75,0.25,FALSE,Natural-dominated
2972,24,2,35.6432,111.311222,2,Cropland,2,Cropland,0,1,0,0,0,1,TRUE,Ag-dominated
2973,NA,0,39.29562,114.422665,1,Natural vegetation,1,Natural vegetation,0,0,0,0,1,0,FALSE,Natural-dominated
2974,4,16,39.385192,112.7273,5,Other,2,Cropland,0,1,0,0,0,1,TRUE,Ag-dominated
2975,8,2,37.391903,110.638294,1,Natural vegetation,1,Natural vegetation,0,0,0,0,1,0,FALSE,Natural-dominated
2976,12,8,39.046414,112.928209,2,Cropland,2,Cropland,0,1,0,0,0,1,TRUE,Ag-dominated
2977,12,38,36.851836,112.904166,1,Natural vegetation,1,Natural vegetation,0,0,0,0,1,0,FALSE,Natural-dominated
2978,NA,0,39.978412,113.808537,1,Natural vegetation,1,Natural vegetation,0,0,0,0,1,0,FALSE,Natural-dominated
2979,8,36,39.881319,113.436835,1,Natural vegetation,1,Natural vegetation,0,0.25,0,0,0.75,0.25,FALSE,Natural-dominated
2980,4,13,37.011252,112.659155,1,Natural vegetation,1,Natural vegetation,0,0,0,0,1,0,FALSE,Natural-dominated
2981,NA,0,37.509128,112.040886,1,Natural vegetation,1,Natural vegetation,0,0,0,0,1,0,FALSE,Natural-dominated
2982,4,13,37.061278,111.84924,3,Urban,3,Urban,1,0,0,0,0,1,TRUE,Urban-dominated
2983,NA,0,37.923195,112.751459,1,Natural vegetation,1,Natural vegetation,0,0,0,0,1,0,FALSE,Natural-dominated
2984,8,47,35.804568,112.091637,2,Cropland,1,Natural vegetation,0,0,0,0,1,0,FALSE,Natural-dominated
2985,8,108,36.262111,112.893756,2,Cropland,2,Cropland,0,1,0,0,0,1,TRUE,Ag-dominated
2986,NA,0,36.571283,112.799677,5,Other,2,Cropland,0,0.75,0.25,0,0,0.75,TRUE,Ag-dominated
2987,NA,0,38.510679,113.281555,1,Natural vegetation,1,Natural vegetation,0,0,0,0,1,0,FALSE,Natural-dominated
2988,4,18,35.721123,110.611691,1,Natural vegetation,2,Cropland,0,0.75,0,0,0.25,0.75,TRUE,Ag-dominated
2989,8,17,38.507979,112.970149,2,Cropland,2,Cropland,0,1,0,0,0,1,TRUE,Ag-dominated
2990,4,1,35.802291,112.325978,2,Cropland,1,Natural vegetation,0,0.25,0,0,0.75,0.25,FALSE,Natural-dominated
2991,4,33,34.827824,110.350121,2,Cropland,2,Cropland,0,1,0,0,0,1,TRUE,Ag-dominated
2992,4,15,38.204692,111.790879,1,Natural vegetation,1,Natural vegetation,0,0,0,0,1,0,FALSE,Natural-dominated
2993,4,38,40.248502,112.313511,1,Natural vegetation,1,Natural vegetation,0,0,0,0,1,0,FALSE,Natural-dominated
2994,4,4,37.116438,111.938469,2,Cropland,3,Urban,0.75,0.25,0,0,0,1,TRUE,Urban-dominated
2995,NA,0,35.931234,111.064937,2,Cropland,2,Cropland,0,1,0,0,0,1,TRUE,Ag-dominated
2996,8,7,40.527234,114.26629,1,Natural vegetation,1,Natural vegetation,0,0,0,0,1,0,FALSE,Natural-dominated
2997,10,2,38.08174,111.885129,5,Other,1,Natural vegetation,0,0,0.5,0,0.5,0,FALSE,Natural-dominated
2998,4,6,37.394505,111.933908,2,Cropland,2,Cropland,0,1,0,0,0,1,TRUE,Ag-dominated
2999,18,2,37.545849,112.623635,2,Cropland,2,Cropland,0,1,0,0,0,1,TRUE,Ag-dominated
3000,NA,0,35.817267,112.892592,2,Cropland,2,Cropland,0.5,0.5,0,0,0,1,TRUE,Urban-dominated
3001,4,10,37.848604,113.648897,3,Urban,3,Urban,0.5,0.25,0,0,0.25,0.75,TRUE,Urban-dominated
3002,4,3,38.602968,110.89649,1,Natural vegetation,1,Natural vegetation,0,0,0,0,1,0,FALSE,Natural-dominated
3003,NA,0,37.191212,110.767014,1,Natural vegetation,1,Natural vegetation,0,0,0,0,1,0,FALSE,Natural-dominated
3004,12,8,38.349717,112.736862,2,Cropland,2,Cropland,0,1,0,0,0,1,TRUE,Ag-dominated
3005,8,13,38.437547,112.760715,2,Cropland,2,Cropland,0.5,0.5,0,0,0,1,TRUE,Urban-dominated
3006,NA,0,36.392544,111.119482,1,Natural vegetation,1,Natural vegetation,0,0,0,0,1,0,FALSE,Natural-dominated
3007,4,26,37.473111,112.332332,3,Urban,2,Cropland,0,1,0,0,0,1,TRUE,Ag-dominated
3007800,NA,0,41.81867578,-78.29279129,1,Natural vegetation,1,Natural vegetation,0,0,0,0,1,0,FALSE,Natural-dominated
3008,8,1,36.451597,110.666933,1,Natural vegetation,1,Natural vegetation,0,0,0,0,1,0,FALSE,Natural-dominated
3009,4,6,34.787733,110.74778,2,Cropland,1,Natural vegetation,0,0,0,0,1,0,FALSE,Natural-dominated
3010,NA,0,22.63393,114.426587,3,Urban,1,Natural vegetation,0,0,0.25,0,0.75,0,FALSE,Natural-dominated
3011,NA,0,23.658045,112.992758,2,Cropland,2,Cropland,0.25,0.5,0.25,0,0,0.75,TRUE,Ag-dominated
3012,8,133,23.663332,117.010667,5,Other,3,Urban,0.5,0,0.5,0,0,0.5,TRUE,Urban-dominated
3012545,NA,0,41.8386722,-79.004925,1,Natural vegetation,1,Natural vegetation,0,0,0.25,0,0.75,0,FALSE,Natural-dominated
3012550,NA,0,41.84144917,-79.0119846,1,Natural vegetation,1,Natural vegetation,0,0,0.25,0,0.75,0,FALSE,Natural-dominated
3013,4,1,23.103511,113.299762,3,Urban,3,Urban,1,0,0,0,0,1,TRUE,Urban-dominated
3014,4,104,22.888408,115.670252,5,Other,5,Other,0,0.25,0.5,0,0.25,0.25,FALSE,Mixed
3015,8,84,20.874187,110.065695,2,Cropland,5,Other,0,0,1,0,0,0,FALSE,Mixed
3016,NA,0,21.615819,111.95378,2,Cropland,5,Other,0,0,1,0,0,0,FALSE,Mixed
3017,4,1,23.557082,113.573502,3,Urban,3,Urban,0.5,0.25,0,0,0.25,0.75,TRUE,Urban-dominated
3018,8,2,21.788581,111.940695,3,Urban,5,Other,0,0,1,0,0,0,FALSE,Mixed
3019,8,17,23.123124,113.804508,3,Urban,3,Urban,1,0,0,0,0,1,TRUE,Urban-dominated
3020,8,16,22.528784,113.3708,3,Urban,3,Urban,1,0,0,0,0,1,TRUE,Urban-dominated
3021,8,2,21.426139,110.797865,3,Urban,3,Urban,1,0,0,0,0,1,TRUE,Urban-dominated
3022,8,91,23.6177,114.043419,1,Natural vegetation,1,Natural vegetation,0,0,0,0,1,0,FALSE,Natural-dominated
3023,NA,0,23.455017,116.716879,3,Urban,3,Urban,1,0,0,0,0,1,TRUE,Urban-dominated
3024,4,49,21.817654,112.20793,3,Urban,5,Other,0,0,1,0,0,0,FALSE,Mixed
3025,8,44,23.624911,116.084536,1,Natural vegetation,1,Natural vegetation,0,0,0,0,1,0,FALSE,Natural-dominated
3026,NA,0,22.185259,113.320854,3,Urban,3,Urban,1,0,0,0,0,1,TRUE,Urban-dominated
3027,4,11,21.912125,110.292455,5,Other,5,Other,0,0,1,0,0,0,FALSE,Mixed
3028,NA,0,22.354748,113.277283,1,Natural vegetation,1,Natural vegetation,0,0,0,0,1,0,FALSE,Natural-dominated
3029,10,28,23.031892,115.691944,1,Natural vegetation,1,Natural vegetation,0,0.25,0,0,0.75,0.25,FALSE,Natural-dominated
3030,NA,0,23.778596,114.629071,1,Natural vegetation,1,Natural vegetation,0,0,0,0,1,0,FALSE,Natural-dominated
3031,10,56,22.926477,114.078428,3,Urban,3,Urban,0.75,0,0,0,0.25,0.75,TRUE,Urban-dominated
3032,16,27,22.761322,114.127158,3,Urban,3,Urban,1,0,0,0,0,1,TRUE,Urban-dominated
3033,NA,0,21.518345,110.66572,3,Urban,2,Cropland,0,1,0,0,0,1,TRUE,Ag-dominated
3034,4,17,22.548277,114.144205,3,Urban,3,Urban,1,0,0,0,0,1,TRUE,Urban-dominated
3034000,NA,0,40.93923105,-79.00836738,1,Natural vegetation,1,Natural vegetation,0,0,0,0,1,0,FALSE,Natural-dominated
3035,8,129,22.9081,113.604057,3,Urban,3,Urban,1,0,0,0,0,1,TRUE,Urban-dominated
3036,6,12,22.909763,115.33408,5,Other,5,Other,0,0,1,0,0,0,FALSE,Mixed
3036000,NA,0,40.9275653,-79.2911508,1,Natural vegetation,1,Natural vegetation,0,0.5,0,0,0.5,0.5,TRUE,Ag-dominated
3037,8,81,23.216101,116.624073,3,Urban,5,Other,0,0.25,0.5,0,0.25,0.25,FALSE,Mixed
3038,8,30,22.504472,114.620918,5,Other,5,Other,0,0,1,0,0,0,FALSE,Mixed
3039,8,26,21.704117,110.314917,1,Natural vegetation,5,Other,0.25,0.25,0.5,0,0,0.5,TRUE,Mixed
3040,12,157,21.833564,112.661708,5,Other,1,Natural vegetation,0,0,0.5,0,0.5,0,FALSE,Natural-dominated
3041,12,177,22.928083,114.111006,3,Urban,1,Natural vegetation,0.5,0,0,0,0.5,0.5,TRUE,Urban-dominated
3042,12,144,22.202501,113.529852,3,Urban,1,Natural vegetation,0,0,0,0,1,0,FALSE,Natural-dominated
3043,NA,0,22.917427,114.213266,1,Natural vegetation,1,Natural vegetation,0,0,0,0,1,0,FALSE,Natural-dominated
3044,12,27,21.222112,110.48836,5,Other,2,Cropland,0,1,0,0,0,1,TRUE,Ag-dominated
3045,4,24,21.914394,110.800196,1,Natural vegetation,2,Cropland,0,1,0,0,0,1,TRUE,Ag-dominated
3046,NA,0,22.144068,110.986244,5,Other,1,Natural vegetation,0,0,0,0,1,0,FALSE,Natural-dominated
3047,8,15,26.040433,119.30373,3,Urban,3,Urban,1,0,0,0,0,1,TRUE,Urban-dominated
3048,4,29,21.899485,111.599009,1,Natural vegetation,1,Natural vegetation,0,0,0,0,1,0,FALSE,Natural-dominated
3049,NA,0,23.816207,116.541195,1,Natural vegetation,1,Natural vegetation,0,0,0,0,1,0,FALSE,Natural-dominated
3049640,NA,0,40.5361302,-79.81475899,5,Other,3,Urban,1,0,0,0,0,1,TRUE,Urban-dominated
3050,NA,0,21.29799,110.310359,3,Urban,3,Urban,0.75,0.25,0,0,0,1,TRUE,Urban-dominated
3051,8,78,22.819872,114.198587,3,Urban,3,Urban,1,0,0,0,0,1,TRUE,Urban-dominated
3052,NA,0,23.406813,113.459421,3,Urban,1,Natural vegetation,0,0,0,0,1,0,FALSE,Natural-dominated
3053,NA,0,22.081743,113.268814,5,Other,3,Urban,0.5,0,0.5,0,0,0.5,TRUE,Urban-dominated
3054,8,32,22.043911,110.84747,2,Cropland,2,Cropland,0,0.75,0,0,0.25,0.75,TRUE,Ag-dominated
3055,NA,0,22.902323,108.729323,1,Natural vegetation,1,Natural vegetation,0,0,0,0,1,0,FALSE,Natural-dominated
3056,NA,0,23.297972,109.233416,2,Cropland,2,Cropland,0,1,0,0,0,1,TRUE,Ag-dominated
3057,8,4,22.32444,107.00286,5,Other,1,Natural vegetation,0,0,0,0,1,0,FALSE,Natural-dominated
3058,NA,0,21.859164,109.314957,1,Natural vegetation,1,Natural vegetation,0,0.333333333,0,0,0.666666667,0.333333333,TRUE,Natural-dominated
3058000,NA,0,39.00452778,-80.4733611,1,Natural vegetation,1,Natural vegetation,0,0,0,0,1,0,FALSE,Natural-dominated
3059,NA,0,23.716759,111.047065,5,Other,1,Natural vegetation,0,0,0,0,1,0,FALSE,Natural-dominated
3060,NA,0,23.760171,106.713662,2,Cropland,5,Other,0,0,1,0,0,0,FALSE,Mixed
3061,NA,0,23.527328,108.095434,2,Cropland,2,Cropland,0,1,0,0,0,1,TRUE,Ag-dominated
3061000,NA,0,39.42230818,-80.2759187,1,Natural vegetation,1,Natural vegetation,0,0,0,0,1,0,FALSE,Natural-dominated
3062,4,7,22.62867,110.154484,3,Urban,3,Urban,1,0,0,0,0,1,TRUE,Urban-dominated
3063,NA,0,24.412143,109.45227,1,Natural vegetation,1,Natural vegetation,0.25,0,0,0,0.75,0.25,FALSE,Natural-dominated
3064,10,4,23.496188,111.315001,3,Urban,3,Urban,1,0,0,0,0,1,TRUE,Urban-dominated
3065,NA,0,24.841618,109.086756,2,Cropland,2,Cropland,0,1,0,0,0,1,TRUE,Ag-dominated
3066,NA,0,23.712343,107.344794,1,Natural vegetation,1,Natural vegetation,0,0,0,0,1,0,FALSE,Natural-dominated
3067,6,12,21.49836,109.487331,2,Cropland,2,Cropland,0,0.5,0.5,0,0,0.5,TRUE,Ag-dominated
3067510,NA,0,38.6170576,-79.8697849,1,Natural vegetation,1,Natural vegetation,0,0,0,0,1,0,FALSE,Natural-dominated
3068,NA,0,23.828315,111.789524,1,Natural vegetation,1,Natural vegetation,0,0.25,0,0,0.75,0.25,FALSE,Natural-dominated
3069,NA,0,21.755239,108.341088,3,Urban,1,Natural vegetation,0,0,0,0,1,0,FALSE,Natural-dominated
3070,NA,0,24.008638,111.73259,2,Cropland,1,Natural vegetation,0,0.5,0,0,0.5,0.5,TRUE,Ag-dominated
3071,NA,0,22.406804,107.157188,2,Cropland,1,Natural vegetation,0,0,0,0,1,0,FALSE,Natural-dominated
3072,NA,0,25.248311,110.356664,2,Cropland,1,Natural vegetation,0.25,0.25,0,0,0.5,0.5,TRUE,Natural-dominated
3072655,NA,0,39.8250275,-79.9228206,1,Natural vegetation,1,Natural vegetation,0,0,0,0,1,0,FALSE,Natural-dominated
3073,NA,0,23.878907,109.370345,2,Cropland,2,Cropland,0,1,0,0,0,1,TRUE,Ag-dominated
3073000,NA,0,39.92313056,-80.072558,1,Natural vegetation,1,Natural vegetation,0,0,0,0,1,0,FALSE,Natural-dominated
3074,NA,0,22.614994,107.620837,1,Natural vegetation,1,Natural vegetation,0,0.5,0,0,0.5,0.5,TRUE,Ag-dominated
3075,NA,0,22.580836,110.81614,1,Natural vegetation,1,Natural vegetation,0.25,0,0,0,0.75,0.25,FALSE,Natural-dominated
3075070,NA,0,40.26224454,-79.9011517,3,Urban,1,Natural vegetation,0,0,0,0,1,0,FALSE,Natural-dominated
3076,NA,0,21.570177,107.945238,1,Natural vegetation,3,Urban,1,0,0,0,0,1,TRUE,Urban-dominated
3077,NA,0,23.677842,109.691139,2,Cropland,1,Natural vegetation,0,0,0.5,0,0.5,0,FALSE,Natural-dominated
3077100,NA,0,39.80138889,-79.3686111,1,Natural vegetation,1,Natural vegetation,0,0,0,0,1,0,FALSE,Natural-dominated
3078,4,1,22.80351,108.925424,1,Natural vegetation,2,Cropland,0,1,0,0,0,1,TRUE,Ag-dominated
3079,NA,0,21.857575,108.464468,5,Other,1,Natural vegetation,0,0.25,0.25,0,0.5,0.25,FALSE,Natural-dominated
3080,8,145,21.661164,109.187354,3,Urban,1,Natural vegetation,0,0,0,0,1,0,FALSE,Natural-dominated
3081,NA,0,24.328632,111.661029,3,Urban,3,Urban,1,0,0,0,0,1,TRUE,Urban-dominated
3081000,NA,0,39.8275767,-79.3725353,1,Natural vegetation,1,Natural vegetation,0,0,0,0,1,0,FALSE,Natural-dominated
3082,4,10,21.478081,109.088091,3,Urban,3,Urban,1,0,0,0,0,1,TRUE,Urban-dominated
3083,8,7,22.658889,107.052149,1,Natural vegetation,1,Natural vegetation,0,0.25,0,0,0.75,0.25,FALSE,Natural-dominated
3083500,NA,0,40.2402222,-79.8066944,3,Urban,1,Natural vegetation,0,0,0,0,1,0,FALSE,Natural-dominated
3084,4,3,21.952482,108.629303,3,Urban,3,Urban,0.666666667,0,0,0,0.333333333,0.666666667,TRUE,Urban-dominated
3085,NA,0,24.7709036,110.497554,3,Urban,1,Natural vegetation,0,0,0,0,1,0,FALSE,Natural-dominated
3085000,NA,0,40.39113189,-79.8580943,3,Urban,3,Urban,1,0,0,0,0,1,TRUE,Urban-dominated
3086,NA,0,23.265396,106.626888,1,Natural vegetation,1,Natural vegetation,0,0,0,0,1,0,FALSE,Natural-dominated
3087,8,3,23.271717,107.640959,3,Urban,1,Natural vegetation,0,0.5,0,0,0.5,0.5,TRUE,Ag-dominated
3088,NA,0,24.441674,109.294024,2,Cropland,2,Cropland,0,0.5,0.5,0,0,0.5,TRUE,Ag-dominated
3089,NA,0,23.19284,109.147307,2,Cropland,1,Natural vegetation,0,0.5,0,0,0.5,0.5,TRUE,Ag-dominated
3090,8,4,23.750608,109.204224,3,Urban,3,Urban,0.75,0.25,0,0,0,1,TRUE,Urban-dominated
3091,8,310,22.821797,108.367836,3,Urban,3,Urban,1,0,0,0,0,1,TRUE,Urban-dominated
3094,NA,0,43.793026,87.627704,3,Urban,3,Urban,1,0,0,0,0,1,TRUE,Urban-dominated
3095,NA,0,47.281648,87.284673,5,Other,5,Other,0,0,1,0,0,0,FALSE,Mixed
3096,NA,0,41.974899,86.633666,3,Urban,2,Cropland,0,1,0,0,0,1,TRUE,Ag-dominated
3097,NA,0,41.747452,86.775271,2,Cropland,2,Cropland,0,0.5,0.5,0,0,0.5,TRUE,Ag-dominated
3098,NA,0,41.97979,86.632002,3,Urban,2,Cropland,0,1,0,0,0,1,TRUE,Ag-dominated
3098600,NA,0,41.10527778,-80.6655556,3,Urban,3,Urban,1,0,0,0,0,1,TRUE,Urban-dominated
3099,NA,0,42.051982,86.279858,2,Cropland,1,Natural vegetation,0,0.5,0,0,0.5,0.5,TRUE,Ag-dominated
3099500,1.5,2,41.03672598,-80.5361815,3,Urban,1,Natural vegetation,0,0,0,0,1,0,FALSE,Natural-dominated
3100,NA,0,43.769566,81.879815,1,Natural vegetation,2,Cropland,0.25,0.5,0,0,0.25,0.75,TRUE,Ag-dominated
3101,NA,0,47.358937,89.661082,1,Natural vegetation,1,Natural vegetation,0,0.333333333,0,0,0.666666667,0.333333333,TRUE,Natural-dominated
3102,NA,0,43.9216,81.302551,3,Urban,3,Urban,1,0,0,0,0,1,TRUE,Urban-dominated
3103,NA,0,43.925264,81.312678,3,Urban,3,Urban,1,0,0,0,0,1,TRUE,Urban-dominated
3104,NA,0,42.926359,80.77015,1,Natural vegetation,1,Natural vegetation,0,0.5,0,0,0.5,0.5,TRUE,Ag-dominated
3105,NA,0,39.214262,75.565924,2,Cropland,2,Cropland,0,0.5,0.25,0,0.25,0.5,TRUE,Ag-dominated
3105500,NA,0,40.88867389,-80.3370083,3,Urban,1,Natural vegetation,0,0,0,0,1,0,FALSE,Natural-dominated
3106,4,1,42.871439,90.201337,3,Urban,3,Urban,1,0,0,0,0,1,TRUE,Urban-dominated
3106000,NA,0,40.8170092,-80.2422837,1,Natural vegetation,1,Natural vegetation,0,0,0,0,1,0,FALSE,Natural-dominated
3107,16,1,44.487779,81.158159,1,Natural vegetation,1,Natural vegetation,0,0,0.25,0,0.75,0,FALSE,Natural-dominated
3108,NA,0,37.882358,77.429946,3,Urban,2,Cropland,0,1,0,0,0,1,TRUE,Ag-dominated
3108500,NA,0,40.64724128,-80.3886663,1,Natural vegetation,3,Urban,1,0,0,0,0,1,TRUE,Urban-dominated
3109,NA,0,43.644475,87.548992,5,Other,5,Other,0,0.25,0.5,0,0.25,0.25,FALSE,Mixed
3110,NA,0,46.599598,87.935061,1,Natural vegetation,5,Other,0,0.25,0.5,0,0.25,0.25,FALSE,Mixed
3111,NA,0,43.496815,83.354533,2,Cropland,2,Cropland,0,1,0,0,0,1,TRUE,Ag-dominated
3112,NA,0,43.421744,82.48857,5,Other,1,Natural vegetation,0,0.25,0,0,0.75,0.25,FALSE,Natural-dominated
3113,NA,0,31.342268,120.640035,3,Urban,3,Urban,1,0,0,0,0,1,TRUE,Urban-dominated
3114,8,34,32.009033,118.826554,3,Urban,3,Urban,1,0,0,0,0,1,TRUE,Urban-dominated
3115,10,8,33.909789,118.294211,3,Urban,3,Urban,1,0,0,0,0,1,TRUE,Urban-dominated
3116,NA,0,32.3252145,119.6991839,3,Urban,3,Urban,1,0,0,0,0,1,TRUE,Urban-dominated
3117,16,85,33.700643,118.925481,2,Cropland,2,Cropland,0,1,0,0,0,1,TRUE,Ag-dominated
3118,8,36,31.581693,119.733919,2,Cropland,2,Cropland,0,0.75,0,0.25,0,0.75,TRUE,Ag-dominated
3119,8,9,33.311428,118.304098,2,Cropland,2,Cropland,0,1,0,0,0,1,TRUE,Ag-dominated
3120,8,25,31.547984,120.010409,2,Cropland,2,Cropland,0.25,0.75,0,0,0,1,TRUE,Ag-dominated
3121,8,7,32.002485,120.026617,2,Cropland,2,Cropland,0,0.75,0.25,0,0,0.75,TRUE,Ag-dominated
3122,4,11,31.678267,120.154207,3,Urban,3,Urban,1,0,0,0,0,1,TRUE,Urban-dominated
3123,6,8,33.597258,118.897236,2,Cropland,2,Cropland,0.5,0.5,0,0,0,1,TRUE,Urban-dominated
3123499,6,2,38.2150706,-85.7480176,3,Urban,3,Urban,1,0,0,0,0,1,TRUE,Urban-dominated
3124,4,1,31.211617,119.89146,3,Urban,2,Cropland,0,0.5,0.25,0,0.25,0.5,TRUE,Ag-dominated
3125,16,40,32.328114,119.396018,3,Urban,2,Cropland,0.5,0.5,0,0,0,1,TRUE,Urban-dominated
3126,12,59,32.598956,120.945333,5,Other,1,Natural vegetation,0,0.25,0.25,0.25,0.25,0.25,FALSE,Mixed
3127,NA,0,32.084891,119.184865,5,Other,2,Cropland,0,1,0,0,0,1,TRUE,Ag-dominated
3128,4,29,32.061707,118.763232,3,Urban,3,Urban,1,0,0,0,0,1,TRUE,Urban-dominated
3129,8,1,34.639856,116.715063,5,Other,2,Cropland,0.5,0.5,0,0,0,1,TRUE,Urban-dominated
3130,12,20,31.488754,120.304898,3,Urban,3,Urban,1,0,0,0,0,1,TRUE,Urban-dominated
3131,12,56,33.268901,118.983374,2,Cropland,2,Cropland,0,1,0,0,0,1,TRUE,Ag-dominated
3132,8,7,31.816204,121.022964,3,Urban,3,Urban,1,0,0,0,0,1,TRUE,Urban-dominated
3133,16,67,31.930388,121.822913,2,Cropland,5,Other,0,0.25,0.5,0,0.25,0.25,FALSE,Mixed
3134,20,11,32.056126,120.412665,3,Urban,5,Other,0.25,0.25,0.5,0,0,0.5,TRUE,Mixed
3135,12,23,32.05804,121.591802,3,Urban,2,Cropland,0.25,0.75,0,0,0,1,TRUE,Ag-dominated
3136,4,19,31.635595,119.506363,5,Other,2,Cropland,0.25,0.25,0.25,0.25,0,0.5,TRUE,Mixed
3137,8,5,32.090435,120.288398,2,Cropland,2,Cropland,0.5,0.5,0,0,0,1,TRUE,Urban-dominated
3138,8,39,31.306263,119.239627,2,Cropland,2,Cropland,0.25,0.75,0,0,0,1,TRUE,Ag-dominated
3139,NA,0,31.782611,120.554152,3,Urban,3,Urban,1,0,0,0,0,1,TRUE,Urban-dominated
3140,12,81,32.171928,121.373409,2,Cropland,2,Cropland,0.5,0.5,0,0,0,1,TRUE,Urban-dominated
3141,NA,0,31.492944,120.993712,1,Natural vegetation,2,Cropland,0,1,0,0,0,1,TRUE,Ag-dominated
3142,NA,0,31.16419,120.641046,3,Urban,3,Urban,1,0,0,0,0,1,TRUE,Urban-dominated
3143,8,6,31.405592,120.135477,5,Other,5,Other,0,0,1,0,0,0,FALSE,Mixed
3144,4,5,31.953122,120.252139,3,Urban,5,Other,0,0,1,0,0,0,FALSE,Mixed
3145,4,23,32.099615,118.503297,3,Urban,1,Natural vegetation,0.25,0.25,0,0,0.5,0.5,TRUE,Natural-dominated
3145483,NA,0,40.06888889,-82.5516667,2,Cropland,2,Cropland,0,1,0,0,0,1,TRUE,Ag-dominated
3146,12,16,31.758783,120.00259,3,Urban,3,Urban,1,0,0,0,0,1,TRUE,Urban-dominated
3147,12,36,31.908105,120.062543,2,Cropland,2,Cropland,0,1,0,0,0,1,TRUE,Ag-dominated
3148,4,1,31.452117,120.427174,3,Urban,3,Urban,1,0,0,0,0,1,TRUE,Urban-dominated
3149,4,95,32.570502,119.949664,3,Urban,2,Cropland,0,1,0,0,0,1,TRUE,Ag-dominated
3150,12,2,34.217261,117.249737,3,Urban,3,Urban,1,0,0,0,0,1,TRUE,Urban-dominated
3151,4,1,31.22454,119.850415,1,Natural vegetation,1,Natural vegetation,0,0.5,0,0,0.5,0.5,TRUE,Ag-dominated
3152,26,4,32.492358,119.50462,1,Natural vegetation,1,Natural vegetation,0,0,0,0,1,0,FALSE,Natural-dominated
3153,4,33,31.768555,120.810987,3,Urban,2,Cropland,0,0.75,0.25,0,0,0.75,TRUE,Ag-dominated
3154,8,16,32.410881,119.560684,3,Urban,3,Urban,1,0,0,0,0,1,TRUE,Urban-dominated
3155,16,32,32.538861,119.959148,3,Urban,3,Urban,1,0,0,0,0,1,TRUE,Urban-dominated
3156,20,25,31.547747,121.035126,2,Cropland,2,Cropland,0.5,0.5,0,0,0,1,TRUE,Urban-dominated
3157,8,42,33.121895,118.750332,3,Urban,2,Cropland,0,0.5,0.5,0,0,0.5,TRUE,Ag-dominated
3158,12,65,31.515118,121.276419,3,Urban,2,Cropland,0.333333333,0.333333333,0.333333333,0,0,0.666666667,TRUE,Mixed
3159,38,10,32.485833,119.87053,3,Urban,3,Urban,1,0,0,0,0,1,TRUE,Urban-dominated
3160,6,16,32.245055,119.911408,3,Urban,3,Urban,1,0,0,0,0,1,TRUE,Urban-dominated
3161,NA,0,33.518002,119.119448,3,Urban,3,Urban,1,0,0,0,0,1,TRUE,Urban-dominated
3162,18,26,31.925323,118.532748,2,Cropland,2,Cropland,0,0.5,0,0.5,0,0.5,TRUE,Ag-dominated
3163,4,108,33.301657,119.182933,5,Other,5,Other,0,0,1,0,0,0,FALSE,Mixed
3164,8,13,31.191479,120.661595,3,Urban,3,Urban,0.5,0.25,0.25,0,0,0.75,TRUE,Urban-dominated
3165,4,4,31.46746,118.882541,5,Other,5,Other,0,0,1,0,0,0,FALSE,Mixed
3166,4,10,32.375163,120.845123,2,Cropland,2,Cropland,0,1,0,0,0,1,TRUE,Ag-dominated
3167,12,21,32.07894,120.646561,3,Urban,5,Other,0,0,1,0,0,0,FALSE,Mixed
3168,12,41,32.421756,119.893747,3,Urban,3,Urban,0.75,0.25,0,0,0,1,TRUE,Urban-dominated
3169,12,3,32.427353,119.265049,3,Urban,2,Cropland,0,1,0,0,0,1,TRUE,Ag-dominated
3170,12,82,31.260263,120.87278,3,Urban,3,Urban,0.5,0.25,0.25,0,0,0.75,TRUE,Urban-dominated
3171,4,5,32.032782,118.752935,3,Urban,3,Urban,1,0,0,0,0,1,TRUE,Urban-dominated
317154954,NA,0,37.3132222,-80.50888889,1,Natural vegetation,1,Natural vegetation,0,0,0,0,1,0,FALSE,Natural-dominated
317155123,NA,0,37.311,-80.5169444,1,Natural vegetation,1,Natural vegetation,0,0,0,0,1,0,FALSE,Natural-dominated
3171597,NA,0,37.34316667,-80.6195556,1,Natural vegetation,1,Natural vegetation,0,0,0,0,1,0,FALSE,Natural-dominated
317159760,NA,0,37.33955556,-80.6245556,1,Natural vegetation,1,Natural vegetation,0,0,0,0,1,0,FALSE,Natural-dominated
3172,4,3,30.831855,120.558677,2,Cropland,3,Urban,0.5,0.25,0,0,0.25,0.75,TRUE,Urban-dominated
3173,8,4,34.5227503,117.9285451,2,Cropland,2,Cropland,0,1,0,0,0,1,TRUE,Ag-dominated
3174,12,14,32.302834,121.193199,3,Urban,2,Cropland,0.5,0.5,0,0,0,1,TRUE,Urban-dominated
3175,12,34,32.945673,120.315457,2,Cropland,2,Cropland,0,1,0,0,0,1,TRUE,Ag-dominated
3176,36,3,31.346315,119.223289,2,Cropland,2,Cropland,0,1,0,0,0,1,TRUE,Ag-dominated
3177,6,4,33.104157,118.736352,3,Urban,5,Other,0,0,1,0,0,0,FALSE,Mixed
3178,8,3,31.554449,120.284393,3,Urban,3,Urban,1,0,0,0,0,1,TRUE,Urban-dominated
3179,8,26,31.433021,120.875192,2,Cropland,2,Cropland,0.5,0.5,0,0,0,1,TRUE,Urban-dominated
3179000,NA,0,37.54400779,-81.0103678,1,Natural vegetation,1,Natural vegetation,0,0,0,0,1,0,FALSE,Natural-dominated
3180,8,74,31.388542,120.973408,3,Urban,3,Urban,1,0,0,0,0,1,TRUE,Urban-dominated
3181,12,9,32.123444,119.57278,3,Urban,3,Urban,1,0,0,0,0,1,TRUE,Urban-dominated
3182,18,16,31.910246,120.32641,3,Urban,3,Urban,1,0,0,0,0,1,TRUE,Urban-dominated
3183,12,4,31.577007,120.556522,2,Cropland,1,Natural vegetation,0,0.5,0,0,0.5,0.5,TRUE,Ag-dominated
3183500,NA,0,37.7242874,-80.641468,1,Natural vegetation,1,Natural vegetation,0,0,0,0,1,0,FALSE,Natural-dominated
3184,NA,0,31.800701,118.901999,2,Cropland,2,Cropland,0.25,0.75,0,0,0,1,TRUE,Ag-dominated
3185,NA,0,31.671141,120.474809,3,Urban,2,Cropland,0.25,0.75,0,0,0,1,TRUE,Ag-dominated
3185400,NA,0,37.95511285,-81.07648838,1,Natural vegetation,1,Natural vegetation,0,0,0,0,1,0,FALSE,Natural-dominated
3186,4,2,31.907854,120.204109,3,Urban,3,Urban,1,0,0,0,0,1,TRUE,Urban-dominated
3187,4,9,31.460995,120.869564,3,Urban,3,Urban,1,0,0,0,0,1,TRUE,Urban-dominated
3188,8,64,32.065877,118.394022,1,Natural vegetation,1,Natural vegetation,0,0,0,0,1,0,FALSE,Natural-dominated
3189,6,4,32.061707,118.763232,3,Urban,3,Urban,1,0,0,0,0,1,TRUE,Urban-dominated
3190,NA,0,34.072752,118.296812,2,Cropland,2,Cropland,0,1,0,0,0,1,TRUE,Ag-dominated
3191,NA,0,33.285402,118.872243,3,Urban,5,Other,0.25,0.25,0.5,0,0,0.5,TRUE,Mixed
3191982,NA,0,38.2267611,-81.1531556,1,Natural vegetation,1,Natural vegetation,0,0,0,0,1,0,FALSE,Natural-dominated
3192,12,38,31.830233,119.607156,2,Cropland,2,Cropland,0,1,0,0,0,1,TRUE,Ag-dominated
3193,4,2,33.401736,118.538133,2,Cropland,2,Cropland,0,0.5,0.5,0,0,0.5,TRUE,Ag-dominated
3194,NA,0,25.76277,114.564865,1,Natural vegetation,1,Natural vegetation,0,0,0,0,1,0,FALSE,Natural-dominated
3195,4,1,28.251621,115.874299,2,Cropland,2,Cropland,0,1,0,0,0,1,TRUE,Ag-dominated
3196,NA,0,27.449948,115.124723,1,Natural vegetation,5,Other,0,0,1,0,0,0,FALSE,Mixed
3197,NA,0,28.943204,113.978794,1,Natural vegetation,1,Natural vegetation,0,0,0,0,1,0,FALSE,Natural-dominated
3197937,NA,0,38.3692472,-81.60695,3,Urban,3,Urban,1,0,0,0,0,1,TRUE,Urban-dominated
3197950,NA,0,38.3581527,-81.627068,3,Urban,3,Urban,1,0,0,0,0,1,TRUE,Urban-dominated
3198,NA,0,28.687873,115.889562,3,Urban,3,Urban,0.75,0,0.25,0,0,0.75,TRUE,Urban-dominated
3199,6,14,29.287166,115.795165,2,Cropland,3,Urban,0.75,0,0,0,0.25,0.75,TRUE,Urban-dominated
3200,8,64,28.904167,116.263514,5,Other,4,Wetland,0,0,0.5,0.5,0,0,FALSE,Mixed
3201,NA,0,29.027675,114.5361,3,Urban,1,Natural vegetation,0.5,0,0,0,0.5,0.5,TRUE,Urban-dominated
3202,4,11,29.007762,115.826974,3,Urban,2,Cropland,0.5,0.5,0,0,0,1,TRUE,Urban-dominated
3203,NA,0,28.611744,116.386425,2,Cropland,5,Other,0,0,1,0,0,0,FALSE,Mixed
3204,4,1,28.694779,116.71726,1,Natural vegetation,2,Cropland,0.25,0.75,0,0,0,1,TRUE,Ag-dominated
3205,NA,0,28.493828,116.479433,2,Cropland,2,Cropland,0,1,0,0,0,1,TRUE,Ag-dominated
3206,NA,0,27.895566,115.455573,2,Cropland,2,Cropland,0,1,0,0,0,1,TRUE,Ag-dominated
3207,4,2,29.406277,116.62703,2,Cropland,2,Cropland,0,0.5,0.25,0,0.25,0.5,TRUE,Ag-dominated
3208,4,2,27.809566,114.968562,3,Urban,2,Cropland,0,1,0,0,0,1,TRUE,Ag-dominated
3209,NA,0,28.077279,115.740841,2,Cropland,2,Cropland,0,1,0,0,0,1,TRUE,Ag-dominated
3210,4,1,28.540289,116.780174,1,Natural vegetation,1,Natural vegetation,0,0,0,0,1,0,FALSE,Natural-dominated
3211,NA,0,27.975141,116.360265,3,Urban,3,Urban,1,0,0,0,0,1,TRUE,Urban-dominated
3212,4,2,27.286929,115.507866,1,Natural vegetation,1,Natural vegetation,0,0,0,0,1,0,FALSE,Natural-dominated
3213,NA,0,27.811853,114.452951,3,Urban,3,Urban,1,0,0,0,0,1,TRUE,Urban-dominated
3214,4,1,29.348431,117.805492,1,Natural vegetation,1,Natural vegetation,0,0,0,0,1,0,FALSE,Natural-dominated
3215,4,6,26.807029,115.212355,2,Cropland,2,Cropland,0,1,0,0,0,1,TRUE,Ag-dominated
3216,4,1,28.330102,117.517337,2,Cropland,2,Cropland,0,1,0,0,0,1,TRUE,Ag-dominated
3216070,NA,0,38.53205556,-82.6859444,5,Other,1,Natural vegetation,0.5,0,0,0,0.5,0.5,TRUE,Urban-dominated
3217,NA,0,29.016918,116.062341,2,Cropland,2,Cropland,0,1,0,0,0,1,TRUE,Ag-dominated
3218,4,1,25.283983,115.077844,1,Natural vegetation,1,Natural vegetation,0,0,0,0,1,0,FALSE,Natural-dominated
3219,NA,0,27.582759,113.826919,1,Natural vegetation,1,Natural vegetation,0,0,0,0,1,0,FALSE,Natural-dominated
3219500,3,45,40.4195042,-83.1971372,2,Cropland,2,Cropland,0,1,0,0,0,1,TRUE,Ag-dominated
3220,NA,0,26.445815,116.007183,3,Urban,3,Urban,1,0,0,0,0,1,TRUE,Urban-dominated
3220510,NA,0,40.15311775,-83.1263,3,Urban,3,Urban,1,0,0,0,0,1,TRUE,Urban-dominated
3221,NA,0,25.853142,115.616498,1,Natural vegetation,1,Natural vegetation,0,0,0,0,1,0,FALSE,Natural-dominated
3222,NA,0,28.143197,117.700931,1,Natural vegetation,1,Natural vegetation,0,0,0,0,1,0,FALSE,Natural-dominated
3223,NA,0,29.307041,114.643257,1,Natural vegetation,1,Natural vegetation,0,0,0,0,1,0,FALSE,Natural-dominated
3224,NA,0,28.287951,117.278338,1,Natural vegetation,1,Natural vegetation,0,0,0,0,1,0,FALSE,Natural-dominated
3225,4,1,26.235491,114.492474,1,Natural vegetation,1,Natural vegetation,0,0,0,0,1,0,FALSE,Natural-dominated
3226,4,1,28.549469,115.935611,3,Urban,3,Urban,1,0,0,0,0,1,TRUE,Urban-dominated
3227,NA,0,28.831606,115.523104,2,Cropland,2,Cropland,0,1,0,0,0,1,TRUE,Ag-dominated
3228,NA,0,28.408802,116.88053,2,Cropland,2,Cropland,0,1,0,0,0,1,TRUE,Ag-dominated
3228300,NA,0,40.2361735,-82.8512892,3,Urban,2,Cropland,0,0.75,0.25,0,0,0.75,TRUE,Ag-dominated
3229,8,15,28.712683,116.433667,5,Other,5,Other,0,0,1,0,0,0,FALSE,Mixed
3230,NA,0,28.267969,116.873314,1,Natural vegetation,2,Cropland,0,1,0,0,0,1,TRUE,Ag-dominated
3231,4,10,26.887366,114.504463,1,Natural vegetation,1,Natural vegetation,0,0,0,0,1,0,FALSE,Natural-dominated
3232,NA,0,27.502703,116.648777,2,Cropland,3,Urban,1,0,0,0,0,1,TRUE,Urban-dominated
3233,NA,0,28.422023,115.994774,2,Cropland,2,Cropland,0.333333333,0.666666667,0,0,0,1,TRUE,Ag-dominated
3234,4,2,28.675696,115.909228,3,Urban,3,Urban,1,0,0,0,0,1,TRUE,Urban-dominated
3235,NA,0,26.653952,114.831916,1,Natural vegetation,1,Natural vegetation,0,0.5,0,0,0.5,0.5,TRUE,Ag-dominated
3236,4,2,26.584506,114.51329,1,Natural vegetation,1,Natural vegetation,0,0,0,0,1,0,FALSE,Natural-dominated
3237,8,150,29.819033,116.185114,2,Cropland,2,Cropland,0,1,0,0,0,1,TRUE,Ag-dominated
3238,8,3,29.573067,116.767532,2,Cropland,1,Natural vegetation,0,0.5,0,0,0.5,0.5,TRUE,Ag-dominated
3239,NA,0,28.719697,115.009313,1,Natural vegetation,1,Natural vegetation,0,0,0,0,1,0,FALSE,Natural-dominated
3240,NA,0,26.511634,114.69945,2,Cropland,2,Cropland,0,1,0,0,0,1,TRUE,Ag-dominated
3241,16,1,27.678079,113.666161,1,Natural vegetation,1,Natural vegetation,0,0,0,0,1,0,FALSE,Natural-dominated
3242,NA,0,28.675696,115.909228,3,Urban,3,Urban,1,0,0,0,0,1,TRUE,Urban-dominated
3243,NA,0,28.315217,117.709451,3,Urban,3,Urban,1,0,0,0,0,1,TRUE,Urban-dominated
3244,NA,0,28.442408,115.521937,2,Cropland,2,Cropland,0,1,0,0,0,1,TRUE,Ag-dominated
3245,NA,0,24.907362,114.814769,3,Urban,3,Urban,0.5,0.25,0,0,0.25,0.75,TRUE,Urban-dominated
3246,8,6,26.294256,115.733224,1,Natural vegetation,1,Natural vegetation,0,0,0,0,1,0,FALSE,Natural-dominated
3247,4,2,40.616037,117.774843,1,Natural vegetation,1,Natural vegetation,0,0,0,0,1,0,FALSE,Natural-dominated
3248,8,66,39.58526,116.535515,2,Cropland,2,Cropland,0,1,0,0,0,1,TRUE,Ag-dominated
3249,NA,0,39.953975,116.824239,3,Urban,3,Urban,1,0,0,0,0,1,TRUE,Urban-dominated
3250,4,1,41.014807,117.961347,3,Urban,3,Urban,1,0,0,0,0,1,TRUE,Urban-dominated
3251,NA,0,38.358695,113.861347,2,Cropland,2,Cropland,0,1,0,0,0,1,TRUE,Ag-dominated
3252,8,124,38.879094,115.653094,2,Cropland,2,Cropland,0.5,0.5,0,0,0,1,TRUE,Urban-dominated
3253,NA,0,38.065176,114.600669,3,Urban,3,Urban,0.75,0.25,0,0,0,1,TRUE,Urban-dominated
3254,12,82,38.897404,116.028691,4,Wetland,4,Wetland,0,0,0.5,0.5,0,0,FALSE,Mixed
3254520,6,63,38.9203417,-84.44799549,1,Natural vegetation,1,Natural vegetation,0,0,0,0,1,0,FALSE,Natural-dominated
3255,4,8,40.772528,118.599514,2,Cropland,2,Cropland,0,1,0,0,0,1,TRUE,Ag-dominated
3256,4,2,39.223947,115.765844,3,Urban,2,Cropland,0,1,0,0,0,1,TRUE,Ag-dominated
3257,12,71,37.513177,116.04779,2,Cropland,2,Cropland,0,1,0,0,0,1,TRUE,Ag-dominated
3258,NA,0,37.260106,114.778632,2,Cropland,2,Cropland,0,1,0,0,0,1,TRUE,Ag-dominated
3259,8,43,37.319989,115.091033,2,Cropland,2,Cropland,0,1,0,0,0,1,TRUE,Ag-dominated
3260,14,6,38.037057,114.468664,3,Urban,3,Urban,1,0,0,0,0,1,TRUE,Urban-dominated
3261,12,21,37.905393,116.131193,2,Cropland,2,Cropland,0,1,0,0,0,1,TRUE,Ag-dominated
3262,88,7,41.673671,117.821479,2,Cropland,1,Natural vegetation,0,0.5,0,0,0.5,0.5,TRUE,Ag-dominated
3263,8,10,38.477117,117.542157,2,Cropland,2,Cropland,0,0.5,0.5,0,0,0.5,TRUE,Ag-dominated
3264,8,7,37.865007,115.813964,3,Urban,3,Urban,1,0,0,0,0,1,TRUE,Urban-dominated
3265,NA,0,40.420427,117.242605,1,Natural vegetation,1,Natural vegetation,0,0,0,0,1,0,FALSE,Natural-dominated
3266,NA,0,40.559135,118.381182,1,Natural vegetation,1,Natural vegetation,0,0.25,0,0,0.75,0.25,FALSE,Natural-dominated
3267,NA,0,39.32171,115.254284,2,Cropland,1,Natural vegetation,0,0.5,0,0,0.5,0.5,TRUE,Ag-dominated
3268,12,45,39.44595,116.73027,2,Cropland,2,Cropland,0,1,0,0,0,1,TRUE,Ag-dominated
3269,4,5,39.44595,116.73027,2,Cropland,2,Cropland,0,1,0,0,0,1,TRUE,Ag-dominated
3270,12,93,40.963671,118.664147,2,Cropland,1,Natural vegetation,0,0.25,0,0,0.75,0.25,FALSE,Natural-dominated
3271,NA,0,40.218147,118.304493,5,Other,5,Other,0,0,1,0,0,0,FALSE,Mixed
3272,12,36,38.866844,115.818382,3,Urban,2,Cropland,0,1,0,0,0,1,TRUE,Ag-dominated
3273,12,13,38.041596,115.982251,3,Urban,2,Cropland,0,1,0,0,0,1,TRUE,Ag-dominated
3274,4,1,36.29222,114.171204,5,Other,2,Cropland,0,0.75,0.25,0,0,0.75,TRUE,Ag-dominated
3275,NA,0,40.68112,114.715335,3,Urban,2,Cropland,0.25,0.75,0,0,0,1,TRUE,Ag-dominated
3275500,NA,0,39.80671459,-84.907183,2,Cropland,2,Cropland,0.5,0.5,0,0,0,1,TRUE,Urban-dominated
3276,4,1,38.269558,114.17444,3,Urban,2,Cropland,0.5,0.5,0,0,0,1,TRUE,Urban-dominated
3277,4,11,39.802411,119.450936,5,Other,5,Other,0,0,1,0,0,0,FALSE,Mixed
3278,8,15,36.766382,114.95768,3,Urban,2,Cropland,0.5,0.5,0,0,0,1,TRUE,Urban-dominated
3279,NA,0,39.083817,113.972268,1,Natural vegetation,1,Natural vegetation,0,0,0,0,1,0,FALSE,Natural-dominated
3280,8,60,38.379485,115.117539,3,Urban,2,Cropland,0,1,0,0,0,1,TRUE,Ag-dominated
3281,8,1,39.615082,118.20546,3,Urban,3,Urban,1,0,0,0,0,1,TRUE,Urban-dominated
3282,4,10,39.906055,119.576813,5,Other,3,Urban,1,0,0,0,0,1,TRUE,Urban-dominated
3283,8,11,39.776323,119.421414,5,Other,3,Urban,0.5,0,0.5,0,0,0.5,TRUE,Urban-dominated
3284,12,58,39.227626,118.04918,5,Other,5,Other,0,0,1,0,0,0,FALSE,Mixed
3284533,11,37,37.9383333,-84.4786111,1,Natural vegetation,2,Cropland,0,1,0,0,0,1,TRUE,Ag-dominated
3285,4,1,40.349608,115.373872,3,Urban,2,Cropland,0,1,0,0,0,1,TRUE,Ag-dominated
3286,8,6,39.750631,118.773574,3,Urban,3,Urban,1,0,0,0,0,1,TRUE,Urban-dominated
3287,8,28,38.962979,115.991458,5,Other,2,Cropland,0,1,0,0,0,1,TRUE,Ag-dominated
3287590,4,134,38.04006944,-84.4111111,2,Cropland,2,Cropland,0.5,0.5,0,0,0,1,TRUE,Urban-dominated
3287600,NA,0,38.07646608,-84.4132694,2,Cropland,2,Cropland,0.25,0.75,0,0,0,1,TRUE,Ag-dominated
3288,12,38,39.743079,116.931147,2,Cropland,2,Cropland,0,1,0,0,0,1,TRUE,Ag-dominated
3289,NA,0,39.898234,118.832748,2,Cropland,2,Cropland,0.5,0.5,0,0,0,1,TRUE,Urban-dominated
3289193,1,7,38.06674334,-84.5543852,3,Urban,3,Urban,0.5,0.25,0,0,0.25,0.75,TRUE,Urban-dominated
3289200,2,7,38.103687,-84.5879977,2,Cropland,2,Cropland,0,1,0,0,0,1,TRUE,Ag-dominated
3290,NA,0,38.850254,114.835328,3,Urban,3,Urban,1,0,0,0,0,1,TRUE,Urban-dominated
3290500,1.5,4,38.43895654,-84.9632844,1,Natural vegetation,1,Natural vegetation,0,0,0,0,1,0,FALSE,Natural-dominated
3291,8,75,40.762463,114.879227,3,Urban,3,Urban,1,0,0,0,0,1,TRUE,Urban-dominated
3292,8,43,38.87054,115.76742,2,Cropland,2,Cropland,0.333333333,0.666666667,0,0,0,1,TRUE,Ag-dominated
3292470,4.5,4,38.36117864,-85.57459969,1,Natural vegetation,2,Cropland,0,1,0,0,0,1,TRUE,Ag-dominated
329247350,NA,0,38.32812414,-85.5938499,1,Natural vegetation,3,Urban,1,0,0,0,0,1,TRUE,Urban-dominated
3292474,2,76,38.2759036,-85.606072,1,Natural vegetation,1,Natural vegetation,0,0,0,0,1,0,FALSE,Natural-dominated
3292475,1,13,38.3034027,-85.62801689,1,Natural vegetation,3,Urban,0.5,0,0.25,0,0.25,0.5,TRUE,Urban-dominated
3292480,3,5,38.3127635,-85.6261558,1,Natural vegetation,3,Urban,0.5,0,0.25,0,0.25,0.5,TRUE,Urban-dominated
3292500,4,262,38.2114592,-85.7024613,1,Natural vegetation,3,Urban,1,0,0,0,0,1,TRUE,Urban-dominated
3292900,NA,0,38.2400708,-85.6344054,3,Urban,3,Urban,1,0,0,0,0,1,TRUE,Urban-dominated
3293,8,32,37.518685,115.075585,3,Urban,3,Urban,1,0,0,0,0,1,TRUE,Urban-dominated
3293000,4,34,38.237293,-85.6646834,3,Urban,3,Urban,1,0,0,0,0,1,TRUE,Urban-dominated
3293500,6,602,38.25034895,-85.7166287,3,Urban,3,Urban,1,0,0,0,0,1,TRUE,Urban-dominated
3293510,5,521,38.26590398,-85.7207955,3,Urban,3,Urban,0.75,0,0.25,0,0,0.75,TRUE,Urban-dominated
3293530,2,24,38.27645917,-85.693573,3,Urban,5,Other,0,0,1,0,0,0,FALSE,Mixed
3293532,4,83,38.2603486,-85.7182954,3,Urban,3,Urban,0.75,0,0.25,0,0,0.75,TRUE,Urban-dominated
3294,8,17,38.823736,116.024029,4,Wetland,2,Cropland,0,0.333333333,0.333333333,0.333333333,0,0.333333333,TRUE,Mixed
3294570,8,94,38.07812588,-85.8899635,1,Natural vegetation,3,Urban,0.5,0,0.25,0,0.25,0.5,TRUE,Urban-dominated
3295,8,45,39.678461,119.223129,2,Cropland,3,Urban,1,0,0,0,0,1,TRUE,Urban-dominated
3296,4,10,33.877112,113.779832,3,Urban,2,Cropland,0,1,0,0,0,1,TRUE,Ag-dominated
3297,8,8,33.93393,113.949926,2,Cropland,2,Cropland,0,1,0,0,0,1,TRUE,Ag-dominated
3297800,2,50,37.9911111,-85.6411111,1,Natural vegetation,1,Natural vegetation,0,0,0,0,1,0,FALSE,Natural-dominated
3297900,2,104,38.28534776,-85.4674592,1,Natural vegetation,1,Natural vegetation,0,0,0,0,1,0,FALSE,Natural-dominated
3298,20,96,32.089061,114.105024,3,Urban,2,Cropland,0.5,0.5,0,0,0,1,TRUE,Urban-dominated
3298000,17,1,38.18840166,-85.460235,1,Natural vegetation,1,Natural vegetation,0,0,0,0,1,0,FALSE,Natural-dominated
3298135,3,58,38.19479109,-85.557181,3,Urban,3,Urban,1,0,0,0,0,1,TRUE,Urban-dominated
3298150,1,7,38.16006729,-85.5421797,1,Natural vegetation,1,Natural vegetation,0.25,0,0,0,0.75,0.25,FALSE,Natural-dominated
3298200,1,29,38.08534216,-85.5549556,1,Natural vegetation,3,Urban,1,0,0,0,0,1,TRUE,Urban-dominated
3298250,2,45,38.0792321,-85.6160683,1,Natural vegetation,1,Natural vegetation,0.333333333,0,0,0,0.666666667,0.333333333,TRUE,Natural-dominated
3298300,5,316,38.08756629,-85.642458,1,Natural vegetation,3,Urban,1,0,0,0,0,1,TRUE,Urban-dominated
3299,4,1,35.222893,113.457855,3,Urban,2,Cropland,0.25,0.75,0,0,0,1,TRUE,Ag-dominated
3300,8,10,34.765515,113.753602,3,Urban,3,Urban,1,0,0,0,0,1,TRUE,Urban-dominated
3301,NA,0,35.518042,114.288454,2,Cropland,2,Cropland,0,1,0,0,0,1,TRUE,Ag-dominated
3301900,NA,0,38.1756242,-85.615237,1,Natural vegetation,3,Urban,1,0,0,0,0,1,TRUE,Urban-dominated
3301940,4,280,38.1503466,-85.6935714,3,Urban,3,Urban,0.75,0,0,0,0.25,0.75,TRUE,Urban-dominated
3302,10,4,36.108471,115.06861,2,Cropland,2,Cropland,0,1,0,0,0,1,TRUE,Ag-dominated
3302000,6,59,38.1197916,-85.7957955,1,Natural vegetation,1,Natural vegetation,0,0,0,0,1,0,FALSE,Natural-dominated
3302030,3,98,38.05423677,-85.8716296,1,Natural vegetation,1,Natural vegetation,0.5,0,0,0,0.5,0.5,TRUE,Urban-dominated
3302050,4,367,38.04693096,-85.8572681,1,Natural vegetation,1,Natural vegetation,0,0,0,0,1,0,FALSE,Natural-dominated
3302058,5,3,37.9922222,-85.9220556,1,Natural vegetation,1,Natural vegetation,0,0.25,0,0,0.75,0.25,FALSE,Natural-dominated
3303,8,142,32.673099,112.812864,3,Urban,2,Cropland,0.25,0.75,0,0,0,1,TRUE,Ag-dominated
3303280,NA,0,37.89950088,-86.70554179,5,Other,2,Cropland,0.5,0.5,0,0,0,1,TRUE,Urban-dominated
3304,8,3,34.571616,111.478756,1,Natural vegetation,1,Natural vegetation,0,0.5,0,0,0.5,0.5,TRUE,Ag-dominated
3305,NA,0,33.3876268,115.0716483,3,Urban,3,Urban,1,0,0,0,0,1,TRUE,Urban-dominated
3306,8,20,33.503413,114.574433,2,Cropland,2,Cropland,0,1,0,0,0,1,TRUE,Ag-dominated
3307,12,13,32.081175,115.421399,2,Cropland,2,Cropland,0,1,0,0,0,1,TRUE,Ag-dominated
3308,NA,0,34.899869,113.425778,2,Cropland,2,Cropland,0.25,0.75,0,0,0,1,TRUE,Ag-dominated
3309,NA,0,32.678301,115.062234,2,Cropland,2,Cropland,0,1,0,0,0,1,TRUE,Ag-dominated
3310,8,10,35.134576,114.605094,2,Cropland,2,Cropland,0.25,0.75,0,0,0,1,TRUE,Ag-dominated
3311,8,20,34.765515,113.753602,3,Urban,3,Urban,1,0,0,0,0,1,TRUE,Urban-dominated
3312,NA,0,34.680768,113.56538,3,Urban,3,Urban,1,0,0,0,0,1,TRUE,Urban-dominated
3313,8,1,36.07964,114.135423,1,Natural vegetation,3,Urban,0.75,0.25,0,0,0,1,TRUE,Urban-dominated
3314,12,20,32.251659,113.979279,2,Cropland,2,Cropland,0,1,0,0,0,1,TRUE,Ag-dominated
3315,8,83,32.780629,114.868435,2,Cropland,2,Cropland,0,1,0,0,0,1,TRUE,Ag-dominated
3316,8,4,32.7135129,115.0622929,2,Cropland,2,Cropland,0,1,0,0,0,1,TRUE,Ag-dominated
3317,12,3,34.323191,113.778832,2,Cropland,2,Cropland,0,1,0,0,0,1,TRUE,Ag-dominated
3318,NA,0,33.743832,112.761253,5,Other,2,Cropland,0,0.75,0.25,0,0,0.75,TRUE,Ag-dominated
3319,4,10,34.060856,112.972621,1,Natural vegetation,2,Cropland,0,1,0,0,0,1,TRUE,Ag-dominated
3320,12,78,32.977274,113.588091,5,Other,5,Other,0,0,1,0,0,0,FALSE,Mixed
3321,8,11,32.895127,114.406066,2,Cropland,2,Cropland,0,1,0,0,0,1,TRUE,Ag-dominated
3321500,2,43,37.8583774,-87.4097294,2,Cropland,2,Cropland,0,1,0,0,0,1,TRUE,Ag-dominated
3322,12,74,32.128443,115.051424,3,Urban,2,Cropland,0.25,0.75,0,0,0,1,TRUE,Ag-dominated
3323,12,35,35.590216,114.907187,2,Cropland,2,Cropland,0,1,0,0,0,1,TRUE,Ag-dominated
3324,NA,0,35.700245,115.00289,3,Urban,2,Cropland,0.25,0.75,0,0,0,1,TRUE,Ag-dominated
3325,NA,0,34.345749,113.249318,5,Other,2,Cropland,0,1,0,0,0,1,TRUE,Ag-dominated
3326,4,2,33.722364,113.250862,3,Urban,3,Urban,0.75,0,0.25,0,0,0.75,TRUE,Urban-dominated
3327,12,12,34.765515,113.753602,3,Urban,3,Urban,1,0,0,0,0,1,TRUE,Urban-dominated
3328,4,3,33.27192,113.548952,5,Other,1,Natural vegetation,0.25,0.25,0,0,0.5,0.5,TRUE,Natural-dominated
3329,NA,0,33.780524,115.264464,2,Cropland,2,Cropland,0,1,0,0,0,1,TRUE,Ag-dominated
3330,4,2,32.167866,114.660307,2,Cropland,2,Cropland,0,1,0,0,0,1,TRUE,Ag-dominated
3331,NA,0,34.175108,112.528488,2,Cropland,2,Cropland,0.25,0.75,0,0,0,1,TRUE,Ag-dominated
3332,8,49,33.203367,115.151458,2,Cropland,2,Cropland,0,1,0,0,0,1,TRUE,Ag-dominated
3333,12,1,33.606101,113.763482,2,Cropland,2,Cropland,0.5,0.5,0,0,0,1,TRUE,Urban-dominated
3334,8,52,34.765515,113.753602,3,Urban,3,Urban,1,0,0,0,0,1,TRUE,Urban-dominated
3335,16,4,32.635434,113.938979,5,Other,2,Cropland,0,0.5,0.25,0,0.25,0.5,TRUE,Ag-dominated
3336,6,6,33.894563,114.636783,2,Cropland,2,Cropland,0,1,0,0,0,1,TRUE,Ag-dominated
3337,8,21,33.404611,113.899043,3,Urban,2,Cropland,0.25,0.75,0,0,0,1,TRUE,Ag-dominated
3338,16,151,34.878877,112.497597,2,Cropland,2,Cropland,0,1,0,0,0,1,TRUE,Ag-dominated
3339,6,4,34.357765,114.467138,2,Cropland,2,Cropland,0,1,0,0,0,1,TRUE,Ag-dominated
3340,12,23,33.823184,114.243256,2,Cropland,2,Cropland,0,1,0,0,0,1,TRUE,Ag-dominated
3341,8,22,32.272325,114.035868,2,Cropland,2,Cropland,0,1,0,0,0,1,TRUE,Ag-dominated
3342,4,1,33.308204,113.525593,2,Cropland,3,Urban,1,0,0,0,0,1,TRUE,Urban-dominated
3343,NA,0,29.546429,118.968529,5,Other,5,Other,0,0,1,0,0,0,FALSE,Mixed
3344,NA,0,30.288081,120.12163,3,Urban,3,Urban,1,0,0,0,0,1,TRUE,Urban-dominated
3345,4,23,28.467694,119.416539,2,Cropland,2,Cropland,0,1,0,0,0,1,TRUE,Ag-dominated
3346,NA,0,30.290266,120.590799,3,Urban,3,Urban,1,0,0,0,0,1,TRUE,Urban-dominated
3347,8,68,29.302339,120.08912,3,Urban,3,Urban,1,0,0,0,0,1,TRUE,Urban-dominated
3348,10,60,30.147737,120.407333,3,Urban,3,Urban,1,0,0,0,0,1,TRUE,Urban-dominated
3349,NA,0,29.237912,120.04101,2,Cropland,3,Urban,0.5,0.25,0,0,0.25,0.75,TRUE,Urban-dominated
3350,14,82,30.267446,120.152791,3,Urban,3,Urban,1,0,0,0,0,1,TRUE,Urban-dominated
3351,NA,0,29.071245,120.435644,1,Natural vegetation,1,Natural vegetation,0.5,0,0,0,0.5,0.5,TRUE,Urban-dominated
3352,NA,0,28.269015,119.711093,1,Natural vegetation,1,Natural vegetation,0,0,0,0,1,0,FALSE,Natural-dominated
3353,NA,0,29.980851,120.654718,1,Natural vegetation,1,Natural vegetation,0,0.5,0,0,0.5,0.5,TRUE,Ag-dominated
3353200,NA,0,39.94642897,-86.2602702,3,Urban,3,Urban,1,0,0,0,0,1,TRUE,Urban-dominated
3353415,7,134,39.88577778,-86.3554444,2,Cropland,2,Cropland,0.25,0.75,0,0,0,1,TRUE,Ag-dominated
3353420,6,276,39.8725833,-86.3615278,2,Cropland,2,Cropland,0.5,0.5,0,0,0,1,TRUE,Urban-dominated
3354,NA,0,28.302934,119.709158,1,Natural vegetation,1,Natural vegetation,0,0,0,0,1,0,FALSE,Natural-dominated
3355,8,30,29.266018,120.051391,3,Urban,3,Urban,1,0,0,0,0,1,TRUE,Urban-dominated
3356,NA,0,28.001303,119.638965,3,Urban,1,Natural vegetation,0,0,0,0,1,0,FALSE,Natural-dominated
3357,NA,0,28.186716,121.288071,5,Other,1,Natural vegetation,0.5,0,0,0,0.5,0.5,TRUE,Urban-dominated
3358,12,44,30.442504,120.070573,3,Urban,2,Cropland,0.5,0.5,0,0,0,1,TRUE,Urban-dominated
3359,NA,0,29.365627,119.526751,1,Natural vegetation,1,Natural vegetation,0,0,0.5,0,0.5,0,FALSE,Natural-dominated
3360,NA,0,28.151839,120.426483,1,Natural vegetation,1,Natural vegetation,0,0,0,0,1,0,FALSE,Natural-dominated
3361,NA,0,28.965018,121.593658,2,Cropland,2,Cropland,0,1,0,0,0,1,TRUE,Ag-dominated
3362,NA,0,29.65592,120.83622,3,Urban,3,Urban,1,0,0,0,0,1,TRUE,Urban-dominated
3363,4,11,30.225321,120.726949,5,Other,5,Other,0,0,1,0,0,0,FALSE,Mixed
3364,NA,0,28.536111,119.396815,3,Urban,2,Cropland,0,1,0,0,0,1,TRUE,Ag-dominated
3365,NA,0,28.883511,120.937057,1,Natural vegetation,1,Natural vegetation,0,0,0,0,1,0,FALSE,Natural-dominated
3366,NA,0,29.809832,119.686874,5,Other,3,Urban,1,0,0,0,0,1,TRUE,Urban-dominated
3367,NA,0,29.793535,119.691434,3,Urban,3,Urban,0.75,0,0,0,0.25,0.75,TRUE,Urban-dominated
3368,4,2,31.123297,119.902583,3,Urban,2,Cropland,0,1,0,0,0,1,TRUE,Ag-dominated
3369,4,2,28.670578,121.323929,3,Urban,2,Cropland,0,1,0,0,0,1,TRUE,Ag-dominated
3370,12,22,30.25332,119.866868,2,Cropland,1,Natural vegetation,0,0.25,0,0,0.75,0.25,FALSE,Natural-dominated
3371,8,9,28.276705,121.68638,5,Other,5,Other,0,0,1,0,0,0,FALSE,Mixed
3372,NA,0,28.945164,121.059509,1,Natural vegetation,1,Natural vegetation,0,0,0,0,1,0,FALSE,Natural-dominated
3373,NA,0,28.971763,118.899071,3,Urban,1,Natural vegetation,0.5,0,0,0,0.5,0.5,TRUE,Urban-dominated
3374,NA,0,30.267446,120.152791,3,Urban,3,Urban,1,0,0,0,0,1,TRUE,Urban-dominated
3374100,NA,0,38.4897695,-87.55002269,2,Cropland,2,Cropland,0,1,0,0,0,1,TRUE,Ag-dominated
3375,4,3,29.071266,119.671617,3,Urban,2,Cropland,0.5,0.5,0,0,0,1,TRUE,Urban-dominated
3376,8,14,29.772181,120.238368,2,Cropland,2,Cropland,0,1,0,0,0,1,TRUE,Ag-dominated
3377,8,79,29.90894,121.532765,3,Urban,3,Urban,1,0,0,0,0,1,TRUE,Urban-dominated
3378,4,4,28.363673,120.690527,1,Natural vegetation,1,Natural vegetation,0,0,0,0,1,0,FALSE,Natural-dominated
3378500,4.5,2,38.130879,-87.941419,2,Cropland,5,Other,0,0,1,0,0,0,FALSE,Mixed
3379,12,29,28.401983,121.313909,3,Urban,3,Urban,1,0,0,0,0,1,TRUE,Urban-dominated
3380,NA,0,28.125885,120.340033,3,Urban,1,Natural vegetation,0,0,0,0,1,0,FALSE,Natural-dominated
3381,8,96,30.788164,121.287508,2,Cropland,2,Cropland,0,1,0,0,0,1,TRUE,Ag-dominated
3382,NA,0,27.635937,119.721589,1,Natural vegetation,1,Natural vegetation,0,0,0,0,1,0,FALSE,Natural-dominated
3383,8,111,29.44436,119.931804,3,Urban,3,Urban,0.75,0.25,0,0,0,1,TRUE,Urban-dominated
3384,4,1,28.691077,121.480529,5,Other,1,Natural vegetation,0.25,0.25,0.25,0,0.25,0.5,TRUE,Mixed
3385,4,1,28.722889,119.366656,1,Natural vegetation,1,Natural vegetation,0,0,0,0,1,0,FALSE,Natural-dominated
3386,8,86,28.440311,119.522168,2,Cropland,2,Cropland,0,1,0,0,0,1,TRUE,Ag-dominated
3387,4,3,29.200956,119.492445,2,Cropland,3,Urban,0.75,0,0,0,0.25,0.75,TRUE,Urban-dominated
3388,NA,0,29.062154,120.733326,5,Other,1,Natural vegetation,0,0,0,0,1,0,FALSE,Natural-dominated
3389,4,46,28.498534,121.612773,5,Other,5,Other,0,0,1,0,0,0,FALSE,Mixed
3390,24,1,29.432919,120.991562,1,Natural vegetation,1,Natural vegetation,0,0,0,0,1,0,FALSE,Natural-dominated
3391,NA,0,30.245638,122.199853,3,Urban,5,Other,0,0,1,0,0,0,FALSE,Mixed
3392,18,20,30.012424,122.099384,3,Urban,3,Urban,1,0,0,0,0,1,TRUE,Urban-dominated
3393,8,3,28.401295,119.958275,1,Natural vegetation,1,Natural vegetation,0,0,0,0,1,0,FALSE,Natural-dominated
3394,NA,0,20.046635,110.362581,3,Urban,3,Urban,1,0,0,0,0,1,TRUE,Urban-dominated
3395,8,32,18.309346,109.296015,2,Cropland,5,Other,0,0,1,0,0,0,FALSE,Mixed
3396,NA,0,18.840112,109.319906,1,Natural vegetation,1,Natural vegetation,0,0,0,0,1,0,FALSE,Natural-dominated
3397,8,108,18.435633,108.88035,2,Cropland,3,Urban,1,0,0,0,0,1,TRUE,Urban-dominated
3398,NA,0,20.033524,110.392915,3,Urban,3,Urban,1,0,0,0,0,1,TRUE,Urban-dominated
3399,4,1,20.03468,110.341344,3,Urban,3,Urban,1,0,0,0,0,1,TRUE,Urban-dominated
3400,NA,0,19.41804,109.55144,1,Natural vegetation,1,Natural vegetation,0,0,0,0,1,0,FALSE,Natural-dominated
3400800,2,17,36.75230974,-83.2574012,1,Natural vegetation,1,Natural vegetation,0,0,0,0,1,0,FALSE,Natural-dominated
3401,4,1,19.23792,108.90976,2,Cropland,2,Cropland,0,1,0,0,0,1,TRUE,Ag-dominated
3402,8,8,18.868383,110.446856,3,Urban,3,Urban,1,0,0,0,0,1,TRUE,Urban-dominated
3403,8,232,18.771022,110.361185,2,Cropland,2,Cropland,0,1,0,0,0,1,TRUE,Ag-dominated
3404,NA,0,19.738661,110.220908,1,Natural vegetation,1,Natural vegetation,0,0.5,0,0,0.5,0.5,TRUE,Ag-dominated
3405,72,1,18.899736,110.478603,3,Urban,1,Natural vegetation,0,0,0,0,1,0,FALSE,Natural-dominated
3406,6,36,19.641482,110.90946,2,Cropland,1,Natural vegetation,0,0.5,0,0,0.5,0.5,TRUE,Ag-dominated
3407,4,89,18.517517,110.0638,1,Natural vegetation,2,Cropland,0,0.5,0.5,0,0,0.5,TRUE,Ag-dominated
3408,NA,0,18.892128,110.410343,2,Cropland,2,Cropland,0.25,0.75,0,0,0,1,TRUE,Ag-dominated
3409,8,13,18.365332,109.16614,3,Urban,3,Urban,0.666666667,0.333333333,0,0,0,1,TRUE,Urban-dominated
3410,NA,0,18.401897,109.457375,1,Natural vegetation,1,Natural vegetation,0,0,0,0,1,0,FALSE,Natural-dominated
3411,8,257,19.619,110.753577,3,Urban,2,Cropland,0,1,0,0,0,1,TRUE,Ag-dominated
3412,NA,0,19.108343,110.142541,1,Natural vegetation,1,Natural vegetation,0,0,0,0,1,0,FALSE,Natural-dominated
3413,4,73,20.001319,110.372868,3,Urban,3,Urban,1,0,0,0,0,1,TRUE,Urban-dominated
3414,4,2,18.272081,109.575045,3,Urban,1,Natural vegetation,0,0,0,0,1,0,FALSE,Natural-dominated
3414000,3.5,10,36.88395484,-85.1394008,1,Natural vegetation,1,Natural vegetation,0,0,0.25,0,0.75,0,FALSE,Natural-dominated
3414002,2.5,2,36.88405556,-85.12963889,2,Cropland,1,Natural vegetation,0,0,0,0,1,0,FALSE,Natural-dominated
3415,4,47,18.299466,109.537206,3,Urban,1,Natural vegetation,0.5,0,0,0,0.5,0.5,TRUE,Urban-dominated
3416,4,29,19.107418,110.517393,2,Cropland,1,Natural vegetation,0,0.5,0,0,0.5,0.5,TRUE,Ag-dominated
3417,4,10,18.584272,109.899226,1,Natural vegetation,1,Natural vegetation,0,0,0,0,1,0,FALSE,Natural-dominated
3417500,11,1,36.5542507,-85.5143938,1,Natural vegetation,1,Natural vegetation,0,0,0,0,1,0,FALSE,Natural-dominated
3418,NA,0,18.407165,109.757936,3,Urban,1,Natural vegetation,0,0,0,0,1,0,FALSE,Natural-dominated
3418420,2,15,36.2867558,-85.94079609,1,Natural vegetation,5,Other,0.25,0,0.5,0,0.25,0.25,FALSE,Mixed
3419,NA,0,20.017377,110.349228,3,Urban,3,Urban,1,0,0,0,0,1,TRUE,Urban-dominated
3420,4,10,19.146787,110.324964,2,Cropland,1,Natural vegetation,0,0,0,0,1,0,FALSE,Natural-dominated
3421,NA,0,30.321016,108.973817,1,Natural vegetation,1,Natural vegetation,0,0,0,0,1,0,FALSE,Natural-dominated
3422,NA,0,31.53784,114.381695,1,Natural vegetation,1,Natural vegetation,0,0,0,0,1,0,FALSE,Natural-dominated
3423,NA,0,29.838404,115.478264,1,Natural vegetation,1,Natural vegetation,0.25,0,0.25,0,0.5,0.25,FALSE,Natural-dominated
3424,NA,0,29.965459,111.356735,1,Natural vegetation,1,Natural vegetation,0,0.25,0,0,0.75,0.25,FALSE,Natural-dominated
3425,NA,0,30.234653,110.780916,1,Natural vegetation,1,Natural vegetation,0,0,0,0,1,0,FALSE,Natural-dominated
3426,NA,0,30.482451,111.459715,2,Cropland,2,Cropland,0,1,0,0,0,1,TRUE,Ag-dominated
3427,NA,0,29.503051,113.177059,5,Other,2,Cropland,0,1,0,0,0,1,TRUE,Ag-dominated
3428,NA,0,31.894499,112.146347,3,Urban,3,Urban,1,0,0,0,0,1,TRUE,Urban-dominated
3428180,NA,0,35.8989535,-86.42554779,3,Urban,3,Urban,0.5,0.25,0,0,0.25,0.75,TRUE,Urban-dominated
3429,4,11,30.932298,114.664435,2,Cropland,2,Cropland,0.25,0.75,0,0,0,1,TRUE,Ag-dominated
3430,38,2,32.479431,111.08413,1,Natural vegetation,1,Natural vegetation,0,0,0,0,1,0,FALSE,Natural-dominated
3430200,2,144,36.1864446,-86.6327739,3,Urban,3,Urban,1,0,0,0,0,1,TRUE,Urban-dominated
3431,NA,0,30.7608061,111.2731883,5,Other,1,Natural vegetation,0,0,0.5,0,0.5,0,FALSE,Natural-dominated
3431083,3,13,36.16394545,-86.699164,1,Natural vegetation,3,Urban,1,0,0,0,0,1,TRUE,Urban-dominated
3431091,NA,0,36.1653343,-86.7213866,3,Urban,3,Urban,1,0,0,0,0,1,TRUE,Urban-dominated
3431514,1,7,36.1889717,-86.8283959,3,Urban,3,Urban,1,0,0,0,0,1,TRUE,Urban-dominated
3432,104,1,31.850714,113.318907,2,Cropland,2,Cropland,0,1,0,0,0,1,TRUE,Ag-dominated
343233905,7,1,35.89984185,-86.8428894,1,Natural vegetation,3,Urban,0.5,0.25,0,0,0.25,0.75,TRUE,Urban-dominated
34324146,NA,0,35.9581186,-86.88972369,2,Cropland,3,Urban,1,0,0,0,0,1,TRUE,Urban-dominated
3433,NA,0,30.207272,108.575117,1,Natural vegetation,1,Natural vegetation,0,0.25,0,0,0.75,0.25,FALSE,Natural-dominated
3434,6,8,29.980468,113.915926,3,Urban,3,Urban,1,0,0,0,0,1,TRUE,Urban-dominated
3435,NA,0,32.5548899,111.4861982,5,Other,3,Urban,0.75,0,0.25,0,0,0.75,TRUE,Urban-dominated
3436,4,21,30.607998,114.739996,5,Other,3,Urban,1,0,0,0,0,1,TRUE,Urban-dominated
3437,NA,0,31.315339,114.439622,3,Urban,2,Cropland,0,1,0,0,0,1,TRUE,Ag-dominated
3438,4,14,29.77652,109.816955,1,Natural vegetation,1,Natural vegetation,0,0,0,0,1,0,FALSE,Natural-dominated
3439,8,45,30.926829,113.885347,3,Urban,2,Cropland,0.5,0.5,0,0,0,1,TRUE,Urban-dominated
3440,NA,0,31.169278,113.559505,2,Cropland,2,Cropland,0,1,0,0,0,1,TRUE,Ag-dominated
3441,NA,0,29.634778,114.632684,5,Other,5,Other,0,0,1,0,0,0,FALSE,Mixed
3442,4,4,31.82216,112.710238,2,Cropland,2,Cropland,0,1,0,0,0,1,TRUE,Ag-dominated
3443,10,4,30.925216,113.588349,3,Urban,2,Cropland,0.25,0.75,0,0,0,1,TRUE,Ag-dominated
3444,12,128,30.725578,112.839824,2,Cropland,3,Urban,1,0,0,0,0,1,TRUE,Urban-dominated
3445,6,6,29.6665,113.329487,5,Other,2,Cropland,0,0.5,0.5,0,0,0.5,TRUE,Ag-dominated
3446,4,4,30.691979,113.943238,3,Urban,3,Urban,1,0,0,0,0,1,TRUE,Urban-dominated
3447,12,41,31.57971,113.115433,1,Natural vegetation,1,Natural vegetation,0,0,0,0,1,0,FALSE,Natural-dominated
3447687,NA,0,35.42916667,-82.5525,2,Cropland,1,Natural vegetation,0.25,0.25,0,0,0.5,0.5,TRUE,Natural-dominated
3447890,NA,0,35.4997222,-82.5927778,1,Natural vegetation,1,Natural vegetation,0,0,0,0,1,0,FALSE,Natural-dominated
3448,20,3,30.167878,113.345876,2,Cropland,2,Cropland,0,1,0,0,0,1,TRUE,Ag-dominated
3448050,NA,0,35.5122222,-82.5772222,1,Natural vegetation,1,Natural vegetation,0,0,0,0,1,0,FALSE,Natural-dominated
344878100,NA,0,35.56138889,-82.5969444,1,Natural vegetation,1,Natural vegetation,0,0,0,0,1,0,FALSE,Natural-dominated
3449,NA,0,30.510951,114.257402,5,Other,3,Urban,0.75,0,0.25,0,0,0.75,TRUE,Urban-dominated
3450,NA,0,29.74052,112.764352,5,Other,2,Cropland,0,0.75,0.25,0,0,0.75,TRUE,Ag-dominated
3451,NA,0,30.442134,110.377318,1,Natural vegetation,1,Natural vegetation,0,0,0,0,1,0,FALSE,Natural-dominated
3451200,NA,0,35.585,-82.5686111,3,Urban,3,Urban,0.75,0,0,0,0.25,0.75,TRUE,Urban-dominated
3451500,NA,0,35.60888889,-82.5780556,3,Urban,3,Urban,1,0,0,0,0,1,TRUE,Urban-dominated
3452,4,11,30.254048,114.571771,5,Other,5,Other,0,0,1,0,0,0,FALSE,Mixed
3453,NA,0,30.5855806,114.1831827,3,Urban,3,Urban,1,0,0,0,0,1,TRUE,Urban-dominated
3454,NA,0,30.39249,113.423134,3,Urban,2,Cropland,0,1,0,0,0,1,TRUE,Ag-dominated
3455,18,6,30.205647,113.846046,5,Other,5,Other,0,0.25,0.5,0.25,0,0.25,FALSE,Mixed
3456,NA,0,32.609233,111.476807,1,Natural vegetation,1,Natural vegetation,0,0,0,0,1,0,FALSE,Natural-dominated
3457,4,7,30.479428,114.441717,3,Urban,3,Urban,1,0,0,0,0,1,TRUE,Urban-dominated
3458,6,4,31.062773,113.791446,2,Cropland,2,Cropland,0.25,0.75,0,0,0,1,TRUE,Ag-dominated
3459,NA,0,30.663212,114.790216,2,Cropland,2,Cropland,0,1,0,0,0,1,TRUE,Ag-dominated
3460,12,4,30.287569,108.9049,3,Urban,1,Natural vegetation,0.25,0,0,0,0.75,0.25,FALSE,Natural-dominated
3460795,NA,0,35.7836111,-83.1119444,1,Natural vegetation,1,Natural vegetation,0,0,0,0,1,0,FALSE,Natural-dominated
3461,NA,0,32.584254,111.322581,5,Other,5,Other,0,0,1,0,0,0,FALSE,Mixed
3462,6,6,31.706189,113.357381,3,Urban,3,Urban,1,0,0,0,0,1,TRUE,Urban-dominated
3463,NA,0,29.804503,112.133505,2,Cropland,2,Cropland,0,0.75,0.25,0,0,0.75,TRUE,Ag-dominated
3464,8,37,30.71412,114.353979,3,Urban,3,Urban,1,0,0,0,0,1,TRUE,Urban-dominated
3465,NA,0,31.015929,112.026092,5,Other,1,Natural vegetation,0.25,0.25,0.25,0,0.25,0.5,TRUE,Mixed
3466,NA,0,32.275998,110.140305,1,Natural vegetation,1,Natural vegetation,0,0,0,0,1,0,FALSE,Natural-dominated
3467,20,1,30.415972,112.858475,3,Urban,2,Cropland,0.5,0.5,0,0,0,1,TRUE,Urban-dominated
3468,NA,0,30.340783,115.090053,5,Other,5,Other,0,0.25,0.5,0,0.25,0.25,FALSE,Mixed
3469,4,1,30.328291,114.606334,3,Urban,2,Cropland,0,0.5,0.5,0,0,0.5,TRUE,Ag-dominated
3470,4,7,31.265037,114.468486,2,Cropland,2,Cropland,0,1,0,0,0,1,TRUE,Ag-dominated
3471,NA,0,32.185797,109.604925,1,Natural vegetation,1,Natural vegetation,0,0,0,0,1,0,FALSE,Natural-dominated
3472,NA,0,30.663265,115.00732,1,Natural vegetation,2,Cropland,0,1,0,0,0,1,TRUE,Ag-dominated
3473,NA,0,31.032601,111.90805,1,Natural vegetation,1,Natural vegetation,0,0,0,0,1,0,FALSE,Natural-dominated
3474,8,114,29.936945,114.206491,4,Wetland,4,Wetland,0,0,0,1,0,0,FALSE,Mixed
3475,NA,0,30.684134,112.601291,2,Cropland,2,Cropland,0,1,0,0,0,1,TRUE,Ag-dominated
3476,NA,0,30.326834,114.624255,3,Urban,2,Cropland,0,1,0,0,0,1,TRUE,Ag-dominated
3477,4,1,30.169848,114.668405,2,Cropland,2,Cropland,0,0.5,0.25,0,0.25,0.5,TRUE,Ag-dominated
3478,NA,0,30.323773,114.629606,2,Cropland,2,Cropland,0,1,0,0,0,1,TRUE,Ag-dominated
3479,12,1,29.689218,112.635912,2,Cropland,2,Cropland,0,1,0,0,0,1,TRUE,Ag-dominated
3480,12,144,30.299189,112.519313,2,Cropland,2,Cropland,0,1,0,0,0,1,TRUE,Ag-dominated
3481,18,16,30.958605,114.772146,2,Cropland,2,Cropland,0,1,0,0,0,1,TRUE,Ag-dominated
3482,12,88,30.300442,114.134789,5,Other,2,Cropland,0,0.5,0.5,0,0,0.5,TRUE,Ag-dominated
3483,NA,0,31.236873,113.858844,2,Cropland,2,Cropland,0,1,0,0,0,1,TRUE,Ag-dominated
3484,8,11,29.90909,113.688546,3,Urban,2,Cropland,0,0.5,0.5,0,0,0.5,TRUE,Ag-dominated
3485,NA,0,30.478143,111.573224,2,Cropland,2,Cropland,0,1,0,0,0,1,TRUE,Ag-dominated
3486,NA,0,30.56645,115.606361,1,Natural vegetation,1,Natural vegetation,0,0,0,0,1,0,FALSE,Natural-dominated
3487,4,1,31.170363,115.004703,3,Urban,3,Urban,0.5,0.25,0.25,0,0,0.75,TRUE,Urban-dominated
3488,NA,0,30.441152,111.149919,5,Other,1,Natural vegetation,0,0,0,0,1,0,FALSE,Natural-dominated
3489,NA,0,30.155202,115.252772,3,Urban,1,Natural vegetation,0,0,0.5,0,0.5,0,FALSE,Natural-dominated
3490,NA,0,30.400125,110.542539,1,Natural vegetation,1,Natural vegetation,0,0,0,0,1,0,FALSE,Natural-dominated
3491,12,21,30.020142,115.315117,2,Cropland,3,Urban,1,0,0,0,0,1,TRUE,Urban-dominated
3492,12,30,31.121516,115.346493,1,Natural vegetation,1,Natural vegetation,0,0.25,0,0,0.75,0.25,FALSE,Natural-dominated
3493,4,5,32.653896,111.205815,5,Other,1,Natural vegetation,0,0,0.333333333,0,0.666666667,0,FALSE,Natural-dominated
3494,NA,0,28.81482,112.406512,3,Urban,4,Wetland,0,0.25,0,0.75,0,0.25,FALSE,Mixed
3495,NA,0,27.732112,111.241062,2,Cropland,2,Cropland,0,0.75,0,0,0.25,0.75,TRUE,Ag-dominated
3496,8,30,29.310533,112.849485,4,Wetland,4,Wetland,0,0,0.333333333,0.666666667,0,0,FALSE,Mixed
3497,6,2,29.254035,113.028626,5,Other,5,Other,0,0,1,0,0,0,FALSE,Mixed
3498,NA,0,29.042992,111.655849,3,Urban,3,Urban,1,0,0,0,0,1,TRUE,Urban-dominated
3499,NA,0,28.445534,110.375592,5,Other,1,Natural vegetation,0,0,0.5,0,0.5,0,FALSE,Natural-dominated
3500,12,7,29.248398,113.492368,1,Natural vegetation,1,Natural vegetation,0,0,0,0,1,0,FALSE,Natural-dominated
3501,8,56,29.457415,112.76546,2,Cropland,2,Cropland,0,0.75,0.25,0,0,0.75,TRUE,Ag-dominated
3502,NA,0,28.700937,110.007623,5,Other,5,Other,0,0,1,0,0,0,FALSE,Mixed
3503,NA,0,28.835372,113.085455,2,Cropland,5,Other,0,0,1,0,0,0,FALSE,Mixed
3504,NA,0,25.961503,111.67281,5,Other,1,Natural vegetation,0,0,0.25,0,0.75,0,FALSE,Natural-dominated
3505,NA,0,26.746337,112.685627,3,Urban,2,Cropland,0.5,0.5,0,0,0,1,TRUE,Urban-dominated
3506,4,14,26.82305,113.156194,1,Natural vegetation,1,Natural vegetation,0,0.25,0,0,0.75,0.25,FALSE,Natural-dominated
3507,NA,0,27.747428,111.305717,3,Urban,3,Urban,0.5,0.25,0,0,0.25,0.75,TRUE,Urban-dominated
3508,56,3,29.4497926,113.14871,3,Urban,5,Other,0.25,0,0.75,0,0,0.25,FALSE,Mixed
3509,NA,0,26.991688,111.276184,3,Urban,1,Natural vegetation,0,0,0,0,1,0,FALSE,Natural-dominated
3510,NA,0,27.490188,111.383624,1,Natural vegetation,1,Natural vegetation,0,0,0,0,1,0,FALSE,Natural-dominated
3511,8,23,29.206544,112.515163,5,Other,5,Other,0,0,1,0,0,0,FALSE,Mixed
3512,NA,0,25.854236,113.327856,5,Other,1,Natural vegetation,0,0,0,0,1,0,FALSE,Natural-dominated
3512000,NA,0,35.46138889,-83.3536111,1,Natural vegetation,1,Natural vegetation,0,0,0,0,1,0,FALSE,Natural-dominated
3513,8,58,29.590311,112.238314,2,Cropland,2,Cropland,0,1,0,0,0,1,TRUE,Ag-dominated
3514,NA,0,28.844937,112.324734,5,Other,5,Other,0.25,0.25,0.5,0,0,0.5,TRUE,Mixed
3515,NA,0,29.3929733,113.0886216,5,Other,5,Other,0,0,1,0,0,0,FALSE,Mixed
3516,NA,0,29.1535674,113.0019857,5,Other,5,Other,0,0.25,0.5,0,0.25,0.25,FALSE,Mixed
3517,NA,0,28.916674,112.1189206,3,Urban,5,Other,0,0,1,0,0,0,FALSE,Mixed
3518,NA,0,26.542749,112.194302,5,Other,5,Other,0,0,1,0,0,0,FALSE,Mixed
3519,NA,0,27.111289,109.62923,3,Urban,5,Other,0,0,1,0,0,0,FALSE,Mixed
3520,4,18,28.259883,113.008048,3,Urban,3,Urban,1,0,0,0,0,1,TRUE,Urban-dominated
3521,NA,0,27.965494,113.011588,3,Urban,5,Other,0.25,0,0.5,0,0.25,0.25,FALSE,Mixed
3522,NA,0,27.211791,111.440175,3,Urban,3,Urban,1,0,0,0,0,1,TRUE,Urban-dominated
3523,4,15,28.52605,112.150471,1,Natural vegetation,3,Urban,1,0,0,0,0,1,TRUE,Urban-dominated
3524,4,1,27.712051,109.609609,1,Natural vegetation,1,Natural vegetation,0,0,0,0,1,0,FALSE,Natural-dominated
3525,4,1,28.56049,112.812316,3,Urban,1,Natural vegetation,0,0.25,0,0,0.75,0.25,FALSE,Natural-dominated
3526,8,13,27.215471,112.885768,1,Natural vegetation,1,Natural vegetation,0,0,0.5,0,0.5,0,FALSE,Natural-dominated
3527,NA,0,25.278395,112.579064,1,Natural vegetation,1,Natural vegetation,0,0,0,0,1,0,FALSE,Natural-dominated
3528,18,4,28.112444,112.98381,3,Urban,3,Urban,1,0,0,0,0,1,TRUE,Urban-dominated
3529,4,1,27.674002,111.421332,3,Urban,3,Urban,1,0,0,0,0,1,TRUE,Urban-dominated
3530,NA,0,27.572029,111.489179,2,Cropland,2,Cropland,0,0.75,0,0,0.25,0.75,TRUE,Ag-dominated
3531,NA,0,27.937483,112.980792,5,Other,5,Other,0,0,1,0,0,0,FALSE,Mixed
3532,NA,0,28.665556,112.450578,2,Cropland,2,Cropland,0,1,0,0,0,1,TRUE,Ag-dominated
3533,6,4,33.827571,119.307466,2,Cropland,2,Cropland,0,1,0,0,0,1,TRUE,Ag-dominated
3534,4,1,25.986252,109.782371,1,Natural vegetation,1,Natural vegetation,0,0,0,0,1,0,FALSE,Natural-dominated
3535,NA,0,26.790429,113.204597,1,Natural vegetation,1,Natural vegetation,0,0.25,0,0,0.75,0.25,FALSE,Natural-dominated
3536,NA,0,28.452749,110.38956,3,Urban,5,Other,0,0,1,0,0,0,FALSE,Mixed
3537,NA,0,27.305029,112.934515,5,Other,5,Other,0,0,1,0,0,0,FALSE,Mixed
3538,NA,0,27.603169,111.449612,1,Natural vegetation,1,Natural vegetation,0.25,0.25,0,0,0.5,0.5,TRUE,Natural-dominated
3538830,NA,0,36.06166667,-84.96138889,1,Natural vegetation,1,Natural vegetation,0,0,0,0,1,0,FALSE,Natural-dominated
3539,4,1,28.6460477,112.4147437,5,Other,2,Cropland,0,0.75,0.25,0,0,0.75,TRUE,Ag-dominated
3540,8,3,29.0557678,112.3110917,2,Cropland,2,Cropland,0,1,0,0,0,1,TRUE,Ag-dominated
3541,NA,0,29.591,111.879256,2,Cropland,2,Cropland,0,0.5,0.5,0,0,0.5,TRUE,Ag-dominated
3542,NA,0,26.288739,110.791755,1,Natural vegetation,2,Cropland,0,1,0,0,0,1,TRUE,Ag-dominated
3543,NA,0,26.743028,110.072736,1,Natural vegetation,1,Natural vegetation,0,0,0,0,1,0,FALSE,Natural-dominated
3544,NA,0,26.296705,111.288738,1,Natural vegetation,1,Natural vegetation,0,0,0,0,1,0,FALSE,Natural-dominated
3545,8,25,28.293453,112.958736,3,Urban,3,Urban,0.75,0,0,0,0.25,0.75,TRUE,Urban-dominated
3546,NA,0,25.540421,113.706965,3,Urban,1,Natural vegetation,0,0,0,0,1,0,FALSE,Natural-dominated
3547,NA,0,25.072475,111.846913,1,Natural vegetation,1,Natural vegetation,0,0,0,0,1,0,FALSE,Natural-dominated
3548,12,5,30.839666,111.06395,5,Other,1,Natural vegetation,0,0,0.25,0,0.75,0,FALSE,Natural-dominated
3549,NA,0,27.867778,110.390846,3,Urban,1,Natural vegetation,0,0,0,0,1,0,FALSE,Natural-dominated
3550,NA,0,26.894641,113.189857,1,Natural vegetation,1,Natural vegetation,0,0,0,0,1,0,FALSE,Natural-dominated
3551,12,2,27.136894,110.032419,1,Natural vegetation,1,Natural vegetation,0.25,0.25,0,0,0.5,0.5,TRUE,Natural-dominated
3552,NA,0,28.822488,112.20676,5,Other,5,Other,0,0,1,0,0,0,FALSE,Mixed
3553,8,39,25.072475,111.846913,1,Natural vegetation,1,Natural vegetation,0,0,0,0,1,0,FALSE,Natural-dominated
3554,13,1,29.35625,112.899042,4,Wetland,5,Other,0,0,0.75,0.25,0,0,FALSE,Mixed
3554,NA,0,29.35625,112.899042,4,Wetland,5,Other,0,0,0.75,0.25,0,0,FALSE,Mixed
3555,NA,0,25.962041,112.48946,1,Natural vegetation,1,Natural vegetation,0,0,0,0,1,0,FALSE,Natural-dominated
3556,4,7,26.756175,112.751951,2,Cropland,2,Cropland,0.333333333,0.666666667,0,0,0,1,TRUE,Ag-dominated
3557,NA,0,26.197088,111.623754,3,Urban,2,Cropland,0,1,0,0,0,1,TRUE,Ag-dominated
3558,NA,0,27.737731,113.65048,2,Cropland,1,Natural vegetation,0,0.25,0,0,0.75,0.25,FALSE,Natural-dominated
3559,NA,0,28.787386,109.298786,3,Urban,1,Natural vegetation,0,0,0,0,1,0,FALSE,Natural-dominated
3560,NA,0,28.112444,112.98381,3,Urban,3,Urban,1,0,0,0,0,1,TRUE,Urban-dominated
3561,NA,0,28.3590072,112.8521403,5,Other,1,Natural vegetation,0.5,0,0,0,0.5,0.5,TRUE,Urban-dominated
3562,NA,0,27.852961,113.047794,5,Other,1,Natural vegetation,0.333333333,0,0.333333333,0,0.333333333,0.333333333,TRUE,Mixed
3563,NA,0,29.634794,112.114893,2,Cropland,2,Cropland,0,1,0,0,0,1,TRUE,Ag-dominated
3564,NA,0,27.32822,109.08309,3,Urban,3,Urban,1,0,0,0,0,1,TRUE,Urban-dominated
3565,NA,0,33.433584,104.787727,3,Urban,1,Natural vegetation,0,0,0,0,1,0,FALSE,Natural-dominated
3566,NA,0,37.16923,104.29416,1,Natural vegetation,2,Cropland,0,1,0,0,0,1,TRUE,Ag-dominated
3567,NA,0,36.150864,103.993225,1,Natural vegetation,1,Natural vegetation,0,0,0,0,1,0,FALSE,Natural-dominated
3568,NA,0,36.801105,102.734399,1,Natural vegetation,1,Natural vegetation,0,0,0,0,1,0,FALSE,Natural-dominated
3569,NA,0,37.858419,102.705305,3,Urban,2,Cropland,0,1,0,0,0,1,TRUE,Ag-dominated
3570,NA,0,38.279316,100.841336,1,Natural vegetation,1,Natural vegetation,0,0,0,0,1,0,FALSE,Natural-dominated
3571,NA,0,33.327076,105.082771,1,Natural vegetation,1,Natural vegetation,0,0,0,0,1,0,FALSE,Natural-dominated
3572,16,2,34.144303,104.847086,1,Natural vegetation,1,Natural vegetation,0,0,0,0,1,0,FALSE,Natural-dominated
3573,NA,0,33.327425,105.606528,3,Urban,1,Natural vegetation,0,0,0,0,1,0,FALSE,Natural-dominated
3574,4,4,35.618085,103.237716,3,Urban,2,Cropland,0.25,0.75,0,0,0,1,TRUE,Ag-dominated
3575,NA,0,35.381435,103.426929,2,Cropland,2,Cropland,0,1,0,0,0,1,TRUE,Ag-dominated
3576,NA,0,35.581194,103.787401,3,Urban,2,Cropland,0,0.75,0,0,0.25,0.75,TRUE,Ag-dominated
3577,NA,0,36.337031,103.944896,3,Urban,1,Natural vegetation,0,0,0,0,1,0,FALSE,Natural-dominated
3578,NA,0,33.998387,102.072639,3,Urban,1,Natural vegetation,0,0,0,0,1,0,FALSE,Natural-dominated
3579,NA,0,37.912691,101.844367,5,Other,1,Natural vegetation,0,0.25,0,0,0.75,0.25,FALSE,Natural-dominated
3580,NA,0,38.399594,102.888018,5,Other,5,Other,0,0,1,0,0,0,FALSE,Mixed
3581,NA,0,38.810096,100.160119,1,Natural vegetation,1,Natural vegetation,0,0,0,0,1,0,FALSE,Natural-dominated
3582,NA,0,39.930227,98.855668,5,Other,5,Other,0,0,0.75,0,0.25,0,FALSE,Mixed
3583,8,12,38.370496,102.0513,1,Natural vegetation,1,Natural vegetation,0,0,0,0,1,0,FALSE,Natural-dominated
3584,4,4,35.33874,107.744589,3,Urban,2,Cropland,0,1,0,0,0,1,TRUE,Ag-dominated
3585,NA,0,36.059421,103.826308,3,Urban,3,Urban,1,0,0,0,0,1,TRUE,Urban-dominated
3586,NA,0,36.067756,103.825814,3,Urban,3,Urban,1,0,0,0,0,1,TRUE,Urban-dominated
3587,NA,0,35.382401,103.855148,3,Urban,3,Urban,1,0,0,0,0,1,TRUE,Urban-dominated
3588,NA,0,37.560335,102.738688,5,Other,5,Other,0,0,1,0,0,0,FALSE,Mixed
3589,4,67,25.346121,117.555685,1,Natural vegetation,1,Natural vegetation,0,0,0,0,1,0,FALSE,Natural-dominated
3590,NA,0,25.029821,116.447085,3,Urban,1,Natural vegetation,0,0,0,0,1,0,FALSE,Natural-dominated
3591,4,30,23.94656,117.3503,3,Urban,2,Cropland,0.5,0.5,0,0,0,1,TRUE,Urban-dominated
3592,NA,0,26.810521,119.569207,1,Natural vegetation,1,Natural vegetation,0,0,0,0,1,0,FALSE,Natural-dominated
3593,8,5,25.107288,117.555005,1,Natural vegetation,1,Natural vegetation,0,0,0,0,1,0,FALSE,Natural-dominated
3594,NA,0,25.033597,118.478314,3,Urban,3,Urban,0.75,0.25,0,0,0,1,TRUE,Urban-dominated
3595,4,13,24.951791,118.44607,3,Urban,3,Urban,1,0,0,0,0,1,TRUE,Urban-dominated
3596,10,10,24.46201,117.405013,2,Cropland,1,Natural vegetation,0.25,0,0,0,0.75,0.25,FALSE,Natural-dominated
3597,4,24,24.567778,117.518239,2,Cropland,2,Cropland,0,1,0,0,0,1,TRUE,Ag-dominated
3598,NA,0,25.82232,117.97768,1,Natural vegetation,1,Natural vegetation,0,0,0,0,1,0,FALSE,Natural-dominated
3599,NA,0,26.175309,116.759826,1,Natural vegetation,1,Natural vegetation,0,0,0,0,1,0,FALSE,Natural-dominated
3600,8,10,25.050703,118.266127,3,Urban,1,Natural vegetation,0,0.5,0,0,0.5,0.5,TRUE,Ag-dominated
3601,12,34,26.671964,117.19124,1,Natural vegetation,1,Natural vegetation,0,0,0,0,1,0,FALSE,Natural-dominated
3602,NA,0,26.100779,119.295144,3,Urban,3,Urban,1,0,0,0,0,1,TRUE,Urban-dominated
3603,12,39,25.92585,118.393076,1,Natural vegetation,1,Natural vegetation,0,0,0,0,1,0,FALSE,Natural-dominated
3604,NA,0,26.82863,116.948359,1,Natural vegetation,1,Natural vegetation,0,0,0,0,1,0,FALSE,Natural-dominated
3605,NA,0,27.2072,118.2109,1,Natural vegetation,1,Natural vegetation,0,0,0,0,1,0,FALSE,Natural-dominated
3606,NA,0,27.563409,118.409036,1,Natural vegetation,1,Natural vegetation,0,0,0,0,1,0,FALSE,Natural-dominated
3607,NA,0,26.314279,117.682267,1,Natural vegetation,1,Natural vegetation,0.25,0,0,0,0.75,0.25,FALSE,Natural-dominated
3608,4,1,27.647798,118.688747,1,Natural vegetation,1,Natural vegetation,0,0,0,0,1,0,FALSE,Natural-dominated
3609,NA,0,27.4979,118.0807,1,Natural vegetation,1,Natural vegetation,0,0,0,0,1,0,FALSE,Natural-dominated
3610,8,12,26.548915,117.996231,1,Natural vegetation,1,Natural vegetation,0,0,0,0,1,0,FALSE,Natural-dominated
3611,12,38,26.088396,117.10368,1,Natural vegetation,1,Natural vegetation,0,0,0,0,1,0,FALSE,Natural-dominated
3612,4,10,26.086997,117.444817,3,Urban,1,Natural vegetation,0,0,0,0,1,0,FALSE,Natural-dominated
3612600,1,1,37.17921867,-89.058404,5,Other,2,Cropland,0,0.5,0.25,0.25,0,0.5,TRUE,Ag-dominated
3613,4,9,25.284037,118.383698,1,Natural vegetation,1,Natural vegetation,0,0,0,0,1,0,FALSE,Natural-dominated
3614,NA,0,25.882692,118.933046,3,Urban,1,Natural vegetation,0,0,0,0,1,0,FALSE,Natural-dominated
3615,4,1,26.057304,119.209604,3,Urban,5,Other,0,0,1,0,0,0,FALSE,Mixed
3616,NA,0,27.12725,119.647502,1,Natural vegetation,1,Natural vegetation,0,0,0,0,1,0,FALSE,Natural-dominated
3617,NA,0,25.9737169,119.459778,3,Urban,5,Other,0,0,1,0,0,0,FALSE,Mixed
3618,NA,0,27.378477,120.103534,1,Natural vegetation,1,Natural vegetation,0,0,0,0,1,0,FALSE,Natural-dominated
3619,4,5,26.100779,119.295144,3,Urban,3,Urban,1,0,0,0,0,1,TRUE,Urban-dominated
3620,NA,0,26.137615,119.56057,3,Urban,3,Urban,1,0,0,0,0,1,TRUE,Urban-dominated
3621,NA,0,25.490233,116.324225,1,Natural vegetation,1,Natural vegetation,0,0,0,0,1,0,FALSE,Natural-dominated
3622,4,3,26.100779,119.295144,3,Urban,3,Urban,1,0,0,0,0,1,TRUE,Urban-dominated
3623,16,1,26.146209,119.107921,3,Urban,3,Urban,1,0,0,0,0,1,TRUE,Urban-dominated
3624,14,54,26.326652,118.755979,5,Other,1,Natural vegetation,0,0,0,0,1,0,FALSE,Natural-dominated
3625,4,3,25.24576,117.150525,1,Natural vegetation,1,Natural vegetation,0,0,0,0,1,0,FALSE,Natural-dominated
3626,NA,0,26.049567,106.617924,1,Natural vegetation,1,Natural vegetation,0.25,0,0,0,0.75,0.25,FALSE,Natural-dominated
3627,NA,0,27.727316,108.211309,1,Natural vegetation,2,Cropland,0,1,0,0,0,1,TRUE,Ag-dominated
3628,NA,0,26.299092,106.945617,1,Natural vegetation,1,Natural vegetation,0,0,0,0,1,0,FALSE,Natural-dominated
3629,NA,0,25.453177,105.225155,3,Urban,1,Natural vegetation,0,0,0,0,1,0,FALSE,Natural-dominated
3630,NA,0,27.545454,108.232482,3,Urban,1,Natural vegetation,0,0,0,0,1,0,FALSE,Natural-dominated
3631,NA,0,28.501509,107.334652,1,Natural vegetation,2,Cropland,0,1,0,0,0,1,TRUE,Ag-dominated
3632,132,1,26.315435,104.751606,2,Cropland,2,Cropland,0,0.75,0,0,0.25,0.75,TRUE,Ag-dominated
3633,NA,0,25.469452,105.788393,1,Natural vegetation,1,Natural vegetation,0,0.25,0,0,0.75,0.25,FALSE,Natural-dominated
3634,NA,0,28.749019,106.83572,2,Cropland,2,Cropland,0,1,0,0,0,1,TRUE,Ag-dominated
3635,NA,0,26.50267,106.885877,1,Natural vegetation,3,Urban,1,0,0,0,0,1,TRUE,Urban-dominated
3636,NA,0,27.197683,106.69382,1,Natural vegetation,2,Cropland,0,1,0,0,0,1,TRUE,Ag-dominated
3637,NA,0,26.395302,106.25089,3,Urban,2,Cropland,0.5,0.5,0,0,0,1,TRUE,Urban-dominated
3638,4,2,27.576213,107.191157,2,Cropland,1,Natural vegetation,0,0.5,0,0,0.5,0.5,TRUE,Ag-dominated
3639,NA,0,25.424586,106.349905,1,Natural vegetation,1,Natural vegetation,0,0,0,0,1,0,FALSE,Natural-dominated
3640,NA,0,26.454783,106.024287,1,Natural vegetation,1,Natural vegetation,0,0,0,0,1,0,FALSE,Natural-dominated
3641,NA,0,26.59063,105.814847,1,Natural vegetation,1,Natural vegetation,0,0,0,0,1,0,FALSE,Natural-dominated
3642,NA,0,25.338895,106.859982,1,Natural vegetation,1,Natural vegetation,0,0,0,0,1,0,FALSE,Natural-dominated
3643,NA,0,27.019474,107.194447,1,Natural vegetation,1,Natural vegetation,0,0,0,0,1,0,FALSE,Natural-dominated
3644,NA,0,25.959223,108.413673,1,Natural vegetation,1,Natural vegetation,0,0,0,0,1,0,FALSE,Natural-dominated
3645,16,79,26.594198,104.81999,3,Urban,3,Urban,1,0,0,0,0,1,TRUE,Urban-dominated
3646,NA,0,24.965662,106.150154,5,Other,5,Other,0,0,1,0,0,0,FALSE,Mixed
3647,NA,0,27.856315,106.831306,1,Natural vegetation,1,Natural vegetation,0,0,0,0,1,0,FALSE,Natural-dominated
3648,24,4,26.050708,107.859702,1,Natural vegetation,1,Natural vegetation,0,0,0,0,1,0,FALSE,Natural-dominated
3649,NA,0,25.047065,104.993971,1,Natural vegetation,1,Natural vegetation,0,0,0,0,1,0,FALSE,Natural-dominated
3650,NA,0,27.072791,105.517573,2,Cropland,2,Cropland,0,1,0,0,0,1,TRUE,Ag-dominated
3651,NA,0,28.557576,107.503885,1,Natural vegetation,1,Natural vegetation,0,0.25,0,0,0.75,0.25,FALSE,Natural-dominated
3652,NA,0,27.433498,107.267449,1,Natural vegetation,1,Natural vegetation,0,0,0,0,1,0,FALSE,Natural-dominated
3653,NA,0,24.971523,105.136215,1,Natural vegetation,1,Natural vegetation,0,0,0,0,1,0,FALSE,Natural-dominated
3654,4,1,24.871249,104.586066,1,Natural vegetation,1,Natural vegetation,0,0,0,0,1,0,FALSE,Natural-dominated
3655,4,1,26.09237,107.267217,1,Natural vegetation,1,Natural vegetation,0,0,0,0,1,0,FALSE,Natural-dominated
3656,8,62,41.238406,122.231353,2,Cropland,2,Cropland,0,1,0,0,0,1,TRUE,Ag-dominated
3657,NA,0,39.961939,123.075717,5,Other,1,Natural vegetation,0,0,0,0,1,0,FALSE,Natural-dominated
3658,8,9,40.95209,120.862859,2,Cropland,2,Cropland,0,1,0,0,0,1,TRUE,Ag-dominated
3659,8,1,41.330582,123.154762,3,Urban,2,Cropland,0.5,0.5,0,0,0,1,TRUE,Urban-dominated
3660,NA,0,40.981633,123.268332,1,Natural vegetation,2,Cropland,0,1,0,0,0,1,TRUE,Ag-dominated
3661,NA,0,38.860947,121.463803,1,Natural vegetation,1,Natural vegetation,0,0,0,0,1,0,FALSE,Natural-dominated
3662,8,23,41.5986,121.935696,2,Cropland,2,Cropland,0,1,0,0,0,1,TRUE,Ag-dominated
3663,8,32,40.375511,124.742974,5,Other,1,Natural vegetation,0,0,0.5,0,0.5,0,FALSE,Natural-dominated
3664,4,3,42.754086,124.083179,3,Urban,2,Cropland,0.25,0.75,0,0,0,1,TRUE,Ag-dominated
3665,NA,0,40.486587,123.490455,2,Cropland,1,Natural vegetation,0,0.5,0,0,0.5,0.5,TRUE,Ag-dominated
3666,8,40,41.797545,123.196401,3,Urban,2,Cropland,0.5,0.5,0,0,0,1,TRUE,Urban-dominated
3667,NA,0,41.24599,125.36858,2,Cropland,3,Urban,1,0,0,0,0,1,TRUE,Urban-dominated
3668,NA,0,41.305127,123.102284,3,Urban,2,Cropland,0.25,0.75,0,0,0,1,TRUE,Ag-dominated
3669,4,3,40.234403,123.328585,2,Cropland,1,Natural vegetation,0,0.25,0,0,0.75,0.25,FALSE,Natural-dominated
3670,8,3,39.471652,122.582711,5,Other,5,Other,0,0,1,0,0,0,FALSE,Mixed
3671,16,9,40.549855,122.652461,2,Cropland,2,Cropland,0,1,0,0,0,1,TRUE,Ag-dominated
3672,10,2,40.375511,124.742974,5,Other,1,Natural vegetation,0,0,0.5,0,0.5,0,FALSE,Natural-dominated
3673,4,23,40.210189,120.433988,2,Cropland,2,Cropland,0,1,0,0,0,1,TRUE,Ag-dominated
3674,8,20,40.269321,120.469041,1,Natural vegetation,2,Cropland,0.25,0.5,0.25,0,0,0.75,TRUE,Ag-dominated
3675,10,10,42.01371,122.951184,2,Cropland,2,Cropland,0,1,0,0,0,1,TRUE,Ag-dominated
3676,12,3,41.125026,121.908957,2,Cropland,1,Natural vegetation,0,0,0,0,1,0,FALSE,Natural-dominated
3677,NA,0,41.48316,120.128193,2,Cropland,1,Natural vegetation,0,0.5,0,0,0.5,0.5,TRUE,Ag-dominated
3678,4,7,39.841474,122.117254,1,Natural vegetation,2,Cropland,0.5,0.5,0,0,0,1,TRUE,Urban-dominated
3679,4,6,42.243274,124.036625,5,Other,1,Natural vegetation,0,0.25,0,0,0.75,0.25,FALSE,Natural-dominated
3680,NA,0,42.524463,124.304236,5,Other,1,Natural vegetation,0,0,0,0,1,0,FALSE,Natural-dominated
3681,8,46,40.923266,122.803966,3,Urban,2,Cropland,0,1,0,0,0,1,TRUE,Ag-dominated
3682,4,1,40.754672,120.59247,2,Cropland,2,Cropland,0,1,0,0,0,1,TRUE,Ag-dominated
3683,4,4,41.72692,125.03679,3,Urban,3,Urban,1,0,0,0,0,1,TRUE,Urban-dominated
3684,NA,0,41.764823,123.384579,3,Urban,3,Urban,1,0,0,0,0,1,TRUE,Urban-dominated
3685,4,1,39.781799,123.129198,2,Cropland,2,Cropland,0,1,0,0,0,1,TRUE,Ag-dominated
3686,NA,0,42.374136,124.253848,1,Natural vegetation,2,Cropland,0,1,0,0,0,1,TRUE,Ag-dominated
3687,20,26,42.621437,123.675436,2,Cropland,2,Cropland,0,1,0,0,0,1,TRUE,Ag-dominated
3688,4,1,41.948698,124.130817,2,Cropland,1,Natural vegetation,0.25,0.25,0,0,0.5,0.5,TRUE,Natural-dominated
3689,NA,0,42.148935,123.208802,2,Cropland,2,Cropland,0,1,0,0,0,1,TRUE,Ag-dominated
3690,NA,0,30.929362,109.550509,1,Natural vegetation,1,Natural vegetation,0,0.25,0,0,0.75,0.25,FALSE,Natural-dominated
3691,4,14,31.17634,108.13505,2,Cropland,2,Cropland,0,0.75,0,0,0.25,0.75,TRUE,Ag-dominated
3692,NA,0,29.413806,106.51258,3,Urban,3,Urban,1,0,0,0,0,1,TRUE,Urban-dominated
3693,8,45,29.967405,106.233565,3,Urban,2,Cropland,0.25,0.75,0,0,0,1,TRUE,Ag-dominated
3694,NA,0,30.085963,107.261426,2,Cropland,2,Cropland,0,1,0,0,0,1,TRUE,Ag-dominated
3695,NA,0,29.005539,106.597789,2,Cropland,2,Cropland,0,1,0,0,0,1,TRUE,Ag-dominated
3696,NA,0,29.563009,106.551556,3,Urban,3,Urban,1,0,0,0,0,1,TRUE,Urban-dominated
3697,NA,0,30.368252,108.002879,2,Cropland,2,Cropland,0,1,0,0,0,1,TRUE,Ag-dominated
3698,NA,0,30.763157,108.708795,2,Cropland,1,Natural vegetation,0,0.25,0,0,0.75,0.25,FALSE,Natural-dominated
3699,NA,0,29.121704,106.644916,2,Cropland,1,Natural vegetation,0,0,0,0,1,0,FALSE,Natural-dominated
3700,14,2,29.035039,105.761294,2,Cropland,2,Cropland,0,1,0,0,0,1,TRUE,Ag-dominated
3701,NA,0,31.005798,110.098175,1,Natural vegetation,1,Natural vegetation,0,0,0.5,0,0.5,0,FALSE,Natural-dominated
3702,NA,0,30.102043,106.049755,3,Urban,2,Cropland,0,1,0,0,0,1,TRUE,Ag-dominated
3703,NA,0,29.621463,106.602261,5,Other,3,Urban,1,0,0,0,0,1,TRUE,Urban-dominated
3704,8,10,30.944318,108.674842,5,Other,3,Urban,1,0,0,0,0,1,TRUE,Urban-dominated
3705,4,2,28.653371,108.637456,1,Natural vegetation,1,Natural vegetation,0,0,0,0,1,0,FALSE,Natural-dominated
3706,12,6,29.708068,106.821893,2,Cropland,2,Cropland,0.5,0.5,0,0,0,1,TRUE,Urban-dominated
3707,NA,0,29.251332,106.366631,3,Urban,2,Cropland,0,0.75,0,0,0.25,0.75,TRUE,Ag-dominated
3708,NA,0,30.828186,108.446025,5,Other,1,Natural vegetation,0,0,0,0,1,0,FALSE,Natural-dominated
3709,8,11,29.207546,107.506786,1,Natural vegetation,1,Natural vegetation,0,0,0,0,1,0,FALSE,Natural-dominated
3710,NA,0,29.061302,105.951826,5,Other,2,Cropland,0,1,0,0,0,1,TRUE,Ag-dominated
3711,8,56,29.972779,107.797662,2,Cropland,2,Cropland,0,1,0,0,0,1,TRUE,Ag-dominated
3712,NA,0,29.746691,107.271477,3,Urban,1,Natural vegetation,0.5,0,0,0,0.5,0.5,TRUE,Urban-dominated
3713,NA,0,31.22178,108.79675,3,Urban,2,Cropland,0,1,0,0,0,1,TRUE,Ag-dominated
3714,NA,0,29.261202,106.256699,5,Other,5,Other,0,0,1,0,0,0,FALSE,Mixed
3715,NA,0,31.245599,108.823067,1,Natural vegetation,2,Cropland,0,1,0,0,0,1,TRUE,Ag-dominated
3716,NA,0,30.716465,109.010961,4,Wetland,1,Natural vegetation,0,0,0,0,1,0,FALSE,Natural-dominated
3717,NA,0,28.406041,108.915397,1,Natural vegetation,2,Cropland,0,1,0,0,0,1,TRUE,Ag-dominated
3718,NA,0,29.909241,108.052345,2,Cropland,2,Cropland,0,1,0,0,0,1,TRUE,Ag-dominated
3719,NA,0,30.321895,105.77896,2,Cropland,2,Cropland,0,1,0,0,0,1,TRUE,Ag-dominated
3720,8,68,29.54633,105.687881,1,Natural vegetation,2,Cropland,0,1,0,0,0,1,TRUE,Ag-dominated
3721,NA,0,31.042249,109.574601,5,Other,1,Natural vegetation,0,0,0,0,1,0,FALSE,Natural-dominated
3722,NA,0,29.63389,106.594924,3,Urban,3,Urban,1,0,0,0,0,1,TRUE,Urban-dominated
3723,NA,0,29.393512,107.544528,1,Natural vegetation,1,Natural vegetation,0,0,0,0,1,0,FALSE,Natural-dominated
3724,NA,0,29.72171,106.484536,1,Natural vegetation,2,Cropland,0,1,0,0,0,1,TRUE,Ag-dominated
3725,NA,0,29.806015,107.376194,2,Cropland,2,Cropland,0,1,0,0,0,1,TRUE,Ag-dominated
3726,NA,0,31.302134,109.655803,1,Natural vegetation,1,Natural vegetation,0,0.25,0,0,0.75,0.25,FALSE,Natural-dominated
3727,NA,0,29.745967,106.718388,2,Cropland,2,Cropland,0,0.75,0,0,0.25,0.75,TRUE,Ag-dominated
3728,12,17,29.818174,107.12328,2,Cropland,2,Cropland,0,1,0,0,0,1,TRUE,Ag-dominated
3729,NA,0,29.300114,108.164057,3,Urban,3,Urban,1,0,0,0,0,1,TRUE,Urban-dominated
3730,48,1,29.122363,109.124363,2,Cropland,1,Natural vegetation,0,0,0,0,1,0,FALSE,Natural-dominated
3731,20,3,30.737812,108.609295,2,Cropland,1,Natural vegetation,0,0.5,0,0,0.5,0.5,TRUE,Ag-dominated
3732,NA,0,28.211705,108.877248,1,Natural vegetation,1,Natural vegetation,0,0,0,0,1,0,FALSE,Natural-dominated
3733,12,21,29.808129,106.977916,1,Natural vegetation,3,Urban,1,0,0,0,0,1,TRUE,Urban-dominated
3734,NA,0,29.45246,107.3781,2,Cropland,1,Natural vegetation,0,0.25,0,0,0.75,0.25,FALSE,Natural-dominated
3735,NA,0,31.16287,108.35898,3,Urban,3,Urban,1,0,0,0,0,1,TRUE,Urban-dominated
3736,12,13,30.412865,108.159455,5,Other,5,Other,0,0,1,0,0,0,FALSE,Mixed
3737,NA,0,33.004823,107.892183,1,Natural vegetation,1,Natural vegetation,0,0.25,0,0,0.75,0.25,FALSE,Natural-dominated
3738,NA,0,34.366644,107.312554,3,Urban,3,Urban,1,0,0,0,0,1,TRUE,Urban-dominated
3739,12,3,34.342738,109.597958,2,Cropland,2,Cropland,0,0.75,0,0,0.25,0.75,TRUE,Ag-dominated
3740,12,7,34.331984,109.10789,3,Urban,3,Urban,1,0,0,0,0,1,TRUE,Urban-dominated
3741,4,8,33.999268,109.439328,1,Natural vegetation,1,Natural vegetation,0,0,0,0,1,0,FALSE,Natural-dominated
3742,NA,0,38.449826,110.337091,1,Natural vegetation,1,Natural vegetation,0,0,0,0,1,0,FALSE,Natural-dominated
3743,NA,0,37.448286,110.712318,1,Natural vegetation,1,Natural vegetation,0,0,0,0,1,0,FALSE,Natural-dominated
3744,NA,0,37.071869,110.424431,1,Natural vegetation,1,Natural vegetation,0,0,0,0,1,0,FALSE,Natural-dominated
3745,4,3,38.421699,110.750542,1,Natural vegetation,1,Natural vegetation,0,0,0,0,1,0,FALSE,Natural-dominated
3746,NA,0,32.664393,108.977515,1,Natural vegetation,1,Natural vegetation,0,0.5,0,0,0.5,0.5,TRUE,Ag-dominated
3747,4,1,34.341042,109.029633,3,Urban,3,Urban,1,0,0,0,0,1,TRUE,Urban-dominated
3748,NA,0,33.903743,106.484069,1,Natural vegetation,2,Cropland,0,1,0,0,0,1,TRUE,Ag-dominated
3749,NA,0,38.966786,110.982543,1,Natural vegetation,1,Natural vegetation,0,0,0,0,1,0,FALSE,Natural-dominated
3750,NA,0,32.712122,109.051295,3,Urban,3,Urban,0.75,0.25,0,0,0,1,TRUE,Urban-dominated
3751,NA,0,37.921796,109.181303,1,Natural vegetation,1,Natural vegetation,0,0,0,0,1,0,FALSE,Natural-dominated
3752,NA,0,34.292807,109.042987,3,Urban,3,Urban,1,0,0,0,0,1,TRUE,Urban-dominated
3753,1,15,34.881673,106.710551,2,Cropland,2,Cropland,0,1,0,0,0,1,TRUE,Ag-dominated
3753,4,6,34.881673,106.710551,2,Cropland,2,Cropland,0,1,0,0,0,1,TRUE,Ag-dominated
3754,4,1,37.993818,109.854869,3,Urban,1,Natural vegetation,0,0,0,0,1,0,FALSE,Natural-dominated
3755,NA,0,34.194785,106.830416,1,Natural vegetation,1,Natural vegetation,0,0,0,0,1,0,FALSE,Natural-dominated
3756,NA,0,35.978848,100.84115,1,Natural vegetation,1,Natural vegetation,0,0,0,0,1,0,FALSE,Natural-dominated
3757,NA,0,36.99726,101.631766,2,Cropland,2,Cropland,0,1,0,0,0,1,TRUE,Ag-dominated
3758,NA,0,36.3246,102.815227,3,Urban,1,Natural vegetation,0.5,0,0,0,0.5,0.5,TRUE,Urban-dominated
3760,4,2,36.980189,99.825521,1,Natural vegetation,1,Natural vegetation,0,0,0,0,1,0,FALSE,Natural-dominated
3761,22,2,32.90242,100.796611,1,Natural vegetation,1,Natural vegetation,0,0,0,0,1,0,FALSE,Natural-dominated
3762,NA,0,36.753606,101.769897,3,Urban,2,Cropland,0.5,0.5,0,0,0,1,TRUE,Urban-dominated
3763,NA,0,37.06595,102.356194,1,Natural vegetation,1,Natural vegetation,0,0,0,0,1,0,FALSE,Natural-dominated
3764,NA,0,36.121257,101.009202,5,Other,1,Natural vegetation,0,0,0,0,1,0,FALSE,Natural-dominated
3765,6,2,44.266976,128.639537,1,Natural vegetation,1,Natural vegetation,0,0,0,0,1,0,FALSE,Natural-dominated
3766,4,2,44.780159,129.522687,1,Natural vegetation,2,Cropland,0,1,0,0,0,1,TRUE,Ag-dominated
3767,NA,0,46.809606,130.361634,3,Urban,3,Urban,1,0,0,0,0,1,TRUE,Urban-dominated
3768,NA,0,50.420486,124.128555,3,Urban,3,Urban,1,0,0,0,0,1,TRUE,Urban-dominated
3769,NA,0,47.84086,128.83562,3,Urban,3,Urban,1,0,0,0,0,1,TRUE,Urban-dominated
3770,NA,0,49.372476,127.928958,2,Cropland,2,Cropland,0,0.75,0,0,0.25,0.75,TRUE,Ag-dominated
3771,NA,0,51.666357,126.620243,2,Cropland,2,Cropland,0,0.5,0.25,0,0.25,0.5,TRUE,Ag-dominated
3772,NA,0,48.885439,130.392465,3,Urban,2,Cropland,0,1,0,0,0,1,TRUE,Ag-dominated
3773,NA,0,48.874699,125.288803,3,Urban,2,Cropland,0.5,0.5,0,0,0,1,TRUE,Urban-dominated
3774,4,1,47.314285,126.848283,2,Cropland,2,Cropland,0,1,0,0,0,1,TRUE,Ag-dominated
3775,NA,0,48.525048,127.086814,5,Other,5,Other,0,0,1,0,0,0,FALSE,Mixed
3776,NA,0,47.861712,125.457141,2,Cropland,2,Cropland,0,1,0,0,0,1,TRUE,Ag-dominated
3777,NA,0,45.877356,124.469417,1,Natural vegetation,1,Natural vegetation,0,0,0.333333333,0,0.666666667,0,FALSE,Natural-dominated
3778,142,2,45.726806,126.523186,3,Urban,3,Urban,0.75,0,0,0,0.25,0.75,TRUE,Urban-dominated
3779,NA,0,47.096761,122.896086,2,Cropland,2,Cropland,0,1,0,0,0,1,TRUE,Ag-dominated
3780,NA,0,48.442197,129.574798,3,Urban,1,Natural vegetation,0.25,0,0,0,0.75,0.25,FALSE,Natural-dominated
3781,NA,0,47.913029,123.500856,3,Urban,3,Urban,1,0,0,0,0,1,TRUE,Urban-dominated
3782,NA,0,44.556533,129.647051,3,Urban,3,Urban,0.75,0.25,0,0,0,1,TRUE,Urban-dominated
3783,NA,0,45.74691,126.680971,3,Urban,3,Urban,1,0,0,0,0,1,TRUE,Urban-dominated
3784,NA,0,46.924027,133.353365,1,Natural vegetation,1,Natural vegetation,0,0,0,0,1,0,FALSE,Natural-dominated
3785,108,3,50.249585,127.499023,3,Urban,3,Urban,0.75,0,0.25,0,0,0.75,TRUE,Urban-dominated
3786,NA,0,48.8890811,130.3980333,3,Urban,2,Cropland,0,0.666666667,0,0,0.333333333,0.666666667,TRUE,Ag-dominated
3789,NA,0,22.505995,103.966272,3,Urban,3,Urban,1,0,0,0,0,1,TRUE,Urban-dominated
3790,NA,0,23.227246,102.825559,3,Urban,3,Urban,1,0,0,0,0,1,TRUE,Urban-dominated
3795,8,3,23.981819,97.879546,3,Urban,3,Urban,1,0,0,0,0,1,TRUE,Urban-dominated
3800,NA,0,25.428822,99.342167,1,Natural vegetation,1,Natural vegetation,0,0,0,0,1,0,FALSE,Natural-dominated
3801,NA,0,25.7492,99.2347,1,Natural vegetation,3,Urban,1,0,0,0,0,1,TRUE,Urban-dominated
3804,4,43,24.678912,102.688312,1,Natural vegetation,1,Natural vegetation,0,0,0.5,0,0.5,0,FALSE,Natural-dominated
3805,13,200,21.8446659,100.9368773,5,Other,1,Natural vegetation,0,0,0,0,1,0,FALSE,Natural-dominated
3806,NA,0,26.884715,100.426897,1,Natural vegetation,1,Natural vegetation,0,0,0,0,1,0,FALSE,Natural-dominated
3807,7,227,26.452374,104.167562,1,Natural vegetation,1,Natural vegetation,0,0,0,0,1,0,FALSE,Natural-dominated
3807,NA,0,26.452374,104.167562,1,Natural vegetation,1,Natural vegetation,0,0,0,0,1,0,FALSE,Natural-dominated
3812,4,3,42.441301,120.807707,1,Natural vegetation,1,Natural vegetation,0,0.5,0,0,0.5,0.5,TRUE,Ag-dominated
3814,NA,0,46.357501,121.91548,5,Other,1,Natural vegetation,0,0,0.5,0,0.5,0,FALSE,Natural-dominated
3816,4,4,43.174106,117.758673,1,Natural vegetation,1,Natural vegetation,0,0,0,0,1,0,FALSE,Natural-dominated
3817,6,2,45.926269,122.236209,3,Urban,2,Cropland,0,0.75,0,0,0.25,0.75,TRUE,Ag-dominated
3817,NA,0,45.926269,122.236209,3,Urban,2,Cropland,0,0.75,0,0,0.25,0.75,TRUE,Ag-dominated
3819,NA,0,49.214612,125.07349,3,Urban,2,Cropland,0,1,0,0,0,1,TRUE,Ag-dominated
3820,14,4,50.308321,119.371214,1,Natural vegetation,1,Natural vegetation,0,0,0,0,1,0,FALSE,Natural-dominated
3821,NA,0,50.1992823,119.3613977,1,Natural vegetation,1,Natural vegetation,0,0,0,0,1,0,FALSE,Natural-dominated
3823,NA,0,39.659091,115.499761,1,Natural vegetation,1,Natural vegetation,0,0,0,0,1,0,FALSE,Natural-dominated
3826,NA,0,42.095669,129.0034,2,Cropland,2,Cropland,0,0.75,0,0,0.25,0.75,TRUE,Ag-dominated
3828,NA,0,43.716348,125.37562,2,Cropland,2,Cropland,0,1,0,0,0,1,TRUE,Ag-dominated
3829,NA,0,44.3011504,126.488645,2,Cropland,2,Cropland,0,1,0,0,0,1,TRUE,Ag-dominated
3830,28,12,44.628169,127.180088,2,Cropland,2,Cropland,0,1,0,0,0,1,TRUE,Ag-dominated
3831,4,1,44.623803,122.961691,2,Cropland,2,Cropland,0,0.75,0,0,0.25,0.75,TRUE,Ag-dominated
3834,16,13,43.387278,125.029958,3,Urban,2,Cropland,0,1,0,0,0,1,TRUE,Ag-dominated
3845,48,1,31.80927,101.44973,1,Natural vegetation,1,Natural vegetation,0,0,0,0,1,0,FALSE,Natural-dominated
3849,4,1,31.40885,107.240246,1,Natural vegetation,2,Cropland,0,1,0,0,0,1,TRUE,Ag-dominated
3862,12,49,38.838361,117.333968,2,Cropland,2,Cropland,0,0.5,0.25,0,0.25,0.5,TRUE,Ag-dominated
3868,4,9,39.439892,117.075969,2,Cropland,2,Cropland,0,1,0,0,0,1,TRUE,Ag-dominated
3869,8,33,38.770583,117.5701,5,Other,5,Other,0,0,1,0,0,0,FALSE,Mixed
3871,NA,0,31.495596,118.368319,3,Urban,3,Urban,0.5,0,0.5,0,0,0.5,TRUE,Urban-dominated
3880,8,45,36.685903,121.175962,5,Other,3,Urban,1,0,0,0,0,1,TRUE,Urban-dominated
3881,8,41,35.406527,115.768534,3,Urban,2,Cropland,0,1,0,0,0,1,TRUE,Ag-dominated
3882,4,11,36.866154,116.459246,2,Cropland,2,Cropland,0,1,0,0,0,1,TRUE,Ag-dominated
3883,28,2,34.5519243,117.7168927,3,Urban,3,Urban,1,0,0,0,0,1,TRUE,Urban-dominated
3885,4,5,36.272938,117.379726,2,Cropland,2,Cropland,0,1,0,0,0,1,TRUE,Ag-dominated
3886,8,12,34.868596,116.175491,2,Cropland,2,Cropland,0,1,0,0,0,1,TRUE,Ag-dominated
3887,8,33,37.535881,121.289911,3,Urban,3,Urban,1,0,0,0,0,1,TRUE,Urban-dominated
3888,12,51,34.926483,118.382936,2,Cropland,5,Other,0,0,1,0,0,0,FALSE,Mixed
3889,8,1,36.997097,116.580564,2,Cropland,2,Cropland,0,1,0,0,0,1,TRUE,Ag-dominated
3890,12,22,35.109899,116.210637,2,Cropland,2,Cropland,0,1,0,0,0,1,TRUE,Ag-dominated
3891,NA,0,35.545109,116.398556,2,Cropland,2,Cropland,0,1,0,0,0,1,TRUE,Ag-dominated
3892,NA,0,36.4882979,115.2760986,2,Cropland,2,Cropland,0,1,0,0,0,1,TRUE,Ag-dominated
3893,10,12,37.569847,116.335396,2,Cropland,2,Cropland,0,1,0,0,0,1,TRUE,Ag-dominated
3894,8,143,35.144836,118.274968,3,Urban,3,Urban,0.75,0.25,0,0,0,1,TRUE,Urban-dominated
3896,4,3,37.266821,117.073018,2,Cropland,2,Cropland,0,1,0,0,0,1,TRUE,Ag-dominated
3898,8,1,35.13497,111.825047,2,Cropland,2,Cropland,0,1,0,0,0,1,TRUE,Ag-dominated
3902,3.5,24,40.503436,114.125063,1,Natural vegetation,1,Natural vegetation,0,0,0,0,1,0,FALSE,Natural-dominated
3903,NA,0,35.275713,112.641421,1,Natural vegetation,1,Natural vegetation,0,0,0,0,1,0,FALSE,Natural-dominated
3906,10,2,37.641851,110.797948,1,Natural vegetation,1,Natural vegetation,0,0,0,0,1,0,FALSE,Natural-dominated
3907,NA,0,35.661524,110.633701,3,Urban,3,Urban,1,0,0,0,0,1,TRUE,Urban-dominated
3910,8,11,22.462587,112.742789,2,Cropland,2,Cropland,0,1,0,0,0,1,TRUE,Ag-dominated
3911,NA,0,22.625011,114.021759,3,Urban,3,Urban,1,0,0,0,0,1,TRUE,Urban-dominated
3914,8,14,22.552676,112.007501,3,Urban,3,Urban,1,0,0,0,0,1,TRUE,Urban-dominated
3917,4,2,22.184873,113.416799,5,Other,5,Other,0,0,1,0,0,0,FALSE,Mixed
3918,6,2,23.115118,116.355037,2,Cropland,1,Natural vegetation,0,0,0,0,1,0,FALSE,Natural-dominated
3919,2.5,16,23.4710909,111.4278861,5,Other,1,Natural vegetation,0,0,0.25,0,0.75,0,FALSE,Natural-dominated
3921,NA,0,26.23545,110.741813,1,Natural vegetation,1,Natural vegetation,0,0,0,0,1,0,FALSE,Natural-dominated
3922,NA,0,38.379104,77.400724,1,Natural vegetation,2,Cropland,0,0.5,0.5,0,0,0.5,TRUE,Ag-dominated
3923,NA,0,39.492391,75.885192,2,Cropland,2,Cropland,0,0.75,0.25,0,0,0.75,TRUE,Ag-dominated
3924,NA,0,47.321782,87.942574,1,Natural vegetation,1,Natural vegetation,0,0.25,0,0,0.75,0.25,FALSE,Natural-dominated
3925,4,1,40.506678,81.301296,3,Urban,2,Cropland,0,1,0,0,0,1,TRUE,Ag-dominated
3926,8,10,37.445847,78.5372,5,Other,5,Other,0,0,1,0,0,0,FALSE,Mixed
3927,NA,0,43.652473,87.573626,5,Other,5,Other,0,0,1,0,0,0,FALSE,Mixed
3929,NA,0,43.796438,87.607432,3,Urban,3,Urban,1,0,0,0,0,1,TRUE,Urban-dominated
3932,NA,0,33.187639,119.393936,2,Cropland,2,Cropland,0,1,0,0,0,1,TRUE,Ag-dominated
3932,NA,0,33.187639,119.393936,2,Cropland,2,Cropland,0,1,0,0,0,1,TRUE,Ag-dominated
3938,NA,0,31.2108663,119.914114,5,Other,2,Cropland,0,1,0,0,0,1,TRUE,Ag-dominated
3944,8,29,33.014668,118.920997,2,Cropland,2,Cropland,0,1,0,0,0,1,TRUE,Ag-dominated
3946,12,23,32.687943,120.254645,3,Urban,2,Cropland,0,1,0,0,0,1,TRUE,Ag-dominated
3950,NA,0,28.296352,117.713131,3,Urban,1,Natural vegetation,0.5,0,0,0,0.5,0.5,TRUE,Urban-dominated
3953,NA,0,28.023014,115.909403,2,Cropland,1,Natural vegetation,0,0,0,0,1,0,FALSE,Natural-dominated
3959,NA,0,28.380294,117.886282,5,Other,1,Natural vegetation,0.25,0.25,0,0,0.5,0.5,TRUE,Natural-dominated
3967,4,1,40.842139,118.073132,1,Natural vegetation,1,Natural vegetation,0.5,0,0,0,0.5,0.5,TRUE,Urban-dominated
3969,6,2,39.437191,116.167531,2,Cropland,2,Cropland,0,1,0,0,0,1,TRUE,Ag-dominated
3970,NA,0,37.242002,114.365986,2,Cropland,2,Cropland,0,1,0,0,0,1,TRUE,Ag-dominated
3971,NA,0,41.935244,117.275885,1,Natural vegetation,1,Natural vegetation,0,0,0,0,1,0,FALSE,Natural-dominated
3972,NA,0,40.748003,118.139283,2,Cropland,1,Natural vegetation,0.25,0,0,0,0.75,0.25,FALSE,Natural-dominated
3973,NA,0,40.748003,118.139283,2,Cropland,1,Natural vegetation,0.25,0,0,0,0.75,0.25,FALSE,Natural-dominated
3975,4,5,39.320799,115.666086,3,Urban,3,Urban,1,0,0,0,0,1,TRUE,Urban-dominated
3977,NA,0,40.980027,117.761063,2,Cropland,2,Cropland,0,1,0,0,0,1,TRUE,Ag-dominated
3979,12,1,36.951398,114.845351,2,Cropland,3,Urban,0.75,0.25,0,0,0,1,TRUE,Urban-dominated
3982,8,51,41.12365,117.970569,2,Cropland,1,Natural vegetation,0,0,0,0,1,0,FALSE,Natural-dominated
3983,NA,0,39.956513,119.793347,5,Other,5,Other,0,0,1,0,0,0,FALSE,Mixed
3986,6,2,37.823713,115.686356,2,Cropland,2,Cropland,0.5,0.5,0,0,0,1,TRUE,Urban-dominated
3988,NA,0,34.652664,110.906022,2,Cropland,2,Cropland,0,1,0,0,0,1,TRUE,Ag-dominated
3989,10,2,34.827747,111.344163,5,Other,1,Natural vegetation,0,0.5,0,0,0.5,0.5,TRUE,Ag-dominated
3990,4,1,34.691727,112.318621,3,Urban,2,Cropland,0.5,0.5,0,0,0,1,TRUE,Urban-dominated
3991,8,2,34.673653,114.11387,2,Cropland,2,Cropland,0,1,0,0,0,1,TRUE,Ag-dominated
3992,8,4,35.403717,113.944923,3,Urban,2,Cropland,0,1,0,0,0,1,TRUE,Ag-dominated
3994,NA,0,36.090043,114.595831,2,Cropland,2,Cropland,0,1,0,0,0,1,TRUE,Ag-dominated
3995,NA,0,36.223898,113.755761,1,Natural vegetation,1,Natural vegetation,0,0,0,0,1,0,FALSE,Natural-dominated
3996,NA,0,33.013801,112.619984,3,Urban,3,Urban,1,0,0,0,0,1,TRUE,Urban-dominated
3997,12,5,35.511776,114.197142,2,Cropland,2,Cropland,0,1,0,0,0,1,TRUE,Ag-dominated
3998,NA,0,33.820669,113.581377,2,Cropland,2,Cropland,0,1,0,0,0,1,TRUE,Ag-dominated
3999,4,2,34.664817,112.264874,2,Cropland,2,Cropland,0.25,0.75,0,0,0,1,TRUE,Ag-dominated
4000,NA,0,34.9212315,112.4006733,5,Other,5,Other,0,0,1,0,0,0,FALSE,Mixed
4001,NA,0,35.939563,113.676228,1,Natural vegetation,1,Natural vegetation,0,0.25,0,0,0.75,0.25,FALSE,Natural-dominated
4002,4,1,35.227856,113.870157,2,Cropland,2,Cropland,0,1,0,0,0,1,TRUE,Ag-dominated
4003,8,37,33.313765,113.234746,2,Cropland,2,Cropland,0,1,0,0,0,1,TRUE,Ag-dominated
4004,NA,0,34.98639,113.518359,2,Cropland,2,Cropland,0,1,0,0,0,1,TRUE,Ag-dominated
4005,NA,0,34.343022,111.458961,2,Cropland,2,Cropland,0,1,0,0,0,1,TRUE,Ag-dominated
4006,NA,0,34.06456,111.087564,3,Urban,3,Urban,1,0,0,0,0,1,TRUE,Urban-dominated
4007,NA,0,33.085054,111.221863,1,Natural vegetation,2,Cropland,0,1,0,0,0,1,TRUE,Ag-dominated
4008,NA,0,33.243547,111.024888,3,Urban,2,Cropland,0,1,0,0,0,1,TRUE,Ag-dominated
4009,NA,0,33.136314,111.16439,1,Natural vegetation,2,Cropland,0,1,0,0,0,1,TRUE,Ag-dominated
401011281104040_,1,43,44.4814,142.335,1,Natural vegetation,1,Natural vegetation,0,0.5,0,0,0.5,0.5,TRUE,Ag-dominated
401031281101050_,1,495,43.135,141.525,2,Cropland,2,Cropland,0.5,0.5,0,0,0,1,TRUE,Urban-dominated
401031281104010_,1,13,43.8181,142.4258,3,Urban,3,Urban,1,0,0,0,0,1,TRUE,Urban-dominated
401061281105020_,1,104,42.5733,141.9367,2,Cropland,2,Cropland,0,0.5,0.25,0,0.25,0.5,TRUE,Ag-dominated
401081281107070_,1,51,42.9344,143.2033,3,Urban,3,Urban,1,0,0,0,0,1,TRUE,Urban-dominated
401081281107090_,1,5,42.8078,143.5117,2,Cropland,2,Cropland,0,1,0,0,0,1,TRUE,Ag-dominated
4011,NA,0,34.387848,111.119843,1,Natural vegetation,1,Natural vegetation,0,0,0,0,1,0,FALSE,Natural-dominated
401101281108051_,3,517,43.9906,144.2189,5,Other,5,Other,0,0.25,0.5,0,0.25,0.25,FALSE,Mixed
4012,8,9,34.721917,112.605462,3,Urban,3,Urban,1,0,0,0,0,1,TRUE,Urban-dominated
4015,NA,0,34.755454,112.153882,2,Cropland,2,Cropland,0,1,0,0,0,1,TRUE,Ag-dominated
4015,4,9,34.755454,112.153882,2,Cropland,2,Cropland,0,1,0,0,0,1,TRUE,Ag-dominated
401549,NA,0,-36.1691,148.02585,2,Cropland,2,Cropland,0,0.75,0,0,0.25,0.75,TRUE,Ag-dominated
4016,4,9,33.874388,115.484812,3,Urban,2,Cropland,0.5,0.5,0,0,0,1,TRUE,Urban-dominated
4017,NA,0,35.601019,113.750164,2,Cropland,1,Natural vegetation,0,0,0,0,1,0,FALSE,Natural-dominated
4020,4,6,30.9232021,120.7132892,5,Other,2,Cropland,0.25,0.5,0.25,0,0,0.75,TRUE,Ag-dominated
402011282206020_,1,72,37.9217,140.7628,1,Natural vegetation,1,Natural vegetation,0,0.5,0,0,0.5,0.5,TRUE,Ag-dominated
402011282218040_,1,7,37.4081,140.4094,3,Urban,2,Cropland,0.5,0.5,0,0,0,1,TRUE,Urban-dominated
402011282218070_,1,7,37.7272,140.4731,3,Urban,3,Urban,0.75,0,0,0,0.25,0.75,TRUE,Urban-dominated
402011282218090_,1,24,37.8933,140.6428,1,Natural vegetation,1,Natural vegetation,0,0,0,0,1,0,FALSE,Natural-dominated
402011282228040_,1,19,37.4242,140.5247,2,Cropland,2,Cropland,0.25,0.75,0,0,0,1,TRUE,Ag-dominated
402011282228070_,1,7,37.3972,140.4864,2,Cropland,2,Cropland,0,1,0,0,0,1,TRUE,Ag-dominated
402011282228160_,1,18,37.4142,140.4908,2,Cropland,2,Cropland,0.5,0.5,0,0,0,1,TRUE,Urban-dominated
402021282206050_,1,31,38.2156,140.9094,3,Urban,3,Urban,1,0,0,0,0,1,TRUE,Urban-dominated
402031282207080_,1,52,38.5311,141.0058,2,Cropland,1,Natural vegetation,0.25,0.25,0,0,0.5,0.5,TRUE,Natural-dominated
402031282207090_,1,50,38.4156,141.1386,1,Natural vegetation,3,Urban,0.5,0.25,0,0,0.25,0.75,TRUE,Urban-dominated
402041282204010_,2,6,39.835,141.1614,2,Cropland,2,Cropland,0,1,0,0,0,1,TRUE,Ag-dominated
402041282204050_,1,61,39.5514,141.175,2,Cropland,1,Natural vegetation,0.333333333,0.333333333,0,0,0.333333333,0.666666667,TRUE,Mixed
402041282204090_,1,57,39.1967,141.1272,2,Cropland,3,Urban,1,0,0,0,0,1,TRUE,Urban-dominated
402041282204110_,1,167,38.95,141.1817,2,Cropland,2,Cropland,0,0.75,0,0,0.25,0.75,TRUE,Ag-dominated
402041282207090_,1,30,38.5,141.2489,2,Cropland,2,Cropland,0,1,0,0,0,1,TRUE,Ag-dominated
402041282220220_,17,2,39.835,141.1614,2,Cropland,2,Cropland,0,1,0,0,0,1,TRUE,Ag-dominated
402051282201010_,1,47,40.4861,141.4281,3,Urban,2,Cropland,0.25,0.5,0,0,0.25,0.75,TRUE,Ag-dominated
402071282201010_,1.5,12,40.5922,140.4142,2,Cropland,2,Cropland,0.25,0.75,0,0,0,1,TRUE,Ag-dominated
402071282201080_,1,98,40.8078,140.4375,3,Urban,3,Urban,1,0,0,0,0,1,TRUE,Urban-dominated
402081282211040_,1,43,40.1978,140.2336,1,Natural vegetation,1,Natural vegetation,0.333333333,0,0,0,0.666666667,0.333333333,TRUE,Natural-dominated
402091282209020_,1,11,39.6144,140.1558,5,Other,2,Cropland,0,1,0,0,0,1,TRUE,Ag-dominated
402091282210020_,NA,0,39.2775,140.4,2,Cropland,2,Cropland,0,1,0,0,0,1,TRUE,Ag-dominated
402101282209020_,1,7,39.3536,140.0697,2,Cropland,2,Cropland,0.333333333,0.666666667,0,0,0,1,TRUE,Ag-dominated
402111282214070_,1,6,38.4203,140.3261,2,Cropland,2,Cropland,0.25,0.5,0,0,0.25,0.75,TRUE,Ag-dominated
402111282216010_,1,16,38.6642,140.2731,1,Natural vegetation,1,Natural vegetation,0,0,0,0,1,0,FALSE,Natural-dominated
4024000,NA,0,46.7032765,-92.4188018,3,Urban,1,Natural vegetation,0.25,0,0,0,0.75,0.25,FALSE,Natural-dominated
4026561,NA,0,46.3947222,-90.59,1,Natural vegetation,1,Natural vegetation,0,0,0,0,1,0,FALSE,Natural-dominated
4027000,NA,0,46.4866144,-90.696297,1,Natural vegetation,1,Natural vegetation,0,0,0,0,1,0,FALSE,Natural-dominated
4030,NA,0,27.784936,120.274093,1,Natural vegetation,1,Natural vegetation,0,0,0,0,1,0,FALSE,Natural-dominated
403011283322030_,6,4,36.4964,140.5544,2,Cropland,3,Urban,0.666666667,0.333333333,0,0,0,1,TRUE,Urban-dominated
403021283322090_,1,46,36.4594,140.4086,2,Cropland,1,Natural vegetation,0,0.5,0,0,0.5,0.5,TRUE,Ag-dominated
403021283322111_,NA,0,36.3711,140.5183,3,Urban,3,Urban,0.75,0.25,0,0,0,1,TRUE,Urban-dominated
403031283301050_,1,52,36.1725,139.4725,2,Cropland,3,Urban,0.5,0.25,0.25,0,0,0.75,TRUE,Urban-dominated
403031283301060_,1,24,36.1433,139.7047,3,Urban,3,Urban,1,0,0,0,0,1,TRUE,Urban-dominated
403031283301222_,6,11,36.2114,139.6786,5,Other,2,Cropland,0.5,0.5,0,0,0,1,TRUE,Urban-dominated
403031283302041_,12.5,2,35.8564,140.135,3,Urban,3,Urban,0.5,0.25,0.25,0,0,0.75,TRUE,Urban-dominated
403031283302051_,1.5,826,35.8422,140.1617,5,Other,2,Cropland,0.5,0.5,0,0,0,1,TRUE,Urban-dominated
403031283302091_,5,9,35.8997,140.5028,3,Urban,2,Cropland,0,0.5,0.25,0,0.25,0.5,TRUE,Ag-dominated
403031283302231_,10,11,35.8586,140.0244,3,Urban,3,Urban,0.75,0.25,0,0,0,1,TRUE,Urban-dominated
403031283303010_,3,89,36.1392,140.3397,5,Other,5,Other,0,0,1,0,0,0,FALSE,Mixed
403031283303071_,12.5,4,36.0378,140.4039,5,Other,5,Other,0,0.25,0.75,0,0,0.25,FALSE,Mixed
403031283303091_,1,39,35.9647,140.4889,5,Other,5,Other,0,0,1,0,0,0,FALSE,Mixed
403031283303100_,1,27,35.935,140.5503,3,Urban,2,Cropland,0.25,0.75,0,0,0,1,TRUE,Ag-dominated
403031283303160_,1.5,40,36.1231,140.5286,5,Other,1,Natural vegetation,0.5,0,0,0,0.5,0.5,TRUE,Urban-dominated
403031283303181_,1,14,36.0167,140.565,5,Other,5,Other,0.25,0.25,0.5,0,0,0.5,TRUE,Mixed
403031283303191_,1,5,35.9622,140.6097,3,Urban,1,Natural vegetation,0.25,0.25,0.25,0,0.25,0.5,TRUE,Mixed
403031283305030_,1,2,35.8458,139.8911,3,Urban,3,Urban,1,0,0,0,0,1,TRUE,Urban-dominated
403031283305120_,1,52,35.8478,139.8419,3,Urban,3,Urban,1,0,0,0,0,1,TRUE,Urban-dominated
403031283305140_,1.5,130,35.7786,139.8506,3,Urban,3,Urban,1,0,0,0,0,1,TRUE,Urban-dominated
403031283305470_,7,317,35.7981,139.8928,3,Urban,3,Urban,1,0,0,0,0,1,TRUE,Urban-dominated
403031283306041_,1,140,36.3269,139.4531,3,Urban,3,Urban,1,0,0,0,0,1,TRUE,Urban-dominated
403031283307130_,5,3,36.2475,139.9983,2,Cropland,2,Cropland,0,1,0,0,0,1,TRUE,Ag-dominated
403031283323030_,1,56,36.2794,139.1203,3,Urban,3,Urban,1,0,0,0,0,1,TRUE,Urban-dominated
403041283309010_,1,533,35.8003,139.6469,3,Urban,3,Urban,1,0,0,0,0,1,TRUE,Urban-dominated
403051283310040_,2,30,35.6969,139.3475,3,Urban,3,Urban,0.75,0,0,0,0.25,0.75,TRUE,Urban-dominated
403051283310050_,1,91,35.6792,139.4197,3,Urban,3,Urban,1,0,0,0,0,1,TRUE,Urban-dominated
403051283310100_,16,7,35.6022,139.6375,3,Urban,3,Urban,1,0,0,0,0,1,TRUE,Urban-dominated
403051283310140_,NA,0,35.5364,139.7081,3,Urban,3,Urban,1,0,0,0,0,1,TRUE,Urban-dominated
403051283310180_,2,64,35.665,139.4122,3,Urban,3,Urban,1,0,0,0,0,1,TRUE,Urban-dominated
403061283310030_,4,3056,35.5336,139.6664,3,Urban,3,Urban,1,0,0,0,0,1,TRUE,Urban-dominated
403071283310010_,1,43,35.3319,139.3672,3,Urban,3,Urban,1,0,0,0,0,1,TRUE,Urban-dominated
403081283324004_,1,21,35.5392,138.4572,1,Natural vegetation,1,Natural vegetation,0.25,0,0,0,0.75,0.25,FALSE,Natural-dominated
403081283324009_,2,134,35.5764,138.5225,2,Cropland,3,Urban,0.75,0,0,0,0.25,0.75,TRUE,Urban-dominated
4032150,NA,0,46.69605696,-89.97406,1,Natural vegetation,1,Natural vegetation,0,0,0.25,0,0.75,0,FALSE,Natural-dominated
40325155,NA,0,46.83227778,-89.546,1,Natural vegetation,1,Natural vegetation,0,0,0.5,0,0.5,0,FALSE,Natural-dominated
4035,4,35,31.658505,113.558856,2,Cropland,2,Cropland,0,1,0,0,0,1,TRUE,Ag-dominated
4040,4,6,30.891566,113.312214,2,Cropland,2,Cropland,0,1,0,0,0,1,TRUE,Ag-dominated
4040000,NA,0,46.7207742,-89.207086,1,Natural vegetation,1,Natural vegetation,0,0,0,0,1,0,FALSE,Natural-dominated
404021284402300_,1,49,37.8533,139.1547,3,Urban,5,Other,0,0,1,0,0,0,FALSE,Mixed
404021284415300_,1,60,37.5586,139.8564,2,Cropland,2,Cropland,0,1,0,0,0,1,TRUE,Ag-dominated
404031284401300_,1,238,37.8817,139.0189,3,Urban,3,Urban,1,0,0,0,0,1,TRUE,Urban-dominated
404031284403300_,1,188,37.4506,138.8364,3,Urban,3,Urban,0.5,0.25,0.25,0,0,0.75,TRUE,Urban-dominated
404031284416160_,7.5,48,36.2647,137.9442,3,Urban,3,Urban,1,0,0,0,0,1,TRUE,Urban-dominated
404031284416300_,1,143,36.5322,138.1125,3,Urban,3,Urban,0.75,0.25,0,0,0,1,TRUE,Urban-dominated
404031284416310_,1,17,36.2672,137.9436,1,Natural vegetation,3,Urban,1,0,0,0,0,1,TRUE,Urban-dominated
404071284408030_,1,4,36.7303,137.2828,2,Cropland,3,Urban,0.666666667,0.333333333,0,0,0,1,TRUE,Urban-dominated
404081284408040_,1,44,36.7461,137.2181,3,Urban,5,Other,0,0,1,0,0,0,FALSE,Mixed
4041,4,1,31.537412,114.68585,1,Natural vegetation,1,Natural vegetation,0,0,0,0,1,0,FALSE,Natural-dominated
404101284408300_,60,2,36.7558,136.9819,3,Urban,1,Natural vegetation,0.5,0,0,0,0.5,0.5,TRUE,Urban-dominated
404121284412020_,1,3,36.4061,136.4872,3,Urban,2,Cropland,0.5,0.5,0,0,0,1,TRUE,Urban-dominated
4042,12,7,32.36496,112.468554,2,Cropland,2,Cropland,0,1,0,0,0,1,TRUE,Ag-dominated
4043016,NA,0,47.0840943,-88.5506792,1,Natural vegetation,2,Cropland,0,1,0,0,0,1,TRUE,Ag-dominated
4044,NA,0,32.180435,113.39884,2,Cropland,1,Natural vegetation,0,0.5,0,0,0.5,0.5,TRUE,Ag-dominated
4045,4,1,30.236456,115.418687,3,Urban,3,Urban,1,0,0,0,0,1,TRUE,Urban-dominated
4046,8,1,32.816347,110.777179,5,Other,5,Other,0,0,1,0,0,0,FALSE,Mixed
4047,8,17,29.861698,115.437402,3,Urban,1,Natural vegetation,0.25,0,0.25,0,0.5,0.25,FALSE,Natural-dominated
4048,8,7,29.933344,112.791924,2,Cropland,2,Cropland,0,1,0,0,0,1,TRUE,Ag-dominated
4049,NA,0,30.507143,113.093585,2,Cropland,2,Cropland,0,1,0,0,0,1,TRUE,Ag-dominated
405011285508040_,1,51,35.0983,138.8706,3,Urban,3,Urban,1,0,0,0,0,1,TRUE,Urban-dominated
405061285512050_,1,2,34.8106,137.4186,3,Urban,3,Urban,1,0,0,0,0,1,TRUE,Urban-dominated
405071285512021_,1,36,35.0022,137.1667,3,Urban,3,Urban,1,0,0,0,0,1,TRUE,Urban-dominated
405071285512040_,1,1,34.8894,137.0583,3,Urban,3,Urban,1,0,0,0,0,1,TRUE,Urban-dominated
405081285505021_,1,3,35.3256,137.2947,1,Natural vegetation,1,Natural vegetation,0,0,0,0,1,0,FALSE,Natural-dominated
405081285505031_,2,21,35.3172,137.3103,1,Natural vegetation,1,Natural vegetation,0,0,0,0,1,0,FALSE,Natural-dominated
405081285505035_,2,19,35.3319,137.3231,1,Natural vegetation,1,Natural vegetation,0,0,0,0,1,0,FALSE,Natural-dominated
405081285511070_,1,13,35.1992,136.8747,3,Urban,3,Urban,1,0,0,0,0,1,TRUE,Urban-dominated
405091285502090_,1,6,35.3619,136.6878,3,Urban,3,Urban,1,0,0,0,0,1,TRUE,Urban-dominated
405091285502120_,1,11,35.2967,136.6711,5,Other,2,Cropland,0.25,0.5,0.25,0,0,0.75,TRUE,Ag-dominated
405091285502200_,1,77,35.2561,136.615,2,Cropland,2,Cropland,0,1,0,0,0,1,TRUE,Ag-dominated
405091285502850_,1,1,35.3614,136.7569,3,Urban,3,Urban,1,0,0,0,0,1,TRUE,Urban-dominated
405091285515010_,7,1,35.2261,136.6797,5,Other,5,Other,0,0,1,0,0,0,FALSE,Mixed
405091285515020_,NA,0,35.1081,136.7136,5,Other,3,Urban,1,0,0,0,0,1,TRUE,Urban-dominated
405091285515070_,1.5,4,35.1867,136.63,3,Urban,5,Other,0,0,1,0,0,0,FALSE,Mixed
405091285515090_,10.5,2,35.0267,136.7103,5,Other,3,Urban,0.5,0,0.5,0,0,0.5,TRUE,Urban-dominated
405091285515110_,1,4,35.2711,136.6742,3,Urban,5,Other,0,0,1,0,0,0,FALSE,Mixed
405091285515160_,NA,0,35.0833,136.695,5,Other,3,Urban,1,0,0,0,0,1,TRUE,Urban-dominated
405091285515170_,11.5,2,35.0603,136.7131,5,Other,3,Urban,1,0,0,0,0,1,TRUE,Urban-dominated
4051,NA,0,31.645799,112.606746,2,Cropland,2,Cropland,0,0.75,0,0,0.25,0.75,TRUE,Ag-dominated
405101285514051_,NA,0,34.9019,136.595,3,Urban,3,Urban,1,0,0,0,0,1,TRUE,Urban-dominated
405111285514021_,1,7,34.6467,136.5131,3,Urban,3,Urban,1,0,0,0,0,1,TRUE,Urban-dominated
405131285514021_,1,12,34.4892,136.6856,3,Urban,3,Urban,1,0,0,0,0,1,TRUE,Urban-dominated
4052,NA,0,30.231899,109.494461,1,Natural vegetation,1,Natural vegetation,0,0,0,0,1,0,FALSE,Natural-dominated
4053,10,10,29.810176,113.462786,3,Urban,3,Urban,1,0,0,0,0,1,TRUE,Urban-dominated
4054,4,5,30.480375,114.411567,3,Urban,3,Urban,1,0,0,0,0,1,TRUE,Urban-dominated
4055,NA,0,32.71694,110.859346,1,Natural vegetation,1,Natural vegetation,0,0,0,0,1,0,FALSE,Natural-dominated
4056,NA,0,33.158044,110.035539,3,Urban,1,Natural vegetation,0,0.25,0,0,0.75,0.25,FALSE,Natural-dominated
4057,NA,0,31.054534,112.726799,2,Cropland,2,Cropland,0,1,0,0,0,1,TRUE,Ag-dominated
4057800,1,1,46.49910267,-87.8865238,1,Natural vegetation,1,Natural vegetation,0,0,0,0,1,0,FALSE,Natural-dominated
4057801,NA,0,46.49326948,-87.8679127,1,Natural vegetation,1,Natural vegetation,0,0,0,0,1,0,FALSE,Natural-dominated
4058,NA,0,30.552122,114.600261,5,Other,2,Cropland,0,0.5,0.5,0,0,0.5,TRUE,Ag-dominated
4059,NA,0,31.199489,112.581188,3,Urban,3,Urban,1,0,0,0,0,1,TRUE,Urban-dominated
4059500,NA,0,45.7549674,-87.2020793,1,Natural vegetation,1,Natural vegetation,0,0.25,0,0.25,0.5,0.25,FALSE,Natural-dominated
4060,NA,0,31.086694,113.029547,2,Cropland,2,Cropland,0,1,0,0,0,1,TRUE,Ag-dominated
406021286614020_,1,22,34.3469,135.6889,3,Urban,1,Natural vegetation,0.25,0,0,0,0.75,0.25,FALSE,Natural-dominated
406021286614090_,3,37,34.2514,135.3106,3,Urban,1,Natural vegetation,0.5,0,0,0,0.5,0.5,TRUE,Urban-dominated
406021286614111_,1,138,34.2542,135.1956,3,Urban,1,Natural vegetation,0.5,0,0,0,0.5,0.5,TRUE,Urban-dominated
406031286607040_,1,60,34.5844,135.6839,3,Urban,1,Natural vegetation,0.5,0,0,0,0.5,0.5,TRUE,Urban-dominated
406031286607060_,1,40,34.5819,135.6169,3,Urban,1,Natural vegetation,0.5,0,0,0,0.5,0.5,TRUE,Urban-dominated
406031286607070_,5,9,34.5858,135.5019,3,Urban,3,Urban,1,0,0,0,0,1,TRUE,Urban-dominated
406041286603170_,1,20,35.2672,136.2225,5,Other,3,Urban,0.5,0,0.25,0,0.25,0.5,TRUE,Urban-dominated
406041286603270_,1,15,35.1192,135.9419,3,Urban,3,Urban,1,0,0,0,0,1,TRUE,Urban-dominated
406041286603310_,NA,0,35.0819,135.9192,5,Other,5,Other,0,0,1,0,0,0,FALSE,Mixed
406041286603390_,4,15,35.0331,135.9136,5,Other,5,Other,0,0,1,0,0,0,FALSE,Mixed
406041286603430_,1,3,35.0139,135.8603,3,Urban,5,Other,0.25,0,0.5,0,0.25,0.25,FALSE,Mixed
406041286603450_,1,88,35.0108,135.9214,3,Urban,3,Urban,0.5,0,0.5,0,0,0.5,TRUE,Urban-dominated
406041286603480_,NA,0,34.9394,135.9108,3,Urban,1,Natural vegetation,0.25,0.25,0,0,0.5,0.5,TRUE,Natural-dominated
406041286603500_,3,52,35.4011,136.2319,2,Cropland,2,Cropland,0,1,0,0,0,1,TRUE,Ag-dominated
406041286603520_,6.5,4,35.1019,135.9931,3,Urban,3,Urban,1,0,0,0,0,1,TRUE,Urban-dominated
406041286606050_,1,46,34.8911,135.6994,1,Natural vegetation,3,Urban,1,0,0,0,0,1,TRUE,Urban-dominated
406041286606060_,1,111,34.8125,135.6317,3,Urban,3,Urban,1,0,0,0,0,1,TRUE,Urban-dominated
406041286606190_,6,48,34.8897,135.6994,1,Natural vegetation,3,Urban,1,0,0,0,0,1,TRUE,Urban-dominated
406041286606240_,1,29,34.9075,135.7167,3,Urban,3,Urban,1,0,0,0,0,1,TRUE,Urban-dominated
406041286608010_,1,22,34.855,135.415,3,Urban,3,Urban,1,0,0,0,0,1,TRUE,Urban-dominated
406041286608040_,1,199,34.7989,135.4233,3,Urban,3,Urban,1,0,0,0,0,1,TRUE,Urban-dominated
406041286618020_,1,1,34.8789,135.8467,1,Natural vegetation,1,Natural vegetation,0,0,0,0,1,0,FALSE,Natural-dominated
406041286618030_,1,43,34.88,135.8281,1,Natural vegetation,1,Natural vegetation,0.5,0,0,0,0.5,0.5,TRUE,Urban-dominated
406051286611030_,1,203,34.9653,134.9728,3,Urban,3,Urban,1,0,0,0,0,1,TRUE,Urban-dominated
406051286611060_,1,284,34.7975,134.8994,3,Urban,3,Urban,1,0,0,0,0,1,TRUE,Urban-dominated
406061286611050_,1,116,34.8014,134.5631,3,Urban,1,Natural vegetation,0.5,0,0,0,0.5,0.5,TRUE,Urban-dominated
406071286601060_,1,178,36.0878,136.1864,3,Urban,1,Natural vegetation,0.25,0.25,0,0,0.5,0.5,TRUE,Natural-dominated
406091286605020_,1,34,35.3075,135.2261,3,Urban,1,Natural vegetation,0,0,0,0,1,0,FALSE,Natural-dominated
406091286605050_,1,57,35.3556,135.1153,1,Natural vegetation,1,Natural vegetation,0,0,0,0,1,0,FALSE,Natural-dominated
4061,12,6,32.662319,110.789239,3,Urban,3,Urban,1,0,0,0,0,1,TRUE,Urban-dominated
406101286610020_,1,566,35.5436,134.83,3,Urban,3,Urban,1,0,0,0,0,1,TRUE,Urban-dominated
4062,NA,0,32.787298,110.269339,5,Other,1,Natural vegetation,0,0,0,0,1,0,FALSE,Natural-dominated
4063,10,50,32.086108,112.607012,2,Cropland,2,Cropland,0,1,0,0,0,1,TRUE,Ag-dominated
4064,NA,0,30.554858,112.738881,2,Cropland,2,Cropland,0,1,0,0,0,1,TRUE,Ag-dominated
4065,6,2,31.724546,113.298941,1,Natural vegetation,2,Cropland,0,0.75,0,0,0.25,0.75,TRUE,Ag-dominated
4066,NA,0,29.972589,111.939649,2,Cropland,2,Cropland,0,0.75,0,0,0.25,0.75,TRUE,Ag-dominated
4067500,NA,0,45.3258333,-87.6633333,1,Natural vegetation,1,Natural vegetation,0,0,0,0,1,0,FALSE,Natural-dominated
4068,NA,0,30.394359,113.427483,3,Urban,2,Cropland,0,1,0,0,0,1,TRUE,Ag-dominated
4069,4,1,31.45536,112.424951,3,Urban,2,Cropland,0,0.666666667,0.333333333,0,0,0.666666667,TRUE,Ag-dominated
407041287705100_,2,36,35.4656,133.0533,3,Urban,3,Urban,0.5,0,0.25,0.25,0,0.5,TRUE,Urban-dominated
407051287711030_,1,1,34.8169,132.8342,1,Natural vegetation,1,Natural vegetation,0,0,0,0,1,0,FALSE,Natural-dominated
407071287715050_,NA,0,34.0636,131.5583,3,Urban,3,Urban,1,0,0,0,0,1,TRUE,Urban-dominated
407091287712070_,1,25,34.4972,132.5139,3,Urban,1,Natural vegetation,0.5,0,0,0,0.5,0.5,TRUE,Urban-dominated
4071,4,3,31.736074,110.833152,1,Natural vegetation,1,Natural vegetation,0,0,0,0,1,0,FALSE,Natural-dominated
4072,NA,0,29.862706,114.19535,2,Cropland,1,Natural vegetation,0,0,0,0,1,0,FALSE,Natural-dominated
4073,NA,0,29.766525,113.854687,1,Natural vegetation,1,Natural vegetation,0,0,0,0,1,0,FALSE,Natural-dominated
4080,10,4,29.398746,112.329403,2,Cropland,2,Cropland,0,1,0,0,0,1,TRUE,Ag-dominated
408011288805002_,10,31,33.8069,132.7272,3,Urban,3,Urban,1,0,0,0,0,1,TRUE,Urban-dominated
408041288808020_,NA,0,33.5283,133.4299,5,Other,3,Urban,0.5,0.25,0,0,0.25,0.75,TRUE,Urban-dominated
4082,4,2,27.190669,111.536969,2,Cropland,2,Cropland,0,1,0,0,0,1,TRUE,Ag-dominated
4083,NA,0,29.484977,109.738754,1,Natural vegetation,1,Natural vegetation,0,0,0,0,1,0,FALSE,Natural-dominated
4085108,7,23,44.37194444,-88.0922222,2,Cropland,2,Cropland,0,1,0,0,0,1,TRUE,Ag-dominated
40851385,NA,0,44.5286111,-88.01,3,Urban,3,Urban,1,0,0,0,0,1,TRUE,Urban-dominated
4086,NA,0,26.178062,117.372355,1,Natural vegetation,1,Natural vegetation,0,0,0,0,1,0,FALSE,Natural-dominated
4087,NA,0,25.963816,119.239609,3,Urban,3,Urban,0.75,0,0.25,0,0,0.75,TRUE,Urban-dominated
4087119,3,2,43.0438333,-88.0051111,3,Urban,3,Urban,1,0,0,0,0,1,TRUE,Urban-dominated
40871488,4,9,42.99025,-87.9523333,3,Urban,3,Urban,1,0,0,0,0,1,TRUE,Urban-dominated
4087170,2,2,43.02444444,-87.8983333,3,Urban,3,Urban,1,0,0,0,0,1,TRUE,Urban-dominated
4088,NA,0,25.940286,119.241465,5,Other,3,Urban,0.75,0,0.25,0,0,0.75,TRUE,Urban-dominated
4089,4,1,24.981593,116.978429,1,Natural vegetation,1,Natural vegetation,0,0,0,0,1,0,FALSE,Natural-dominated
409001,NA,0,-36.09163611,146.9071167,3,Urban,3,Urban,0.5,0.25,0,0,0.25,0.75,TRUE,Urban-dominated
409003,14.5,6,-35.53,144.9657,3,Urban,3,Urban,1,0,0,0,0,1,TRUE,Urban-dominated
409005,148,3,-35.6298,144.1245,3,Urban,2,Cropland,0,0.5,0,0.25,0.25,0.5,TRUE,Ag-dominated
409013,12,26,-35.0376,143.5702,1,Natural vegetation,1,Natural vegetation,0,0.25,0,0.25,0.5,0.25,FALSE,Natural-dominated
409014,3,36,-35.0899,144.0331,1,Natural vegetation,2,Cropland,0,1,0,0,0,1,TRUE,Ag-dominated
409016,15,6,-36.09927778,147.0239833,2,Cropland,2,Cropland,0,0.5,0,0.5,0,0.5,TRUE,Ag-dominated
409025,1517,1,-36.0114,145.994,3,Urban,2,Cropland,0,1,0,0,0,1,TRUE,Ag-dominated
409036,18,19,-35.1074,143.5826,2,Cropland,2,Cropland,0,0.75,0,0,0.25,0.75,TRUE,Ag-dominated
409044,15.5,18,-35.5214,144.0517,2,Cropland,2,Cropland,0,1,0,0,0,1,TRUE,Ag-dominated
409047,23,7,-35.6428,144.9596,4,Wetland,4,Wetland,0,0,0,1,0,0,FALSE,Mixed
409048,13,27,-35.2739,144.1595,1,Natural vegetation,2,Cropland,0,0.75,0,0,0.25,0.75,TRUE,Ag-dominated
409061289901500_,1.5,64,33.33,130.5261,3,Urban,3,Urban,0.75,0.25,0,0,0,1,TRUE,Urban-dominated
409062,17,28,-35.329,143.9322,1,Natural vegetation,2,Cropland,0,1,0,0,0,1,TRUE,Ag-dominated
409086,15.5,22,-35.1351,143.8001,2,Cropland,2,Cropland,0,1,0,0,0,1,TRUE,Ag-dominated
4092,NA,0,27.39656,107.706988,1,Natural vegetation,1,Natural vegetation,0,0,0,0,1,0,FALSE,Natural-dominated
4094,12,18,27.362076,107.413232,5,Other,4,Wetland,0,0,0,1,0,0,FALSE,Mixed
4096,NA,0,26.517989,106.698497,3,Urban,3,Urban,0.75,0,0,0,0.25,0.75,TRUE,Urban-dominated
4098,NA,0,28.707484,107.99651,1,Natural vegetation,1,Natural vegetation,0,0,0,0,1,0,FALSE,Natural-dominated
4100,NA,0,40.8774,122.274212,2,Cropland,2,Cropland,0,1,0,0,0,1,TRUE,Ag-dominated
410040,16,18,-34.4776,144.3009,1,Natural vegetation,1,Natural vegetation,0,0,0,0,1,0,FALSE,Natural-dominated
4101,NA,0,40.453067,124.061637,3,Urban,3,Urban,0.75,0,0,0,0.25,0.75,TRUE,Urban-dominated
410130,12.5,48,-34.665,143.4917,1,Natural vegetation,1,Natural vegetation,0,0.5,0,0,0.5,0.5,TRUE,Ag-dominated
4101500,NA,0,41.8292138,-86.2597325,3,Urban,1,Natural vegetation,0.5,0,0,0,0.5,0.5,TRUE,Urban-dominated
4102,12,1,41.036863,122.926206,3,Urban,3,Urban,1,0,0,0,0,1,TRUE,Urban-dominated
4103,NA,0,41.986207,124.380704,1,Natural vegetation,1,Natural vegetation,0.25,0,0,0,0.75,0.25,FALSE,Natural-dominated
4104,4,2,39.510908,122.475631,3,Urban,2,Cropland,0,1,0,0,0,1,TRUE,Ag-dominated
4105,NA,0,39.400898,121.669792,3,Urban,3,Urban,0.5,0,0.5,0,0,0.5,TRUE,Urban-dominated
4106,4,6,41.061356,122.282673,3,Urban,3,Urban,1,0,0,0,0,1,TRUE,Urban-dominated
4107,NA,0,38.94363,121.57324,3,Urban,3,Urban,1,0,0,0,0,1,TRUE,Urban-dominated
4108,NA,0,42.243274,124.036625,5,Other,1,Natural vegetation,0,0.25,0,0,0.75,0.25,FALSE,Natural-dominated
4108660,NA,0,42.65085976,-86.106703,1,Natural vegetation,2,Cropland,0,1,0,0,0,1,TRUE,Ag-dominated
4109,4,3,41.307508,124.132657,3,Urban,1,Natural vegetation,0.25,0,0,0,0.75,0.25,FALSE,Natural-dominated
4110,NA,0,41.1048788,123.3651187,5,Other,5,Other,0,0,1,0,0,0,FALSE,Mixed
4111,4,3,41.835441,123.42944,3,Urban,3,Urban,1,0,0,0,0,1,TRUE,Urban-dominated
4112,8,3,40.223583,124.507297,5,Other,1,Natural vegetation,0.25,0,0.25,0,0.5,0.25,FALSE,Natural-dominated
4114,NA,0,40.465339,124.654708,1,Natural vegetation,1,Natural vegetation,0,0,0,0,1,0,FALSE,Natural-dominated
4114,NA,0,40.465339,124.654708,1,Natural vegetation,1,Natural vegetation,0,0,0,0,1,0,FALSE,Natural-dominated
4115,NA,0,40.99881,121.55659,2,Cropland,2,Cropland,0,1,0,0,0,1,TRUE,Ag-dominated
4116,NA,0,40.972106,121.987833,3,Urban,2,Cropland,0,1,0,0,0,1,TRUE,Ag-dominated
4117,NA,0,42.024141,121.687474,3,Urban,3,Urban,1,0,0,0,0,1,TRUE,Urban-dominated
4118,16,221,41.039546,120.977806,3,Urban,2,Cropland,0.5,0.5,0,0,0,1,TRUE,Urban-dominated
4118564,NA,0,43.02277778,-85.6608333,3,Urban,3,Urban,1,0,0,0,0,1,TRUE,Urban-dominated
4119,8,20,39.324437,122.211445,2,Cropland,2,Cropland,0,0.5,0.25,0,0.25,0.5,TRUE,Ag-dominated
4119400,NA,0,43.0241884,-86.0264354,5,Other,2,Cropland,0,0.75,0,0,0.25,0.75,TRUE,Ag-dominated
412004,12,60,-33.41080904,147.9910504,2,Cropland,2,Cropland,0,1,0,0,0,1,TRUE,Ag-dominated
412005,5,23,-33.8695,144.8811,1,Natural vegetation,1,Natural vegetation,0,0,0,0,1,0,FALSE,Natural-dominated
412006,15,15,-33.091,147.1482,3,Urban,1,Natural vegetation,0,0.5,0,0,0.5,0.5,TRUE,Ag-dominated
412011,8,92,-33.201,146.4532,1,Natural vegetation,2,Cropland,0,1,0,0,0,1,TRUE,Ag-dominated
412038,14,63,-33.348326,145.87524,1,Natural vegetation,2,Cropland,0,1,0,0,0,1,TRUE,Ag-dominated
412039,12,15,-33.4873,145.504,2,Cropland,2,Cropland,0,1,0,0,0,1,TRUE,Ag-dominated
412047,13.5,66,-33.3824,145.9027,2,Cropland,1,Natural vegetation,0,0.5,0,0,0.5,0.5,TRUE,Ag-dominated
4121,NA,0,29.989201,108.360404,1,Natural vegetation,1,Natural vegetation,0,0,0,0,1,0,FALSE,Natural-dominated
4121,NA,0,29.989201,108.360404,1,Natural vegetation,1,Natural vegetation,0,0,0,0,1,0,FALSE,Natural-dominated
4121650,NA,0,43.693634,-85.4675442,3,Urban,3,Urban,1,0,0,0,0,1,TRUE,Urban-dominated
4121660,2,13,43.61308,-85.4778209,1,Natural vegetation,1,Natural vegetation,0,0,0,0,1,0,FALSE,Natural-dominated
4121680,7,583,43.485857,-85.63060189,5,Other,1,Natural vegetation,0,0,0.25,0,0.75,0,FALSE,Natural-dominated
4121944,NA,0,43.43085818,-85.5955989,1,Natural vegetation,1,Natural vegetation,0,0,0,0,1,0,FALSE,Natural-dominated
4121970,3,14,43.43474558,-85.6653239,5,Other,5,Other,0,0,1,0,0,0,FALSE,Mixed
4124,NA,0,29.831884,106.421929,3,Urban,1,Natural vegetation,0.25,0.25,0,0,0.5,0.5,TRUE,Natural-dominated
4124000,NA,0,44.43639239,-85.6986792,1,Natural vegetation,1,Natural vegetation,0,0,0,0,1,0,FALSE,Natural-dominated
4124200,NA,0,44.3630596,-85.820905,1,Natural vegetation,1,Natural vegetation,0,0,0,0,1,0,FALSE,Natural-dominated
4125460,NA,0,44.19334009,-85.7697863,1,Natural vegetation,1,Natural vegetation,0,0,0,0,1,0,FALSE,Natural-dominated
4125550,NA,0,44.25944459,-85.9416248,5,Other,1,Natural vegetation,0,0,0,0,1,0,FALSE,Natural-dominated
4130,NA,0,31.334417,108.422913,2,Cropland,1,Natural vegetation,0,0.5,0,0,0.5,0.5,TRUE,Ag-dominated
41310024,NA,0,-34.3351,142.3473,1,Natural vegetation,1,Natural vegetation,0,0,0,0,1,0,FALSE,Natural-dominated
4135,16,2,28.9994404,105.8508137,5,Other,1,Natural vegetation,0,0,0,0,1,0,FALSE,Natural-dominated
4136000,NA,0,44.6769593,-84.2925146,1,Natural vegetation,1,Natural vegetation,0,0,0,0,1,0,FALSE,Natural-dominated
4136500,NA,0,44.66001385,-84.1311167,1,Natural vegetation,1,Natural vegetation,0,0,0,0,1,0,FALSE,Natural-dominated
4136900,NA,0,44.61277537,-83.8376616,1,Natural vegetation,1,Natural vegetation,0,0,0,0,1,0,FALSE,Natural-dominated
4137005,NA,0,44.56084749,-83.802764,5,Other,5,Other,0,0,1,0,0,0,FALSE,Mixed
4137020,NA,0,44.46334886,-83.7213714,5,Other,1,Natural vegetation,0,0,0,0,1,0,FALSE,Natural-dominated
4137025,NA,0,44.4541823,-83.6744254,1,Natural vegetation,1,Natural vegetation,0,0,0,0,1,0,FALSE,Natural-dominated
4137030,3,20,44.47279328,-83.57108839,1,Natural vegetation,1,Natural vegetation,0,0,0.25,0,0.75,0,FALSE,Natural-dominated
4137500,NA,0,44.43640447,-83.4338609,1,Natural vegetation,1,Natural vegetation,0,0,0,0,1,0,FALSE,Natural-dominated
4138,NA,0,32.116549,108.426453,1,Natural vegetation,1,Natural vegetation,0,0,0,0,1,0,FALSE,Natural-dominated
4143,NA,0,29.567942,106.588306,3,Urban,3,Urban,1,0,0,0,0,1,TRUE,Urban-dominated
4144,NA,0,29.24257,106.103799,2,Cropland,2,Cropland,0,1,0,0,0,1,TRUE,Ag-dominated
4147,NA,0,29.367217,107.959745,1,Natural vegetation,1,Natural vegetation,0,0,0,0,1,0,FALSE,Natural-dominated
4151,NA,0,33.692346,110.328793,3,Urban,1,Natural vegetation,0,0.25,0,0,0.75,0.25,FALSE,Natural-dominated
4152,NA,0,34.255578,108.415865,3,Urban,2,Cropland,0.25,0.75,0,0,0,1,TRUE,Ag-dominated
4153,4,6,35.00617,108.73628,1,Natural vegetation,2,Cropland,0,1,0,0,0,1,TRUE,Ag-dominated
4154,4,2,34.353997,107.271763,3,Urban,3,Urban,1,0,0,0,0,1,TRUE,Urban-dominated
4155,NA,0,34.340908,108.761697,3,Urban,3,Urban,0.75,0.25,0,0,0,1,TRUE,Urban-dominated
4156,4,15,34.460378,109.251996,2,Cropland,2,Cropland,0.25,0.75,0,0,0,1,TRUE,Ag-dominated
4157,NA,0,33.890881,109.908749,3,Urban,1,Natural vegetation,0.5,0,0,0,0.5,0.5,TRUE,Urban-dominated
4157005,1,7,43.4219699,-83.951918,3,Urban,3,Urban,1,0,0,0,0,1,TRUE,Urban-dominated
4159,12,20,34.564536,109.485973,2,Cropland,2,Cropland,0.25,0.75,0,0,0,1,TRUE,Ag-dominated
4160,4,1,34.45589,109.005226,3,Urban,3,Urban,0.75,0,0.25,0,0,0.75,TRUE,Urban-dominated
4161,NA,0,33.227866,110.067047,2,Cropland,1,Natural vegetation,0,0,0,0,1,0,FALSE,Natural-dominated
4161820,NA,0,42.6144781,-83.02659329,3,Urban,3,Urban,1,0,0,0,0,1,TRUE,Urban-dominated
4162,8,17,34.613631,110.2348456,2,Cropland,2,Cropland,0,0.75,0,0.25,0,0.75,TRUE,Ag-dominated
4163,NA,0,34.081339,110.48559,2,Cropland,1,Natural vegetation,0,0,0,0,1,0,FALSE,Natural-dominated
4165,4,1,33.216619,107.952694,1,Natural vegetation,1,Natural vegetation,0,0,0,0,1,0,FALSE,Natural-dominated
4165500,4,5,42.5958674,-82.90881,3,Urban,3,Urban,1,0,0,0,0,1,TRUE,Urban-dominated
4166,6,6,36.556856,101.930057,1,Natural vegetation,1,Natural vegetation,0,0,0,0,1,0,FALSE,Natural-dominated
4166500,1,38,42.3730923,-83.2546513,3,Urban,3,Urban,1,0,0,0,0,1,TRUE,Urban-dominated
4168,NA,0,36.620901,101.780199,3,Urban,3,Urban,1,0,0,0,0,1,TRUE,Urban-dominated
4168400,5.5,30,42.30837099,-83.2527063,3,Urban,3,Urban,1,0,0,0,0,1,TRUE,Urban-dominated
4171,4,3,33.011787,97.255347,1,Natural vegetation,1,Natural vegetation,0,0,0,0,1,0,FALSE,Natural-dominated
4173,NA,0,46.809606,130.361634,3,Urban,3,Urban,1,0,0,0,0,1,TRUE,Urban-dominated
4176500,NA,0,41.9606008,-83.53104619,2,Cropland,2,Cropland,0,1,0,0,0,1,TRUE,Ag-dominated
4177,14,2,51.763712,126.639504,5,Other,1,Natural vegetation,0,0,0,0,1,0,FALSE,Natural-dominated
4178,NA,0,48.3653288,134.2871925,3,Urban,3,Urban,1,0,0,0,0,1,TRUE,Urban-dominated
4179,6,2,46.567284,132.633838,2,Cropland,2,Cropland,0,1,0,0,0,1,TRUE,Ag-dominated
4180,NA,0,45.901258,128.158834,2,Cropland,2,Cropland,0,1,0,0,0,1,TRUE,Ag-dominated
4181,NA,0,48.422633,124.301919,2,Cropland,2,Cropland,0,1,0,0,0,1,TRUE,Ag-dominated
4182,8,2,45.401432,126.299118,3,Urban,3,Urban,1,0,0,0,0,1,TRUE,Urban-dominated
4183,NA,0,46.771624,123.684912,1,Natural vegetation,2,Cropland,0,0.5,0.25,0,0.25,0.5,TRUE,Ag-dominated
4183038,3,61,41.1830833,-84.8696944,2,Cropland,2,Cropland,0,1,0,0,0,1,TRUE,Ag-dominated
4183500,6.5,2,41.19893889,-84.7444033,2,Cropland,2,Cropland,0,1,0,0,0,1,TRUE,Ag-dominated
4184,4,1,45.316643,132.585736,5,Other,5,Other,0,0,1,0,0,0,FALSE,Mixed
4185,NA,0,47.364485,123.915962,3,Urban,3,Urban,0.5,0,0.25,0,0.25,0.5,TRUE,Urban-dominated
4186,12,48,46.3054261,129.5434746,3,Urban,2,Cropland,0.25,0.5,0.25,0,0,0.75,TRUE,Ag-dominated
4187,4,1,45.4936489,125.0451846,3,Urban,2,Cropland,0,0.5,0.5,0,0,0.5,TRUE,Ag-dominated
4188,NA,0,47.949987,123.40733,5,Other,2,Cropland,0,0.75,0.25,0,0,0.75,TRUE,Ag-dominated
4188496,3,323,40.9792203,-83.6532653,2,Cropland,2,Cropland,0,1,0,0,0,1,TRUE,Ag-dominated
4190,NA,0,45.5358451,131.9635795,4,Wetland,2,Cropland,0,1,0,0,0,1,TRUE,Ag-dominated
419020,NA,0,-30.70678611,150.7032861,2,Cropland,1,Natural vegetation,0,0,0,0,1,0,FALSE,Natural-dominated
419043,NA,0,-30.58572778,150.6893694,1,Natural vegetation,1,Natural vegetation,0,0,0,0,1,0,FALSE,Natural-dominated
419056,NA,0,-30.64396667,150.6782278,2,Cropland,1,Natural vegetation,0,0.5,0,0,0.5,0.5,TRUE,Ag-dominated
4192,8,1,50.2386399,127.5357671,3,Urban,3,Urban,0.5,0,0.5,0,0,0.5,TRUE,Urban-dominated
4193500,7,31,41.5000526,-83.7127145,2,Cropland,2,Cropland,0,1,0,0,0,1,TRUE,Ag-dominated
4213152,NA,0,42.07388889,-80.2347222,1,Natural vegetation,5,Other,0,0,1,0,0,0,FALSE,Mixed
4213500,NA,0,42.46344444,-78.9345278,3,Urban,2,Cropland,0,0.75,0,0,0.25,0.75,TRUE,Ag-dominated
4218601,NA,0,43.17469444,-78.6890556,3,Urban,3,Urban,0.666666667,0,0,0,0.333333333,0.666666667,TRUE,Urban-dominated
4219768,NA,0,43.31380556,-78.7154167,2,Cropland,2,Cropland,0,0.75,0.25,0,0,0.75,TRUE,Ag-dominated
4219915,NA,0,43.3608333,-78.2645278,2,Cropland,2,Cropland,0,0.5,0.5,0,0,0.5,TRUE,Ag-dominated
422001,14,71,-30.01531667,148.06075,1,Natural vegetation,1,Natural vegetation,0,0.25,0,0,0.75,0.25,FALSE,Natural-dominated
422002,14,71,-29.94716667,146.8637167,1,Natural vegetation,1,Natural vegetation,0,0,0,0,1,0,FALSE,Natural-dominated
422003,13,86,-29.547141,148.576104,1,Natural vegetation,1,Natural vegetation,0,0,0,0,1,0,FALSE,Natural-dominated
4220045,6,45,43.17430556,-78.38638889,2,Cropland,2,Cropland,0,1,0,0,0,1,TRUE,Ag-dominated
422016550,NA,0,43.301,-78.3104444,2,Cropland,2,Cropland,0,1,0,0,0,1,TRUE,Ag-dominated
422018610,NA,0,43.35330556,-78.1930556,2,Cropland,2,Cropland,0,0.5,0.5,0,0,0.5,TRUE,Ag-dominated
4220223,1,1,43.3390833,-77.9152222,2,Cropland,2,Cropland,0,1,0,0,0,1,TRUE,Ag-dominated
422027,11,55,-30.14343333,147.3768667,1,Natural vegetation,1,Natural vegetation,0,0.5,0,0,0.5,0.5,TRUE,Ag-dominated
4226000,NA,0,42.6824722,-77.8286944,2,Cropland,2,Cropland,0,1,0,0,0,1,TRUE,Ag-dominated
4231600,NA,0,43.1417222,-77.6163056,3,Urban,3,Urban,1,0,0,0,0,1,TRUE,Urban-dominated
4249000,NA,0,43.45166667,-76.50527778,3,Urban,5,Other,0.25,0,0.5,0,0.25,0.25,FALSE,Mixed
425001,4,8,-32.3969,142.4218,1,Natural vegetation,1,Natural vegetation,0,0,0.25,0,0.75,0,FALSE,Natural-dominated
425003,14,77,-30.087894,145.936761,3,Urban,3,Urban,1,0,0,0,0,1,TRUE,Urban-dominated
425004,20.5,28,-30.53474142,145.1150748,1,Natural vegetation,1,Natural vegetation,0,0,0,0,1,0,FALSE,Natural-dominated
425007,30.5,8,-33.74641667,142.2682778,1,Natural vegetation,4,Wetland,0,0.25,0,0.5,0.25,0.25,FALSE,Mixed
425012,16,12,-32.4353,142.3799,1,Natural vegetation,1,Natural vegetation,0,0,0,0,1,0,FALSE,Natural-dominated
425039,13,59,-29.9646,146.3004,1,Natural vegetation,1,Natural vegetation,0,0,0,0,1,0,FALSE,Natural-dominated
45302,NA,0,45.50748056,-122.6666139,3,Urban,3,Urban,1,0,0,0,0,1,TRUE,Urban-dominated
45303,169,1,45.5081944,-122.9335,3,Urban,3,Urban,1,0,0,0,0,1,TRUE,Urban-dominated
45304,NA,0,45.510878,-123.115666,3,Urban,2,Cropland,0.5,0.5,0,0,0,1,TRUE,Urban-dominated
50048565,3,22,18.4070314,-66.118083,3,Urban,3,Urban,0.75,0,0.25,0,0,0.75,TRUE,Urban-dominated
50048580,5,1544,18.4201918,-66.1160552,3,Urban,3,Urban,0.75,0,0.25,0,0,0.75,TRUE,Urban-dominated
5051522,5,3,46.65968548,-96.7959154,2,Cropland,2,Cropland,0,1,0,0,0,1,TRUE,Ag-dominated
5054000,3.5,2,46.861075,-96.7836924,3,Urban,3,Urban,1,0,0,0,0,1,TRUE,Urban-dominated
5057000,9,7,47.43277097,-98.0275954,2,Cropland,2,Cropland,0,1,0,0,0,1,TRUE,Ag-dominated
5062130,5,1,47.0926944,-96.8170556,2,Cropland,2,Cropland,0,1,0,0,0,1,TRUE,Ag-dominated
5082500,NA,0,47.9269234,-97.0292435,3,Urban,3,Urban,0.75,0.25,0,0,0,1,TRUE,Urban-dominated
5114000,4,81,48.98995719,-101.9583348,2,Cropland,2,Cropland,0,1,0,0,0,1,TRUE,Ag-dominated
5117500,7,5,48.2458428,-101.3712745,2,Cropland,2,Cropland,0,1,0,0,0,1,TRUE,Ag-dominated
5124000,4.5,80,48.9964079,-100.9584889,2,Cropland,2,Cropland,0,1,0,0,0,1,TRUE,Ag-dominated
5357206,NA,0,46.03277778,-89.6077778,1,Natural vegetation,1,Natural vegetation,0,0,0,0,1,0,FALSE,Natural-dominated
5406457,6,1,43.1097222,-89.6408333,3,Urban,1,Natural vegetation,0,0.25,0,0,0.75,0.25,FALSE,Natural-dominated
5406469,4.5,4,43.12527778,-89.635,2,Cropland,1,Natural vegetation,0,0.5,0,0,0.5,0.5,TRUE,Ag-dominated
5406479,3.5,10,43.1147222,-89.6641667,3,Urban,1,Natural vegetation,0,0,0,0,1,0,FALSE,Natural-dominated
5420400,NA,0,41.8944725,-90.156793,5,Other,5,Other,0,0,1,0,0,0,FALSE,Mixed
5435943,5,41,42.97694444,-89.5394444,3,Urban,2,Cropland,0,1,0,0,0,1,TRUE,Ag-dominated
5435950,7.5,4,42.94916667,-89.5441667,2,Cropland,2,Cropland,0,1,0,0,0,1,TRUE,Ag-dominated
5474500,3,9,40.39365535,-91.374318,5,Other,5,Other,0,0,1,0,0,0,FALSE,Mixed
5515500,7,13,41.38963889,-86.7061667,2,Cropland,2,Cropland,0,1,0,0,0,1,TRUE,Ag-dominated
5517500,NA,0,41.2200392,-86.968356,2,Cropland,2,Cropland,0,1,0,0,0,1,TRUE,Ag-dominated
5518000,NA,0,41.1828134,-87.3403096,2,Cropland,2,Cropland,0,1,0,0,0,1,TRUE,Ag-dominated
5524500,5,2,40.87059306,-87.3066912,2,Cropland,2,Cropland,0,1,0,0,0,1,TRUE,Ag-dominated
5537980,3,32,41.5364722,-88.0836944,3,Urban,3,Urban,1,0,0,0,0,1,TRUE,Urban-dominated
5538020,NA,0,41.5,-88.1069444,3,Urban,3,Urban,1,0,0,0,0,1,TRUE,Urban-dominated
5543010,NA,0,41.29988889,-88.6141944,2,Cropland,2,Cropland,0,1,0,0,0,1,TRUE,Ag-dominated
5545750,2,12,42.61085116,-88.225923,2,Cropland,2,Cropland,0,1,0,0,0,1,TRUE,Ag-dominated
5549500,5,97,42.3100222,-88.2514745,3,Urban,1,Natural vegetation,0,0,0,0,1,0,FALSE,Natural-dominated
5558300,2.5,14,41.10727778,-89.3562222,5,Other,4,Wetland,0,0,0,1,0,0,FALSE,Mixed
5559900,3,12,40.72503739,-89.5495396,4,Wetland,3,Urban,1,0,0,0,0,1,TRUE,Urban-dominated
5567500,5,38,40.6235,-89.2416667,2,Cropland,2,Cropland,0,1,0,0,0,1,TRUE,Ag-dominated
5568705,NA,0,40.3265833,-89.9141111,2,Cropland,2,Cropland,0,1,0,0,0,1,TRUE,Ag-dominated
5586300,3.5,8,39.63275,-90.6076667,5,Other,2,Cropland,0,1,0,0,0,1,TRUE,Ag-dominated
5587498,NA,0,38.88730556,-90.184,5,Other,3,Urban,1,0,0,0,0,1,TRUE,Urban-dominated
5599490,3,165,37.7583333,-89.3277778,1,Natural vegetation,1,Natural vegetation,0,0.5,0,0,0.5,0.5,TRUE,Ag-dominated
6076590,NA,0,46.6784861,-111.1939194,2,Cropland,1,Natural vegetation,0,0.5,0,0,0.5,0.5,TRUE,Ag-dominated
613,7,104,48.7574,11.4261,3,Urban,3,Urban,0.75,0,0.25,0,0,0.75,TRUE,Urban-dominated
616,23.5,14,48.8798,12.7473,2,Cropland,2,Cropland,0,1,0,0,0,1,TRUE,Ag-dominated
6174500,NA,0,48.13005278,-106.3643139,2,Cropland,1,Natural vegetation,0,0.5,0,0,0.5,0.5,TRUE,Ag-dominated
6177000,NA,0,48.067325,-105.5330972,5,Other,1,Natural vegetation,0,0.5,0,0,0.5,0.5,TRUE,Ag-dominated
6193,4,6,29.821683,113.463833,3,Urban,3,Urban,1,0,0,0,0,1,TRUE,Urban-dominated
6194,16,3,30.317805,103.970525,3,Urban,2,Cropland,0,1,0,0,0,1,TRUE,Ag-dominated
6195,8,11,41.741893,83.171831,2,Cropland,5,Other,0,0.25,0.75,0,0,0.25,FALSE,Mixed
6197,NA,0,40.54447,81.2973,3,Urban,3,Urban,1,0,0,0,0,1,TRUE,Urban-dominated
6198,4,1,35.874223,94.566714,1,Natural vegetation,1,Natural vegetation,0,0,0,0,1,0,FALSE,Natural-dominated
6199,4,1,35.451425,109.462752,2,Cropland,1,Natural vegetation,0,0,0,0,1,0,FALSE,Natural-dominated
6201,6,2,37.3924,110.631,1,Natural vegetation,1,Natural vegetation,0,0,0,0,1,0,FALSE,Natural-dominated
6203,NA,0,41.8857,124.0815,3,Urban,3,Urban,0.5,0.25,0,0,0.25,0.75,TRUE,Urban-dominated
6204,NA,0,40.1157,124.39,5,Other,3,Urban,1,0,0,0,0,1,TRUE,Urban-dominated
6205,6,22,40.6807,122.2336,3,Urban,3,Urban,0.75,0,0,0,0.25,0.75,TRUE,Urban-dominated
6207,NA,0,42.565,130.5272,1,Natural vegetation,1,Natural vegetation,0,0.5,0,0,0.5,0.5,TRUE,Ag-dominated
6208,NA,0,45.5313,131.9585,4,Wetland,2,Cropland,0,1,0,0,0,1,TRUE,Ag-dominated
6209,NA,0,48.7083,130.5703,5,Other,1,Natural vegetation,0,0.25,0,0,0.75,0.25,FALSE,Natural-dominated
6210,NA,0,53.4837,122.3591,5,Other,1,Natural vegetation,0.333333333,0,0,0,0.666666667,0.333333333,TRUE,Natural-dominated
6212,NA,0,31.3789,120.2461,5,Other,5,Other,0,0,1,0,0,0,FALSE,Mixed
6214,8,27,34.7589,117.0059,2,Cropland,2,Cropland,0.5,0.5,0,0,0,1,TRUE,Urban-dominated
6218,8,12,33.4816,118.1131,2,Cropland,2,Cropland,0,1,0,0,0,1,TRUE,Ag-dominated
6220,NA,0,28.177,120.2003,1,Natural vegetation,1,Natural vegetation,0,0,0,0,1,0,FALSE,Natural-dominated
6221,8,52,33.8744,116.5878,2,Cropland,2,Cropland,0,1,0,0,0,1,TRUE,Ag-dominated
6223,4,10,32.7923,117.9642,2,Cropland,2,Cropland,0.25,0.75,0,0,0,1,TRUE,Ag-dominated
6224,12,15,33.1689,118.1492,5,Other,3,Urban,1,0,0,0,0,1,TRUE,Urban-dominated
6225,8,27,32.3088,118.4555,2,Cropland,2,Cropland,0,1,0,0,0,1,TRUE,Ag-dominated
6226,8,57,32.0978,118.2887,3,Urban,3,Urban,1,0,0,0,0,1,TRUE,Urban-dominated
6227,16,4,32.4286,115.6024,2,Cropland,2,Cropland,0,1,0,0,0,1,TRUE,Ag-dominated
6233,8,7,28.7682,116.0853,5,Other,1,Natural vegetation,0.25,0.25,0.25,0,0.25,0.5,TRUE,Mixed
6234,12,3,29.2455,116.1894,5,Other,5,Other,0,0.25,0.75,0,0,0.25,FALSE,Mixed
6236,NA,0,28.9406,116.4269,5,Other,5,Other,0,0,1,0,0,0,FALSE,Mixed
6237,4,3,36.725,116.9886,3,Urban,3,Urban,1,0,0,0,0,1,TRUE,Urban-dominated
6238,4,1,34.8042,117.1695,2,Cropland,2,Cropland,0,1,0,0,0,1,TRUE,Ag-dominated
6241,NA,0,32.669,111.7053,1,Natural vegetation,2,Cropland,0,1,0,0,0,1,TRUE,Ag-dominated
6242,8,65,33.8068,116.3924,2,Cropland,2,Cropland,0,1,0,0,0,1,TRUE,Ag-dominated
6244,NA,0,30.5772,114.216,3,Urban,3,Urban,1,0,0,0,0,1,TRUE,Urban-dominated
6247,NA,0,29.1541,112.9886,5,Other,5,Other,0,0.25,0.5,0,0.25,0.25,FALSE,Mixed
6249,NA,0,28.913,112.1176,5,Other,5,Other,0,0,1,0,0,0,FALSE,Mixed
6250,NA,0,28.6168,112.3867,5,Other,5,Other,0,0,1,0,0,0,FALSE,Mixed
6251,8,11,29.063,112.2989,5,Other,2,Cropland,0,1,0,0,0,1,TRUE,Ag-dominated
6252,NA,0,28.705,109.5954,1,Natural vegetation,1,Natural vegetation,0,0,0,0,1,0,FALSE,Natural-dominated
6253,4,50,23.1376,113.7508,5,Other,2,Cropland,0,1,0,0,0,1,TRUE,Ag-dominated
6254,NA,0,23.6832,113.0691,3,Urban,3,Urban,1,0,0,0,0,1,TRUE,Urban-dominated
6255,4,1,22.7836,108.1264,2,Cropland,2,Cropland,0,1,0,0,0,1,TRUE,Ag-dominated
6257,NA,0,23.4832,110.166,5,Other,2,Cropland,0,1,0,0,0,1,TRUE,Ag-dominated
6258,NA,0,22.4671,106.5805,3,Urban,1,Natural vegetation,0,0,0,0,1,0,FALSE,Natural-dominated
6259,NA,0,22.2183,106.7032,1,Natural vegetation,1,Natural vegetation,0,0,0,0,1,0,FALSE,Natural-dominated
6261,4,5,30.2604,103.891,3,Urban,2,Cropland,0.25,0.5,0.25,0,0,0.75,TRUE,Ag-dominated
6262,NA,0,28.7799,104.6233,3,Urban,3,Urban,0.5,0.25,0.25,0,0,0.75,TRUE,Urban-dominated
6263,NA,0,28.6078,105.7339,3,Urban,1,Natural vegetation,0.25,0.25,0,0,0.5,0.5,TRUE,Natural-dominated
6265,NA,0,24.89,102.7492,5,Other,3,Urban,0.5,0.25,0.25,0,0,0.75,TRUE,Urban-dominated
6267,NA,0,24.7355,98.971,1,Natural vegetation,1,Natural vegetation,0,0,0,0,1,0,FALSE,Natural-dominated
6268,8,88,25.1477,102.0548,1,Natural vegetation,1,Natural vegetation,0,0,0,0,1,0,FALSE,Natural-dominated
6271,NA,0,29.4782,94.6247,5,Other,1,Natural vegetation,0,0,0,0.5,0.5,0,FALSE,Natural-dominated
6328,36,13,31.955,119.9805,3,Urban,3,Urban,0.75,0,0.25,0,0,0.75,TRUE,Urban-dominated
6330,4,1,26.6586,106.8425,1,Natural vegetation,1,Natural vegetation,0,0,0,0,1,0,FALSE,Natural-dominated
6332,NA,0,40.5317,109.9147,1,Natural vegetation,1,Natural vegetation,0.333333333,0.333333333,0,0,0.333333333,0.666666667,TRUE,Mixed
6336000,NA,0,46.9180722,-103.5303444,1,Natural vegetation,1,Natural vegetation,0,0,0,0,1,0,FALSE,Natural-dominated
6337,NA,0,45.3245,124.7062,2,Cropland,1,Natural vegetation,0,0.5,0,0,0.5,0.5,TRUE,Ag-dominated
6339,NA,0,45.2537,132.0127,5,Other,4,Wetland,0,0,0,1,0,0,FALSE,Mixed
6340,NA,0,45.0598,132.8526,4,Wetland,5,Other,0,0.25,0.5,0,0.25,0.25,FALSE,Mixed
6340590,NA,0,47.3580547,-101.3976595,2,Cropland,2,Cropland,0,0.75,0.25,0,0,0.75,TRUE,Ag-dominated
6343,4,1,25.427,106.5798,1,Natural vegetation,1,Natural vegetation,0,0,0,0,1,0,FALSE,Natural-dominated
6346,8,35,38.6862,117.047,2,Cropland,2,Cropland,0.25,0.75,0,0,0,1,TRUE,Ag-dominated
6347,NA,0,32.1658,109.5825,1,Natural vegetation,1,Natural vegetation,0,0,0,0,1,0,FALSE,Natural-dominated
6348,4,1,36.1678,103.483,3,Urban,1,Natural vegetation,0.25,0,0,0,0.75,0.25,FALSE,Natural-dominated
6350,12,58,31.6554,117.2733,2,Cropland,2,Cropland,0,1,0,0,0,1,TRUE,Ag-dominated
6353,86,8,49.3061,118.0472,1,Natural vegetation,1,Natural vegetation,0.5,0,0,0,0.5,0.5,TRUE,Urban-dominated
6354890,5,56,45.9524438,-103.3069613,1,Natural vegetation,1,Natural vegetation,0,0,0,0,1,0,FALSE,Natural-dominated
6354980,5,122,46.0177216,-103.2919615,1,Natural vegetation,1,Natural vegetation,0,0.5,0,0,0.5,0.5,TRUE,Ag-dominated
6355,4,1,28.6074,121.0616,5,Other,1,Natural vegetation,0,0,0.5,0,0.5,0,FALSE,Natural-dominated
6356,NA,0,29.2076,115.4868,5,Other,1,Natural vegetation,0,0,0.25,0,0.75,0,FALSE,Natural-dominated
6360,NA,0,40.619,118.1416,1,Natural vegetation,1,Natural vegetation,0,0,0,0,1,0,FALSE,Natural-dominated
6362,NA,0,37.6493,115.6312,5,Other,2,Cropland,0,0.75,0.25,0,0,0.75,TRUE,Ag-dominated
6365,8,15,40.2585,111.148,1,Natural vegetation,1,Natural vegetation,0.5,0,0,0,0.5,0.5,TRUE,Urban-dominated
6372,NA,0,42.8658,129.6342,2,Cropland,1,Natural vegetation,0,0,0.25,0,0.75,0,FALSE,Natural-dominated
6373,6,2,44.3966,127.692,1,Natural vegetation,1,Natural vegetation,0,0,0,0,1,0,FALSE,Natural-dominated
6375,NA,0,46.5751,129.834,5,Other,2,Cropland,0,1,0,0,0,1,TRUE,Ag-dominated
6380,NA,0,29.5071,119.212,5,Other,1,Natural vegetation,0,0,0,0,1,0,FALSE,Natural-dominated
6382,4,40,28.6919,121.3277,5,Other,5,Other,0,0.333333333,0.666666667,0,0,0.333333333,TRUE,Mixed
6384,40,3,31.2695,118.3338,3,Urban,3,Urban,0.5,0.25,0,0.25,0,0.75,TRUE,Urban-dominated
6386,NA,0,30.3723,118.0149,5,Other,1,Natural vegetation,0,0,0.5,0,0.5,0,FALSE,Natural-dominated
6387,4,6,30.7703,117.7527,5,Other,5,Other,0,0,1,0,0,0,FALSE,Mixed
6388,NA,0,30.669,117.46,3,Urban,3,Urban,1,0,0,0,0,1,TRUE,Urban-dominated
6389,4,1,31.1034,118.9031,5,Other,5,Other,0,0,0.75,0,0.25,0,FALSE,Mixed
6391,NA,0,25.1817,118.4147,5,Other,1,Natural vegetation,0,0,0,0,1,0,FALSE,Natural-dominated
6392,NA,0,25.4639,116.2935,1,Natural vegetation,1,Natural vegetation,0,0,0,0,1,0,FALSE,Natural-dominated
6393,NA,0,27.7532,114.7049,5,Other,1,Natural vegetation,0,0,0.25,0,0.75,0,FALSE,Natural-dominated
6394,NA,0,28.7348,114.2951,1,Natural vegetation,1,Natural vegetation,0,0,0,0,1,0,FALSE,Natural-dominated
6395,6,6,36.2594,120.4698,5,Other,3,Urban,0.5,0,0.25,0,0.25,0.5,TRUE,Urban-dominated
6396,12,52,35.0878,116.6297,2,Cropland,4,Wetland,0,0,0,1,0,0,FALSE,Mixed
6398,8,8,35.0394,116.6677,2,Cropland,2,Cropland,0,1,0,0,0,1,TRUE,Ag-dominated
6400,12,7,35.8937,116.5525,5,Other,2,Cropland,0,1,0,0,0,1,TRUE,Ag-dominated
6406,NA,0,33.1537,111.1579,2,Cropland,2,Cropland,0,0.75,0,0,0.25,0.75,TRUE,Ag-dominated
6411,NA,0,30.2403,114.4533,5,Other,5,Other,0,0,1,0,0,0,FALSE,Mixed
6412,NA,0,32.5647,111.4826,5,Other,5,Other,0,0,1,0,0,0,FALSE,Mixed
6413,NA,0,30.9585,111.6822,2,Cropland,1,Natural vegetation,0,0,0.25,0,0.75,0,FALSE,Natural-dominated
6414,NA,0,30.5712,111.9617,3,Urban,2,Cropland,0,1,0,0,0,1,TRUE,Ag-dominated
6415,NA,0,30.431,111.4379,5,Other,2,Cropland,0,0.5,0.25,0,0.25,0.5,TRUE,Ag-dominated
6419,10,22,30.6003,115.4457,1,Natural vegetation,1,Natural vegetation,0,0.5,0,0,0.5,0.5,TRUE,Ag-dominated
6423,NA,0,29.5884,111.2985,5,Other,1,Natural vegetation,0,0,0,0,1,0,FALSE,Natural-dominated
6425,8,187,22.5077,114.0357,4,Wetland,3,Urban,1,0,0,0,0,1,TRUE,Urban-dominated
6426,4,5,21.4314,110.7946,3,Urban,3,Urban,1,0,0,0,0,1,TRUE,Urban-dominated
6427,NA,0,23.4143,114.6263,5,Other,1,Natural vegetation,0,0,0,0,1,0,FALSE,Natural-dominated
6427850,NA,0,44.5894282,-104.7038545,1,Natural vegetation,1,Natural vegetation,0,0,0,0,1,0,FALSE,Natural-dominated
6430,20,75,23.0588,113.7525,3,Urban,3,Urban,1,0,0,0,0,1,TRUE,Urban-dominated
6432,NA,0,18.4351,109.2399,1,Natural vegetation,1,Natural vegetation,0,0,0,0,1,0,FALSE,Natural-dominated
6433,NA,0,19.383,109.5534,5,Other,5,Other,0,0,0.75,0,0.25,0,FALSE,Mixed
6435,NA,0,18.9656,109.0124,5,Other,5,Other,0,0,0.75,0,0.25,0,FALSE,Mixed
6442,12,46,29.2443,104.2998,2,Cropland,2,Cropland,0,1,0,0,0,1,TRUE,Ag-dominated
6443,NA,0,29.9614,104.6532,1,Natural vegetation,2,Cropland,0,1,0,0,0,1,TRUE,Ag-dominated
6448,12,67,25.0115,102.6694,3,Urban,3,Urban,0.5,0,0,0.5,0,0.5,TRUE,Urban-dominated
6461500,NA,0,42.90207778,-100.3625278,1,Natural vegetation,1,Natural vegetation,0,0,0,0,1,0,FALSE,Natural-dominated
6478522,NA,0,42.76527778,-97.1725667,2,Cropland,2,Cropland,0,1,0,0,0,1,TRUE,Ag-dominated
6486,12,3,21.3002,110.3065,2,Cropland,3,Urban,1,0,0,0,0,1,TRUE,Urban-dominated
6488,NA,0,30.3812,117.033,5,Other,5,Other,0,0,1,0,0,0,FALSE,Mixed
6489,4,2,40.8675,108.7942,5,Other,5,Other,0,0,1,0,0,0,FALSE,Mixed
6490,NA,0,36.8995,109.0897,1,Natural vegetation,1,Natural vegetation,0,0,0,0,1,0,FALSE,Natural-dominated
6610505,NA,0,41.18916667,-95.8625,5,Other,1,Natural vegetation,0.25,0.25,0.25,0,0.25,0.5,TRUE,Mixed
6670500,NA,0,42.2005103,-104.5383548,1,Natural vegetation,1,Natural vegetation,0,0,0,0,1,0,FALSE,Natural-dominated
6707525,NA,0,39.41641667,-105.1510556,1,Natural vegetation,1,Natural vegetation,0,0,0,0,1,0,FALSE,Natural-dominated
6711565,6,11,39.66498738,-105.004149,3,Urban,3,Urban,1,0,0,0,0,1,TRUE,Urban-dominated
6729470,NA,0,39.93244444,-105.3086667,1,Natural vegetation,1,Natural vegetation,0,0,0,0,1,0,FALSE,Natural-dominated
6796500,NA,0,41.32,-96.4038889,5,Other,2,Cropland,0,1,0,0,0,1,TRUE,Ag-dominated
6800500,10,8,41.2933333,-96.2838889,2,Cropland,2,Cropland,0,1,0,0,0,1,TRUE,Ag-dominated
6801000,4,1,41.06225556,-96.3245139,5,Other,2,Cropland,0,1,0,0,0,1,TRUE,Ag-dominated
6805000,4,48,41.05166667,-96.3386111,2,Cropland,2,Cropland,0,1,0,0,0,1,TRUE,Ag-dominated
6805500,3,5,41.01497778,-96.1575,3,Urban,2,Cropland,0,1,0,0,0,1,TRUE,Ag-dominated
6818000,6,11,39.75325,-94.8568333,3,Urban,2,Cropland,0.5,0.5,0,0,0,1,TRUE,Urban-dominated
6819550,9,17,40.4311111,-94.7722222,2,Cropland,2,Cropland,0,1,0,0,0,1,TRUE,Ag-dominated
6856600,2,1,39.3555515,-97.1275203,2,Cropland,2,Cropland,0,1,0,0,0,1,TRUE,Ag-dominated
6879150,4,1,39.0902755,-96.7133394,2,Cropland,2,Cropland,0,1,0,0,0,1,TRUE,Ag-dominated
6887000,NA,0,39.2372186,-96.5713918,2,Cropland,2,Cropland,0,1,0,0,0,1,TRUE,Ag-dominated
6888990,4,2,39.07194435,-95.7163715,3,Urban,2,Cropland,0.5,0.5,0,0,0,1,TRUE,Urban-dominated
6889110,3,18,39.6095472,-95.9760556,2,Cropland,2,Cropland,0,1,0,0,0,1,TRUE,Ag-dominated
6889160,6.5,6,39.4631449,-95.9505944,2,Cropland,2,Cropland,0,1,0,0,0,1,TRUE,Ag-dominated
6892495,NA,0,38.97805556,-94.9227778,1,Natural vegetation,1,Natural vegetation,0,0,0,0,1,0,FALSE,Natural-dominated
6892518,9,8,39.0461111,-94.7894444,3,Urban,3,Urban,1,0,0,0,0,1,TRUE,Urban-dominated
6892900,7,9,39.0440833,-94.6560139,3,Urban,3,Urban,1,0,0,0,0,1,TRUE,Urban-dominated
6893100,NA,0,38.8422222,-94.6122222,2,Cropland,2,Cropland,0.25,0.5,0,0,0.25,0.75,TRUE,Ag-dominated
6893620,6.5,12,39.11194444,-94.4722222,3,Urban,3,Urban,1,0,0,0,0,1,TRUE,Urban-dominated
6893820,5,6,39.0173611,-94.3872778,3,Urban,1,Natural vegetation,0,0,0,0,1,0,FALSE,Natural-dominated
6894000,NA,0,39.1005609,-94.3005038,2,Cropland,2,Cropland,0,0.75,0,0,0.25,0.75,TRUE,Ag-dominated
6894650,18,2,39.1336111,-94.0638889,2,Cropland,2,Cropland,0,1,0,0,0,1,TRUE,Ag-dominated
6899900,2.5,8,40.45444444,-93.2863889,2,Cropland,2,Cropland,0,1,0,0,0,1,TRUE,Ag-dominated
6900050,3,4,40.0266111,-93.4362222,2,Cropland,2,Cropland,0,1,0,0,0,1,TRUE,Ag-dominated
6901500,NA,0,39.89594444,-93.2365278,2,Cropland,2,Cropland,0,1,0,0,0,1,TRUE,Ag-dominated
6902000,4,3,39.64002778,-93.2736944,2,Cropland,4,Wetland,0,0,0,1,0,0,FALSE,Mixed
6914950,7,26,38.75334168,-94.977188,1,Natural vegetation,1,Natural vegetation,0,0,0,0,1,0,FALSE,Natural-dominated
6914990,3,45,38.7675084,-94.8794073,1,Natural vegetation,2,Cropland,0,1,0,0,0,1,TRUE,Ag-dominated
6934500,23.5,4,38.70980556,-91.4385,5,Other,2,Cropland,0.333333333,0.333333333,0.333333333,0,0,0.666666667,TRUE,Mixed
7020850,NA,0,37.30188889,-89.518,3,Urban,3,Urban,0.5,0.25,0.25,0,0,0.75,TRUE,Urban-dominated
7048600,3,7,36.07305556,-94.0811111,1,Natural vegetation,1,Natural vegetation,0,0,0,0,1,0,FALSE,Natural-dominated
7049000,NA,0,36.2,-93.855,1,Natural vegetation,1,Natural vegetation,0,0,0,0,1,0,FALSE,Natural-dominated
7049691,2,108,36.4208333,-93.8472222,1,Natural vegetation,1,Natural vegetation,0,0,0,0,1,0,FALSE,Natural-dominated
7054501,5,51,36.365,-92.575,1,Natural vegetation,1,Natural vegetation,0.25,0,0,0,0.75,0.25,FALSE,Natural-dominated
7054502,NA,0,36.3622222,-92.5863889,1,Natural vegetation,1,Natural vegetation,0,0,0,0,1,0,FALSE,Natural-dominated
7054527,136,1,36.3436111,-92.5741667,1,Natural vegetation,1,Natural vegetation,0,0,0,0,1,0,FALSE,Natural-dominated
7061270,31.5,2,37.55255556,-90.8424444,2,Cropland,1,Natural vegetation,0,0,0,0,1,0,FALSE,Natural-dominated
7061290,9,139,37.4936111,-90.8383333,1,Natural vegetation,1,Natural vegetation,0,0,0,0,1,0,FALSE,Natural-dominated
7075270,3,28,35.5697222,-92.6219444,1,Natural vegetation,1,Natural vegetation,0,0,0,0,1,0,FALSE,Natural-dominated
7076000,3,4,35.5172222,-91.9972222,1,Natural vegetation,1,Natural vegetation,0,0,0,0,1,0,FALSE,Natural-dominated
7099400,15,281,38.2716694,-104.718033,1,Natural vegetation,1,Natural vegetation,0,0,0,0,1,0,FALSE,Natural-dominated
7106000,NA,0,38.6016647,-104.6702503,1,Natural vegetation,1,Natural vegetation,0,0,0,0,1,0,FALSE,Natural-dominated
7109500,2,1,38.24805799,-104.3991356,1,Natural vegetation,1,Natural vegetation,0,0,0,0,1,0,FALSE,Natural-dominated
7143672,10,6,38.02853056,-97.5405417,2,Cropland,2,Cropland,0,1,0,0,0,1,TRUE,Ag-dominated
7144100,4.5,6,37.88306739,-97.4244864,2,Cropland,2,Cropland,0,1,0,0,0,1,TRUE,Ag-dominated
7144780,NA,0,37.8621972,-98.0137806,1,Natural vegetation,1,Natural vegetation,0,0,0,0,1,0,FALSE,Natural-dominated
7164500,3,14,36.14064807,-96.0063866,3,Urban,3,Urban,1,0,0,0,0,1,TRUE,Urban-dominated
7177500,2,1,36.27842534,-95.954162,1,Natural vegetation,1,Natural vegetation,0,0,0,0,1,0,FALSE,Natural-dominated
7178200,2,1,36.2231514,-95.8194322,3,Urban,1,Natural vegetation,0.5,0,0,0,0.5,0.5,TRUE,Urban-dominated
7191288,NA,0,36.37925097,-94.936901,1,Natural vegetation,1,Natural vegetation,0,0,0,0,1,0,FALSE,Natural-dominated
7198000,4,216,35.5731511,-95.0688458,1,Natural vegetation,1,Natural vegetation,0,0,0,0,1,0,FALSE,Natural-dominated
7214550,NA,0,36.03521667,-105.3799833,1,Natural vegetation,1,Natural vegetation,0,0,0,0,1,0,FALSE,Natural-dominated
7218525,NA,0,35.77298889,-105.3044806,1,Natural vegetation,1,Natural vegetation,0,0,0,0,1,0,FALSE,Natural-dominated
7239000,6,226,36.07698408,-98.59675,1,Natural vegetation,1,Natural vegetation,0,0.25,0.25,0,0.5,0.25,FALSE,Natural-dominated
7239450,6,31,35.6169933,-98.0653316,2,Cropland,2,Cropland,0,1,0,0,0,1,TRUE,Ag-dominated
7241000,11,205,35.47866848,-97.6633752,3,Urban,3,Urban,1,0,0,0,0,1,TRUE,Urban-dominated
7241520,3,125,35.5656147,-97.367258,1,Natural vegetation,1,Natural vegetation,0,0,0,0,1,0,FALSE,Natural-dominated
7241550,3,230,35.5003412,-97.1939194,2,Cropland,1,Natural vegetation,0.25,0.25,0,0,0.5,0.5,TRUE,Natural-dominated
7263296,3,617,34.87888889,-92.6855556,1,Natural vegetation,1,Natural vegetation,0,0,0,0,1,0,FALSE,Natural-dominated
72632966,2,131,34.87527778,-92.6538889,5,Other,1,Natural vegetation,0,0,0.5,0,0.5,0,FALSE,Natural-dominated
7288068,14,27,34.07475,-90.6249444,2,Cropland,2,Cropland,0,1,0,0,0,1,TRUE,Ag-dominated
7288150,5,190,34.0093333,-90.7560833,2,Cropland,2,Cropland,0,0.75,0,0,0.25,0.75,TRUE,Ag-dominated
7288500,2.5,28,33.5473557,-90.5431579,2,Cropland,3,Urban,1,0,0,0,0,1,TRUE,Urban-dominated
7288521,3,16,33.54825,-90.6723611,2,Cropland,2,Cropland,0,1,0,0,0,1,TRUE,Ag-dominated
7332605,8,86,33.57579444,-96.1557444,2,Cropland,1,Natural vegetation,0.25,0.25,0.25,0,0.25,0.5,TRUE,Mixed
7332622,2,75,33.74416667,-95.9611111,1,Natural vegetation,1,Natural vegetation,0,0,0,0,1,0,FALSE,Natural-dominated
7374000,NA,0,30.44566667,-91.1915556,3,Urban,3,Urban,1,0,0,0,0,1,TRUE,Urban-dominated
7380255,2,140,29.57673333,-89.9864083,4,Wetland,5,Other,0,0,0.75,0.25,0,0,FALSE,Mixed
7381600,NA,0,29.6928482,-91.2119507,3,Urban,5,Other,0,0,1,0,0,0,FALSE,Mixed
8047050,8,19,32.6951316,-97.4472422,3,Urban,3,Urban,1,0,0,0,0,1,TRUE,Urban-dominated
8048000,2,391,32.76096337,-97.3325167,3,Urban,3,Urban,1,0,0,0,0,1,TRUE,Urban-dominated
8049500,2,9,32.7625,-96.9944444,3,Urban,3,Urban,0.75,0,0,0,0.25,0.75,TRUE,Urban-dominated
8052700,8,350,33.28344977,-96.8927805,2,Cropland,2,Cropland,0,0.75,0,0,0.25,0.75,TRUE,Ag-dominated
8052745,4,83,33.219298,-96.8919565,3,Urban,2,Cropland,0.5,0.5,0,0,0,1,TRUE,Urban-dominated
8057000,3,13,32.7748517,-96.8219464,3,Urban,3,Urban,1,0,0,0,0,1,TRUE,Urban-dominated
8057410,4,23,32.70763139,-96.7358319,4,Wetland,3,Urban,0.5,0,0,0.25,0.25,0.5,TRUE,Urban-dominated
8062500,NA,0,32.42652988,-96.4630415,2,Cropland,2,Cropland,0,1,0,0,0,1,TRUE,Ag-dominated
8065350,3,11,31.33851319,-95.6563407,1,Natural vegetation,1,Natural vegetation,0,0,0,0,1,0,FALSE,Natural-dominated
8067000,NA,0,30.05771539,-94.8182567,1,Natural vegetation,1,Natural vegetation,0,0,0,0,1,0,FALSE,Natural-dominated
8068000,2.5,12,30.24465738,-95.4571616,3,Urban,3,Urban,1,0,0,0,0,1,TRUE,Urban-dominated
8068500,3,13,30.11049517,-95.4363275,3,Urban,1,Natural vegetation,0,0,0,0,1,0,FALSE,Natural-dominated
8069500,2,271,30.02716385,-95.2579888,1,Natural vegetation,3,Urban,1,0,0,0,0,1,TRUE,Urban-dominated
8070200,5,24,30.14523056,-95.1246139,1,Natural vegetation,1,Natural vegetation,0,0,0,0,1,0,FALSE,Natural-dominated
8180800,NA,0,29.26218286,-98.5814074,1,Natural vegetation,1,Natural vegetation,0,0,0,0,1,0,FALSE,Natural-dominated
8181500,8,22,29.2641276,-98.4908493,4,Wetland,1,Natural vegetation,0,0,0,0,1,0,FALSE,Natural-dominated
8181800,6,24,29.2221853,-98.3558463,1,Natural vegetation,2,Cropland,0,1,0,0,0,1,TRUE,Ag-dominated
8188060,3,3,28.84869444,-97.7371389,1,Natural vegetation,1,Natural vegetation,0,0.5,0,0,0.5,0.5,TRUE,Ag-dominated
8188500,7.5,2,28.6492861,-97.3848583,1,Natural vegetation,1,Natural vegetation,0,0.25,0,0,0.75,0.25,FALSE,Natural-dominated
8211200,4,5,27.93779594,-97.7758308,2,Cropland,2,Cropland,0,0.5,0,0.5,0,0.5,TRUE,Ag-dominated
8317400,NA,0,35.618,-106.3239444,5,Other,1,Natural vegetation,0,0.25,0,0,0.75,0.25,FALSE,Natural-dominated
8371500,4,111,29.6210127,-104.4810367,2,Cropland,1,Natural vegetation,0,0.5,0,0,0.5,0.5,TRUE,Ag-dominated
8374200,4,63,29.51962973,-104.2865896,1,Natural vegetation,1,Natural vegetation,0,0,0,0,1,0,FALSE,Natural-dominated
8374510,5,49,29.1547222,-103.5977778,1,Natural vegetation,1,Natural vegetation,0,0,0,0,1,0,FALSE,Natural-dominated
8375300,6,101,29.1835386,-102.9754409,1,Natural vegetation,1,Natural vegetation,0,0,0,0,1,0,FALSE,Natural-dominated
8377200,8,39,29.78075694,-101.7559523,1,Natural vegetation,1,Natural vegetation,0,0,0,0,1,0,FALSE,Natural-dominated
8380500,NA,0,35.65199444,-105.3188306,1,Natural vegetation,1,Natural vegetation,0,0,0,0,1,0,FALSE,Natural-dominated
8405400,NA,0,32.2359472,-104.1966472,1,Natural vegetation,1,Natural vegetation,0,0,0,0,1,0,FALSE,Natural-dominated
8412500,7,401,31.87264499,-103.8315949,1,Natural vegetation,1,Natural vegetation,0,0,0,0,1,0,FALSE,Natural-dominated
8437710,9,1364,31.3668055,-103.0059908,1,Natural vegetation,1,Natural vegetation,0,0,0,0,1,0,FALSE,Natural-dominated
8446500,7,1692,31.11320329,-102.4176419,1,Natural vegetation,1,Natural vegetation,0,0,0,0,1,0,FALSE,Natural-dominated
8447000,3,15,30.65961373,-101.7701244,1,Natural vegetation,1,Natural vegetation,0,0,0,0,1,0,FALSE,Natural-dominated
8447300,NA,0,30.314,-101.7415556,1,Natural vegetation,1,Natural vegetation,0,0,0,0,1,0,FALSE,Natural-dominated
8447410,NA,0,29.8029823,-101.4462223,1,Natural vegetation,1,Natural vegetation,0,0,0,0,1,0,FALSE,Natural-dominated
8449000,NA,0,29.96353604,-101.1453849,1,Natural vegetation,1,Natural vegetation,0,0,0,0,1,0,FALSE,Natural-dominated
8474115,2,11,25.95733333,-97.4215,3,Urban,3,Urban,0.5,0.25,0,0.25,0,0.75,TRUE,Urban-dominated
8474320,1,32,25.95666667,-97.3754167,3,Urban,3,Urban,0.5,0,0,0.5,0,0.5,TRUE,Urban-dominated
9010500,NA,0,40.32581784,-105.8566791,1,Natural vegetation,1,Natural vegetation,0,0,0,0,1,0,FALSE,Natural-dominated
9013500,NA,0,40.23637409,-105.7983437,1,Natural vegetation,1,Natural vegetation,0,0,0,0,1,0,FALSE,Natural-dominated
9020500,NA,0,40.15579444,-105.9805639,1,Natural vegetation,1,Natural vegetation,0,0,0,0,1,0,FALSE,Natural-dominated
9027100,NA,0,39.9903333,-105.8297778,1,Natural vegetation,1,Natural vegetation,0,0,0,0,1,0,FALSE,Natural-dominated
9034250,NA,0,40.108319,-106.0041847,1,Natural vegetation,1,Natural vegetation,0,0,0,0,1,0,FALSE,Natural-dominated
9037500,2,1,40.0002,-106.1803667,1,Natural vegetation,1,Natural vegetation,0,0.333333333,0,0,0.666666667,0.333333333,TRUE,Natural-dominated
9040500,NA,0,40.05866389,-106.3051778,1,Natural vegetation,1,Natural vegetation,0,0,0,0,1,0,FALSE,Natural-dominated
9041400,14,7,40.10859628,-106.4139212,1,Natural vegetation,1,Natural vegetation,0,0,0,0,1,0,FALSE,Natural-dominated
9058000,NA,0,40.03665248,-106.4400324,1,Natural vegetation,1,Natural vegetation,0,0,0,0,1,0,FALSE,Natural-dominated
9060799,NA,0,39.8911,-106.8316944,1,Natural vegetation,1,Natural vegetation,0,0,0,0,1,0,FALSE,Natural-dominated
9070500,NA,0,39.6446111,-107.0780139,1,Natural vegetation,1,Natural vegetation,0,0,0,0,1,0,FALSE,Natural-dominated
9071750,NA,0,39.5588711,-107.2908874,1,Natural vegetation,1,Natural vegetation,0,0,0,0,1,0,FALSE,Natural-dominated
9085000,NA,0,39.54666667,-107.3308333,3,Urban,1,Natural vegetation,0.25,0,0,0,0.75,0.25,FALSE,Natural-dominated
9085150,NA,0,39.56166667,-107.4066667,1,Natural vegetation,1,Natural vegetation,0,0,0,0,1,0,FALSE,Natural-dominated
9085160,NA,0,39.56527778,-107.4172222,1,Natural vegetation,1,Natural vegetation,0,0,0,0,1,0,FALSE,Natural-dominated
9092570,NA,0,39.49414529,-107.9389593,1,Natural vegetation,1,Natural vegetation,0,0,0,0,1,0,FALSE,Natural-dominated
9095500,1.5,2,39.2391463,-108.2661946,1,Natural vegetation,1,Natural vegetation,0,0,0,0,1,0,FALSE,Natural-dominated
9114500,NA,0,38.54193567,-106.9497661,3,Urban,1,Natural vegetation,0.25,0,0,0,0.75,0.25,FALSE,Natural-dominated
9136100,NA,0,38.78516667,-107.8334167,1,Natural vegetation,1,Natural vegetation,0,0,0,0,1,0,FALSE,Natural-dominated
9144250,NA,0,38.75303944,-108.078403,3,Urban,2,Cropland,0,0.5,0.5,0,0,0.5,TRUE,Ag-dominated
9149500,NA,0,38.74194444,-108.0804167,3,Urban,2,Cropland,0,1,0,0,0,1,TRUE,Ag-dominated
9152500,NA,0,38.98331575,-108.4506446,1,Natural vegetation,1,Natural vegetation,0,0,0.25,0,0.75,0,FALSE,Natural-dominated
9163500,NA,0,39.13276047,-109.0270546,1,Natural vegetation,1,Natural vegetation,0,0,0,0,1,0,FALSE,Natural-dominated
9180500,NA,0,38.81054095,-109.2934493,1,Natural vegetation,1,Natural vegetation,0,0,0,0,1,0,FALSE,Natural-dominated
9261000,NA,0,40.4093915,-109.2354283,2,Cropland,1,Natural vegetation,0,0,0,0,1,0,FALSE,Natural-dominated
9315000,NA,0,38.9860831,-110.1512475,3,Urban,1,Natural vegetation,0,0.25,0.25,0,0.5,0.25,FALSE,Natural-dominated
9379500,2,2,37.15067778,-109.8666889,1,Natural vegetation,1,Natural vegetation,0,0,0,0,1,0,FALSE,Natural-dominated
9380000,NA,0,36.8643333,-111.5878722,1,Natural vegetation,1,Natural vegetation,0,0,0.5,0,0.5,0,FALSE,Natural-dominated
9406000,2,4,37.2041494,-113.1807789,1,Natural vegetation,1,Natural vegetation,0,0,0,0,1,0,FALSE,Natural-dominated
9429490,NA,0,32.8849361,-114.468111,3,Urban,1,Natural vegetation,0,0,0,0,1,0,FALSE,Natural-dominated
9504950,NA,0,34.6116972,-111.8984306,1,Natural vegetation,1,Natural vegetation,0,0,0,0,1,0,FALSE,Natural-dominated
9510000,NA,0,33.80837509,-111.6634729,1,Natural vegetation,1,Natural vegetation,0,0,0,0,1,0,FALSE,Natural-dominated
A2390542,84,5,-36.945858,140.74025,2,Cropland,2,Cropland,0,1,0,0,0,1,TRUE,Ag-dominated
A2391077,4,34,-37.391211,139.945693,5,Other,4,Wetland,0,0,0.5,0.5,0,0,FALSE,Mixed
A2391078,5,183,-37.427827,139.990479,5,Other,5,Other,0,0,0.666666667,0,0.333333333,0,FALSE,Mixed
A2391081,19,70,-36.572526,140.005692,1,Natural vegetation,1,Natural vegetation,0,0.25,0,0,0.75,0.25,FALSE,Natural-dominated
A2391082,5,1,-36.546058,139.881494,4,Wetland,2,Cropland,0,1,0,0,0,1,TRUE,Ag-dominated
A2391085,14.5,62,-36.7379,140.2577,1,Natural vegetation,2,Cropland,0,1,0,0,0,1,TRUE,Ag-dominated
A2391086,48,17,-36.5802,140.3056,1,Natural vegetation,1,Natural vegetation,0,0.5,0,0,0.5,0.5,TRUE,Ag-dominated
A2391101,NA,0,-36.578322,139.892183,4,Wetland,2,Cropland,0,0.75,0,0,0.25,0.75,TRUE,Ag-dominated
A2391140,19,1,-36.402293,140.015728,2,Cropland,1,Natural vegetation,0,0,0,0,1,0,FALSE,Natural-dominated
A2391149,NA,0,-36.586391,140.023176,1,Natural vegetation,1,Natural vegetation,0,0.25,0,0,0.75,0.25,FALSE,Natural-dominated
A2391152,7,71,-36.294824,139.93055,1,Natural vegetation,1,Natural vegetation,0,0,0.5,0,0.5,0,FALSE,Natural-dominated
A2391185,NA,0,-37.147386,139.918731,1,Natural vegetation,1,Natural vegetation,0,0.5,0,0,0.5,0.5,TRUE,Ag-dominated
A4260554,7,5,-34.021444,139.68861,1,Natural vegetation,1,Natural vegetation,0,0,0,0,1,0,FALSE,Natural-dominated
A4260573,232,1,-34.174481,140.217719,1,Natural vegetation,1,Natural vegetation,0,0.5,0,0,0.5,0.5,TRUE,Ag-dominated
A4260580,15,16,-33.9211,140.9525,1,Natural vegetation,5,Other,0,0,1,0,0,0,FALSE,Mixed
A4260594,178,5,-34.15,139.9151,5,Other,2,Cropland,0,0.75,0,0,0.25,0.75,TRUE,Ag-dominated
A4260633,3,117,-35.901976,139.3956,1,Natural vegetation,5,Other,0,0,1,0,0,0,FALSE,Mixed
A4260644,15,10,-34.25953,140.759761,4,Wetland,1,Natural vegetation,0,0.25,0,0,0.75,0.25,FALSE,Natural-dominated
A4260645,992,1,-34.264687,140.687294,1,Natural vegetation,1,Natural vegetation,0,0.333333333,0,0,0.666666667,0.333333333,TRUE,Natural-dominated
A4260652,NA,0,-34.164663,140.34276,4,Wetland,1,Natural vegetation,0,0,0,0,1,0,FALSE,Natural-dominated
A4260702,4,2,-34.062186,139.839139,2,Cropland,1,Natural vegetation,0,0,0,0,1,0,FALSE,Natural-dominated
A4260703,495,1,-34.15414,140.77938,5,Other,3,Urban,1,0,0,0,0,1,TRUE,Urban-dominated
A4260704,NA,0,-34.023928,140.844545,1,Natural vegetation,1,Natural vegetation,0,0.25,0,0,0.75,0.25,FALSE,Natural-dominated
A4261022,24,17,-33.9798,140.9615,1,Natural vegetation,1,Natural vegetation,0,0,0.25,0,0.75,0,FALSE,Natural-dominated
A4261023,243,1,-34.2524,140.7166,4,Wetland,1,Natural vegetation,0,0,0,0,1,0,FALSE,Natural-dominated
A4261024,11,9,-34.4505,140.511,2,Cropland,2,Cropland,0,0.5,0,0.5,0,0.5,TRUE,Ag-dominated
A4261053,15,21,-34.267527,140.808721,1,Natural vegetation,1,Natural vegetation,0,0.25,0,0,0.75,0.25,FALSE,Natural-dominated
A4261055,17,4,-34.223598,140.808045,1,Natural vegetation,1,Natural vegetation,0,0.25,0,0.25,0.5,0.25,FALSE,Natural-dominated
A4261107,13,21,-33.952305,140.902121,1,Natural vegetation,1,Natural vegetation,0,0,0.5,0,0.5,0,FALSE,Natural-dominated
A4261108,6,16,-34.383541,140.546401,1,Natural vegetation,1,Natural vegetation,0,0,0,0,1,0,FALSE,Natural-dominated
A4261124,14.5,6,-35.495993,138.90628,5,Other,1,Natural vegetation,0,0.333333333,0.333333333,0,0.333333333,0.333333333,TRUE,Mixed
A4261134,24,3,-35.6005,139.0266,5,Other,5,Other,0,0,1,0,0,0,FALSE,Mixed
A4261135,NA,0,-35.695657,139.161785,5,Other,1,Natural vegetation,0,0,0,0,1,0,FALSE,Natural-dominated
A4261139,7,1359,-35.1877,138.9135,2,Cropland,2,Cropland,0,0.75,0,0,0.25,0.75,TRUE,Ag-dominated
A4261165,3,5,-36.10874,139.608272,5,Other,5,Other,0,0,1,0,0,0,FALSE,Mixed
A4261168,260,1,-34.026439,140.84037,4,Wetland,1,Natural vegetation,0,0.25,0,0,0.75,0.25,FALSE,Natural-dominated
A4261173,12,18,-35.232757,138.990179,2,Cropland,2,Cropland,0,1,0,0,0,1,TRUE,Ag-dominated
A4261204,3,25,-35.534114,138.909811,1,Natural vegetation,1,Natural vegetation,0,0,0,0,1,0,FALSE,Natural-dominated
A4261224,10,48,-34.00223,140.862866,5,Other,1,Natural vegetation,0,0,0,0,1,0,FALSE,Natural-dominated
A4261255,19.5,14,-34.335475,140.547905,1,Natural vegetation,1,Natural vegetation,0,0,0,0,1,0,FALSE,Natural-dominated
A4261262,27,3,-34.24422,140.74787,1,Natural vegetation,1,Natural vegetation,0,0,0,0,1,0,FALSE,Natural-dominated
A4261263,16,13,-34.406627,140.48899,4,Wetland,1,Natural vegetation,0,0,0,0,1,0,FALSE,Natural-dominated
A4261264,2,106,-34.374941,140.54009,1,Natural vegetation,1,Natural vegetation,0,0,0,0,1,0,FALSE,Natural-dominated
A4261265,4,45,-34.328343,140.564594,1,Natural vegetation,1,Natural vegetation,0,0,0,0.5,0.5,0,FALSE,Natural-dominated
A4261268,15,11,-34.22152,140.77173,5,Other,4,Wetland,0,0,0,1,0,0,FALSE,Mixed
A4261270,18.5,6,-34.212264,140.781963,4,Wetland,4,Wetland,0,0,0,1,0,0,FALSE,Mixed
A4261271,48,6,-34.20895,140.771704,1,Natural vegetation,4,Wetland,0,0,0,1,0,0,FALSE,Mixed
A4261278,NA,0,-34.27097,140.62432,3,Urban,1,Natural vegetation,0,0,0,0.25,0.75,0,FALSE,Natural-dominated
A4261536,9.5,8,-34.34763,140.53045,1,Natural vegetation,1,Natural vegetation,0,0,0,0,1,0,FALSE,Natural-dominated
A4261539,7,13,-34.22626,140.77031,4,Wetland,1,Natural vegetation,0,0,0,0.333333333,0.666666667,0,FALSE,Natural-dominated
A4261789,36,2,-34.26358,140.38606,5,Other,5,Other,0,0,1,0,0,0,FALSE,Mixed
A4261791,NA,0,-34.02934,140.98738,1,Natural vegetation,1,Natural vegetation,0,0.25,0.25,0,0.5,0.25,FALSE,Natural-dominated
A4261809,NA,0,-34.19591,140.42724,5,Other,1,Natural vegetation,0,0,0.333333333,0,0.666666667,0,FALSE,Natural-dominated
A5011036,16,169,-35.4966,138.51378,2,Cropland,2,Cropland,0,0.75,0,0,0.25,0.75,TRUE,Ag-dominated
A5011038,19,209,-35.55523,138.60883,3,Urban,2,Cropland,0.25,0.5,0.25,0,0,0.75,TRUE,Ag-dominated
A5011039,5,201,-35.53251,138.6235,2,Cropland,3,Urban,1,0,0,0,0,1,TRUE,Urban-dominated
A5011040,6.5,110,-35.44815,138.31725,3,Urban,2,Cropland,0,0.5,0.5,0,0,0.5,TRUE,Ag-dominated
A5040517,10,39,-34.9703,138.6813,1,Natural vegetation,1,Natural vegetation,0,0,0,0,1,0,FALSE,Natural-dominated
AND,NA,0,46.253409,7.109632,1,Natural vegetation,1,Natural vegetation,0,0,0,0,1,0,FALSE,Natural-dominated
ANU,NA,0,46.231599,7.101972,1,Natural vegetation,1,Natural vegetation,0,0,0.5,0,0.5,0,FALSE,Natural-dominated
ardevel amont vernus,NA,0,46.143176,4.650175,1,Natural vegetation,1,Natural vegetation,0,0,0,0,1,0,FALSE,Natural-dominated
ardieres amont morcilles,NA,0,46.1259744,4.7008734,2,Cropland,1,Natural vegetation,0,0.25,0,0,0.75,0.25,FALSE,Natural-dominated
ardieres amont rochefort,NA,0,46.1843956,4.549346,1,Natural vegetation,1,Natural vegetation,0,0,0,0,1,0,FALSE,Natural-dominated
ardieres amont st didier,NA,0,46.1659543,4.5680373,1,Natural vegetation,1,Natural vegetation,0,0,0,0,1,0,FALSE,Natural-dominated
Avon_Knapp_Mill,NA,0,50.74896,-1.81136,3,Urban,3,Urban,0.5,0.25,0,0,0.25,0.75,TRUE,Urban-dominated
Carrat,6,34,45.829041,4.311987,1,Natural vegetation,1,Natural vegetation,0,0,0,0,1,0,FALSE,Natural-dominated
Caversham,11,3,51.465551,-0.976395,3,Urban,1,Natural vegetation,0.5,0,0,0,0.5,0.5,TRUE,Urban-dominated
charbonnieres,NA,0,45.7582257,4.7554117,3,Urban,3,Urban,1,0,0,0,0,1,TRUE,Urban-dominated
Charpassonne Chanin,6,2,45.81982,4.311937,1,Natural vegetation,1,Natural vegetation,0.25,0,0,0,0.75,0.25,FALSE,Natural-dominated
Charpassonne Château de Donzy,3,43,45.745372,4.27681,2,Cropland,2,Cropland,0,1,0,0,0,1,TRUE,Ag-dominated
Charpassonne la Jamarie,5.5,4,45.807908,4.319506,1,Natural vegetation,1,Natural vegetation,0,0,0,0,1,0,FALSE,Natural-dominated
Charpassonne la Valette,6,4,45.765039,4.29147,1,Natural vegetation,1,Natural vegetation,0,0.333333333,0,0,0.666666667,0.333333333,TRUE,Natural-dominated
Charpassonne le Tél,2,38,45.804494,4.316504,1,Natural vegetation,1,Natural vegetation,0,0,0,0,1,0,FALSE,Natural-dominated
Charpassonne Moulin de Ronzy,1,9,45.78491,4.314855,1,Natural vegetation,1,Natural vegetation,0,0,0,0,1,0,FALSE,Natural-dominated
Charpassonne Moulin Marcel,8,21,45.825752,4.305821,1,Natural vegetation,1,Natural vegetation,0.25,0,0,0,0.75,0.25,FALSE,Natural-dominated
Coise amont St Symphorien,NA,0,45.605031,4.38102,1,Natural vegetation,1,Natural vegetation,0,0,0,0,1,0,FALSE,Natural-dominated
Coise la Bruyere,9,55,45.62501,4.552785,2,Cropland,2,Cropland,0,1,0,0,0,1,TRUE,Ag-dominated
Coise le Nézel,NA,0,45.627972,4.525581,2,Cropland,2,Cropland,0,1,0,0,0,1,TRUE,Ag-dominated
Coise Vaudragon,NA,0,45.625576,4.507024,2,Cropland,2,Cropland,0,1,0,0,0,1,TRUE,Ag-dominated
Coizet,5,21,45.625713,4.50712,2,Cropland,2,Cropland,0,1,0,0,0,1,TRUE,Ag-dominated
Curraize,2.5,2,45.580995,4.171648,2,Cropland,2,Cropland,0,1,0,0,0,1,TRUE,Ag-dominated
Doise,2,29,45.736709,4.296509,1,Natural vegetation,1,Natural vegetation,0,0.5,0,0,0.5,0.5,TRUE,Ag-dominated
FED,NA,0,45.905091,7.115597,1,Natural vegetation,1,Natural vegetation,0,0,0,0,1,0,FALSE,Natural-dominated
FEU,NA,0,45.883084,7.130949,1,Natural vegetation,1,Natural vegetation,0,0,0.5,0,0.5,0,FALSE,Natural-dominated
Fontbonne aval,11.5,8,45.820128,4.342175,1,Natural vegetation,1,Natural vegetation,0,0,0,0,1,0,FALSE,Natural-dominated
Fontbonne Bessenay,7,34,45.826535,4.369788,1,Natural vegetation,1,Natural vegetation,0,0,0,0,1,0,FALSE,Natural-dominated
Fowey_Restormel,3,8,50.4309,-4.6788,1,Natural vegetation,1,Natural vegetation,0,0.25,0,0,0.75,0.25,FALSE,Natural-dominated
FP01,5,229,50.917653,-1.645012,1,Natural vegetation,1,Natural vegetation,0,0,0,0,1,0,FALSE,Natural-dominated
FP02,41,12,50.68963,-2.225391,2,Cropland,1,Natural vegetation,0,0.25,0,0,0.75,0.25,FALSE,Natural-dominated
FP06,90,52,50.78564,-2.316285,2,Cropland,2,Cropland,0,1,0,0,0,1,TRUE,Ag-dominated
FP11,48,27,50.68115,-2.189257,1,Natural vegetation,1,Natural vegetation,0,0,0,0,1,0,FALSE,Natural-dominated
FP12,50,17,50.71317,-2.414234,1,Natural vegetation,2,Cropland,0,1,0,0,0,1,TRUE,Ag-dominated
FP15,23.5,26,50.79024,-2.582322,2,Cropland,1,Natural vegetation,0,0.5,0,0,0.5,0.5,TRUE,Ag-dominated
FP21,72,39,50.68799,-2.124167,1,Natural vegetation,1,Natural vegetation,0,0,0,0,1,0,FALSE,Natural-dominated
FP22,11,93,50.74038,-2.254687,2,Cropland,2,Cropland,0,1,0,0,0,1,TRUE,Ag-dominated
FP23,32,54,50.76695,-2.400529,2,Cropland,2,Cropland,0,1,0,0,0,1,TRUE,Ag-dominated
FP26,6,108,50.79749,-2.523172,1,Natural vegetation,1,Natural vegetation,0,0,0,0,1,0,FALSE,Natural-dominated
FP31,24,9,50.77655,-2.576124,2,Cropland,1,Natural vegetation,0,0.5,0,0,0.5,0.5,TRUE,Ag-dominated
FR,NA,0,41.8333,2.5,1,Natural vegetation,1,Natural vegetation,0,0,0,0,1,0,FALSE,Natural-dominated
FUI,3,17,41.6833,2.5667,1,Natural vegetation,1,Natural vegetation,0,0,0,0,1,0,FALSE,Natural-dominated
Le Potensinet,NA,0,45.628619,4.525674,2,Cropland,2,Cropland,0,1,0,0,0,1,TRUE,Ag-dominated
Le Rieu,3,30,45.625399,4.55312,2,Cropland,2,Cropland,0,1,0,0,0,1,TRUE,Ag-dominated
les presles,NA,0,45.755424,4.6689631,1,Natural vegetation,2,Cropland,0.5,0.5,0,0,0,1,TRUE,Urban-dominated
Leven_Newby_Bridge,NA,0,54.2682,-2.9752,1,Natural vegetation,1,Natural vegetation,0,0,0,0,1,0,FALSE,Natural-dominated
Lignon St Etienne le Molard,NA,0,45.722039,4.094749,2,Cropland,1,Natural vegetation,0,0.5,0,0,0.5,0.5,TRUE,Ag-dominated
Loise amont Doise Salt,5,13,45.737758,4.29548,1,Natural vegetation,1,Natural vegetation,0,0.5,0,0,0.5,0.5,TRUE,Ag-dominated
Loise Essertine en Donzy,8,15,45.752768,4.327479,2,Cropland,1,Natural vegetation,0,0,0,0,1,0,FALSE,Natural-dominated
M1,NA,0,68.3464,18.9542,1,Natural vegetation,1,Natural vegetation,0,0,0,0,1,0,FALSE,Natural-dominated
M10,NA,0,68.3012,18.9459,1,Natural vegetation,1,Natural vegetation,0,0,0,0,1,0,FALSE,Natural-dominated
M16,NA,0,68.3426,18.9511,1,Natural vegetation,1,Natural vegetation,0,0,0,0,1,0,FALSE,Natural-dominated
M17,NA,0,68.3108,18.9223,1,Natural vegetation,1,Natural vegetation,0,0,0,0,1,0,FALSE,Natural-dominated
M6,NA,0,68.3051,18.9149,1,Natural vegetation,1,Natural vegetation,0,0,0,0,1,0,FALSE,Natural-dominated
M9,NA,0,68.301,18.9444,1,Natural vegetation,1,Natural vegetation,0,0,0,0,1,0,FALSE,Natural-dominated
Mare Pont du diable,13,19,45.490166,4.133384,1,Natural vegetation,1,Natural vegetation,0,0,0,0,1,0,FALSE,Natural-dominated
mercier amont presles,1,1,45.7549898,4.6686959,1,Natural vegetation,2,Cropland,0.5,0.5,0,0,0,1,TRUE,Urban-dominated
mercier amont ratier,NA,0,45.7565375,4.699425,1,Natural vegetation,2,Cropland,0.5,0.5,0,0,0,1,TRUE,Urban-dominated
miloniere,9.5,2,45.717876,4.6293848,1,Natural vegetation,1,Natural vegetation,0.25,0.25,0,0,0.5,0.5,TRUE,Natural-dominated
morcilles,6,6,46.1259817,4.7009917,2,Cropland,1,Natural vegetation,0,0.25,0,0,0.75,0.25,FALSE,Natural-dominated
Moulin Piquet aval,4,21,45.806483,4.319036,1,Natural vegetation,1,Natural vegetation,0,0,0,0,1,0,FALSE,Natural-dominated
PEU,NA,0,45.893655,7.107973,1,Natural vegetation,1,Natural vegetation,0,0,0.5,0,0.5,0,FALSE,Natural-dominated
PL09,41,39,51.46858,-1.440655,2,Cropland,2,Cropland,0,1,0,0,0,1,TRUE,Ag-dominated
PL15,8,32,51.41088,-1.325613,3,Urban,3,Urban,1,0,0,0,0,1,TRUE,Urban-dominated
PL17,5,160,51.43531,-1.205849,2,Cropland,2,Cropland,0,1,0,0,0,1,TRUE,Ag-dominated
PL18,3,202,51.45344,-1.227842,2,Cropland,2,Cropland,0,0.75,0,0,0.25,0.75,TRUE,Ag-dominated
PL19,4,125,51.46838,-1.085784,2,Cropland,2,Cropland,0,1,0,0,0,1,TRUE,Ag-dominated
PL20,21,84,51.44261,-1.157162,2,Cropland,2,Cropland,0,1,0,0,0,1,TRUE,Ag-dominated
ratier,NA,0,45.7567226,4.6994699,1,Natural vegetation,2,Cropland,0.5,0.5,0,0,0,1,TRUE,Urban-dominated
ratier amont charbonnieres,3,1,45.7581675,4.7554872,3,Urban,3,Urban,1,0,0,0,0,1,TRUE,Urban-dominated
ratier amont ribes,1,1,45.7558605,4.7437924,3,Urban,3,Urban,0.75,0.25,0,0,0,1,TRUE,Urban-dominated
ribes,NA,0,45.7559644,4.7436197,3,Urban,3,Urban,0.75,0.25,0,0,0,1,TRUE,Urban-dominated
RIC,NA,0,46.253521,7.110105,1,Natural vegetation,1,Natural vegetation,0,0,0,0,1,0,FALSE,Natural-dominated
rochefort,NA,0,46.18427,4.5496659,1,Natural vegetation,1,Natural vegetation,0,0,0,0,1,0,FALSE,Natural-dominated
Ruisseau de Violay,NA,0,45.826981,4.368869,1,Natural vegetation,1,Natural vegetation,0,0,0,0,1,0,FALSE,Natural-dominated
sallarin,4.5,8,46.0550185,4.651791,1,Natural vegetation,1,Natural vegetation,0,0,0,0,1,0,FALSE,Natural-dominated
samsons amont thielas,NA,0,46.1105995,4.6112859,1,Natural vegetation,1,Natural vegetation,0,0,0,0,1,0,FALSE,Natural-dominated
st didier,6,2,46.1658245,4.5684728,1,Natural vegetation,1,Natural vegetation,0,0,0,0,1,0,FALSE,Natural-dominated
Stour_Wixoe,4.5,12,52.0571,0.4997,2,Cropland,2,Cropland,0,1,0,0,0,1,TRUE,Ag-dominated
Taplow,NA,0,51.557559,-0.615023,3,Urban,1,Natural vegetation,0,0,0,0,1,0,FALSE,Natural-dominated
TE03,612,2,52.90345,-2.457871,1,Natural vegetation,1,Natural vegetation,0,0,0,0,1,0,FALSE,Natural-dominated
TE05,24,34,52.87967,-2.554205,1,Natural vegetation,2,Cropland,0,1,0,0,0,1,TRUE,Ag-dominated
TE09,48,43,52.8052,-2.522106,2,Cropland,2,Cropland,0,1,0,0,0,1,TRUE,Ag-dominated
TE16,84,12,52.94308,-2.437456,1,Natural vegetation,1,Natural vegetation,0,0,0,0,1,0,FALSE,Natural-dominated
TE20,48,17,52.79611,-2.544244,2,Cropland,2,Cropland,0,1,0,0,0,1,TRUE,Ag-dominated
TE22,6.5,30,52.87967,-2.554205,1,Natural vegetation,2,Cropland,0,1,0,0,0,1,TRUE,Ag-dominated
Thames_Taplow,1,6,51.5366,-0.698,3,Urban,3,Urban,1,0,0,0,0,1,TRUE,Urban-dominated
thielas,1,1,46.1103645,4.6113778,1,Natural vegetation,1,Natural vegetation,0,0,0,0,1,0,FALSE,Natural-dominated
thiollet,7,1,45.7144619,4.5749122,1,Natural vegetation,1,Natural vegetation,0,0,0,0,1,0,FALSE,Natural-dominated
Toranche aval,8,87,45.685126,4.215967,2,Cropland,2,Cropland,0,1,0,0,0,1,TRUE,Ag-dominated
Toranche St Cyr les Vignes,7.5,32,45.673081,4.301466,1,Natural vegetation,1,Natural vegetation,0,0.333333333,0,0,0.666666667,0.333333333,TRUE,Natural-dominated
Trout Beck_ Calgaith,1,6,54.3955,-2.92045,1,Natural vegetation,1,Natural vegetation,0,0,0.25,0,0.75,0,FALSE,Natural-dominated
VAD,NA,0,45.935034,7.226898,1,Natural vegetation,1,Natural vegetation,0,0,0.25,0,0.75,0,FALSE,Natural-dominated
VAU,NA,0,45.929509,7.244578,1,Natural vegetation,1,Natural vegetation,0,0,0,0,1,0,FALSE,Natural-dominated
vauxonne amont sallarin,NA,0,46.0549003,4.6509092,1,Natural vegetation,1,Natural vegetation,0,0,0,0,1,0,FALSE,Natural-dominated
VEL,NA,0,45.92677,7.24452,1,Natural vegetation,1,Natural vegetation,0,0,0.5,0,0.5,0,FALSE,Natural-dominated
vernus,3,10,46.1429728,4.6500288,1,Natural vegetation,1,Natural vegetation,0,0,0,0,1,0,FALSE,Natural-dominated
VID,NA,0,46.159321,6.814734,1,Natural vegetation,1,Natural vegetation,0,0,0,0,1,0,FALSE,Natural-dominated
VIM,NA,0,46.157014,6.801199,1,Natural vegetation,1,Natural vegetation,0,0,0,0,1,0,FALSE,Natural-dominated
VIU,NA,0,46.154945,6.8002,1,Natural vegetation,1,Natural vegetation,0,0,0,0,1,0,FALSE,Natural-dominated
Vizézy amont Bullieux,2,33,45.638865,4.104924,2,Cropland,2,Cropland,0,0.75,0,0,0.25,0.75,TRUE,Ag-dominated
Windsor,NA,0,51.441559,-0.554023,1,Natural vegetation,1,Natural vegetation,0,0,0,0,1,0,FALSE,Natural-dominated
yzeron amont miloniere,NA,0,45.7177929,4.6293654,1,Natural vegetation,1,Natural vegetation,0.25,0.25,0,0,0.5,0.5,TRUE,Natural-dominated
yzeron amont thiollet,NA,0,45.7146207,4.5748122,1,Natural vegetation,1,Natural vegetation,0,0,0,0,1,0,FALSE,Natural-dominated
