site_id,total_days,hypoxia_day_count,lat_wgs84,lon_wgs84,percent,Class
NZL00076,276,0,-46.38951541,168.7971561,0,0
NZL00079,275,0,-46.32627544,168.2659635,0,0
NZL00075,277,0,-46.23727757,169.7479876,0,0
NZL00080,277,0,-46.13030361,167.6858301,0,0
NZL00074,275,0,-45.84642828,170.2439385,0,0
NZL00081,279,0,-45.80502969,167.5342637,0,0
NZL00078,278,0,-45.71625294,168.4281448,0,0
NZL00071,270,0,-45.66474969,169.4100638,0,0
NZL00073,271,0,-45.59619921,170.0941372,0,0
NZL00077,276,0,-45.55825646,168.5612524,0,0
NZL00072,273,0,-45.25653788,170.2728455,0,0
NZL00069,271,0,-45.0063639,168.8687454,0,0
NZL00070,271,0,-44.98997365,168.714982,0,0
NZL00067,272,0,-44.92710749,171.1003386,0,0
NZL00068,271,0,-44.72909654,169.2805783,0,0
NZL00066,273,0,-44.72479926,170.4905505,0,0
NZL00065,273,0,-44.7005363,170.4511796,0,0
NZL00062,273,0,-44.26803132,171.3241322,0,0
NZL00063,274,0,-44.16825454,170.9416887,0,0
NZL00064,273,0,-44.07889343,170.9797196,0,0
NZL00057,269,0,-43.94246432,169.297935,0,0
NZL00004,59,0,-43.46666667,172.3272222,0,0
NZL00061,274,0,-43.41727627,172.6417652,0,0
NZL00060,275,0,-43.35899784,172.051179,0,0
NZL00059,275,0,-42.8984314,173.0966222,0,0
NZL00058,275,0,-42.79038859,172.5415535,0,0
NZL00055,274,0,-42.45351682,171.2979004,0,0
NZL00056,275,0,-42.35445854,171.7861606,0,0
NZL00051,280,0,-41.89640742,172.92295,0,0
NZL00054,274,0,-41.83490202,171.6998539,0,0
NZL00053,280,0,-41.76508844,172.3867622,0,0
NZL00050,279,0,-41.63348415,172.9137059,0,0
NZL00052,279,0,-41.43874895,173.9526757,0,0
NZL00049,280,0,-41.24979589,172.8247746,0,0
NZL00044,277,0,-41.19796051,174.9221918,0,0
NZL00046,276,0,-41.19542345,175.4396424,0,0
NZL00045,275,0,-41.05085782,175.1915888,0,0
NZL00047,275,0,-41.0029423,175.6715772,0,0
NZL00048,275,0,-40.76212132,175.6050745,0,0
NZL00033,276,0,-40.43534838,175.4697891,0,0
NZL00032,277,0,-40.37246877,175.6241641,0,0
NZL00031,277,0,-40.24049548,176.1117232,0,0
NZL00030,277,0,-40.12503749,175.4443694,0,0
NZL00038,270,0,-39.81786414,176.3040086,0,0
NZL00029,278,0,-39.8103246,175.8081458,0,0
NZL00028,279,0,-39.78687736,175.1425511,0,0
NZL00039,270,0,-39.71537881,176.9270268,0,0
NZL00040,270,0,-39.59642164,176.872472,0,0
NZL00027,280,0,-39.57634078,174.2103167,0,0
NZL00041,268,0,-39.37991823,176.3306411,0,0
NZL00026,280,0,-39.28117212,174.2617955,0,0
NZL00043,269,0,-39.17774762,176.6348188,0,0
NZL00042,268,0,-39.07355376,177.1290903,0,0
NZL00025,280,0,-39.04790138,174.2551041,0,0
NZL00024,281,0,-38.99450946,175.8131152,0,0
NZL00023,281,0,-38.94250456,175.1889173,0,0
235224,402,0,-38.7015,143.248,0,0
NZL00001,108,0,-38.68333333,176.0666667,0,0
NZL00022,274,0,-38.67574763,176.0773718,0,0
235209,391,0,-38.6685,143.581,0,0
227211,386,0,-38.64,146.372,0,0
235205,390,0,-38.6396,143.443,0,0
227237,387,0,-38.6296,146.308,0,0
235211,402,22,-38.5891,143.257,5.472636816,1
227202,398,0,-38.5816,145.992,0,0
235216,388,0,-38.5725,143.947,0,0
235202,400,0,-38.5629,143.656,0,0
227200,553,0,-38.5393,146.675,0,0
233214,399,5,-38.533,143.729,1.253132832,0
235227,401,0,-38.5243,143.484,0,0
NZL00020,273,0,-38.4843823,176.745757,0,0
235234,390,0,-38.4832,143.572,0,0
NZL00034,279,0,-38.46854899,177.8818198,0,0
227231,488,66,-38.4669,145.515,13.52459016,1
NZL00019,273,0,-38.45801112,176.6973332,0,0
235237,399,44,-38.4477,142.989,11.02756892,1
235203,402,0,-38.445,142.96,0,0
233228,391,46,-38.4212,143.711,11.76470588,1
NZL00035,281,0,-38.41500176,177.5616815,0,0
234203,372,9,-38.3539,143.419,2.419354839,0
236209,401,0,-38.3354,142.625,0,0
233224,390,9,-38.3252,143.834,2.307692308,0
237200,401,0,-38.3199,142.226,0,0
236216,387,3,-38.3056,142.881,0.775193798,0
NZL00011,275,0,-38.26870551,175.348281,0,0
237207,282,0,-38.2434,141.663,0,0
NZL00036,281,0,-38.19973323,177.621011,0,0
NZL00017,273,0,-38.18194818,176.5023829,0,0
233218,206,0,-38.1493,143.99,0,0
233200,94,0,-38.1434,144.187,0,0
226228,401,0,-38.1424,146.792,0,0
232202,388,23,-38.0893,144.278,5.927835052,1
NZL00021,274,0,-38.03980765,176.7997848,0,0
234201,232,0,-38.0119,143.643,0,0
225201,366,0,-37.9686,147.076,0,0
232200,460,2,-37.9549,144.486,0.434782609,0
NZL00018,274,0,-37.9389937,176.7670629,0,0
225204,572,0,-37.902,146.805,0,0
225210,401,0,-37.892,146.403,0,0
226222,430,0,-37.8822,145.893,0,0
NZL00037,280,0,-37.86369708,177.6322735,0,0
233215,403,0,-37.8107,143.918,0,0
NZL00012,275,0,-37.7985593,175.1518664,0,0
NZL00013,276,0,-37.79219956,175.2891096,0,0
232204,401,0,-37.7639,144.107,0,0
224203,402,0,-37.7636,147.375,0,0
231231,507,41,-37.7277,144.579,8.08678501,1
238228,398,2,-37.6451,141.506,0.502512563,0
232210,373,2,-37.6432,144.042,0.536193029,0
230205,401,0,-37.6314,144.801,0,0
225209,488,2,-37.6296,146.623,0.409836066,0
238202,401,1,-37.619,141.429,0.249376559,0
221212,394,0,-37.6071,148.902,0,0
223204,388,0,-37.5929,147.697,0,0
NZL00015,275,0,-37.54662567,175.7067882,0,0
236215,386,10,-37.526,143.674,2.590673575,0
405264,395,0,-37.5194,146.076,0,0
222202,394,0,-37.5115,148.547,0,0
231213,487,39,-37.4963,144.361,8.008213552,1
238223,402,1,-37.496,141.426,0.248756219,0
224213,400,0,-37.4951,147.269,0,0
221207,457,1,-37.447,148.915,0.218818381,0
NZL00014,275,0,-37.43209689,175.131536,0,0
NZL00016,275,0,-37.41479358,175.7153067,0,0
405205,401,0,-37.4137,145.564,0,0
230209,379,2,-37.4105,144.626,0.527704485,0
222217,377,0,-37.4102,148.36,0,0
224206,396,0,-37.4075,147.089,0,0
238208,389,0,-37.3744,142.507,0,0
405231,354,0,-37.3471,145.288,0,0
405219,394,0,-37.3309,146.131,0,0
405209,403,0,-37.3177,145.713,0,0
238231,391,1,-37.314,142.365,0.255754476,0
NZL00002,179,0,-37.28333333,175.05,0,0
223202,404,0,-37.2688,147.729,0,0
405203,404,1,-37.2468,145.889,0.247524752,0
407221,341,4,-37.2064,144.1,1.173020528,0
415207,397,12,-37.185,143.185,3.022670025,0
405214,406,0,-37.1583,146.113,0,0
407215,371,10,-37.109,144.058,2.69541779,0
405212,386,23,-37.099,145.056,5.958549223,1
401226,402,0,-37.088,147.458,0,0
405240,334,15,-37.0596,145.055,4.491017964,0
406213,391,1,-37.0151,144.54,0.255754476,0
405251,341,0,-36.9688,145.785,0,0
223214,400,2,-36.9547,147.928,0.5,0
406235,340,1,-36.9472,144.665,0.294117647,0
401203,401,0,-36.946,147.606,0,0
401216,401,0,-36.9327,147.472,0,0
415201,469,29,-36.9095,142.644,6.18336887,1
405234,365,0,-36.887,145.683,0,0
403244,408,0,-36.8764,147.064,0,0
406207,399,1,-36.8433,144.53,0.250626566,0
407203,400,2,-36.8312,143.892,0.5,0
402223,340,0,-36.7913,147.16,0,0
406214,362,43,-36.7735,144.428,11.87845304,1
NZL00010,279,3,-36.74427866,174.6179149,1.075268817,0
415200,401,9,-36.7399,142.147,2.244389027,0
405237,309,14,-36.7295,145.567,4.530744337,0
403205,402,0,-36.7256,146.953,0,0
407255,378,4,-36.6331,144.365,1.058201058,0
403213,333,4,-36.6195,146.244,1.201201201,0
405200,407,0,-36.617,145.22,0,0
404207,389,4,-36.6112,146.059,1.028277635,0
402203,353,0,-36.5954,147.1,0,0
403210,401,0,-36.5712,146.718,0,0
403230,401,0,-36.5335,146.668,0,0
403223,388,0,-36.5163,146.389,0,0
404216,397,2,-36.4735,145.942,0.503778338,0
401212,389,0,-36.445,147.829,0,0
408200,395,33,-36.4381,143.298,8.35443038,1
404224,359,0,-36.4337,145.669,0,0
407229,385,2,-36.4281,143.949,0.519480519,0
NZL00009,277,0,-36.38527369,174.5169717,0,0
402204,354,0,-36.3046,146.907,0,0
402222,531,0,-36.2535,147.02,0,0
404214,378,28,-36.0985,145.685,7.407407407,1
409025,665,65,-36.011389,145.994167,9.77443609,1
NZL00007,276,0,-35.73233182,174.0527027,0,0
NZL00008,275,0,-35.65192384,174.1507806,0,0
409005,4089,69,-35.629722,144.124444,1.687454145,0
409003,4236,89,-35.530145,144.96628,2.101038716,0
NZL00006,276,0,-35.27634202,174.0475414,0,0
NZL00005,276,0,-35.27339106,173.6881075,0,0
409014,4228,151,-35.090151,144.031288,3.571428571,0
409013,4222,232,-35.0376,143.5702,5.495026054,1
URY00001,34,1,-34.51666667,-56.4,2.941176471,0
203009,34,1,-34.51459204,-56.40207462,2.941176471,0
410040,2812,35,-34.477623,144.301,1.244665718,0
URY00005,31,0,-34.46666667,-57.85,0,0
ARG00005,210,0,-34.31555556,-58.50111111,0,0
412005,1315,100,-33.869444,144.881111,7.604562738,1
425007,3751,78,-33.743216,142.271015,2.079445481,0
203004,,0,-33.59805556,-70.37722222,0,0
CHL00002,,0,-33.59805556,-70.37722222,0,0
412039,1315,62,-33.487222,145.503889,4.714828897,0
412004,1185,300,-33.4108,147.9914,25.3164557,1
203003,,0,-33.37291235,-70.44791273,0,0
CHL00001,,0,-33.37138889,-70.44805556,0,0
412011,1310,211,-33.201111,146.453333,16.10687023,1
412006,1310,59,-33.091,147.1482,4.503816794,0
ARG00004,48,1,-32.8269,-60.6948,2.083333333,0
425012,523,28,-32.435278,142.379722,5.353728489,1
203010,32,0,-31.38479337,-57.98086891,0,0
URY00003,32,0,-31.38305556,-57.98,0,0
BRA00100,14,0,-30.974444,-54.687222,0,0
425004,1120,131,-30.533181,145.113718,11.69642857,1
BRA00103,48,0,-30.384722,-56.465556,0,0
URY00004,32,0,-30.24944444,-57.61277778,0,0
203011,32,0,-30.24753284,-57.61399425,0,0
425003,1308,282,-30.087342,145.936757,21.55963303,1
BRA00111,11,0,-30.030556,-51.251944,0,0
422001,1086,254,-30.015107,148.067833,23.38858195,1
204001,1661,25,-29.978564,152.724856,1.505117399,0
422002,1128,303,-29.948449,146.867852,26.86170213,1
BRA00008,59,0,-29.941111,-51.680556,0,0
BRA00109,10,0,-29.835,-51.366389,0,0
BRA00102,54,0,-29.748611,-57.089167,0,0
BRA00110,35,2,-29.730556,-51.083333,5.714285714,1
422003,1119,247,-29.5469,148.5767,22.07327971,1
BRA00108,28,0,-29.363056,-50.521389,0,0
BRA00101,68,2,-29.309167,-56.054722,2.941176471,0
BRA00107,29,0,-28.783611,-49.981944,0,0
BRA00106,22,0,-28.720278,-52.849722,0,0
416317A,44,5,-28.59855556,151.8886111,11.36363636,1
416415A,56,7,-28.57155,150.8455333,12.5,1
BRA00096,35,0,-28.439444,-50.301944,0,0
422204A,56,3,-28.43143333,148.2696,5.357142857,1
416402C,51,4,-28.41806111,151.0694417,7.843137255,1
422394A,72,1,-28.37139167,152.1415417,1.388888889,0
145010A,86,0,-28.245303,152.890705,0,0
422313B,71,2,-28.228888,152.227221,2.816901408,0
145018A,68,0,-28.219647,152.608453,0,0
145020A,44,0,-28.215478,152.867944,0,0
422310C,82,4,-28.21430556,152.0485278,4.87804878,0
146012A,50,1,-28.1787,153.4237,2,0
422306A,71,3,-28.16469,152.283525,4.225352113,0
146095A,51,1,-28.1497,153.4025,1.960784314,0
423202C,46,5,-28.116875,145.6866028,10.86956522,1
145008A,79,0,-28.070811,152.927328,0,0
BRA00098,11,0,-28.046111,-54.085278,0,0
422319B,50,1,-28.0352495,152.0142994,2,0
146010A,71,1,-28.02583333,153.1927778,1.408450704,0
146002B,68,3,-27.999981,153.310037,4.411764706,0
422355A,44,2,-27.99005833,151.7576111,4.545454545,0
422334A,71,8,-27.92672,151.86042,11.26760563,1
145102B,70,2,-27.909154,153.106498,2.857142857,0
BRA00099,12,0,-27.879167,-55.055278,0,0
422323A,45,1,-27.8699,151.510508,2.222222222,0
145014A,52,0,-27.833618,152.987672,0,0
ARG00002,221,1,-27.66666667,-58.43777777,0.452488688,0
143108A,85,6,-27.663774,152.700012,7.058823529,1
143107A,68,11,-27.601912,152.693968,16.17647059,1
143203C,71,2,-27.54228,152.1145,2.816901408,0
422316A,44,5,-27.5336733,151.2032948,11.36363636,1
422326A,69,2,-27.51729722,151.9411917,2.898550725,0
422332B,65,1,-27.4706111,151.7407528,1.538461538,0
143210B,44,0,-27.4536,152.517,0,0
143001C,92,1,-27.439727,152.668941,1.086956522,0
ARG00012,44,0,-27.43333333,-57.33333333,0,0
142202A,53,1,-27.34644444,152.9237472,1.886792453,0
422213A,49,2,-27.31853333,148.8257333,4.081632653,0
422350A,80,3,-27.30339444,151.2779722,3.75,0
422333A,51,7,-27.22510556,151.1857306,13.7254902,1
BRA00097,142,0,-27.173611,-53.229167,0,0
143921A,47,7,-27.13607222,152.3300167,14.89361702,1
142001A,89,8,-27.0978,152.8906,8.988764045,1
143009A,63,3,-26.98946,152.405221,4.761904762,0
143010B,54,1,-26.97710556,152.2856583,1.851851852,0
BRA00105,36,2,-26.918056,-49.065278,5.555555556,1
141010A,46,1,-26.877529,153.00411,2.173913043,0
143007A,43,0,-26.8042,152.273,0,0
422308C,58,3,-26.8001,150.57495,5.172413793,1
141006A,70,21,-26.76135955,152.9822091,30,1
138120A,58,0,-26.759133,152.8730414,0,0
141008A,68,0,-26.66189694,153.0185323,0,0
138110A,97,1,-26.62740743,152.7046355,1.030927835,0
141003C,67,0,-26.62270615,152.9584324,0,0
141001B,60,0,-26.58957031,152.9040222,0,0
141004B,62,3,-26.56213227,152.9392369,4.838709677,0
138111A,80,0,-26.52614175,152.7439201,0,0
136301B,60,2,-26.50130572,151.7712032,3.333333333,0
141009A,75,22,-26.49453884,152.9615794,29.33333333,1
136209A,79,6,-26.47004314,152.0575293,7.594936709,1
138113A,75,7,-26.38988703,152.6446891,9.333333333,1
138102C,82,1,-26.3654542,152.6201768,1.219512195,0
138107B,78,18,-26.33062238,152.8136828,23.07692308,1
138003D,76,6,-26.21617591,152.5215599,7.894736842,1
136304A,51,0,-26.1816336,151.5460502,0,0
138007A,77,0,-26.16946476,152.6008013,0,0
BRA00089,3,0,-26.165278,-51.227778,0,0
138010A,69,1,-26.07941476,152.2191617,1.449275362,0
138009A,68,7,-26.07732958,152.7838197,10.29411765,1
140002A,80,0,-26.0571685,153.0426495,0,0
138002C,62,3,-26.00538295,152.4115021,4.838709677,0
138001A,84,0,-25.95332924,152.4956601,0,0
ARG00001,79,0,-25.9183,-54.6216666,0,0
138004B,91,2,-25.90308211,152.3491138,2.197802198,0
136208A,82,19,-25.90278632,151.8438363,23.17073171,1
138903A,76,1,-25.82033498,152.722162,1.315789474,0
136319A,65,1,-25.78592226,151.3328367,1.538461538,0
138014A,81,1,-25.76832547,152.5273595,1.234567901,0
130324A,91,0,-25.74473,149.32991,0,0
136207A,86,1,-25.71077157,151.8083241,1.162790698,0
136305A,88,0,-25.6814991,151.0076804,0,0
130302A,113,9,-25.63772222,149.7895833,7.96460177,1
BRA00090,70,0,-25.627778,-54.480556,0,0
136017B,100,0,-25.62154942,151.6036895,0,0
136094A,101,2,-25.59482836,151.2973562,1.98019802,0
BRA00087,36,0,-25.55,-54.583056,0,0
136002D,124,1,-25.54471212,151.6549444,0.806451613,0
BRA00088,158,3,-25.440833,-49.118333,1.898734177,0
136106A,115,5,-25.40225205,151.1032719,4.347826087,0
137201A,64,0,-25.26655416,152.3684384,0,0
137103A,51,3,-25.15343652,152.3915743,5.882352941,1
136101C,43,0,-25.12890304,151.1306622,0,0
137101A,69,27,-25.08624773,152.2404558,39.13043478,1
136112A,68,3,-24.99231316,151.3473608,4.411764706,0
137001B,69,2,-24.98844494,152.3758122,2.898550725,0
137003A,53,7,-24.97237411,152.4214666,13.20754717,1
135004A,58,1,-24.96863311,151.8918597,1.724137931,0
130317B,94,1,-24.83211111,149.975,1.063829787,0
135002A,76,2,-24.75334711,151.5871724,2.631578947,0
134001B,78,2,-24.51363146,151.7362803,2.564102564,0
BRA00104,169,0,-24.489167,-47.834722,0,0
130327A,50,1,-24.106457,150.287185,2,0
130306B,62,6,-24.09627778,150.1145833,9.677419355,1
130322A,84,1,-24.08827,149.82191,1.19047619,0
BRA00086,71,1,-24.066667,-54.25,1.408450704,0
132001A,75,0,-23.98498333,151.0975639,0,0
130209A,47,1,-23.88485,147.75721,2.127659574,0
130004A,83,3,-23.81911544,150.8206288,3.614457831,0
130335A,57,0,-23.76571,150.35794,0,0
BRA00081,131,2,-23.591111,-48.494444,1.526717557,0
130003B,77,0,-23.57636111,149.9378333,0,0
120305A,51,3,-23.57570667,146.6743528,5.882352941,1
BRA00078,131,32,-23.565,-46.015833,24.42748092,1
BRA00079,64,63,-23.521667,-46.631111,98.4375,1
130219A,112,1,-23.48155556,148.4726667,0.892857143,0
130206A,70,2,-23.42923889,148.1513806,2.857142857,0
BRA00085,83,0,-23.324444,-52.665278,0,0
130005A,108,2,-23.08897222,150.1071389,1.851851852,0
BRA00082,87,1,-22.998333,-49.9075,1.149425287,0
BRA00002,70,0,-22.843611,-45.251111,0,0
129001A,74,1,-22.835,150.6659444,1.351351351,0
BRA00005,70,0,-22.808333,-43.611944,0,0
BRA00073,85,1,-22.657222,-43.664167,1.176470588,0
130401A,93,0,-22.65658355,149.1157774,0,0
BRA00083,87,0,-22.597222,-52.874444,0,0
BRA00006,91,1,-22.536389,-44.175,1.098901099,0
130404A,73,0,-22.33591667,148.9484722,0,0
BRA00084,66,1,-21.878333,-53.893889,1.515151515,0
BRA00080,131,0,-21.758611,-48.994167,0,0
BRA00095,44,9,-21.700278,-57.891111,20.45454545,1
120301B,79,5,-21.533111,146.859645,6.329113924,1
125005A,57,0,-21.3228,148.8351167,0,0
126001A,50,1,-21.2832888,149.0225055,2,0
120303A,66,10,-21.22904875,146.9133949,15.15151515,1
125013A,49,0,-21.1419083,149.0758388,0,0
125006A,56,0,-21.1120083,148.6353722,0,0
120302B,83,5,-20.99956331,146.4271187,6.024096386,1
120015A,67,0,-20.626996,147.16528,0,0
BRA00053,55,0,-20.3325,-46.467778,0,0
BRA00094,41,4,-20.241111,-56.399722,9.756097561,1
BRA00068,53,0,-20.219444,-42.752222,0,0
BRA00077,40,0,-20.167778,-48.688333,0,0
BRA00012,48,0,-20.016944,-43.828333,0,0
BRA00011,42,0,-20.016667,-44.366667,0,0
120002C,98,2,-20.006269,146.439048,2.040816327,0
120006B,89,1,-19.75856,147.24362,1.123595506,0
BRA00054,67,43,-19.714167,-43.845,64.17910448,1
119101A,82,2,-19.69072778,147.169825,2.43902439,0
913006A,47,1,-19.6878,139.3607,2.127659574,0
120106B,43,1,-19.681297,145.5402992,2.325581395,0
119003A,97,2,-19.63313611,147.1102778,2.06185567,0
BRA00070,25,0,-19.411944,-40.065556,0,0
118003A,67,12,-19.31789167,146.7025667,17.91044776,1
117002A,44,2,-19.23771042,146.6328656,4.545454545,0
120110A,72,1,-19.20732678,145.4950361,1.388888889,0
117003A,56,0,-19.18330833,146.5469361,0,0
BRA00069,44,0,-19.179167,-41.466389,0,0
917115A,48,0,-19.08491418,144.1685157,0,0
BRA00076,46,0,-19.050278,-50.503333,0,0
BRA00093,47,5,-18.988333,-57.659167,10.63829787,1
912105A,52,0,-18.96943611,138.8040917,0,0
116017A,45,2,-18.7664666,145.9498333,4.444444444,0
912101A,41,0,-18.64189167,139.2523694,0,0
917106A,46,1,-18.50016111,144.0958528,2.173913043,0
913007B,43,0,-18.23299062,139.8786758,0,0
116010A,56,1,-18.2042,145.5371,1.785714286,0
917001D,55,0,-18.20250277,142.8760139,0,0
116004C,50,1,-18.1926,145.3321,2,0
915003A,60,0,-18.161675,140.8582,0,0
917107A,75,0,-18.13355555,144.3064833,0,0
BRA00065,54,0,-18.12,-43.516667,0,0
114001A,63,1,-18.10691667,145.8053611,1.587301587,0
116012A,47,0,-18.067,145.3399,0,0
113006A,107,0,-17.99213889,145.9424722,0,0
916001B,55,2,-17.86002452,141.1287261,3.636363636,0
116015A,45,1,-17.7371,145.4363,2.222222222,0
116013A,45,0,-17.6523,145.3409,0,0
116014A,42,0,-17.6266,145.2959,0,0
112101B,55,1,-17.60888889,145.9790556,1.818181818,0
112002A,52,0,-17.56531666,145.9062167,0,0
112004A,75,1,-17.54563889,145.9325278,1.333333333,0
111101D,68,1,-17.38595,145.9672667,1.470588235,0
112003A,53,0,-17.3808,145.6509,0,0
110021A,46,0,-17.33747,145.51268,0,0
BRA00040,12,0,-17.301944,-53.216667,0,0
110019B,52,0,-17.26313889,145.5768611,0,0
110003A,61,0,-17.25911111,145.5385833,0,0
110018A,58,0,-17.22863889,145.54825,0,0
919311A,54,0,-17.18124444,144.8990889,0,0
110017A,63,0,-17.13433333,145.5981667,0,0
111007A,57,0,-17.13336111,145.7645556,0,0
919310A,54,0,-16.9823,144.2887028,0,0
110104A,44,0,-16.94208333,145.6951389,0,0
110001D,74,0,-16.79983333,145.6121111,0,0
BRA00075,29,7,-16.741389,-49.143333,24.13793103,1
919005A,59,1,-16.67908,145.22862,1.694915254,0
BRA00066,54,0,-16.596667,-41.756944,0,0
919014A,41,2,-16.563052,144.889665,4.87804878,0
919309A,63,0,-16.54691172,143.7828436,0,0
919011A,84,0,-16.53453993,143.6772405,0,0
918003A,50,0,-16.53148843,142.0596789,0,0
919013A,78,0,-16.49775,145.00174,0,0
919003A,50,0,-16.47082528,144.2893509,0,0
109001A,47,0,-16.4552,145.3702,0,0
108008A,54,0,-16.390311,145.337975,0,0
108002A,59,0,-16.179607,145.281892,0,0
919201A,63,2,-16.1076,144.77766,3.174603175,0
919204A,71,1,-16.04033677,143.0378315,1.408450704,0
BRA00067,12,0,-15.946944,-39.558889,0,0
BRA00092,67,0,-15.870278,-56.076667,0,0
BRA00036,11,0,-15.848611,-48.927222,0,0
105105A,53,2,-15.76799,145.01297,3.773584906,0
BRA00063,48,0,-15.702778,-42.171944,0,0
107003A,51,0,-15.687795,145.208518,0,0
105102A,41,2,-15.61372,144.48477,4.87804878,0
107001B,43,0,-15.42479,145.06586,0,0
BRA00042,31,0,-15.313611,-54.175556,0,0
105101A,59,4,-15.2816,144.8387,6.779661017,1
BRA00021,13,0,-15.215556,-59.353611,0,0
BRA00041,12,0,-14.926667,-51.109444,0,0
BRA00055,31,0,-14.75,-43.93,0,0
BRA00091,103,1,-14.541944,-55.8475,0.970873786,0
922101B,42,0,-13.955092,143.174689,0,0
BRA00062,12,1,-13.871111,-40.215556,8.333333333,1
BRA00028,24,0,-13.558611,-55.268056,0,0
BRA00027,21,0,-13.552222,-59.035,0,0
BRA00061,12,0,-12.603056,-38.980833,0,0
BRA00004,73,1,-12.587778,-39,1.369863014,0
925001A,56,0,-12.454008,142.639199,0,0
BRA00060,12,1,-12.421944,-41.389167,8.333333333,1
BRA00043,12,0,-12.291667,-50.963056,0,0
926002A,54,0,-11.832684,142.421975,0,0
BRA00024,35,1,-11.683611,-61.192222,2.857142857,0
BRA00056,2,0,-11.155278,-43.371389,0,0
927001B,55,0,-11.148949,142.352624,0,0
BRA00022,41,6,-10.7925,-65.347778,14.63414634,1
BRA00059,8,0,-10.638889,-37.698056,0,0
BRA00016,62,5,-9.975,-67.800833,8.064516129,1
BRA00058,58,1,-9.9713889,-37.002778,1.724137931,0
BRA00029,23,0,-9.6391667,-56.014444,0,0
BRA00037,4,0,-9.5638889,-48.381667,0,0
BRA00052,18,0,-9.1544444,-36.035833,0,0
BRA00010,67,0,-9.0666667,-38.3,0,0
BRA00023,42,0,-8.7483333,-63.916944,0,0
BRA00057,12,1,-8.7191667,-39.113611,8.333333333,1
BRA00047,15,7,-8.0847222,-43.805,46.66666667,1
BRA00009,59,12,-8.0166667,-35.05,20.33898305,1
IDN00007,19,0,-7.943611111,110.4111111,0,0
BRA00014,65,1,-7.6330556,-72.661667,1.538461538,0
IDN00019,24,5,-7.351388889,112.6666667,20.83333333,1
BRA00038,2,0,-7.3358333,-47.478889,0,0
IDN00009,89,35,-7.300555556,112.7413889,39.3258427,1
BRA00017,68,1,-7.2580556,-64.7975,1.470588235,0
IDN00006,83,58,-6.986388889,107.5833333,69.87951807,1
IDN00012,47,0,-6.761944444,108.1333333,0,0
IDN00013,47,0,-6.316666667,107.3166667,0,0
IDN00015,31,2,-6.207777778,106.8486111,6.451612903,1
BRA00034,10,7,-6.1872222,-54.083611,70,1
IDN00003,80,56,-6.13,106.8941667,70,1
IDN00002,76,66,-6.085,106.875,86.84210526,1
BRA00030,9,7,-6.0452778,-57.642778,77.77777778,1
BRA00050,66,4,-5.8997222,-38.633056,6.060606061,1
BRA00039,19,1,-5.7894444,-47.468889,5.263157895,1
BRA00048,48,0,-5.135,-42.811111,0,0
BRA00025,62,1,-4.8972222,-60.025278,1.612903226,0
BRA00015,59,2,-4.8391667,-66.850556,3.389830508,0
BRA00031,56,15,-4.2755556,-55.982222,26.78571429,1
BRA00013,6,1,-4.2347222,-69.944722,16.66666667,1
BRA00046,16,1,-4.2194444,-44.765278,6.25,1
BRA00049,64,0,-3.4538889,-42.37,0,0
BRA00044,3,0,-3.4466667,-49.605278,0,0
IDN00011,11,2,-3.316666667,114.55,18.18181818,1
BRA00018,65,3,-3.3105556,-60.609444,4.615384615,0
BRA00035,33,12,-3.2147222,-52.212222,36.36363636,1
BRA00020,2,1,-3.1366667,-60.026944,50,1
KEN00003,3,1,-3.121388889,39.82222222,33.33333333,1
410221,3,1,-3.118669515,39.82708847,33.33333333,1
IDN00021,13,0,-3,104.7502778,0,0
IDN00022,51,1,-3,104.7502778,1.960784314,0
BRA00032,24,0,-2.4136111,-54.737778,0,0
BRA00026,30,0,-1.9191667,-55.513056,0,0
ECU00001,7,0,-1.716666667,-79.99333333,0,0
410224,4,2,-1.202241726,37.1145492,50,1
KEN00006,4,2,-1.199444444,37.11944444,50,1
KEN00039,3,0,-1.0662,34.47095,0,0
KEN00011,1,0,-0.988333333,34.24972222,0,0
KEN00038,2,0,-0.95012,34.20985,0,0
KEN00041,3,0,-0.8988,35.4374,0,0
410223,4,0,-0.797775525,37.26062328,0,0
KEN00005,5,0,-0.797222222,37.26361111,0,0
KEN00040,3,0,-0.7899,35.34664,0,0
KEN00035,3,0,-0.51478,35.07985,0,0
KEN00034,3,0,-0.47814,35.08298,0,0
KEN00032,3,0,-0.46819,34.54956,0,0
KEN00037,2,0,-0.39506,35.01588,0,0
KEN00031,3,0,-0.37964,34.63544,0,0
KEN00033,3,0,-0.36871,35.29764,0,0
KEN00036,3,0,-0.34796,34.79107,0,0
203013,44,0,-0.302004803,-78.46031086,0,0
ECU00002,44,0,-0.2975,-78.46277778,0,0
ECU00003,38,0,-0.266666667,-78.9,0,0
KEN00024,3,0,-0.25453,35.41504,0,0
KEN00060,2,0,-0.23426,35.54472,0,0
KEN00061,3,0,-0.23398,34.95709,0,0
KEN00023,3,0,-0.20678,35.46189,0,0
KEN00025,3,0,-0.1971,35.53526,0,0
KEN00028,3,0,-0.16596,35.16153,0,0
KEN00026,3,0,-0.16277,35.58416,0,0
KEN00029,3,0,-0.136111,34.797222,0,0
KEN00022,3,0,-0.1354,35.6017,0,0
KEN00027,2,0,-0.12571,35.00137,0,0
KEN00030,3,0,-0.09539,34.47478,0,0
KEN00021,3,0,-0.061,35.148,0,0
KEN00020,3,0,-0.02966,35.17945,0,0
KEN00019,1,0,-0.00203,34.14148,0,0
KEN00016,2,0,0.12128,34.091,0,0
KEN00018,2,0,0.13577,35.1254,0,0
KEN00017,3,0,0.19608,35.05008,0,0
KEN00015,3,0,0.25458,34.75048,0,0
KEN00010,2,2,0.268611111,34.37638889,100,1
KEN00012,2,0,0.39486,35.19924,0,0
KEN00013,3,0,0.58412,34.80091,0,0
BRA00045,31,6,0.7075,-51.438889,19.35483871,1
KEN00014,3,0,0.78388,34.80341,0,0
MYS00004,51,2,1.633333333,103.6375,3.921568627,0
BRA00019,23,3,1.8238889,-61.123611,13.04347826,1
MYS00003,63,10,2.608333333,101.9458333,15.87301587,1
MYS00001,94,43,3.138888889,101.6972222,45.74468085,1
MYS00002,10,0,3.3,101.7333333,0,0
MYS00007,10,0,4.385277778,101.1997222,0,0
MYS00005,99,0,5.609722222,100.6263889,0,0
MYS00006,9,0,5.7625,102.15,0,0
LKA00022,6,0,6.418055556,80.0475,0,0
LKA00024,6,1,6.435555556,80.02416667,16.66666667,1
LKA00026,6,0,6.438333333,80.00138889,0,0
LKA00027,6,0,6.440833333,79.99638889,0,0
LKA00028,6,0,6.442222222,79.99694444,0,0
LKA00023,6,0,6.446666667,80.0325,0,0
LKA00029,6,0,6.458055556,79.99444444,0,0
LKA00025,6,0,6.461111111,80.01194444,0,0
LKA00012,103,0,6.907,80.06583,0,0
LKA00007,103,0,6.91,80.083,0,0
LKA00011,103,0,6.917,80.098,0,0
LKA00013,103,10,6.9333,79.9922,9.708737864,1
LKA00008,102,0,6.9358,79.9847,0,0
LKA00003,125,0,6.93833,79.945722,0,0
LKA00001,102,16,6.93917,79.96917,15.68627451,1
LKA00005,103,1,6.954,80.22,0.970873786,0
LKA00002,127,0,6.9603,79.87833333,0,0
LKA00009,101,0,6.97361,80.1227,0,0
LKA00006,103,0,6.978611111,80.194,0,0
LKA00010,102,1,6.9825,80.12361,0.980392157,0
LKA00044,17,0,7.093333333,79.97111111,0,0
LKA00049,17,1,7.109722222,79.8825,5.882352941,1
LKA00045,17,0,7.123333333,79.92444444,0,0
LKA00048,17,2,7.133055556,79.89027778,11.76470588,1
LKA00046,17,0,7.139166667,79.91888889,0,0
LKA00047,17,0,7.1625,79.89472222,0,0
LKA00021,55,0,7.2528,80.4389,0,0
LKA00014,55,0,7.271,79.864,0,0
LKA00016,54,0,7.2853,80.0614,0,0
LKA00020,55,0,7.28806,80.384444,0,0
LKA00018,55,0,7.2927,80.2406,0,0
LKA00015,55,1,7.3019,80.194,1.818181818,0
LKA00019,55,0,7.3214,80.3153,0,0
LKA00017,55,1,7.3292,80.1231,1.818181818,0
203007,68,1,8.273191278,-81.86463168,1.470588235,0
PAN00002,68,1,8.273333333,-81.86277778,1.470588235,0
PAN00056,35,0,8.9330578,-79.9296185,0,0
PAN00055,35,1,8.9381689,-79.9301311,2.857142857,0
PAN00054,35,7,8.94336051,-79.9303161,20,1
PAN00011,78,0,8.9483219,-80.062494,0,0
PAN00065,35,7,8.95779645,-79.8732459,20,1
PAN00060,34,5,8.9581813,-79.8369184,14.70588235,1
PAN00058,35,0,8.9619248,-79.92022,0,0
PAN00057,44,0,8.9632358,-79.9201164,0,0
PAN00010,76,0,8.9777777,-79.988985,0,0
PAN00064,34,1,8.97817299,-79.885717,2.941176471,0
PAN00061,35,0,8.9892073,-79.847898,0,0
PAN00063,35,1,8.990473,-79.874164,2.857142857,0
PAN00081,32,1,8.996388889,-79.9275,3.125,0
PAN00062,35,6,8.9999842,-79.864501,17.14285714,1
PAN00009,59,0,9.00415,-79.8261,0,0
PAN00059,35,2,9.0067577,-79.9001933,5.714285714,1
PAN00066,40,0,9.017222222,-79.89416667,0,0
PAN00082,32,3,9.028888889,-79.92666667,9.375,1
IND00042,270,0,9.033333333,76.91666667,0,0
PAN00083,41,6,9.048055556,-79.91055556,14.63414634,1
PAN00079,40,0,9.104166667,-79.57138889,0,0
PAN00069,44,0,9.119166667,-79.69,0,0
PAN00071,44,0,9.119444444,-79.68944444,0,0
PAN00076,39,0,9.1225,-79.58861111,0,0
PAN00080,38,0,9.1275,-79.59416667,0,0
PAN00070,44,0,9.136111111,-79.67944444,0,0
PAN00073,32,0,9.140555556,-80.19444444,0,0
PAN00074,29,0,9.155,-79.60138889,0,0
PAN00075,32,0,9.161666667,-79.62722222,0,0
PAN00077,28,2,9.165277778,-79.56805556,7.142857143,1
PAN00078,32,0,9.168055556,-79.62388889,0,0
PAN00072,32,2,9.173611111,-79.65305556,6.25,1
PAN00068,45,0,9.179444444,-79.65472222,0,0
VNM00033,1,0,9.184722222,105.1591667,0,0
PAN00084,40,0,9.202777778,-79.52027778,0,0
PAN00086,20,1,9.215277778,-79.66055556,5,1
PAN00052,7,1,9.2159789,-79.6604929,14.28571429,1
PAN00051,13,1,9.21636577,-79.6599636,7.692307692,1
PAN00048,10,1,9.2248944,-79.6603409,10,1
PAN00050,9,1,9.2250142,-79.66090503,11.11111111,1
PAN00049,5,0,9.2254103,-79.660484,0,0
203008,62,0,9.232665147,-78.6892956,0,0
PAN00003,62,0,9.233333333,-78.68333333,0,0
VNM00028,1,0,9.234722222,105.4066667,0,0
PAN00047,9,0,9.2373315,-79.65645311,0,0
PAN00046,13,0,9.2378544,-79.6560325,0,0
PAN00045,11,0,9.2379083,-79.6559503,0,0
PAN00044,9,0,9.2638844,-79.638339,0,0
PAN00007,73,0,9.266797,-79.50713,0,0
PAN00008,45,0,9.2813612,-79.3980357,0,0
PAN00043,9,0,9.28558734,-79.6361979,0,0
PAN00041,9,0,9.286219,-79.635941,0,0
PAN00042,10,0,9.286733,-79.6366937,0,0
PAN00004,72,0,9.29866,-79.76527,0,0
VNM00024,1,1,9.304722222,105.675,100,1
VNM00030,1,1,9.307222222,105.3105556,100,1
PAN00040,9,0,9.3088888,-79.6291666,0,0
PAN00039,12,0,9.3357233,-79.616284,0,0
PAN00005,75,0,9.380499,-79.56153,0,0
PAN00006,74,0,9.38217,-79.521599,0,0
VNM00032,1,1,9.3975,105.1616667,100,1
VNM00021,1,0,9.426666667,106,0,0
VNM00026,1,0,9.473333333,105.5241667,0,0
VNM00031,1,1,9.499166667,105.2705556,100,1
VNM00022,1,0,9.521111111,105.835,0,0
VNM00020,2,0,9.557222222,106,0,0
VNM00025,1,0,9.557777778,105.6111111,0,0
VNM00027,1,0,9.5825,105.4286111,0,0
VNM00023,1,0,9.7925,105.8186111,0,0
IND00043,250,1,9.8,76.9,0.4,0
VNM00004,144,1,10.0575,105.8077778,0.694444444,0
IND00017,317,2,10.125,76.33333333,0.630914826,0
IND00018,321,0,10.18333333,76.53333333,0,0
VNM00002,144,0,10.27972222,105.9052778,0,0
VNM00001,144,0,10.35444444,106.3711111,0,0
VNM00007,19,0,10.39861111,106.2583333,0,0
VNM00009,18,0,10.49388889,106.0927778,0,0
VNM00011,17,3,10.52055556,105.8372222,17.64705882,1
VNM00018,19,0,10.52277778,105.5647222,0,0
VNM00006,19,0,10.54972222,106.3602778,0,0
VNM00010,20,1,10.60916667,106.0394444,5,1
VNM00008,18,0,10.65,106.1833333,0,0
VNM00012,16,0,10.65861111,105.7552778,0,0
VNM00017,18,1,10.67222222,105.5477778,5.555555556,1
VNM00016,7,1,10.68333333,105.5666667,14.28571429,1
VNM00019,19,0,10.69305556,105.3925,0,0
VNM00005,146,0,10.7,105.1569444,0,0
VNM00003,142,1,10.78666667,105.2336111,0.704225352,0
VNM00014,17,0,10.81611111,105.5902778,0,0
VNM00013,16,0,10.82194444,105.7452778,0,0
VNM00015,6,0,10.85,105.5666667,0,0
IND00071,15,0,10.94,79.14305556,0,0
IND00031,171,1,10.94277778,78.44138889,0.584795322,0
KHM00010,47,0,11.0677777,105.2094444,0,0
KHM00012,47,1,11.10527777,105.0605555,2.127659574,0
IND00021,318,2,11.21666667,75.91666667,0.628930818,0
IND00020,320,0,11.24166667,75.95,0,0
KHM00001,103,0,11.34777778,105.2769444,0,0
IND00072,75,11,11.41666667,79.78333333,14.66666667,1
IND00051,219,10,11.43333333,77.76666667,4.566210046,0
KHM00004,102,1,11.45,105.0447222,0.980392157,0
KHM00011,99,1,11.4786111,104.9530556,1.01010101,0
KHM00002,98,0,11.58333333,104.9425,0,0
IND00050,207,3,11.81666667,77.8,1.449275362,0
KHM00003,96,0,12,105.4666667,0,0
IND00041,182,0,12.16666667,76.78333333,0,0
IND00034,333,0,12.25,77.15,0,0
IND00033,333,1,12.41666667,76.58333333,0.3003003,0
KHM00006,93,0,12.47,106.0158333,0,0
KHM00009,42,0,13.5358333,105.9625,0,0
THA00007,27,5,13.7,101.0833333,18.51851852,1
THA00006,15,12,13.86666667,100.4766667,80,1
KHM00007,45,0,14.1194444,106.3930556,0,0
IND00038,257,1,14.21666667,75.7,0.389105058,0
IND00030,133,1,14.45,79.98333333,0.751879699,0
MEX02563,38,1,14.55447,-92.21704,2.631578947,0
MEX02561,36,2,14.61337,-92.18057,5.555555556,1
MEX02564,36,5,14.62189,-92.31748,13.88888889,1
THA00003,61,1,14.62583333,101.0166667,1.639344262,0
MEX02560,37,1,14.69897,-92.14768,2.702702703,0
MEX02558,38,2,14.74302,-92.16895,5.263157895,1
MEX02556,37,2,14.8052,-92.25491,5.405405405,1
MEX02540,37,7,14.83115,-92.19713,18.91891892,1
MEX02539,37,7,14.83517,-92.19339,18.91891892,1
MEX02545,38,3,14.84995,-92.43366,7.894736842,1
MEX02555,37,5,14.85485,-92.26092,13.51351351,1
MEX02554,37,3,14.85507,-92.2526,8.108108108,1
MEX02546,35,2,14.86586,-92.42384,5.714285714,1
MEX02553,37,2,14.89393,-92.23864,5.405405405,1
MEX02549,38,3,14.89621,-92.32351,7.894736842,1
MEX02548,38,1,14.90866,-92.38669,2.631578947,0
MEX02551,37,3,14.93497,-92.25304,8.108108108,1
MEX02567,37,0,14.96428,-92.1471,0,0
MEX04145,7,0,14.984051,-92.501045,0,0
MEX02568,37,0,14.99234,-92.18306,0,0
MEX02552,36,0,14.99242,-92.24168,0,0
THA00022,36,1,15.01833333,102.2866667,2.777777778,0
MEX04144,7,0,15.033582,-92.36121,0,0
LAO00001,205,0,15.1114,105.8006,0,0
MEX02541,35,1,15.13953,-92.5927,2.857142857,0
THA00025,91,0,15.20277778,105.4322222,0,0
THA00005,99,0,15.2216666,104.8613889,0,0
THA00021,99,0,15.24,105.25,0,0
IND00029,339,0,15.26666667,76.35,0,0
THA00010,205,0,15.31833333,105.5,0,0
THA00023,97,0,15.335,104.1616667,0,0
MEX02544,38,1,15.34726,-92.74882,2.631578947,0
LAO00004,107,0,15.35972222,105.8325,0,0
MEX02537,35,0,15.39275,-92.17829,0,0
LAO00005,70,0,15.4025,105.8180556,0,0
MEX02535,34,0,15.43519,-92.11254,0,0
MEX02536,36,0,15.43784,-92.11537,0,0
MEX02519,32,7,15.48348,-93.15173,21.875,1
IND00064,55,0,15.51666667,73.9,0,0
MEX02518,37,14,15.55263,-93.23706,37.83783784,1
THA00024,99,0,15.57,103.8233333,0,0
IND00063,53,1,15.63333333,73.85,1.886792453,0
THA00002,67,1,15.67083333,100.1125,1.492537313,0
MEX02520,36,0,15.67258,-93.21907,0,0
MEX02463,29,0,15.693,-92.16665,0,0
MEX02521,37,0,15.6989,-93.21074,0,0
MEX03790,36,3,15.7166,-96.609,8.333333333,1
MEX03794,34,3,15.7327,-96.761,8.823529412,1
MEX03791,25,3,15.7358,-96.7603,12,1
MEX04157,7,0,15.74323,-96.54696,0,0
MEX04389,1,0,15.74385,-96.54458,0,0
MEX03793,30,6,15.7443,-96.7656,20,1
MEX03795,32,3,15.7499,-96.7614,9.375,1
MEX03789,17,0,15.755439,-96.29983,0,0
THA00014,98,0,15.78166667,104.1363889,0,0
MEX03796,35,4,15.79466,-96.72652,11.42857143,1
MEX02462,29,0,15.80096,-91.90477,0,0
MEX03788,27,2,15.81,-96.0621,7.407407407,1
MEX03784,26,4,15.82111,-96.06556,15.38461538,1
MEX02464,35,0,15.82156,-92.2042,0,0
MEX02461,35,2,15.82521,-91.91038,5.714285714,1
MEX03786,35,2,15.8309,-95.9931,5.714285714,1
MEX03760,18,0,15.831314,-96.3282772,0,0
MEX03787,35,3,15.8464,-95.998,8.571428571,1
MEX03814,36,0,15.85236,-97.02624,0,0
MEX03813,35,0,15.89748,-96.94879,0,0
MEX03782,30,3,15.9014,-95.8486,10,1
MEX03785,29,3,15.91726,-95.85161,10.34482759,1
THA00018,36,2,15.93027778,102.03,5.555555556,1
MEX03783,21,0,15.94397,-96.02631,0,0
MEX03797,39,0,15.9596,-97.2506,0,0
MEX03802,38,0,15.96893,-97.47018,0,0
MEX03801,39,0,16.00499,-97.4468,0,0
MEX03799,28,1,16.0106,-97.44054,3.571428571,0
MEX03809,24,0,16.039417,-97.751028,0,0
MEX03798,36,0,16.05415,-97.41083,0,0
MEX02526,32,0,16.07329,-93.76006,0,0
MEX02432,31,1,16.0734,-92.82994,3.225806452,0
MEX03804,22,0,16.08252,-97.73634,0,0
MEX02525,38,0,16.08672,-93.72305,0,0
THA00016,98,1,16.1,102.5766667,1.020408163,0
MEX03806,40,0,16.10805,-97.73271,0,0
MEX02451,31,4,16.15124,-91.82552,12.90322581,1
MEX03807,40,0,16.16348,-97.73643,0,0
MEX03812,37,0,16.17656,-97.96816,0,0
MEX02443,37,5,16.18342,-92.29367,13.51351351,1
LAO00006,106,0,16.185,105.3166667,0,0
MEX03815,25,0,16.18742,-97.71699,0,0
MEX03774,37,1,16.188098,-95.146116,2.702702703,0
MEX02446,37,0,16.1952,-92.1953,0,0
MEX02444,38,4,16.19785,-92.20831,10.52631579,1
MEX02445,38,1,16.2004,-92.19,2.631578947,0
MEX02523,38,0,16.20966,-93.33557,0,0
MEX02431,37,5,16.21202,-92.97254,13.51351351,1
MEX02468,39,9,16.21274,-92.45029,23.07692308,1
MEX03808,12,2,16.21634,-97.6937,16.66666667,1
MEX02434,33,9,16.2253,-92.5014,27.27272727,1
MEX04143,6,6,16.23385,-92.08452,100,1
MEX03773,38,4,16.24019,-95.156592,10.52631579,1
MEX02435,20,3,16.24805556,-92.50194444,15,1
IND00039,210,3,16.25,77.86666667,1.428571429,0
MEX02517,33,0,16.25945,-93.87582,0,0
MEX02437,33,1,16.26851,-92.44873,3.03030303,0
MEX02524,35,1,16.27743,-93.20357,2.857142857,0
MEX02430,37,7,16.27871,-92.84294,18.91891892,1
MEX02436,36,1,16.27981,-92.4584,2.777777778,0
MEX02439,36,0,16.30889,-92.48743,0,0
MEX03772,35,7,16.31105,-95.216788,20,1
MEX03811,37,0,16.32931,-98.01303,0,0
MEX03771,37,5,16.329699,-95.234681,13.51351351,1
THA00015,97,0,16.35,102.9633333,0,0
MEX02438,35,0,16.361146,-92.498295,0,0
MEX03770,37,4,16.37794,-95.28828,10.81081081,1
MEX03810,37,0,16.37979,-97.88041,0,0
MEX03769,13,1,16.38278,-95.01183,7.692307692,1
MEX02440,36,0,16.38953,-92.502427,0,0
MEX02428,32,8,16.41203,-92.76044,25,1
MEX03761,37,2,16.414947,-95.598467,5.405405405,1
IND00040,1,0,16.41666667,79.53333333,0,0
MEX03768,22,5,16.417816,-95.328009,22.72727273,1
MEX03759,9,2,16.417916,-95.616803,22.22222222,1
MEX03775,37,2,16.4248,-95.0228,5.405405405,1
MEX03776,37,4,16.440119,-95.0257,10.81081081,1
MEX03767,37,3,16.442802,-95.393689,8.108108108,1
MEX03762,31,2,16.4538,-95.5251,6.451612903,1
MEX03825,38,1,16.4596,-96.8053,2.631578947,0
MEX03824,38,0,16.4633,-96.8036,0,0
MEX02425,36,2,16.4932,-92.97754,5.555555556,1
THA00026,98,1,16.49333333,102.1283333,1.020408163,0
MEX03777,36,4,16.5005,-95.0555,11.11111111,1
MEX01064,38,0,16.5009,-98.40589,0,0
MEX01065,39,0,16.50958,-98.46294,0,0
MEX01063,35,0,16.5102,-98.51686,0,0
MEX02516,35,3,16.51595,-93.96089,8.571428571,1
IND00025,282,4,16.51666667,80.61666667,1.418439716,0
MEX02534,34,0,16.51864,-90.64713,0,0
MEX03778,38,3,16.5237,-95.0687,7.894736842,1
MEX03822,39,0,16.5446,-96.8059,0,0
MEX03821,38,0,16.5456,-96.8062,0,0
MEX02426,35,0,16.5502,-92.81385,0,0
MEX02427,36,1,16.55025,-92.79828,2.777777778,0
MEX01006,40,1,16.55633,-98.81301,2.5,0
LAO00020,95,0,16.5583333,104.7366666,0,0
MEX01062,39,0,16.57681,-98.49267,0,0
MEX01067,39,0,16.57693,-98.45635,0,0
MEX01066,39,0,16.57824,-98.46145,0,0
THA00019,92,0,16.58055556,103.4402778,0,0
MEX01061,39,0,16.58369,-98.81954,0,0
MEX02515,38,0,16.58544,-93.86855,0,0
MEX01005,39,0,16.59374,-98.81804,0,0
MEX02422,36,0,16.59912,-93.04047,0,0
MEX01068,39,0,16.60707,-98.49025,0,0
MEX02424,36,1,16.60905,-93.08414,2.777777778,0
MEX03779,38,4,16.611352,-95.175705,10.52631579,1
MEX01060,40,0,16.61197,-98.99679,0,0
MEX01058,37,0,16.615585,-98.992895,0,0
MEX03800,11,0,16.62229,-96.0362,0,0
MEX03780,38,4,16.6239864,-95.23867,10.52631579,1
MEX02423,36,1,16.62636,-93.10686,2.777777778,0
MEX02419,36,0,16.63054,-92.99618,0,0
MEX01017,40,0,16.64324,-98.9393,0,0
MEX01069,39,0,16.64963,-98.50459,0,0
MEX03805,19,0,16.65528,-96.09964,0,0
MEX02417,28,1,16.65889,-93.01291,3.571428571,0
MEX02418,34,0,16.66621,-93.01259,0,0
IND00037,244,1,16.66666667,74.61666667,0.409836066,0
MEX01070,39,0,16.66705,-98.50607,0,0
MEX01071,39,0,16.67843,-98.33309,0,0
MEX02416,35,0,16.68,-93.00546,0,0
MEX02415,37,2,16.68011,-93.0123,5.405405405,1
MEX01072,39,0,16.68327,-98.32685,0,0
MEX02414,38,1,16.6859,-93.01027,2.631578947,0
MEX02513,35,6,16.68715,-93.66954,17.14285714,1
MEX02512,32,0,16.6911,-93.74933,0,0
MEX02514,38,1,16.69286,-93.56071,2.631578947,0
MEX01000,39,0,16.710043,-99.605148,0,0
MEX02413,37,0,16.71193,-93.02746,0,0
MEX02402,34,2,16.71367,-92.63224,5.882352941,1
MEX02469,36,22,16.713758,-92.645656,61.11111111,1
MEX00999,40,0,16.71689,-99.60551,0,0
MEX02420,37,0,16.72191,-93.02751,0,0
MEX02421,37,0,16.72378,-93.02603,0,0
MEX00998,40,0,16.72495,-99.61594,0,0
MEX02412,39,0,16.72573,-93.02553,0,0
MEX02474,37,18,16.72649,-92.64666,48.64864865,1
MEX02472,35,9,16.72885,-92.64697,25.71428571,1
MEX02471,32,5,16.72978,-92.64893,15.625,1
MEX02470,40,3,16.7338,-92.61464,7.5,1
MEX02411,37,0,16.73989,-93.0339,0,0
MEX02475,36,3,16.74755,-92.61793,8.333333333,1
MEX02403,37,17,16.7535,-93.09101,45.94594595,1
MEX02495,28,1,16.75375,-93.18673,3.571428571,0
MEX02494,37,5,16.757639,-93.159766,13.51351351,1
MEX01019,39,0,16.75789,-99.1993,0,0
MEX02404,37,20,16.75878,-93.088894,54.05405405,1
MEX02493,40,11,16.75929,-93.14946,27.5,1
MEX02410,36,10,16.75975,-93.14589,27.77777778,1
MEX02405,37,19,16.76496,-93.08186,51.35135135,1
MEX03754,39,27,16.76617,-96.77966,69.23076923,1
THA00017,99,9,16.77027778,102.6208333,9.090909091,1
MEX02409,38,1,16.77064,-93.05335,2.631578947,0
MEX02407,38,11,16.77223,-93.0551,28.94736842,1
MEX01012,40,1,16.77465,-99.60395,2.5,0
MEX02408,37,0,16.77475,-93.05511,0,0
MEX01059,39,5,16.77485,-99.50993,12.82051282,1
MEX01057,40,0,16.77731,-99.19708,0,0
MEX01001,40,0,16.7855,-99.60081,0,0
MEX01008,40,0,16.79421,-99.17747,0,0
MEX02491,38,1,16.80066,-93.06881,2.631578947,0
MEX00994,40,35,16.80672,-99.8035,87.5,1
MEX00995,16,13,16.80826,-99.81848,81.25,1
MEX00996,11,9,16.80929,-99.81782,81.81818182,1
MEX01024,37,16,16.8133,-99.79034,43.24324324,1
MEX02490,37,0,16.830762,-93.092378,0,0
MEX01002,39,2,16.83558,-99.62777,5.128205128,1
MEX01003,40,1,16.85023,-99.64279,2.5,0
MEX01023,39,16,16.85188,-99.79362,41.02564103,1
MEX01020,40,16,16.8522,-99.79348,40,1
MEX01022,39,14,16.85255,-99.7933,35.8974359,1
MEX02489,36,1,16.87553,-93.10673,2.777777778,0
MEX01004,39,1,16.88752,-99.61662,2.564102564,0
MEX04079,12,0,16.93908,-92.33976,0,0
MEX01025,37,0,16.95195,-100.11352,0,0
MEX03816,8,4,16.95397,-96.48619,50,1
THA00013,95,0,16.95666667,104.5083333,0,0
MEX03757,39,1,16.9628,-96.5215,2.564102564,0
MEX03756,39,0,16.9631,-96.5224,0,0
MEX02499,36,1,16.96432,-93.11525,2.777777778,0
IND00054,85,1,16.96666667,81.75,1.176470588,0
MEX03818,35,0,16.96682,-97.39417,0,0
MEX02502,30,0,16.98555,-93.16348,0,0
MEX03755,39,28,16.9907,-96.71943,71.79487179,1
IND00053,29,0,17,81.75,0,0
MEX01026,37,1,17.01015,-100.09058,2.702702703,0
MEX03751,40,28,17.0153,-96.7138,70,1
MEX02503,38,0,17.01982,-93.39415,0,0
MEX03803,19,18,17.02857,-96.7105,94.73684211,1
MEX03750,40,27,17.03516,-96.72707,67.5,1
MEX02501,38,1,17.03913,-93.3963,2.631578947,0
MEX03819,36,0,17.04045,-97.36393,0,0
MEX03753,38,27,17.04866,-96.6535,71.05263158,1
MEX03752,37,23,17.050486,-96.657833,62.16216216,1
MEX03743,19,18,17.05085,-96.70425,94.73684211,1
MEX01027,36,1,17.05132,-100.09443,2.777777778,0
MEX03792,13,8,17.053636,-96.685097,61.53846154,1
MEX03745,19,13,17.05436,-96.69349,68.42105263,1
MEX01028,37,0,17.05639,-100.09457,0,0
MEX03733,39,16,17.06201,-96.73815,41.02564103,1
LAO00007,105,0,17.07166667,104.985,0,0
MEX02476,17,1,17.07174,-92.4772,5.882352941,1
MEX02477,34,2,17.08445,-92.49653,5.882352941,1
MEX03734,40,14,17.09297,-96.75567,35,1
MEX03736,40,8,17.10109,-96.76006,20,1
MEX01007,37,1,17.1083,-99.554,2.702702703,0
MEX03735,39,9,17.1119,-96.76536,23.07692308,1
MEX03737,38,3,17.11494,-96.77377,7.894736842,1
MEX01010,40,0,17.11856,-99.50828,0,0
MEX03738,36,3,17.12465,-96.78243,8.333333333,1
MEX02478,35,0,17.12958,-92.59321,0,0
MEX01033,37,5,17.134093,-100.657548,13.51351351,1
MEX01009,39,0,17.13432,-99.53475,0,0
MEX01032,29,15,17.137916,-100.646419,51.72413793,1
MEX01029,39,1,17.14158,-100.46367,2.564102564,0
MEX02480,36,0,17.14874,-92.64291,0,0
MEX01016,39,2,17.15216,-99.5932,5.128205128,1
MEX01013,40,1,17.15563,-99.59099,2.5,0
MEX01011,40,1,17.157485,-99.589893,2.5,0
MEX02481,37,0,17.161,-92.65781,0,0
MEX01015,39,0,17.16245,-99.62843,0,0
MEX01014,40,1,17.1631,-99.59324,2.5,0
MEX03740,31,3,17.16451,-96.80541,9.677419355,1
MEX03741,32,2,17.1712,-96.81377,6.25,1
MEX02482,24,0,17.18119,-92.67244,0,0
MEX02483,25,0,17.18403,-92.67267,0,0
MEX02509,38,2,17.18933,-93.59606,5.263157895,1
MEX02479,19,0,17.1979,-92.66496,0,0
MEX03742,22,0,17.20775,-96.82792,0,0
MEX02582,16,0,17.20786,-92.67926,0,0
MEX03744,21,0,17.20922,-96.82763,0,0
MEX03746,38,1,17.2149,-96.82968,2.631578947,0
MEX03747,37,2,17.21658,-96.83096,5.405405405,1
MEX01030,38,1,17.23529,-100.62556,2.631578947,0
MEX02292,39,23,17.23999,-97.69028,58.97435897,1
IND00014,298,2,17.25,81.66666667,0.67114094,0
MEX02595,37,1,17.25254,-92.11519,2.702702703,0
MEX02594,31,0,17.263545,-92.06195,0,0
MEX01031,39,0,17.27119,-100.88875,0,0
MEX03749,40,20,17.28223,-96.90049,50,1
IND00036,257,0,17.3,74.18333333,0,0
MEX02527,34,0,17.34828,-93.55263,0,0
MEX02583,18,0,17.35671,-92.7289,0,0
MEX01034,39,1,17.37617,-101.053,2.564102564,0
MEX02593,37,0,17.3939,-92.00009,0,0
THA00009,203,0,17.39833333,104.8033333,0,0
IND00028,342,3,17.41083333,75.85027778,0.877192982,0
MEX02634,38,0,17.415814,-94.914575,0,0
MEX02633,38,0,17.424576,-94.967069,0,0
MEX02045,39,1,17.42582,-91.4924,2.564102564,0
MEX02043,38,2,17.44031,-91.39531,5.263157895,1
MEX02042,40,4,17.4426,-91.13356,10,1
MEX02024,40,0,17.46507,-92.77336,0,0
MEX02021,36,1,17.47026,-93.48108,2.777777778,0
MEX02044,34,30,17.47029,-91.43411,88.23529412,1
MEX02579,38,3,17.47053,-93.48041,7.894736842,1
MEX02046,39,0,17.47771,-91.42787,0,0
MEX02406,37,0,17.48299,-91.97408,0,0
MEX02473,36,0,17.49416,-91.95372,0,0
MEX02303,37,0,17.52425,-98.27802,0,0
MEX01035,39,2,17.54192,-101.27355,5.128205128,1
MEX02020,36,0,17.54313,-93.4899,0,0
MEX02023,39,0,17.54629,-92.93015,0,0
MEX01036,39,0,17.56114,-101.33629,0,0
MEX02022,39,0,17.5657,-92.9536,0,0
MEX02305,38,0,17.58472,-98.01239,0,0
MEX02592,37,4,17.62954,-91.67695,10.81081081,1
MEX02789,41,0,17.638942,-94.750381,0,0
MEX02578,38,0,17.6484,-93.38334,0,0
MEX02591,36,6,17.66337,-91.68374,16.66666667,1
MEX02295,40,1,17.66388,-97.78835,2.5,0
MEX02027,40,0,17.67465,-92.41177,0,0
MEX02306,37,12,17.69014,-97.57397,32.43243243,1
MEX02590,32,1,17.70839,-91.77661,3.125,0
MEX02025,40,0,17.73407,-92.62098,0,0
MEX02040,40,3,17.74818,-91.26424,7.5,1
MEX02026,39,0,17.74852,-92.58563,0,0
MEX02039,40,0,17.75469,-91.42717,0,0
MEX02036,37,0,17.75957,-91.78907,0,0
MEX02038,40,0,17.76006,-91.42972,0,0
MEX02041,40,4,17.77366,-91.15153,10,1
MEX02315,13,5,17.7746,-97.78786,38.46153846,1
MEX02037,40,0,17.77468,-91.53067,0,0
MEX02316,13,12,17.7751,-97.78668,92.30769231,1
MEX02301,40,12,17.77557,-97.78693,30,1
MEX02317,13,7,17.77572,-97.78606,53.84615385,1
MEX02314,13,0,17.78118,-97.78362,0,0
MEX02614,38,1,17.79997,-95.86595,2.631578947,0
MEX04131,3,0,17.8052,-92.32552,0,0
MEX04141,6,0,17.81952,-97.79305,0,0
MEX04140,6,0,17.82007,-97.79329,0,0
MEX02310,36,0,17.82461,-97.72923,0,0
MEX01948,39,0,17.83265,-92.86871,0,0
MEX04135,3,0,17.83635,-92.25317,0,0
MEX02615,40,1,17.85,-95.78535,2.5,0
MEX02035,40,0,17.8561,-91.78612,0,0
MEX00015,96,0,17.85638889,-91.785,0,0
MEX02742,36,0,17.860617,-94.65843,0,0
MEX02312,40,1,17.86189,-98.14861,2.5,0
THA00012,91,0,17.86666667,103.7744444,0,0
MEX04134,3,2,17.86673,-92.23665,66.66666667,1
MEX02778,33,2,17.871462,-94.083793,6.060606061,1
MEX04968,1,1,17.881111,-94.732222,100,1
MEX01965,37,0,17.884,-93.36285,0,0
MEX02752,40,0,17.88543,-94.56953,0,0
MEX02806,40,2,17.890129,-94.566781,5,1
MEX00175,36,19,17.89107,-90.84356,52.77777778,1
MEX00176,38,9,17.89364,-90.79433,23.68421053,1
MEX01949,37,6,17.89653,-92.94749,16.21621622,1
MEX02574,30,10,17.898758,-93.150325,33.33333333,1
MEX02034,39,1,17.90128,-91.91601,2.564102564,0
MEX01784,37,3,17.90314,-88.85657,8.108108108,1
MEX02028,40,0,17.90329,-92.47879,0,0
MEX02570,34,18,17.90533,-93.18321,52.94117647,1
MEX01785,37,1,17.90756,-88.88596,2.702702703,0
MEX02575,33,12,17.90862,-93.13046,36.36363636,1
MEX01783,38,3,17.91136,-88.85462,7.894736842,1
MEX01950,37,6,17.91355,-92.94714,16.21621622,1
MEX01018,36,1,17.91955,-99.518001,2.777777778,0
MEX04133,3,3,17.92084,-92.3076,100,1
MEX01220,1,1,17.92469,-102.20702,100,1
MEX01981,33,8,17.92692,-93.73952,24.24242424,1
LAO00002,225,0,17.92805556,102.62,0,0
MEX02807,40,2,17.9283,-94.5573,5,1
MEX02030,40,0,17.92898,-92.42305,0,0
MEX01943,37,6,17.92944,-92.92941,16.21621622,1
MEX02796,38,7,17.9295,-94.55191,18.42105263,1
MEX02029,40,0,17.9312,-92.47599,0,0
MEX02804,39,2,17.9344,-94.5537,5.128205128,1
MEX01055,38,1,17.93858,-99.58798,2.631578947,0
MEX01038,15,0,17.938713,-102.185566,0,0
MEX01263,30,1,17.93875,-102.18521,3.333333333,0
MEX01980,35,10,17.9403,-93.88684,28.57142857,1
MEX01219,35,3,17.941291,-102.187413,8.571428571,1
MEX00006,104,1,17.94166667,-99.59166667,0.961538462,0
MEX01964,38,0,17.9435,-93.3487,0,0
MEX01037,36,1,17.947636,-101.846768,2.777777778,0
MEX01262,34,0,17.9495,-102.16969,0,0
MEX01961,11,3,17.952444,-92.915733,27.27272727,1
MEX01945,34,6,17.95311,-92.84098,17.64705882,1
MEX01979,36,8,17.95414,-93.78034,22.22222222,1
MEX01216,37,3,17.954157,-102.188308,8.108108108,1
MEX01963,38,0,17.95555,-93.30242,0,0
MEX01955,37,0,17.95883,-93.12144,0,0
MEX04130,3,1,17.95932,-92.31493,33.33333333,1
MEX02800,40,2,17.9603,-94.477,5,1
MEX02612,35,0,17.96649,-96.09643,0,0
MEX02017,41,0,17.96733,-93.06832,0,0
MEX01215,37,5,17.96756,-102.13606,13.51351351,1
MEX01940,34,7,17.9685,-92.85196,20.58823529,1
MEX02749,38,0,17.96861,-94.48034,0,0
MEX01218,1,0,17.97086,-102.19849,0,0
MEX02801,40,1,17.97327,-94.55116,2.5,0
MEX01228,39,4,17.97331,-102.19769,10.25641026,1
USGS-50129700,147,36,17.97385516,-66.91406488,24.48979592,1
MEX01261,36,1,17.98179,-102.15885,2.777777778,0
USGS-50091800,119,32,17.98579975,-66.004608,26.8907563,1
MEX01217,37,4,17.992006,-102.175645,10.81081081,1
MEX01953,38,0,17.99541,-92.96818,0,0
USGS-50116500,26,1,17.9957997,-66.61406157,3.846153846,0
MEX01947,34,5,17.99646,-92.84593,14.70588235,1
MEX02018,39,0,17.99664,-93.27522,0,0
USGS-50116200,189,1,17.99706627,-66.6020336,0.529100529,0
MEX02008,40,3,17.9976,-92.91223,7.5,1
MEX04132,3,2,18.00212,-92.31082,66.66666667,1
MEX01946,26,4,18.00317,-92.86075,15.38461538,1
MEX01260,36,5,18.00375,-102.18008,13.88888889,1
USGS-50091000,221,2,18.00468854,-65.90488457,0.904977376,0
MEX01052,37,2,18.0053,-99.76834,5.405405405,1
MEX01944,35,6,18.00616,-92.84871,17.14285714,1
MEX01229,30,8,18.008483,-102.208284,26.66666667,1
MEX02797,38,3,18.00932,-94.44534,7.894736842,1
USGS-50124700,212,33,18.01190955,-66.7840641,15.56603774,1
MEX02790,39,1,18.01295,-96.18631,2.564102564,0
MEX02799,39,34,18.0141,-94.49221,87.17948718,1
MEX02798,40,0,18.01432,-94.4481,0,0
MEX01962,34,0,18.01499,-93.2574,0,0
MEX01957,38,0,18.01558,-93.08961,0,0
MEX01232,38,5,18.0158,-102.20451,13.15789474,1
MEX01959,36,0,18.01716,-93.17916,0,0
MEX01958,36,0,18.01765,-93.14565,0,0
MEX01978,32,22,18.01768,-93.6069,68.75,1
MEX01956,9,0,18.01837,-93.04374,0,0
MEX04121,28,0,18.01837,-93.04374,0,0
MEX01952,36,0,18.02101,-92.93993,0,0
MEX00016,109,7,18.02111111,-92.90805556,6.422018349,1
MEX02006,40,3,18.0224,-92.868,7.5,1
MEX01104,39,2,18.02307,-98.90701,5.128205128,1
MEX01222,20,4,18.023836,-102.352633,20,1
USGS-50129100,1,0,18.02746416,-66.885454,0,0
MEX04128,3,0,18.02775,-92.35835,0,0
MEX01960,20,0,18.02847,-93.20397,0,0
MEX01234,39,1,18.02992,-102.18533,2.564102564,0
MEX01053,37,4,18.03032,-99.74701,10.81081081,1
MEX02007,39,1,18.03099,-92.91638,2.564102564,0
MEX04136,3,0,18.03142,-92.3957,0,0
MEX02604,39,0,18.0318,-96.1835,0,0
MEX04129,3,0,18.03186,-92.35786,0,0
USGS-50092000,264,0,18.03218668,-66.0321088,0,0
MEX02606,37,0,18.034995,-96.173278,0,0
MEX02005,40,3,18.04212,-92.80564,7.5,1
MEX01982,36,6,18.04895,-94.07641,16.66666667,1
MEX01221,34,2,18.049149,-102.344947,5.882352941,1
MEX01236,18,1,18.04934,-102.18295,5.555555556,1
MEX01223,22,5,18.049724,-102.346704,22.72727273,1
MEX02031,38,0,18.0547,-92.40862,0,0
USGS-50083500,158,2,18.05690857,-65.90071797,1.265822785,0
MEX04137,3,3,18.06031,-92.323,100,1
MEX04124,3,1,18.06207,-92.33349,33.33333333,1
USGS-50106500,211,4,18.06246243,-66.3690585,1.895734597,0
USGS-50086500,162,8,18.06274259,-65.8284948,4.938271605,0
MEX02032,37,1,18.06566,-92.50459,2.702702703,0
MEX01238,25,1,18.06711,-102.18208,4,0
USGS-50114000,216,1,18.07086823,-66.5810088,0.462962963,0
MEX02609,40,1,18.07374,-95.70105,2.5,0
MEX04125,3,0,18.07569,-92.33424,0,0
MEX01966,36,20,18.07594,-93.30546,55.55555556,1
USGS-50115000,221,1,18.07718453,-66.63322869,0.452488688,0
MEX02613,34,0,18.07974,-96.13763,0,0
MEX02610,38,6,18.08786,-95.92351,15.78947368,1
MEX04126,3,2,18.09384,-92.30066,66.66666667,1
MEX04127,3,2,18.09933,-92.30488,66.66666667,1
MEX02033,37,0,18.10004,-92.17005,0,0
MEX01967,39,17,18.10076,-93.2732,43.58974359,1
MEX02636,34,0,18.10179,-96.13129,0,0
MEX01968,39,8,18.10217,-93.39331,20.51282051,1
USGS-50133600,140,10,18.10551502,-67.06517899,7.142857143,1
MEX02787,40,3,18.10664,-94.45354,7.5,1
MEX01054,32,3,18.10778,-99.71528,9.375,1
MEX00005,128,9,18.10833333,-94.41666667,7.03125,1
MEX02009,40,1,18.1134,-92.9674,2.5,0
MEX01976,34,23,18.11693,-93.6818,67.64705882,1
MEX01241,38,6,18.11738,-102.17762,15.78947368,1
MEX02795,30,0,18.11742,-94.41657,0,0
MEX02010,37,1,18.11758,-92.982305,2.702702703,0
MEX02608,40,2,18.12549,-95.64896,5,1
MEX00174,40,1,18.12662,-92.10888,2.5,0
MEX02793,12,2,18.133453,-94.526852,16.66666667,1
MEX01983,36,10,18.13448,-94.10062,27.77777778,1
LAO00008,118,0,18.135,102.6216667,0,0
MEX04162,2,0,18.13686,-102.17062,0,0
USGS-50138000,234,10,18.1406935,-67.14837407,4.273504274,0
USGS-50082000,246,1,18.14496073,-65.8265513,0.406504065,0
MEX01243,38,3,18.14748,-102.16287,7.894736842,1
MEX00190,38,5,18.1481,-91.0242,13.15789474,1
MEX02617,19,19,18.15366,-95.19907,100,1
MEX01975,39,16,18.15739,-93.74266,41.02564103,1
USGS-50043000,231,1,18.15801429,-66.22850099,0.432900433,0
USGS-50136400,150,0,18.15809875,-67.085388,0,0
MEX01969,35,19,18.15871,-93.41257,54.28571429,1
MEX02616,20,0,18.16055,-95.183992,0,0
MEX02618,39,3,18.16055,-95.18366,7.692307692,1
MEX02012,12,5,18.1625,-93.05942,41.66666667,1
USGS-50020295,2,0,18.16412516,-66.7265632,0,0
MEX01984,38,7,18.16713,-94.12627,18.42105263,1
MEX01244,39,3,18.1672,-102.15872,7.692307692,1
MEX02713,39,1,18.16736,-96.09763,2.564102564,0
MEX01971,38,12,18.16923,-93.45188,31.57894737,1
MEX02014,27,16,18.17005,-93.02243,59.25925926,1
MEX00178,38,8,18.17039,-90.73634,21.05263158,1
LAO00016,9,1,18.17638889,102.4705556,11.11111111,1
USGS-50020500,197,1,18.17968,-66.7362856,0.507614213,0
MEX01653,40,22,18.18081,-98.05776,55,1
MEX02004,37,2,18.18328,-92.7204,5.405405405,1
MEX02776,37,4,18.185705,-96.169003,10.81081081,1
USGS-50025600,5,0,18.18579095,-66.6398954,0,0
MEX01782,36,5,18.18645,-88.69459,13.88888889,1
MEX01677,41,2,18.18691,-98.5037,4.87804878,0
MEX00189,40,4,18.1873,-91.04966,10,1
MEX01676,41,1,18.18778,-98.49884,2.43902439,0
MEX01246,39,5,18.18982,-102.1316,12.82051282,1
MEX01089,13,0,18.192438,-99.675095,0,0
MEX01247,39,5,18.19431,-102.07014,12.82051282,1
USGS-50142710,5,0,18.19967847,-66.8843434,0,0
USGS-50021000,21,0,18.1999569,-66.7040629,0,0
MEX01972,29,12,18.20421,-93.49528,41.37931034,1
MEX01248,38,7,18.20429,-102.0088,18.42105263,1
MEX02011,8,0,18.20456,-92.95106,0,0
USGS-50025195,2,0,18.2066234,-66.612673,0,0
MEX01985,39,5,18.20692,-94.13147,12.82051282,1
USGS-50138800,133,0,18.20724094,-67.11771579,0,0
MEX01678,41,2,18.20728,-98.80243,4.87804878,0
MEX00186,39,4,18.21123,-91.5135,10.25641026,1
USGS-50023000,20,0,18.21245637,-66.6732292,0,0
MEX02704,16,2,18.21503,-95.28064,12.5,1
USGS-50025900,2,0,18.21690065,-66.6426733,0,0
USGS-50025165,2,0,18.21745628,-66.5862839,0,0
MEX01087,13,0,18.218813,-99.658705,0,0
USGS-50026000,34,0,18.2196783,-66.64072888,0,0
MEX01085,12,3,18.22077,-99.656525,25,1
USGS-50020600,2,0,18.22162258,-66.7207299,0,0
USGS-50143150,3,0,18.22217754,-66.94434407,0,0
USGS-50143200,1,0,18.2249552,-66.9421218,0,0
MEX01977,31,10,18.22814,-93.6348,32.25806452,1
USGS-50026025,2,0,18.2294279,-66.6367066,0,0
MEX01249,38,11,18.22991,-101.95994,28.94736842,1
MEX02779,40,0,18.22993,-95.4447,0,0
MEX02611,40,1,18.23123,-95.95449,2.5,0
USGS-50034000,27,0,18.23396665,-66.45444347,0,0
USGS-50030700,190,1,18.23690006,-66.3823924,0.526315789,0
USGS-50026050,159,0,18.23828863,-66.63906219,0,0
USGS-50044000,190,0,18.24051102,-66.2073899,0,0
USGS-50055000,249,1,18.24070482,-66.00919819,0.401606426,0
USGS-50047600,192,0,18.2421775,-66.143778,0,0
USGS-50023650,1,0,18.24606602,-66.671007,0,0
MEX01250,40,7,18.24628,-101.90675,17.5,1
MEX02002,39,2,18.250302,-92.671703,5.128205128,1
MEX02015,36,3,18.25036,-92.83345,8.333333333,1
USGS-50143895,1,0,18.25050936,-66.999067,0,0
USGS-50143900,1,0,18.25078713,-66.9987892,0,0
USGS-50055250,221,53,18.2510654,-66.0234985,23.98190045,1
USGS-50142900,11,0,18.25273186,-66.90656588,0,0
USGS-50021800,2,0,18.25301004,-66.72100768,0,0
MEX00172,39,2,18.25307,-92.09435,5.128205128,1
USGS-50142250,9,0,18.25356516,-66.907677,0,0
MEX04123,7,3,18.25471,-93.01898,42.85714286,1
USGS-50143000,188,0,18.25578728,-66.9176771,0,0
USGS-50055400,138,17,18.2557874,-66.0365543,12.31884058,1
USGS-50057000,47,0,18.25649864,-65.9676837,0,0
MEX02660,39,1,18.25753,-96.28731,2.564102564,0
USGS-50021900,2,0,18.25912086,-66.7215633,0,0
USGS-50027900,2,0,18.25967623,-66.78156407,0,0
USGS-50146065,3,0,18.26189676,-67.13517979,0,0
MEX01973,38,8,18.26258,-93.54026,21.05263158,1
MEX01251,40,5,18.26283,-101.90667,12.5,1
MEX00187,39,0,18.26325,-91.30214,0,0
USGS-50143600,11,0,18.26356454,-66.9704556,0,0
USGS-50057025,179,29,18.26356492,-65.9840534,16.20111732,1
USGS-50024600,2,0,18.26717606,-66.7062853,0,0
MEX01256,17,1,18.26849,-101.8895,5.882352941,1
MEX01253,40,7,18.2692,-101.90208,17.5,1
USGS-50145600,11,0,18.26967438,-67.11240188,0,0
USGS-50146100,34,3,18.2727294,-67.1615691,8.823529412,1
USGS-50146000,183,0,18.27328522,-67.1265687,0,0
MEX01254,39,7,18.27455,-101.899161,17.94871795,1
USGS-50143800,3,0,18.2760639,-66.97962238,0,0
USGS-50143920,3,0,18.27800806,-67.0060116,0,0
USGS-50145000,2,0,18.27856287,-67.1124019,0,0
USGS-50143925,1,0,18.27884135,-67.0076783,0,0
USGS-50026250,2,0,18.28050884,-66.5973952,0,0
USGS-50144000,234,0,18.28217419,-67.0505845,0,0
USGS-50024300,2,0,18.28550856,-66.678785,0,0
USGS-50144900,9,0,18.28634033,-67.10629078,0,0
USGS-50031200,165,0,18.29372253,-66.413351,0,0
USGS-50071000,247,1,18.29696026,-65.693434,0.4048583,0
USGS-50026200,2,1,18.29717468,-66.6429513,50,1
USGS-50010500,196,0,18.29721058,-66.87348497,0,0
MEX02013,8,0,18.29739,-92.91509,0,0
USGS-50028000,239,0,18.29873289,-66.7826336,0,0
MEX01083,10,1,18.298775,-99.663785,10,1
MEX02605,40,1,18.29896,-95.8443,2.5,0
MEX00180,38,7,18.29958,-90.70095,18.42105263,1
USGS-50024945,2,0,18.30050782,-66.70545209,0,0
USGS-50025000,194,1,18.30106335,-66.69934089,0.515463918,0
USGS-50026925,2,0,18.30106345,-66.56878378,0,0
USGS-50044850,192,0,18.30884132,-66.2240568,0,0
MEX02809,39,5,18.31387,-95.78576,12.82051282,1
MEX01679,41,6,18.31472,-98.83187,14.63414634,1
MEX00185,40,4,18.32112,-91.54404,10,1
MEX02808,40,0,18.32164,-95.79822,0,0
USGS-50026350,33,0,18.32189569,-66.6112843,0,0
USGS-50026950,33,0,18.32300674,-66.6104509,0,0
USGS-50027000,13,0,18.32410113,-66.6206455,0,0
USGS-50072500,188,3,18.32439809,-65.6459948,1.595744681,0
MEX01096,9,1,18.326432,-100.296888,11.11111111,1
MEX01047,34,0,18.328043,-100.695093,0,0
USGS-50035950,212,0,18.33633987,-66.47406007,0,0
USGS-50028100,2,0,18.33745063,-66.7565641,0,0
MEX01781,38,3,18.33875,-88.60815,7.894736842,1
MEX01082,33,1,18.340673,-99.650928,3.03030303,0
USGS-50035500,188,0,18.34411733,-66.4679489,0,0
USGS-50027250,191,5,18.34522789,-66.6668406,2.617801047,0
USGS-50147600,150,0,18.34550467,-67.04406799,0,0
USGS-50038320,165,0,18.35161725,-66.3348915,0,0
USGS-50059100,180,4,18.35772732,-66.0037764,2.222222222,0
USGS-50063800,201,0,18.35791434,-65.8136078,0,0
MEX01993,38,0,18.36189,-92.95777,0,0
MEX01045,34,1,18.3626,-100.66531,2.941176471,0
MEX02607,40,1,18.36382,-95.73176,2.5,0
MEX01044,24,1,18.36854,-100.67169,4.166666667,0
USGS-50048800,209,4,18.36883818,-66.0607214,1.913875598,0
MEX01046,34,0,18.371503,-100.629106,0,0
USGS-50047990,200,21,18.37356069,-66.1326666,10.5,1
USGS-50028200,1,0,18.3771711,-66.73350849,0,0
MEX01995,38,0,18.37739,-92.90074,0,0
MEX01992,39,1,18.38347,-92.9838,2.564102564,0
MEX01214,6,0,18.38716,-100.68033,0,0
MEX01662,32,0,18.387943,-98.305364,0,0
USGS-50050300,209,59,18.3888371,-65.9740541,28.22966507,1
MEX00188,40,2,18.38922,-91.30887,5,1
MEX01994,38,0,18.39313,-92.94517,0,0
USGS-50011000,190,103,18.39751986,-66.9271276,54.21052632,1
USGS-50149100,227,13,18.3988352,-67.1607362,5.726872247,1
MEX01990,39,0,18.40254,-92.98433,0,0
MEX01991,39,0,18.40277,-92.97323,0,0
MEX02001,39,0,18.40375,-92.64937,0,0
USGS-50049100,234,12,18.4075533,-66.06894369,5.128205128,1
USGS-50048510,231,8,18.40883676,-66.15211118,3.463203463,0
USGS-50046000,296,20,18.40959249,-66.26057109,6.756756757,1
USGS-50028400,5,0,18.4121002,-66.7143277,0,0
MEX01989,39,0,18.41486,-93.00321,0,0
USGS-50050310,12,9,18.41834368,-66.9665506,75,1
USGS-50027750,2,0,18.42078038,-66.6990636,0,0
MEX01988,40,1,18.4243,-93.06742,2.5,0
USGS-50049960,12,8,18.4264135,-66.0784187,66.66666667,1
USGS-50038100,281,2,18.428972,-66.5264747,0.711743772,0
IND00070,36,0,18.43333333,73.13333333,0,0
MEX01644,40,0,18.43421,-98.70831,0,0
USGS-50047530,132,31,18.4349465,-66.1596112,23.48484848,1
USGS-50039500,225,4,18.4453298,-66.3739892,1.777777778,0
USGS-50039650,7,7,18.45272397,-66.352114,100,1
USGS-50029000,244,1,18.4535347,-66.7020721,0.409836066,0
USGS-50039700,22,10,18.4602236,-66.36405858,45.45454545,1
USGS-50039750,22,0,18.4610569,-66.3643364,0,0
MEX01074,14,0,18.463373,-99.580025,0,0
MEX01780,38,2,18.46422,-88.51787,5.263157895,1
USGS-50038200,224,1,18.47272299,-66.44683737,0.446428571,0
USGS-50011400,240,0,18.4732773,-66.96240108,0,0
MEX01075,18,2,18.47374,-99.5788,11.11111111,1
MEX01643,41,6,18.48387,-98.63108,14.63414634,1
MEX01043,35,1,18.489026,-100.985915,2.857142857,0
MEX01786,33,3,18.48926,-88.33008,9.090909091,1
MEX02283,40,0,18.49248,-99.17645,0,0
MEX01778,36,1,18.49275,-88.39667,2.777777778,0
MEX01779,37,6,18.49348,-88.47892,16.21621622,1
MEX01767,38,5,18.50765,-88.51542,13.15789474,1
MEX01090,17,0,18.51043,-99.58075,0,0
MEX01787,37,1,18.51777,-88.43801,2.702702703,0
MEX01997,39,2,18.51795,-92.65974,5.128205128,1
MEX04149,7,1,18.519178,-96.428589,14.28571429,1
MEX01265,21,2,18.522376,-101.110987,9.523809524,1
MEX01084,18,1,18.52291,-99.62709,5.555555556,1
MEX01088,17,1,18.52547,-99.58652,5.882352941,1
LAO00009,115,40,18.53,102.5533333,34.7826087,1
LAO00010,81,1,18.53388889,102.5136111,1.234567901,0
MEX01641,41,0,18.53827,-98.55865,0,0
MEX01264,9,1,18.53969,-101.10319,11.11111111,1
MEX01640,41,1,18.54257,-98.55446,2.43902439,0
MEX00183,40,2,18.543,-91.09881,5,1
MEX02282,40,1,18.54599,-99.26756,2.5,0
MEX02267,39,0,18.54867,-99.10768,0,0
MEX01998,39,1,18.54917,-92.6591,2.564102564,0
MEX00184,40,4,18.54964,-91.12435,10,1
MEX01086,16,7,18.55234,-99.56319,43.75,1
MEX01639,41,16,18.56756,-98.47282,39.02439024,1
MEX02265,34,3,18.57868,-99.04064,8.823529412,1
MEX02628,40,0,18.584671,-95.546474,0,0
MEX02281,40,1,18.59042,-99.31494,2.5,0
MEX01638,41,16,18.59073,-98.46366,39.02439024,1
MEX02269,41,3,18.59156,-99.18488,7.317073171,1
MEX02268,40,1,18.59702,-99.17705,2.5,0
MEX01463,29,2,18.59951,-101.62342,6.896551724,1
MEX02627,33,21,18.60836,-95.54312,63.63636364,1
MEX02266,40,0,18.61007,-99.16399,0,0
MEX02626,34,3,18.61111,-95.54672,8.823529412,1
MEX02629,39,0,18.613541,-95.63833,0,0
MEX02630,38,0,18.61371,-95.67234,0,0
MEX02280,39,0,18.62011,-99.33324,0,0
MEX02279,40,1,18.63035,-99.32564,2.5,0
MEX02264,40,4,18.63652,-99.00811,10,1
MEX02285,39,0,18.64085,-99.32616,0,0
MEX02623,34,25,18.65057,-95.55155,73.52941176,1
MEX02258,20,0,18.655017,-99.196561,0,0
MEX02624,35,31,18.65535,-95.54771,88.57142857,1
MEX02625,38,18,18.65561,-95.55255,47.36842105,1
MEX01634,41,5,18.6558,-98.46275,12.19512195,1
MEX01635,41,1,18.68172,-98.43741,2.43902439,0
MEX01302,40,4,18.69446,-103.73837,10,1
MEX02284,39,1,18.70052,-99.37758,2.564102564,0
MEX01773,38,1,18.70679,-88.25611,2.631578947,0
MEX02261,39,7,18.70862,-98.9699,17.94871795,1
MEX01073,34,0,18.711695,-99.617847,0,0
MEX02631,38,0,18.71248,-95.63918,0,0
MEX01301,40,0,18.71725,-103.71597,0,0
MEX01300,40,0,18.72404,-103.71364,0,0
MEX02289,38,1,18.73406,-99.42401,2.631578947,0
MEX00008,134,37,18.74166667,-96.43333333,27.6119403,1
MEX01299,39,0,18.74231,-103.70248,0,0
MEX04151,7,5,18.743989,-96.259623,71.42857143,1
IND00069,94,0,18.75,73,0,0
MEX02259,20,11,18.76577,-98.97451,55,1
MEX02260,37,7,18.778,-98.97562,18.91891892,1
MEX02756,40,0,18.79332,-97.19962,0,0
MEX02257,32,2,18.7966,-98.96709,6.25,1
MEX02256,34,0,18.79919,-98.95959,0,0
MEX01633,41,1,18.80112,-98.43433,2.43902439,0
MEX01326,32,2,18.824,-102.06423,6.25,1
MEX02240,40,14,18.82961,-99.19191,35,1
MEX02759,38,4,18.83031,-97.0685,10.52631579,1
MEX01632,41,5,18.83293,-98.42638,12.19512195,1
IND00013,295,1,18.83333333,79.45,0.338983051,0
MEX00475,39,0,18.83518,-103.62505,0,0
MEX02748,40,0,18.83661,-96.39854,0,0
MEX02253,38,8,18.84139,-98.92513,21.05263158,1
MEX01631,37,5,18.84517,-98.41748,13.51351351,1
MEX01327,38,2,18.849714,-102.134435,5.263157895,1
MEX01630,34,11,18.85139,-98.42142,32.35294118,1
MEX01629,11,3,18.86068,-98.40879,27.27272727,1
MEX01661,7,2,18.86169,-97.92131,28.57142857,1
MEX02252,36,9,18.8622,-98.92222,25,1
MEX02255,38,8,18.86388,-98.88626,21.05263158,1
MEX02254,28,3,18.86391,-98.88486,10.71428571,1
MEX02272,40,0,18.86542,-99.16504,0,0
MEX02245,40,1,18.86674,-99.16975,2.5,0
MEX01628,26,2,18.86745,-98.40938,7.692307692,1
MEX01627,38,8,18.87139,-98.40691,21.05263158,1
MEX02244,40,4,18.87284,-99.16972,10,1
MEX00500,33,30,18.873351,-103.882311,90.90909091,1
MEX02242,40,18,18.87718,-99.16509,45,1
MEX00474,39,0,18.87958,-103.63775,0,0
MEX01659,39,39,18.88304,-97.74384,100,1
MEX02250,40,3,18.88444,-99.05558,7.5,1
MEX01626,39,6,18.88452,-98.40291,15.38461538,1
MEX02249,23,7,18.885,-99.066972,30.43478261,1
MEX01625,40,13,18.90401,-98.3773,32.5,1
MEX02760,40,0,18.91591,-96.77264,0,0
MEX01624,40,18,18.91646,-98.37486,45,1
MEX00784,26,0,18.92272,-99.44038,0,0
MEX00007,103,44,18.925,-98.275,42.7184466,1
MEX00481,39,0,18.92628,-103.94326,0,0
MEX00785,13,0,18.92783,-99.43947,0,0
MEX01325,40,1,18.93365,-102.0591,2.5,0
MEX01623,38,12,18.94253,-98.38665,31.57894737,1
MEX00783,40,0,18.94583,-99.42536,0,0
MEX01622,37,19,18.94814,-98.38222,51.35135135,1
MEX00473,40,0,18.95295,-103.50424,0,0
MEX01651,41,35,18.95339,-98.26328,85.36585366,1
MEX01655,20,19,18.9546,-98.1884,95,1
MEX00485,39,0,18.95472,-103.94611,0,0
MEX00779,39,16,18.95594,-99.59893,41.02564103,1
MEX00780,40,5,18.95748,-99.60122,12.5,1
MEX00486,39,0,18.96534,-103.95161,0,0
MEX00499,1,0,18.967156,-103.88426,0,0
MEX01657,40,39,18.96966,-98.18956,97.5,1
MEX01649,41,37,18.97201,-98.27811,90.24390244,1
MEX01621,41,3,18.98793,-98.38876,7.317073171,1
MEX01647,40,25,18.99215,-98.26461,62.5,1
MEX00517,32,0,19.01096,-103.70659,0,0
MEX01620,40,10,19.011019,-98.39715,25,1
MEX01586,40,36,19.019777,-98.231722,90,1
MEX01585,40,35,19.02583,-98.22652,87.5,1
MEX02739,40,0,19.03797,-96.15295,0,0
MEX02747,40,1,19.04265,-96.43598,2.5,0
MEX02746,39,1,19.04372,-96.24128,2.564102564,0
MEX00757,40,1,19.044,-100.04524,2.5,0
MEX01584,20,19,19.04648,-98.26846,95,1
MEX01619,38,20,19.05204,-98.41175,52.63157895,1
MEX02738,39,1,19.05876,-96.17044,2.564102564,0
MEX02737,40,1,19.06779,-96.15913,2.5,0
MEX01587,40,37,19.0715,-98.149083,92.5,1
MEX01614,20,16,19.07401,-98.26212,80,1
MEX01588,39,30,19.076611,-98.147333,76.92307692,1
MEX01654,20,16,19.07678,-98.29341,80,1
MEX01656,20,19,19.07874,-98.29221,95,1
MEX01617,5,1,19.09057,-98.41612,20,1
MEX02733,37,23,19.10002,-96.11176,62.16216216,1
MEX02761,40,1,19.10006,-97.03405,2.5,0
MEX01590,41,20,19.101083,-98.237444,48.7804878,1
MEX02736,40,31,19.10954,-96.14953,77.5,1
MEX00491,40,0,19.110889,-103.884472,0,0
MEX02735,39,17,19.11202,-96.14143,43.58974359,1
MEX00490,40,0,19.112528,-103.882306,0,0
MEX01618,32,30,19.11548,-98.2275,93.75,1
MEX02734,36,21,19.11837,-96.12952,58.33333333,1
MEX00507,39,19,19.12173,-104.31593,48.71794872,1
IND00012,309,3,19.1225,76.36694444,0.970873786,0
MEX01611,20,15,19.13015,-98.30793,75,1
MEX01616,40,36,19.13694,-98.42733,90,1
MEX01645,39,3,19.14023,-98.50392,7.692307692,1
MEX02053,39,21,19.15195,-98.22901,53.84615385,1
MEX02054,39,37,19.15709,-98.24297,94.87179487,1
MEX00470,40,0,19.16461,-103.50256,0,0
MEX00463,40,1,19.16825,-103.82355,2.5,0
MEX02743,39,34,19.17323,-96.23387,87.17948718,1
MEX00747,41,1,19.17361,-100.11028,2.43902439,0
MEX00754,41,1,19.17467,-100.21635,2.43902439,0
MEX00755,41,1,19.17515,-100.2247,2.43902439,0
MEX01768,34,4,19.17832,-88.52172,11.76470588,1
MEX02744,40,29,19.17999,-96.23099,72.5,1
MEX00506,40,0,19.18165,-103.823047,0,0
MEX03171,33,0,19.18618,-104.59277,0,0
MEX00770,31,28,19.18689,-99.51384,90.32258065,1
MEX02745,40,40,19.190232,-96.229982,100,1
MEX00468,40,0,19.194165,-103.693863,0,0
MEX00461,40,0,19.19427,-103.83638,0,0
MEX00745,34,14,19.20146,-100.13621,41.17647059,1
MEX00464,36,3,19.201675,-103.76661,8.333333333,1
MEX00771,32,31,19.20268,-99.51442,96.875,1
MEX00744,1,0,19.20488,-100.1417,0,0
MEX00465,40,1,19.20653,-103.76331,2.5,0
MEX02724,19,18,19.211211,-96.159369,94.73684211,1
MEX01650,21,19,19.213556,-98.3915,90.47619048,1
MEX02820,16,13,19.215312,-96.1603388,81.25,1
MEX00741,38,1,19.220511,-100.13108,2.631578947,0
MEX01665,39,39,19.22281,-97.79447,100,1
MEX02600,18,14,19.22803,-96.20357,77.77777778,1
MEX00460,31,0,19.23557,-103.8438,0,0
MEX01666,6,6,19.23591,-97.80738,100,1
MEX00466,40,0,19.23628,-103.73276,0,0
MEX03169,37,1,19.236603,-104.554797,2.702702703,0
MEX00498,39,0,19.25073,-104.53696,0,0
MEX03168,36,0,19.25095,-104.53825,0,0
MEX03170,33,2,19.256042,-104.45934,6.060606061,1
MEX00756,39,1,19.2568,-100.01614,2.564102564,0
MEX00467,40,0,19.257685,-103.722246,0,0
MEX02229,37,5,19.2656,-99.2941,13.51351351,1
MEX02057,20,11,19.27098,-98.3,55,1
MEX03172,35,0,19.27259,-104.43809,0,0
MEX00497,40,0,19.27994,-104.31712,0,0
MEX00154,40,1,19.28103,-90.61368,2.5,0
MEX02236,33,26,19.284638,-98.873207,78.78787879,1
MEX01613,40,30,19.286083,-98.426333,75,1
MEX00774,22,21,19.28614,-99.52185,95.45454545,1
MEX02228,25,23,19.288482,-99.114098,92,1
MEX01667,31,0,19.289123,-98.542734,0,0
MEX01612,18,14,19.29217,-98.46105,77.77777778,1
MEX00155,39,3,19.29644,-90.57425,7.692307692,1
MEX00761,19,1,19.29776,-99.58863,5.263157895,1
MEX00740,37,7,19.30045,-100.116229,18.91891892,1
MEX00760,34,22,19.30309,-99.60037,64.70588235,1
MEX00762,13,13,19.30328,-99.59706,100,1
MEX00156,40,9,19.30365,-90.46921,22.5,1
MEX00496,40,0,19.30604,-104.15924,0,0
MEX00458,40,0,19.30709,-103.84142,0,0
MEX02709,28,0,19.313621,-96.701399,0,0
MEX02723,40,0,19.31458,-96.31008,0,0
MEX02707,28,0,19.320114,-96.720429,0,0
MEX02710,38,0,19.322325,-96.628301,0,0
MEX02056,21,16,19.32335,-98.250886,76.19047619,1
MEX02711,40,1,19.32413,-96.48217,2.5,0
MEX02059,38,20,19.32413,-98.2477,52.63157895,1
MEX02058,41,14,19.3243,-98.24957,34.14634146,1
MEX01437,15,0,19.326189,-100.388259,0,0
MEX00457,40,0,19.32752,-103.81367,0,0
MEX02706,9,0,19.33054,-96.7631,0,0
MEX00742,38,1,19.3325,-100.07281,2.631578947,0
MEX02708,10,0,19.33366,-96.74724,0,0
MEX00518,40,0,19.33391,-103.673169,0,0
MEX02226,27,7,19.33625,-99.077327,25.92592593,1
MEX02225,23,18,19.3374,-99.079815,78.26086957,1
MEX01313,40,9,19.3402,-102.0824,22.5,1
MEX02712,40,0,19.34193,-96.42322,0,0
MEX00699,34,26,19.34433,-99.53486,76.47058824,1
MEX00493,37,0,19.34499,-104.07759,0,0
MEX00696,38,4,19.34523,-99.48038,10.52631579,1
MEX00700,36,32,19.34542,-99.53542,88.88888889,1
MEX00495,40,0,19.345503,-104.105774,0,0
MEX00524,26,0,19.34781,-103.48458,0,0
MEX02714,40,0,19.34792,-96.35872,0,0
MEX03197,38,0,19.348112,-103.484365,0,0
MEX03174,18,0,19.35209,-104.88951,0,0
MEX03173,20,0,19.35223,-104.88356,0,0
MEX02191,1,1,19.354993,-98.959667,100,1
MEX01315,40,3,19.36078,-102.06979,7.5,1
MEX00698,31,29,19.36104,-99.53863,93.5483871,1
MEX02705,38,0,19.363387,-96.82571,0,0
MEX01436,21,1,19.36522,-100.40734,4.761904762,0
MEX01592,15,0,19.36776,-98.51524,0,0
MEX00494,40,0,19.36876,-104.08454,0,0
MEX02702,10,0,19.37054,-96.8425,0,0
MEX00701,29,25,19.37743,-99.55517,86.20689655,1
MEX02703,4,0,19.37746,-96.84772,0,0
MEX00702,35,25,19.37942,-99.58126,71.42857143,1
MEX02715,35,33,19.38004,-96.34361,94.28571429,1
MEX00523,36,34,19.38098,-103.57552,94.44444444,1
MEX00704,34,14,19.38105,-99.58033,41.17647059,1
MEX01435,39,11,19.38765,-100.42201,28.20512821,1
MEX00456,38,0,19.39268,-103.81945,0,0
MEX01434,37,0,19.39361,-100.42452,0,0
MEX03176,5,5,19.39811,-105.01863,100,1
MEX00739,39,4,19.39813,-100.06237,10.25641026,1
MEX02700,37,6,19.39892,-96.91128,16.21621622,1
MEX02697,38,0,19.40213,-96.99237,0,0
MEX04096,8,0,19.403622,-103.580242,0,0
MEX04097,8,0,19.404406,-103.582478,0,0
MEX00706,27,21,19.40455,-99.5938,77.77777778,1
MEX04094,8,0,19.405703,-103.672064,0,0
MEX03175,35,0,19.40617,-104.96184,0,0
MEX02060,38,35,19.406393,-98.168521,92.10526316,1
MEX02699,39,8,19.406417,-96.915278,20.51282051,1
MEX02718,40,1,19.40656,-96.35809,2.5,0
MEX04093,8,0,19.407731,-103.652456,0,0
MEX02717,40,27,19.40814,-96.3243,67.5,1
MEX02698,40,11,19.409,-96.91931,27.5,1
MEX01430,37,1,19.40928,-100.40115,2.702702703,0
MEX02061,39,32,19.40944,-98.16369,82.05128205,1
MEX00707,27,20,19.41108,-99.6176,74.07407407,1
MEX00705,27,21,19.41124,-99.61836,77.77777778,1
MEX02719,39,21,19.41172,-96.38036,53.84615385,1
MEX02192,22,21,19.414258,-98.988672,95.45454545,1
MEX00708,38,4,19.41846,-99.62254,10.52631579,1
MEX01318,34,31,19.41893,-102.02288,91.17647059,1
MEX02720,40,0,19.422167,-96.385333,0,0
MEX01317,37,33,19.42327,-102.02637,89.18918919,1
MEX04098,8,0,19.424994,-103.616761,0,0
MEX01376,40,7,19.42656,-101.71204,17.5,1
MEX01312,38,5,19.42975,-102.07491,13.15789474,1
MEX02701,39,3,19.43502,-96.91181,7.692307692,1
MEX02696,39,6,19.43578,-96.95009,15.38461538,1
MEX02224,24,23,19.443158,-99.04663,95.83333333,1
MEX02721,39,0,19.44856,-96.47524,0,0
MEX02695,40,3,19.4499,-96.93832,7.5,1
MEX00709,24,18,19.45122,-99.66059,75,1
MEX00520,40,0,19.45146,-103.71805,0,0
MEX02694,30,2,19.45584,-96.94133,6.666666667,1
MEX03200,39,0,19.456086,-103.462927,0,0
MEX02794,39,13,19.45829,-96.97018,33.33333333,1
MEX02693,39,0,19.45928,-96.94471,0,0
MEX00711,17,0,19.46,-99.75994,0,0
MEX00738,38,3,19.46067,-100.05532,7.894736842,1
MEX00710,35,17,19.46678,-99.70518,48.57142857,1
MEX00712,18,13,19.47189,-99.73607,72.22222222,1
MEX00522,39,0,19.47611,-103.70551,0,0
MEX02692,39,1,19.48132,-96.92398,2.564102564,0
MEX02686,40,23,19.48852,-96.86404,57.5,1
MEX02687,39,23,19.48916,-96.86584,58.97435897,1
MEX02691,39,0,19.49309,-96.93673,0,0
MEX00732,39,1,19.49746,-99.98131,2.564102564,0
MEX02688,40,28,19.49892,-96.87251,70,1
MEX00716,30,21,19.499861,-99.768944,70,1
MEX00717,34,24,19.50025,-99.770861,70.58823529,1
MEX00736,40,1,19.50094,-100.05059,2.5,0
MEX03204,38,5,19.50753,-103.41239,13.15789474,1
MEX03201,38,0,19.50912,-103.44153,0,0
MEX02235,33,25,19.51114,-99.21331,75.75757576,1
MEX02685,40,9,19.51563,-96.83752,22.5,1
MEX02684,40,11,19.51609,-96.83925,27.5,1
MEX02675,39,1,19.52013,-96.97829,2.564102564,0
MEX02689,35,14,19.52018,-96.88496,40,1
MEX02234,25,10,19.52695,-99.2553,40,1
MEX03179,28,0,19.52754,-105.07061,0,0
MEX03203,39,3,19.529771,-103.428141,7.692307692,1
MEX02198,5,1,19.53237,-99.05839,20,1
MEX02810,40,0,19.534807,-96.694522,0,0
MEX02233,40,11,19.53502,-99.2889,27.5,1
MEX02069,37,16,19.53875,-98.21245,43.24324324,1
MEX02677,38,16,19.54552,-96.94151,42.10526316,1
MEX02676,38,24,19.54962,-96.94755,63.15789474,1
MEX03205,39,5,19.560789,-103.354179,12.82051282,1
MEX02678,38,31,19.56285,-96.94079,81.57894737,1
MEX04146,3,1,19.56974,-97.00477,33.33333333,1
MEX02681,40,16,19.5712,-96.89091,40,1
MEX00718,33,29,19.57341,-99.77823,87.87878788,1
MEX03167,37,1,19.574018,-103.913295,2.702702703,0
MEX02200,25,17,19.57409,-99.21025,68,1
MEX02679,40,3,19.57801,-96.93164,7.5,1
MEX02680,40,12,19.5795,-96.92806,30,1
MEX02683,38,7,19.5796,-96.8295,18.42105263,1
MEX02690,39,10,19.57962,-96.92923,25.64102564,1
MEX02197,23,21,19.590637,-98.927332,91.30434783,1
MEX01441,38,4,19.594611,-101.287806,10.52631579,1
MEX03202,38,14,19.59828,-103.31684,36.84210526,1
MEX03166,35,2,19.599684,-103.957626,5.714285714,1
MEX03165,37,0,19.600309,-103.971076,0,0
MEX02211,32,23,19.60666,-99.19051,71.875,1
MEX02682,37,5,19.60672,-96.89261,13.51351351,1
MEX03164,36,1,19.607165,-103.964574,2.777777778,0
MEX00719,32,24,19.61633,-99.79553,75,1
MEX00720,33,27,19.617,-99.79858,81.81818182,1
MEX01381,40,0,19.63088,-101.26007,0,0
MEX02204,34,14,19.63972,-99.24509,41.17647059,1
MEX02214,24,21,19.643377,-99.054653,87.5,1
MEX00722,34,19,19.64552,-99.87715,55.88235294,1
MEX00723,34,19,19.64624,-99.87824,55.88235294,1
MEX01383,35,2,19.64828,-101.271,5.714285714,1
MEX01386,33,5,19.65163,-101.25603,15.15151515,1
MEX03180,38,2,19.652031,-105.182333,5.263157895,1
MEX01387,40,21,19.65906,-101.25554,52.5,1
MEX01385,41,26,19.66087,-101.25545,63.41463415,1
MEX03206,39,3,19.677583,-103.246503,7.692307692,1
MEX03207,36,14,19.678506,-103.301966,38.88888889,1
IND00011,328,2,19.67888889,79.78694444,0.609756098,0
MEX01388,38,27,19.68751,-101.23823,71.05263158,1
MEX03163,38,0,19.68972,-103.97274,0,0
MEX03196,39,0,19.69275,-105.16204,0,0
MEX02206,40,6,19.69285,-99.32966,15,1
MEX02207,26,7,19.6941,-99.3029,26.92307692,1
MEX03208,40,1,19.6957,-103.23077,2.5,0
MEX03161,38,0,19.699554,-103.987944,0,0
MEX00724,37,19,19.70211,-99.88459,51.35135135,1
MEX02209,31,26,19.70521,-99.19555,83.87096774,1
MEX02208,36,18,19.70797,-99.19983,50,1
MEX02216,34,18,19.71481,-99.19534,52.94117647,1
MEX01393,38,37,19.73386,-101.13477,97.36842105,1
MEX01394,35,34,19.7395,-101.10961,97.14285714,1
MEX01395,35,34,19.74042,-101.09534,97.14285714,1
MEX03153,37,9,19.74191,-104.17794,24.32432432,1
MEX03162,39,0,19.75356,-104.01253,0,0
MEX02217,29,25,19.76534,-99.18439,86.20689655,1
MEX03152,40,0,19.76749,-104.22824,0,0
MEX03055,40,0,19.800847,-103.963533,0,0
MEX00726,37,23,19.80509,-99.90792,62.16216216,1
MEX01450,38,4,19.819306,-100.882361,10.52631579,1
MEX00791,35,18,19.83501,-99.92303,51.42857143,1
MEX03183,39,0,19.841548,-105.369938,0,0
MEX01142,37,19,19.84431,-99.2778,51.35135135,1
MEX01447,38,1,19.845111,-100.771139,2.631578947,0
MEX01106,37,25,19.8456,-98.915458,67.56756757,1
MEX01448,37,4,19.84649,-100.83138,10.81081081,1
MEX00790,37,17,19.84705,-99.93285,45.94594595,1
MEX01105,34,25,19.84925,-98.91425,73.52941176,1
MEX03154,39,1,19.85089,-104.2834,2.564102564,0
MEX03184,38,0,19.877078,-105.336592,0,0
MEX01141,40,6,19.88671,-99.34304,15,1
MEX01140,40,6,19.88919,-99.34299,15,1
MEX01396,30,26,19.89147,-101.00512,86.66666667,1
MEX01402,36,2,19.893608,-100.323561,5.555555556,1
MEX01139,40,7,19.89509,-99.34277,17.5,1
MEX01406,40,0,19.89776,-100.3413,0,0
MEX01407,40,0,19.89981,-100.33461,0,0
MEX00789,40,1,19.90299,-100.02271,2.5,0
MEX01398,36,25,19.904714,-100.419406,69.44444444,1
MEX01405,40,0,19.90756,-100.36788,0,0
MEX01449,38,1,19.909208,-102.204175,2.631578947,0
MEX01138,40,19,19.91062,-99.33189,47.5,1
MEX01593,41,13,19.91276,-98.16705,31.70731707,1
MEX02199,32,20,19.91446,-99.1005,62.5,1
MEX03185,38,0,19.91674,-105.3049,0,0
MEX01404,40,0,19.91698,-100.38799,0,0
THA00011,96,0,19.9225,99.85,0,0
MEX01352,8,4,19.92308,-101.75072,50,1
MEX01134,25,6,19.92632,-99.33902,24,1
MEX02658,40,0,19.92772,-97.1641,0,0
MEX01137,20,3,19.92885,-99.33902,15,1
MEX02722,40,0,19.92994,-96.84661,0,0
MEX01353,30,23,19.93211,-101.75155,76.66666667,1
MEX03187,39,0,19.93238,-105.2271,0,0
MEX01451,38,0,19.934631,-102.252925,0,0
LAO00003,186,0,19.93888889,102.2111111,0,0
MEX03186,39,0,19.94691,-105.25951,0,0
MEX01133,39,28,19.94977,-99.29704,71.79487179,1
MEX04110,7,7,19.95314,-99.29711,100,1
MEX00788,40,3,19.95478,-100.02037,7.5,1
MEX01144,32,3,19.95589,-99.37576,9.375,1
MEX04111,6,6,19.95612,-99.29819,100,1
MEX01143,40,3,19.96577,-99.36947,7.5,1
MEX01135,33,3,19.96791,-99.36915,9.090909091,1
MEX01145,38,3,19.97013,-99.3677,7.894736842,1
MEX03188,39,0,19.97025,-105.16228,0,0
MEX01136,39,6,19.97141,-99.3649,15.38461538,1
MEX01146,39,6,19.97276,-99.36358,15.38461538,1
MEX01403,40,0,19.9734,-100.45225,0,0
MEX00787,39,14,19.97889,-100.05231,35.8974359,1
MEX01131,39,23,19.98766,-99.32342,58.97435897,1
MEX00946,40,0,20.00932,-100.47961,0,0
MEX00947,20,1,20.011,-100.47604,5,1
MEX01164,36,2,20.02255,-98.30894,5.555555556,1
MEX00945,21,2,20.02265,-100.49446,9.523809524,1
MEX01279,38,9,20.02542,-102.34377,23.68421053,1
MEX01124,35,29,20.0347,-99.22298,82.85714286,1
MEX00944,1,1,20.0367,-100.48949,100,1
MEX00932,21,6,20.03876,-100.67767,28.57142857,1
MEX00933,38,1,20.04193,-100.6816,2.631578947,0
MEX02657,37,0,20.04443,-97.0937,0,0
MEX00934,37,0,20.04858,-100.67931,0,0
MEX00929,40,12,20.04902,-100.73071,30,1
MEX01128,40,30,20.05308,-99.33628,75,1
MEX00928,40,12,20.0533,-100.7616,30,1
MEX00942,21,0,20.05929,-100.50567,0,0
MEX02655,40,1,20.06032,-97.05258,2.5,0
MEX01129,40,23,20.06051,-99.34181,57.5,1
MEX02654,40,1,20.06192,-97.04068,2.5,0
MEX03195,37,0,20.06879,-105.04647,0,0
MEX01127,35,25,20.0723,-99.2795,71.42857143,1
MEX00925,40,15,20.07664,-100.82544,37.5,1
MEX01420,39,24,20.07785,-100.18858,61.53846154,1
MEX02656,38,36,20.07838,-97.06351,94.73684211,1
MEX00926,40,13,20.08111,-100.82854,32.5,1
LAO00011,108,0,20.08666667,102.2583333,0,0
MEX00800,35,19,20.10071,-99.82106,54.28571429,1
MEX00799,34,28,20.10822,-99.83144,82.35294118,1
MEX00797,19,11,20.11008,-99.84497,57.89473684,1
MEX01280,38,16,20.11953,-102.37227,42.10526316,1
MEX02659,35,0,20.12511,-97.46045,0,0
MEX01338,16,0,20.127881,-101.723096,0,0
MEX02652,40,1,20.13239,-96.95467,2.5,0
MEX02653,40,24,20.14386,-96.9304,60,1
MEX01120,33,23,20.14758,-99.19325,69.6969697,1
MEX02649,40,1,20.15212,-96.89745,2.5,0
MEX02647,38,0,20.15772,-96.7206,0,0
MEX01147,38,27,20.15875,-99.35682,71.05263158,1
MEX03107,36,1,20.161009,-103.038978,2.777777778,0
IND00061,70,0,20.16666667,85.83333333,0,0
MEX02648,40,0,20.17025,-96.85088,0,0
MEX01168,30,7,20.17434,-98.37687,23.33333333,1
MEX02650,40,8,20.17439,-96.9134,20,1
MEX00949,37,5,20.18021,-100.88409,13.51351351,1
MEX01336,36,8,20.1851,-101.69766,22.22222222,1
MEX00922,40,14,20.18902,-101.7018,35,1
MEX01153,38,6,20.1909,-99.25433,15.78947368,1
MEX01335,35,14,20.19095,-101.69516,40,1
MEX01152,39,5,20.1946,-99.28088,12.82051282,1
IND00060,69,0,20.2,85.83333333,0,0
MEX01114,35,24,20.20305,-99.05058,68.57142857,1
MEX01340,39,11,20.203315,-101.812208,28.20512821,1
MEX00973,39,14,20.20827,-101.93056,35.8974359,1
MEX01115,34,24,20.20879,-99.05669,70.58823529,1
MEX01117,33,22,20.20945,-99.08676,66.66666667,1
MEX02646,39,1,20.21126,-96.77969,2.564102564,0
MEX00921,39,13,20.2147,-101.73075,33.33333333,1
MEX01118,35,28,20.21629,-99.13118,80,1
MEX01285,39,11,20.21702,-101.92993,28.20512821,1
MEX00950,40,7,20.22455,-100.8886,17.5,1
MEX03092,38,9,20.2295,-102.68716,23.68421053,1
MEX01266,38,9,20.23012,-102.66898,23.68421053,1
MEX01267,40,9,20.23139,-102.62581,22.5,1
MEX01268,40,4,20.23314,-102.62428,10,1
MEX01602,41,0,20.2351,-97.802,0,0
MEX02651,33,10,20.23582,-96.90388,30.3030303,1
MEX01269,37,10,20.23788,-102.61965,27.02702703,1
MEX01600,39,1,20.23854,-97.89157,2.564102564,0
MEX01154,38,5,20.24045,-99.23055,13.15789474,1
MEX02639,39,0,20.24127,-97.39753,0,0
MEX01271,35,19,20.24359,-102.53263,54.28571429,1
MEX01604,39,0,20.245,-97.42524,0,0
MEX02645,37,1,20.24599,-96.79645,2.702702703,0
MEX01601,41,0,20.24647,-97.8548,0,0
MEX00974,35,9,20.25134,-101.93991,25.71428571,1
MEX01270,35,15,20.25746,-102.56771,42.85714286,1
MEX02750,38,0,20.26458,-97.60134,0,0
MEX03093,38,11,20.26469,-102.57797,28.94736842,1
MEX02637,38,0,20.26732,-97.55879,0,0
MEX01603,37,0,20.26888,-97.73399,0,0
MEX02635,38,0,20.27275,-97.70474,0,0
MEX00952,40,6,20.27301,-100.93744,15,1
THA00008,205,0,20.27305556,100.0916667,0,0
MEX02640,38,0,20.2731,-97.31859,0,0
MEX02751,39,0,20.27346,-97.48818,0,0
MEX00953,40,8,20.27388,-100.93905,20,1
MEX03095,38,14,20.27509,-102.5597,36.84210526,1
MEX00954,37,0,20.28375,-101.02229,0,0
MEX01334,35,10,20.30303,-101.62761,28.57142857,1
MEX01333,33,10,20.30713,-101.62704,30.3030303,1
MEX03094,37,7,20.31396,-102.50697,18.91891892,1
MEX01331,16,7,20.315041,-101.585838,43.75,1
MEX01332,30,12,20.31912,-101.58381,40,1
MEX01111,38,4,20.31942,-98.75175,10.52631579,1
MEX03119,40,9,20.32358,-102.78582,22.5,1
MEX01328,38,11,20.32511,-101.46092,28.94736842,1
MEX01289,36,13,20.32779,-102.01376,36.11111111,1
MEX01273,40,8,20.32851,-102.45735,20,1
MEX01290,38,14,20.32887,-102.01559,36.84210526,1
MEX00975,36,13,20.3309,-101.94698,36.11111111,1
MEX00823,24,8,20.33234,-101.62759,33.33333333,1
MEX00976,36,12,20.33449,-101.94617,33.33333333,1
MEX01274,39,6,20.33493,-102.34962,15.38461538,1
MEX01275,40,5,20.335,-102.34568,12.5,1
MEX00955,40,14,20.33619,-101.03851,35,1
MEX03096,39,4,20.33742,-102.35774,10.25641026,1
MEX00825,3,1,20.33912,-101.63618,33.33333333,1
MEX00822,24,9,20.33959,-101.6265,37.5,1
MEX03097,40,19,20.34437,-102.46117,47.5,1
MEX01277,37,7,20.34488,-102.28093,18.91891892,1
MEX03118,34,21,20.34696,-102.77941,61.76470588,1
IND00068,83,1,20.35,72.93333333,1.204819277,0
MEX03116,34,23,20.350389,-102.7831,67.64705882,1
MEX01715,39,4,20.35242,-99.99615,10.25641026,1
MEX01293,40,21,20.35283,-102.02359,52.5,1
MEX01276,38,13,20.35313,-102.29311,34.21052632,1
MEX03117,34,24,20.356401,-102.786252,70.58823529,1
MEX01286,31,11,20.358361,-101.966775,35.48387097,1
MEX01288,37,7,20.35879,-101.98269,18.91891892,1
MEX01287,37,8,20.35996,-101.96893,21.62162162,1
MEX03115,38,20,20.36187,-102.74208,52.63157895,1
MEX01716,39,2,20.36466,-99.9995,5.128205128,1
MEX01298,38,1,20.36581,-102.17757,2.631578947,0
MEX01297,36,4,20.36846,-102.17366,11.11111111,1
MEX01188,27,9,20.36895,-99.36689,33.33333333,1
MEX01189,36,8,20.3742,-99.32684,22.22222222,1
MEX01713,29,5,20.37478,-100.00266,17.24137931,1
MEX02775,7,3,20.37638,-96.92241,42.85714286,1
MEX00820,31,22,20.37993,-101.4281,70.96774194,1
MEX01294,35,13,20.3807,-102.0247,37.14285714,1
MEX01295,40,4,20.3836,-102.09171,10,1
MEX01296,40,2,20.38389,-102.09684,5,1
MEX03123,33,21,20.38517,-102.92201,63.63636364,1
MEX01610,39,0,20.39251,-97.87221,0,0
MEX02641,39,0,20.39775,-97.23894,0,0
MEX00956,33,4,20.39946,-101.01978,12.12121212,1
MEX03126,36,14,20.4001,-103.09157,38.88888889,1
MEX01710,39,4,20.40289,-100.00114,10.25641026,1
MEX01711,30,19,20.4032,-100.00132,63.33333333,1
MEX01606,39,0,20.40963,-97.64122,0,0
MEX00958,35,20,20.4137,-101.0311,57.14285714,1
MEX00957,36,19,20.41454,-101.02727,52.77777778,1
MEX03089,33,10,20.41594,-102.72869,30.3030303,1
MEX03098,24,19,20.41606,-102.45,79.16666667,1
IND00067,38,2,20.41666667,72.93333333,5.263157895,1
MEX04148,7,0,20.42158,-97.127121,0,0
MEX00826,15,5,20.42454,-101.59688,33.33333333,1
MEX01708,37,36,20.42527,-99.98648,97.2972973,1
MEX01709,33,5,20.42533,-99.98664,15.15151515,1
MEX01186,36,5,20.43658,-99.37778,13.88888889,1
MEX02642,39,1,20.43678,-97.08289,2.564102564,0
MEX01707,39,7,20.43689,-99.99046,17.94871795,1
MEX01607,39,0,20.44572,-97.70254,0,0
MEX03100,27,9,20.46198,-102.3968,33.33333333,1
MEX03111,37,12,20.46377,-102.40804,32.43243243,1
MEX02644,39,1,20.46572,-97.00859,2.564102564,0
IND00058,68,0,20.46666667,85.83333333,0,0
IND00059,59,0,20.46666667,85.83333333,0,0
MEX01609,38,0,20.46761,-97.59411,0,0
MEX02643,36,3,20.46902,-97.01759,8.333333333,1
MEX02671,38,33,20.47878,-97.45432,86.84210526,1
MEX00959,39,21,20.47891,-101.14575,53.84615385,1
MEX01191,39,6,20.48079,-99.22118,15.38461538,1
MEX00827,19,5,20.48125,-101.60371,26.31578947,1
MEX01719,35,34,20.482,-99.93558,97.14285714,1
MEX00819,31,24,20.48646,-101.37294,77.41935484,1
MEX00829,26,10,20.49483,-101.60207,38.46153846,1
MEX00830,27,8,20.4973,-101.60099,29.62962963,1
MEX02984,36,17,20.49741,-103.22776,47.22222222,1
MEX02662,38,32,20.4979,-97.48145,84.21052632,1
MEX03000,38,27,20.49843,-103.21638,71.05263158,1
IND00057,49,0,20.5,85.85,0,0
MEX01608,38,0,20.50123,-97.67252,0,0
MEX02661,37,0,20.50439,-97.49176,0,0
MEX02999,40,27,20.508368,-103.174325,67.5,1
MEX00818,32,25,20.51021,-101.36929,78.125,1
MEX00809,38,21,20.51222,-101.1767,55.26315789,1
MEX02670,37,29,20.51224,-97.42682,78.37837838,1
MEX02663,27,24,20.515,-97.48138,88.88888889,1
MEX00992,37,23,20.51607,-100.7751,62.16216216,1
MEX00943,15,13,20.51801,-101.37832,86.66666667,1
MEX00817,32,25,20.523333,-101.36828,78.125,1
MEX00807,34,20,20.52828,-101.16263,58.82352941,1
MEX00833,16,7,20.528571,-101.601419,43.75,1
MEX00805,37,28,20.52945,-101.14776,75.67567568,1
MEX00808,37,27,20.53103,-101.157,72.97297297,1
MEX03105,37,5,20.53399,-102.53288,13.51351351,1
MEX00837,20,9,20.53432,-101.58672,45,1
MEX00838,10,5,20.53491,-101.58566,50,1
MEX03110,38,1,20.53495,-102.38664,2.631578947,0
MEX00816,30,22,20.53615,-101.34245,73.33333333,1
MEX02985,37,26,20.53794,-103.29631,70.27027027,1
MEX00815,37,23,20.53899,-101.31352,62.16216216,1
MEX04118,31,29,20.54037,-99.87046,93.5483871,1
MEX00806,37,15,20.54223,-101.16326,40.54054054,1
MEX03059,40,2,20.543132,-104.02412,5,1
MEX02664,36,0,20.54354,-97.47523,0,0
MEX02668,38,0,20.544151,-97.551527,0,0
MEX01745,15,0,20.54826,-100.26283,0,0
MEX03061,39,1,20.548803,-104.073744,2.564102564,0
MEX02665,36,31,20.55003,-97.4549,86.11111111,1
MEX01695,10,10,20.55114,-100.45856,100,1
MEX02666,36,32,20.55764,-97.44984,88.88888889,1
MEX02667,39,4,20.56088,-97.44784,10.25641026,1
MEX00812,37,26,20.56306,-101.22373,70.27027027,1
MEX03099,9,7,20.5639,-103.100888,77.77777778,1
MEX00810,37,27,20.56522,-101.19977,72.97297297,1
MEX00014,88,83,20.56666667,-101.2,94.31818182,1
MEX00814,36,25,20.56673,-101.27621,69.44444444,1
MEX03001,40,19,20.569564,-103.1477,47.5,1
MEX00813,31,28,20.57045,-101.27362,90.32258065,1
MEX01184,39,0,20.5754,-99.34621,0,0
MEX00839,17,12,20.57603,-101.25357,70.58823529,1
MEX03003,39,5,20.576338,-103.858228,12.82051282,1
MEX01694,22,16,20.57886,-100.48321,72.72727273,1
MEX01180,36,2,20.581182,-99.69259,5.555555556,1
MEX00983,14,13,20.58217,-101.2678,92.85714286,1
MEX01183,33,0,20.58547222,-99.368,0,0
MEX02669,36,2,20.586475,-97.4475,5.555555556,1
MEX03060,40,0,20.587742,-104.176093,0,0
MEX03101,9,7,20.587761,-103.136037,77.77777778,1
MEX01689,38,37,20.58999,-100.43359,97.36842105,1
MEX03223,39,0,20.59345,-105.21734,0,0
MEX01691,28,1,20.59384,-100.47527,3.571428571,0
MEX01693,36,35,20.59424,-100.48994,97.22222222,1
MEX01685,39,25,20.59434,-100.41511,64.1025641,1
MEX01692,38,37,20.59612,-100.48918,97.36842105,1
MEX01178,39,0,20.60205,-99.65391,0,0
MEX02772,37,1,20.60263,-97.4338,2.702702703,0
MEX00915,33,29,20.61349,-101.3521,87.87878788,1
MEX00868,30,26,20.6151025,-101.285988,86.66666667,1
MEX00914,34,21,20.6164,-101.29482,61.76470588,1
MEX01744,38,33,20.62351,-100.31508,86.84210526,1
MEX00912,28,16,20.62459,-101.2981,57.14285714,1
MEX02770,39,0,20.63591,-97.39922,0,0
MEX03054,40,12,20.63961,-103.79155,30,1
MEX00913,23,1,20.64589,-101.29016,4.347826087,0
MEX01159,38,0,20.65080556,-98.82925,0,0
MEX00841,16,12,20.66047,-101.62084,75,1
MEX00842,17,15,20.66218,-101.62078,88.23529412,1
MEX03053,40,2,20.66375,-103.736357,5,1
MEX03051,36,27,20.66598,-103.72263,75,1
MEX00916,38,31,20.66603,-101.33189,81.57894737,1
MEX02987,37,2,20.66806,-103.1872,5.405405405,1
MEX00917,29,22,20.670833,-101.330833,75.86206897,1
MEX02599,21,0,20.67098,-97.18129,0,0
MEX03052,39,0,20.67411,-103.72045,0,0
MEX00920,35,31,20.67531,-101.85239,88.57142857,1
MEX01530,38,1,20.67752,-105.2847,2.631578947,0
MEX04108,4,2,20.682881,-101.322725,50,1
MEX00919,33,29,20.68502,-101.81313,87.87878788,1
MEX03050,40,1,20.68677,-103.69375,2.5,0
MEX00843,29,22,20.6905,-101.63516,75.86206897,1
MEX04103,4,2,20.69124,-101.321452,50,1
MEX00845,27,23,20.69144,-101.66573,85.18518519,1
MEX02771,38,1,20.6929,-97.34049,2.631578947,0
MEX00844,30,21,20.6932,-101.63638,70,1
MEX01560,38,2,20.69331,-105.25951,5.263157895,1
MEX04102,6,4,20.696198,-101.318363,66.66666667,1
MEX03222,38,0,20.70421,-105.24779,0,0
MEX02773,37,0,20.70998,-97.30006,0,0
MEX00846,33,27,20.72212,-101.70407,81.81818182,1
MEX02991,38,6,20.72349,-103.27983,15.78947368,1
MEX03221,38,0,20.72408,-105.227956,0,0
MEX02774,20,1,20.72651,-97.20647,5,1
MEX02990,38,0,20.7305,-103.28278,0,0
MEX02988,40,5,20.73889,-103.28928,12.5,1
MEX00978,32,14,20.74185,-101.90831,43.75,1
MEX01705,34,30,20.74366,-99.93917,88.23529412,1
MEX01160,38,0,20.75222222,-98.64994444,0,0
MEX01559,37,0,20.75431,-105.22505,0,0
MEX01725,32,1,20.7558,-99.52343,3.125,0
IND00066,37,2,20.76666667,72.96666667,5.405405405,1
MEX02992,39,2,20.78201,-103.32039,5.128205128,1
MEX01469,39,1,20.79484,-104.41575,2.564102564,0
MEX01704,33,31,20.80089,-100.04042,93.93939394,1
MEX01558,37,2,20.8021,-105.18921,5.405405405,1
MEX01703,39,9,20.80231,-100.040555,23.07692308,1
MEX01749,1,0,20.81662,-100.44563,0,0
MEX00982,35,14,20.82276,-101.93858,40,1
MEX02989,40,2,20.8286,-102.96199,5,1
MEX02994,38,9,20.83915,-103.32898,23.68421053,1
MEX01202,39,0,20.86451,-99.44553,0,0
MEX01470,40,1,20.86903,-104.51882,2.5,0
MEX01701,32,28,20.87675,-99.91171,87.5,1
MEX01557,38,0,20.88892,-105.1335,0,0
MEX00984,38,27,20.90354,-101.89172,71.05263158,1
MEX02763,34,2,20.90945,-97.46937,5.882352941,1
MEX03048,39,9,20.91192,-103.711718,23.07692308,1
MEX02768,33,25,20.91446,-97.70193,75.75757576,1
MEX02764,36,0,20.91688,-97.5658,0,0
MEX00834,16,15,20.9171,-101.89794,93.75,1
MEX01700,30,1,20.91846,-99.91705,3.333333333,0
MEX01699,38,31,20.91913,-99.91578,81.57894737,1
MEX02765,37,1,20.91927,-97.64194,2.702702703,0
MEX02767,36,13,20.91944,-97.6853,36.11111111,1
MEX00985,34,22,20.92304,-101.89496,64.70588235,1
MEX01471,39,1,20.9242,-104.63206,2.564102564,0
MEX02769,37,0,20.92546,-97.71731,0,0
MEX02766,37,0,20.92819,-97.68047,0,0
MEX00877,39,18,20.92949,-101.28874,46.15384615,1
MEX02762,38,0,20.9479,-97.39919,0,0
MEX04104,16,14,20.95792,-101.88651,87.5,1
MEX04105,13,10,20.96818,-101.88756,76.92307692,1
MEX00871,39,39,20.9939,-101.84523,100,1
MEX00870,6,6,20.99406,-101.84492,100,1
MEX00869,39,39,21.00885,-101.82957,100,1
MEX01208,39,0,21.01235,-98.80922,0,0
MEX01210,38,1,21.01557,-98.33913,2.631578947,0
MEX01698,38,0,21.03115,-99.74059,0,0
MEX01474,37,1,21.03208,-104.36413,2.702702703,0
MEX01473,35,9,21.03317,-104.41416,25.71428571,1
MEX03037,39,11,21.03833,-103.42601,28.20512821,1
MEX03039,41,7,21.04453,-103.4463,17.07317073,1
MEX03038,40,8,21.04487,-103.43114,20,1
MEX03040,41,2,21.0475,-103.43317,4.87804878,0
MEX01697,36,0,21.04788,-99.8159,0,0
MEX03036,41,2,21.0484,-103.42616,4.87804878,0
MEX03029,14,9,21.049946,-102.43132,64.28571429,1
MEX01209,38,0,21.05163,-98.52737,0,0
MEX01472,33,3,21.05764,-104.51801,9.090909091,1
MEX01696,35,14,21.06024,-99.81363,40,1
MEX00855,6,6,21.0621,-101.76163,100,1
MEX00861,11,11,21.08193,-101.72978,100,1
IND00065,38,8,21.08333,72.88333,21.05263158,1
MEX00859,32,17,21.09266,-101.73346,53.125,1
MEX01556,36,0,21.10038,-104.62834,0,0
MEX03016,40,14,21.1175,-102.52135,35,1
MEX00860,19,19,21.12202,-101.66345,100,1
IND00046,202,2,21.16666667,73.66666667,0.99009901,0
MEX03025,37,3,21.19013,-102.25674,8.108108108,1
MEX03024,40,2,21.19224,-102.26466,5,1
MEX03026,40,5,21.19335,-102.113,12.5,1
MEX01206,20,0,21.19398,-98.28739,0,0
MEX02921,39,1,21.19477,-98.28779,2.564102564,0
MEX01723,16,0,21.19663,-99.60457,0,0
MEX01739,39,1,21.21234,-99.53429,2.564102564,0
MEX01740,38,0,21.21272,-99.53603,0,0
MEX01722,12,0,21.21326,-99.46942,0,0
MEX01918,37,0,21.22835,-98.75498,0,0
MEX03023,38,3,21.22934,-102.31536,7.894736842,1
MEX01552,8,0,21.23208,-104.90079,0,0
MEX01553,19,1,21.24107,-104.9096,5.263157895,1
MEX02082,36,1,21.24124,-103.17879,2.777777778,0
MEX01916,37,0,21.24364,-98.86265,0,0
MEX03027,36,26,21.25479,-102.03098,72.22222222,1
MEX01917,36,0,21.2557,-98.77393,0,0
MEX01547,36,1,21.26305,-104.92564,2.777777778,0
MEX03022,40,32,21.26436,-102.35554,80,1
MEX03028,23,16,21.26767,-102.01717,69.56521739,1
IND00047,227,0,21.28361111,72.95,0,0
MEX03019,37,4,21.28495,-102.50949,10.81081081,1
USGS-16247100,4,0,21.28652778,-157.8185556,0,0
MEX03018,38,5,21.293,-102.55294,13.15789474,1
MEX02922,39,1,21.2972,-98.35633,2.564102564,0
MEX03017,41,6,21.29842,-102.53565,14.63414634,1
MEX03030,40,36,21.31277,-101.96371,90,1
MEX02919,36,0,21.3287,-97.75286,0,0
IND00010,253,2,21.33333333,76.25,0.790513834,0
MEX02920,36,4,21.33524,-97.81242,11.11111111,1
MEX02918,36,12,21.3429,-97.6634,33.33333333,1
USGS-16249000,4,0,21.34997222,-157.7289167,0,0
USGS-16227100,92,0,21.3682361,-157.9297528,0,0
USGS-16266500,93,0,21.38184444,-157.8016972,0,0
USGS-16226200,108,0,21.382,-157.9033333,0,0
USGS-16265700,96,0,21.38319167,-157.796,0,0
USGS-16213000,170,3,21.38347222,-158.0109167,1.764705882,0
USGS-16267500,97,0,21.38434444,-157.8025306,0,0
USGS-16265600,122,0,21.38628889,-157.7928083,0,0
USGS-16269500,93,2,21.3885111,-157.8097528,2.150537634,0
MEX02923,38,1,21.39041,-98.47199,2.631578947,0
USGS-16270900,111,0,21.39177778,-157.8094778,0,0
USGS-16272200,118,0,21.39338889,-157.80375,0,0
MEX01741,39,0,21.39799,-99.580407,0,0
USGS-16273950,101,0,21.40267778,-157.8058639,0,0
USGS-16275000,109,0,21.40920833,-157.8232306,0,0
USGS-16274100,94,0,21.41180556,-157.798111,0,0
MEX01915,37,1,21.41883,-98.88073,2.702702703,0
MEX01495,21,4,21.427426,-104.829639,19.04761905,1
MEX01913,37,0,21.43082,-98.8806,0,0
MEX01912,36,1,21.43357,-98.91222,2.777777778,0
MEX01914,37,0,21.43565,-98.86263,0,0
MEX01742,40,0,21.43668,-99.64207,0,0
MEX01496,17,1,21.43846,-104.83639,5.882352941,1
MEX03032,41,21,21.43852,-101.86295,51.2195122,1
MEX01494,29,22,21.44777,-104.83511,75.86206897,1
MEX01484,37,8,21.46333,-104.509639,21.62162162,1
MEX01493,35,17,21.46606,-104.85078,48.57142857,1
MEX01483,39,7,21.4702,-104.50727,17.94871795,1
MEX01911,35,0,21.47138,-98.95701,0,0
MEX01910,36,0,21.47959,-98.96684,0,0
USGS-16208000,5,0,21.48880556,-157.9960556,0,0
MEX02119,40,4,21.4909306,-103.46052,10,1
MEX03031,41,1,21.49803,-101.75193,2.43902439,0
IND00009,258,1,21.51666667,76.76666667,0.387596899,0
MEX01485,38,2,21.51685,-104.53033,5.263157895,1
MEX02924,38,1,21.520826,-98.400005,2.631578947,0
MEX03033,40,7,21.53859,-102.43325,17.5,1
MEX01520,36,18,21.55132,-104.8969,50,1
MEX02096,40,0,21.55581,-103.02489,0,0
LAO00019,51,0,21.5655555,101.143333,0,0
MEX01489,37,9,21.57551,-104.89884,24.32432432,1
MEX01487,2,1,21.584177,-104.822463,50,1
MEX01486,5,3,21.585279,-104.825257,60,1
MEX01488,4,0,21.58564,-104.82282,0,0
MEX03827,25,0,21.59318,-88.05565,0,0
MEX01862,36,1,21.59642,-98.66402,2.777777778,0
MEX01806,28,0,21.59719,-100.53851,0,0
MEX01908,37,0,21.6316,-99.22826,0,0
IND00056,2,1,21.63333333,72.83333333,50,1
IND00055,70,0,21.66666667,72.91666667,0,0
MEX01895,34,0,21.66687,-99.22626,0,0
MEX01920,13,0,21.67449,-98.57561,0,0
MEX02925,34,0,21.67839,-98.61171,0,0
MEX03049,39,0,21.680506,-103.810245,0,0
MEX01909,39,2,21.68339,-99.04582,5.128205128,1
MEX01528,39,0,21.68378,-105.35257,0,0
MEX01527,40,0,21.68544,-105.39557,0,0
MEX01825,15,0,21.68987,-100.43365,0,0
MEX01542,17,0,21.71096,-104.97897,0,0
MEX01529,39,0,21.71583,-105.33073,0,0
MEX00046,40,1,21.71666,-102.40724,2.5,0
MEX01545,39,0,21.72693,-105.03391,0,0
MEX01541,19,0,21.7335,-104.97653,0,0
MEX01543,19,0,21.73585,-104.97279,0,0
MEX01539,39,2,21.73855,-105.01189,5.128205128,1
MEX00048,39,18,21.74109,-102.36757,46.15384615,1
MEX01531,38,0,21.74371,-105.24646,0,0
MEX01537,38,0,21.74392,-105.04134,0,0
MEX01540,39,2,21.74651,-105.00021,5.128205128,1
MEX01864,36,3,21.74934,-98.95878,8.333333333,1
MEX01499,39,0,21.75344,-104.9294,0,0
MEX01544,19,0,21.7556,-104.92839,0,0
MEX00044,39,4,21.75618,-102.37363,10.25641026,1
MEX01896,34,0,21.75882,-99.27974,0,0
MEX00049,37,5,21.76688,-102.36137,13.51351351,1
MEX02956,36,0,21.77064,-98.45665,0,0
MEX01919,21,0,21.77288,-98.4595,0,0
MEX03217,38,0,21.77506,-103.78463,0,0
MEX01501,40,11,21.7784,-104.8562,27.5,1
MEX00041,39,23,21.77918,-102.37381,58.97435897,1
MEX01863,36,0,21.7846,-98.87971,0,0
MEX01500,40,0,21.79018,-104.9103,0,0
MEX00017,2,2,21.79912,-102.29228,100,1
MEX01533,38,0,21.806102,-105.20355,0,0
MEX00034,2,0,21.81494,-102.28459,0,0
MEX00036,32,31,21.81824,-102.35734,96.875,1
MEX01893,36,0,21.82245,-99.14659,0,0
MEX01536,40,0,21.82581,-105.07079,0,0
MEX01892,34,0,21.82717,-99.14948,0,0
MEX02118,39,4,21.83023,-103.30025,10.25641026,1
MEX01535,41,0,21.83065,-105.11465,0,0
MEX02957,36,0,21.8312,-98.50311,0,0
MEX01857,39,0,21.83132,-99.86658,0,0
MEX00035,39,13,21.83418,-102.34222,33.33333333,1
MEX01538,37,4,21.83749,-105.10037,10.81081081,1
MEX04082,8,7,21.84536,-102.33361,87.5,1
MEX01865,38,0,21.8469,-98.9381,0,0
MEX00053,39,0,21.84769,-102.73815,0,0
MEX01891,34,0,21.84906,-99.14873,0,0
MEX02993,35,2,21.84911,-103.77389,5.714285714,1
MEX01525,38,2,21.85479,-105.48094,5.263157895,1
MEX01866,38,1,21.85534,-98.97385,2.631578947,0
MEX01897,33,3,21.85755,-99.30076,9.090909091,1
MEX01856,38,0,21.88727,-99.90553,0,0
MEX01522,39,1,21.88845,-105.46258,2.564102564,0
MEX01894,36,0,21.89523,-99.24546,0,0
MEX01523,38,0,21.904711,-105.480175,0,0
MEX01854,39,1,21.91137,-99.95821,2.564102564,0
IND00007,264,1,21.91666667,73.65,0.378787879,0
MEX02167,39,1,21.92064,-103.31774,2.564102564,0
MEX01853,39,4,21.92195,-99.96548,10.25641026,1
MEX01898,37,0,21.92978,-99.37609,0,0
MEX01903,37,1,21.93012,-99.41621,2.702702703,0
MEX01899,37,0,21.93039,-99.39249,0,0
MEX01902,38,0,21.9316,-99.41531,0,0
MEX01901,38,1,21.93694,-99.40566,2.631578947,0
MEX01900,37,0,21.93762,-99.39557,0,0
MEX00031,28,23,21.94,-102.33,82.14285714,1
MEX01516,40,0,21.94226,-105.28839,0,0
MEX01868,37,4,21.9435,-99.0057,10.81081081,1
MEX01511,38,0,21.9442,-105.1004,0,0
MEX01510,39,0,21.94554,-105.02691,0,0
MEX01517,39,0,21.94596,-105.29644,0,0
MEX01867,38,2,21.94613,-98.99153,5.263157895,1
MEX01904,38,0,21.946444,-99.400611,0,0
MEX01852,39,0,21.94687,-100.00769,0,0
MEX01509,40,0,21.94969,-104.97919,0,0
MEX01515,38,0,21.9505,-105.17905,0,0
MEX01519,39,0,21.95164,-105.31162,0,0
MEX01905,37,0,21.95306,-99.39005,0,0
MEX02931,20,0,21.95987,-98.55001,0,0
MEX01906,36,0,21.96273,-99.30193,0,0
MEX01512,36,1,21.96351,-105.16369,2.777777778,0
MEX01513,38,0,21.96412,-105.14664,0,0
MEX01884,37,1,21.96522,-98.55731,2.702702703,0
MEX01514,38,0,21.96753,-105.1543,0,0
MEX01907,35,0,21.97138,-99.29431,0,0
MEX02102,39,1,21.97328,-102.89482,2.564102564,0
MEX00029,40,39,21.98063,-102.29445,97.5,1
MEX01885,37,0,21.98362,-98.69298,0,0
MEX02130,39,1,21.98402,-103.34018,2.564102564,0
MEX00030,40,39,21.98524,-102.28905,97.5,1
MEX01886,37,0,21.99941,-98.75941,0,0
MEX01888,37,1,22.00111,-98.77421,2.702702703,0
MEX01887,37,0,22.00326,-98.77064,0,0
MEX02951,39,14,22.01264,-98.18236,35.8974359,1
MEX02849,40,12,22.01453,-98.17352,30,1
MEX01870,37,0,22.015052,-99.058107,0,0
MEX01871,38,0,22.02048,-99.04887,0,0
MEX01869,36,0,22.0214,-99.04997,0,0
MEX01566,38,0,22.03668,-104.93858,0,0
MEX02950,40,0,22.05941,-98.17611,0,0
MEX00004,150,2,22.07888889,-98.22194444,1.333333333,0
MEX02949,39,0,22.09096,-98.19308,0,0
MEX02129,40,23,22.09429,-103.29942,57.5,1
MEX01872,39,1,22.1132,-99.1613,2.564102564,0
MEX02948,39,0,22.13061,-98.06084,0,0
IND00045,205,0,22.15,75.15,0,0
MEX02947,40,0,22.18435,-98.01545,0,0
MEX01873,38,0,22.21087,-99.22522,0,0
MEX01874,39,0,22.21671,-99.22224,0,0
MEX01583,37,0,22.27191,-105.5251,0,0
MEX01582,38,0,22.36691,-105.47627,0,0
MEX02928,17,1,22.37683,-98.09639,5.882352941,1
MEX01569,38,1,22.38618,-105.45418,2.631578947,0
MEX02910,38,0,22.391297,-98.31764,0,0
MEX01570,38,0,22.39424,-105.44519,0,0
MEX01572,40,0,22.40751,-105.39705,0,0
MEX02909,39,0,22.41368,-98.42213,0,0
BGD00006,62,1,22.41666667,92.0075,1.612903226,0
MEX01573,37,0,22.4418,-105.38134,0,0
MEX02086,39,33,22.44248,-102.33263,84.61538462,1
MEX01574,40,1,22.46345,-105.3751,2.5,0
MEX02851,38,0,22.46755,-98.19228,0,0
MEX02085,38,14,22.48096,-102.45479,36.84210526,1
MEX01575,39,0,22.50185,-105.35022,0,0
MEX02945,40,2,22.50816,-98.14115,5,1
MEX01923,38,0,22.5183,-99.3297,0,0
MEX01576,38,0,22.5264,-105.342,0,0
MEX01922,37,0,22.52812,-99.33601,0,0
MEX01921,38,0,22.53217,-99.33942,0,0
MEX02117,39,1,22.54088,-102.81231,2.564102564,0
MEX02907,1,0,22.54772778,-98.5529,0,0
IND00024,226,0,22.57111111,86.48055556,0,0
MEX02112,38,18,22.59635,-103.00925,47.36842105,1
MEX01577,38,0,22.60659,-105.345,0,0
MEX01579,38,0,22.62184,-105.32644,0,0
MEX01578,38,0,22.6312,-105.31808,0,0
MEX01580,36,0,22.6479,-105.31689,0,0
MEX02099,39,0,22.6866,-103.6026,0,0
MEX02929,40,2,22.6988,-99.0455,5,1
MEX01581,38,0,22.72752,-105.32819,0,0
IND00062,28,13,22.73333333,72.46666667,46.42857143,1
IND00044,242,0,22.78333333,77.78333333,0,0
MEX02938,39,5,22.7835,-98.8704,12.82051282,1
MEX02930,36,9,22.786,-98.9698,25,1
MEX02901,40,0,22.79703,-98.71233,0,0
MEX02939,40,1,22.8019,-98.83494,2.5,0
MEX02933,39,4,22.8043,-98.9481,10.25641026,1
IND00049,162,19,22.81888889,86.19583333,11.72839506,1
MEX02934,40,3,22.82082,-98.96873,7.5,1
IND00004,265,3,22.83333333,74.33333333,1.132075472,0
MEX02855,31,1,22.841706,-97.940732,3.225806452,0
MEX02936,38,0,22.84305,-99.0262,0,0
MEX02937,39,0,22.854,-99.1211,0,0
MEX02856,6,0,22.87682778,-98.03538889,0,0
MEX03707,32,0,22.88024,-105.96335,0,0
MEX02857,40,0,22.898,-98.06293,0,0
MEX02858,40,0,22.92482,-98.08384,0,0
MEX02124,35,23,22.92906,-102.68446,65.71428571,1
MEX02111,35,15,22.93067,-102.68072,42.85714286,1
IND00048,153,1,22.95305556,86.01583333,0.653594771,0
MEX03713,36,0,22.97227,-105.86382,0,0
MEX03714,37,0,22.99768,-105.84722,0,0
MEX02892,38,0,23.03145,-99.0933,0,0
MEX00146,36,2,23.04946,-109.68059,5.555555556,1
MEX00145,33,3,23.050319,-109.687379,9.090909091,1
MEX00144,31,4,23.05754,-109.69102,12.90322581,1
MEX03715,30,0,23.06213,-105.84316,0,0
MEX02941,40,0,23.06224,-98.78972,0,0
CHN00003,233,0,23.06916667,112.45,0,0
IND00002,83,45,23.08333333,72.63333333,54.21686747,1
MEX00140,33,2,23.09,-109.700278,6.060606061,1
IND00023,216,18,23.12083333,85.5,8.333333333,1
MEX03716,28,0,23.12754,-105.87434,0,0
MEX03704,40,0,23.14056,-106.25272,0,0
MEX02859,40,1,23.16543,-97.95312,2.5,0
MEX03702,40,0,23.18233,-106.23032,0,0
MEX03703,40,0,23.19095,-106.22384,0,0
MEX04081,30,6,23.22234,-102.73389,20,1
CHN00012,87,2,23.23333333,113.2,2.298850575,0
IND00005,268,0,23.25,73,0,0
MEX03700,40,0,23.25677,-106.23394,0,0
MEX02890,32,0,23.32086,-99.06965,0,0
MEX00087,35,2,23.337,-109.77912,5.714285714,1
MEX03697,38,0,23.34692,-106.24526,0,0
MEX00082,23,0,23.3889,-109.827745,0,0
MEX00123,36,4,23.39026,-110.2118333,11.11111111,1
MEX00083,10,0,23.39128,-109.8261,0,0
MEX03696,39,0,23.40973,-106.2065,0,0
MEX00076,38,1,23.43995,-109.80786,2.631578947,0
MEX00073,37,0,23.45805,-110.22379,0,0
MEX00673,39,0,23.45977,-104.41149,0,0
MEX01925,17,0,23.4707,-100.84152,0,0
MEX03695,40,0,23.47734,-106.20435,0,0
MEX01932,14,0,23.5156,-100.8336,0,0
MEX01928,15,0,23.5272,-100.9375,0,0
MEX01931,13,0,23.5356,-100.8444,0,0
MEX00118,8,0,23.61961,-109.60857,0,0
MEX00117,26,0,23.61997,-109.60983,0,0
MEX00629,15,0,23.641111,-103.919306,0,0
MEX01929,15,0,23.6475,-100.8842,0,0
MEX00587,39,0,23.667,-103.95268,0,0
MEX02887,40,5,23.70155,-99.08673,12.5,1
MEX02132,37,2,23.70516,-103.09889,5.405405405,1
MEX02850,38,1,23.70536,-99.0755,2.631578947,0
MEX03685,32,0,23.72559,-106.78793,0,0
MEX03686,32,0,23.73387,-106.77763,0,0
MEX00089,36,0,23.73546,-109.84545,0,0
MEX02866,35,0,23.73723,-98.2063,0,0
MEX02864,34,0,23.79165,-98.20404,0,0
MEX00557,32,2,23.80203,-105.35438,6.25,1
MEX02865,39,0,23.83183,-98.20453,0,0
IND00001,224,1,23.83333333,73.83333333,0.446428571,0
MEX00593,38,9,23.83386,-104.25755,23.68421053,1
MEX00592,37,1,23.83395,-104.25949,2.702702703,0
MEX00594,39,0,23.8717,-104.26804,0,0
MEX03689,40,0,23.88507,-106.62,0,0
MEX03683,39,1,23.8989,-106.91743,2.564102564,0
MEX03682,37,0,23.90708,-106.89177,0,0
MEX00599,36,0,23.90783,-104.20925,0,0
MEX03679,38,0,23.93017,-106.77063,0,0
MEX03691,39,0,23.9341,-106.4362,0,0
MEX02879,39,5,23.937,-98.93626,12.82051282,1
MEX03690,36,0,23.94011,-106.53532,0,0
MEX02932,17,3,23.944011,-98.977298,17.64705882,1
MEX03693,40,0,23.94448,-106.4137,0,0
MEX02908,19,0,23.94727,-98.980793,0,0
MEX03678,39,0,23.95843,-106.71391,0,0
MEX03677,37,0,23.96,-106.69908,0,0
MEX04007,38,0,23.96856,-99.77038,0,0
MEX00606,35,27,23.98647,-104.60928,77.14285714,1
MEX00607,36,25,23.98766,-104.61034,69.44444444,1
MEX02867,38,0,23.99821,-98.27045,0,0
MEX00596,35,8,24.02379,-104.40838,22.85714286,1
MEX00597,35,12,24.02408,-104.4064,34.28571429,1
BGD00004,90,1,24.0375,90.99166667,1.111111111,0
MEX02878,39,0,24.04242,-98.90372,0,0
MEX00600,36,4,24.06653,-104.5002,11.11111111,1
MEX00602,36,29,24.07711,-104.55011,80.55555556,1
BGD00002,50,3,24.08333333,89.03333333,6,1
MEX00532,20,0,24.09203,-105.94618,0,0
MEX04006,37,1,24.11633,-99.81487,2.702702703,0
MEX03672,39,0,24.11846,-106.68166,0,0
MEX02829,39,1,24.15178,-99.40624,2.564102564,0
MEX02828,37,0,24.18115,-99.32381,0,0
MEX00622,35,0,24.21219,-104.50117,0,0
MEX00630,34,0,24.21475,-104.5302,0,0
MEX02826,31,0,24.26381,-99.44401,0,0
MEX03652,33,2,24.26821,-107.4015,6.060606061,1
MEX00533,37,0,24.29637,-105.54945,0,0
MEX03655,20,0,24.29916,-107.36681,0,0
MEX03654,18,0,24.31101,-107.35225,0,0
MEX03653,39,0,24.31147,-107.35151,0,0
MEX03656,36,1,24.32001,-107.36934,2.777777778,0
MEX02131,28,0,24.32178,-102.88479,0,0
MEX03671,37,0,24.33562,-106.6459,0,0
MEX03658,39,0,24.35027,-107.3195,0,0
MEX00562,37,6,24.35877,-103.43297,16.21621622,1
MEX00078,4,0,24.36745,-110.68807,0,0
MEX00077,5,0,24.36765,-110.69701,0,0
MEX03670,38,0,24.39827,-106.60582,0,0
MEX03659,39,0,24.40696,-107.22522,0,0
MEX03663,38,0,24.44003,-107.00619,0,0
MEX03661,37,0,24.44614,-107.09562,0,0
MEX00086,38,0,24.46953,-111.00268,0,0
MEX03664,39,0,24.48826,-106.95173,0,0
MEX00544,12,0,24.48981,-103.34792,0,0
MEX00084,36,6,24.502889,-110.951528,16.66666667,1
MEX00535,19,0,24.54857,-105.8856,0,0
MEX00534,36,0,24.55902,-105.85848,0,0
MEX03577,13,13,24.59936,-107.48409,100,1
MEX03582,18,0,24.62845,-107.6608,0,0
MEX03579,29,0,24.69182,-107.69964,0,0
MEX03585,37,21,24.70513,-107.4192,56.75675676,1
MEX03584,40,0,24.71012,-107.41465,0,0
MEX03578,10,0,24.716753,-107.677918,0,0
MEX03576,13,13,24.72352,-107.68215,100,1
MEX03581,39,0,24.75625,-107.73146,0,0
BGD00005,34,0,24.75833333,90.41666667,0,0
MEX03571,39,0,24.78496,-107.55836,0,0
MEX02838,37,2,24.78931,-98.15559,5.405405405,1
MEX03568,35,6,24.7901,-107.48228,17.14285714,1
MEX03567,39,0,24.79331,-107.44814,0,0
MEX03561,14,0,24.8054,-107.40774,0,0
MEX03560,23,0,24.80789,-107.41048,0,0
MEX03559,36,1,24.80935,-107.41251,2.777777778,0
MEX00665,37,0,24.80967,-105.31738,0,0
MEX03565,39,0,24.81074,-107.32621,0,0
MEX03562,39,0,24.81233,-107.40237,0,0
MEX03563,40,0,24.81271,-107.391,0,0
MEX03564,40,0,24.81912,-107.38099,0,0
MEX03569,37,35,24.81976,-107.53582,94.59459459,1
MEX03557,36,33,24.8217,-107.52932,91.66666667,1
MEX03570,28,27,24.82238,-107.564,96.42857143,1
MEX03556,39,0,24.82585,-107.50997,0,0
MEX03647,35,32,24.83433,-107.65428,91.42857143,1
MEX03646,34,32,24.83999,-107.72364,94.11764706,1
MEX02841,23,0,24.84227,-97.88991,0,0
MEX03586,39,0,24.85035,-107.29765,0,0
MEX00645,36,0,24.85471,-104.45369,0,0
MEX03994,39,0,24.85542,-99.55923,0,0
MEX03998,15,6,24.86,-99.33,40,1
MEX02839,39,0,24.86298,-98.1741,0,0
MEX03999,17,2,24.865728,-99.334725,11.76470588,1
MEX04002,37,0,24.89845,-99.48854,0,0
MEX00576,38,0,24.90783,-104.07961,0,0
MEX03592,38,0,24.93979,-107.35484,0,0
MEX02840,39,0,24.980278,-98.319722,0,0
MEX03992,39,0,24.99036,-99.74575,0,0
MEX03993,39,0,24.99174,-99.58634,0,0
MEX03593,37,0,25.01393,-107.38848,0,0
MEX00543,24,0,25.02053,-105.40434,0,0
MEX03981,39,0,25.02495,-99.99419,0,0
MEX00556,37,0,25.04165,-106.34385,0,0
MEX02846,38,0,25.04475,-98.83002,0,0
MEX00540,38,0,25.0466,-105.41535,0,0
MEX02387,39,0,25.06807,-103.283855,0,0
MEX00539,37,1,25.08054,-105.42908,2.702702703,0
MEX02323,40,0,25.14719,-104.52392,0,0
MEX00547,37,0,25.16101,-105.49664,0,0
MEX00546,38,0,25.16405,-105.44094,0,0
MEX03985,39,0,25.17067,-99.81455,0,0
MEX03984,38,0,25.17079,-99.80042,0,0
MEX03983,39,0,25.17326,-99.86369,0,0
BGD00003,61,0,25.18333333,89.66666667,0,0
MEX03986,37,0,25.21013,-99.73909,0,0
MEX03987,37,0,25.21835,-99.72607,0,0
MEX00549,38,0,25.22384,-105.44807,0,0
MEX03979,38,0,25.22956,-99.94031,0,0
MEX04159,7,0,25.23272,-99.98464,0,0
MEX03980,36,0,25.23353,-99.93725,0,0
MEX04160,7,1,25.24166,-99.9555,14.28571429,1
MEX03978,39,0,25.25712,-100.01599,0,0
MEX02330,38,0,25.26358,-104.06635,0,0
MEX02342,37,0,25.27506,-103.76833,0,0
MEX03976,39,0,25.28627,-99.98653,0,0
MEX03977,38,5,25.29295,-99.98301,13.15789474,1
MEX02344,37,0,25.30185,-103.73193,0,0
MEX00595,38,0,25.31575,-105.68786,0,0
MEX03610,37,0,25.32552,-108.45669,0,0
MEX04041,28,0,25.33803,-99.94429,0,0
MEX03598,39,0,25.3452,-107.5448,0,0
MEX00598,36,0,25.35233,-105.84055,0,0
MEX03611,38,0,25.37127,-108.42355,0,0
USGS-252230081021300,31,18,25.3749722,-81.0366944,58.06451613,1
MEX02343,39,0,25.38702,-103.74252,0,0
MEX03599,32,0,25.40749,-107.55442,0,0
USGS-252523080352600,8,0,25.4234467,-80.59033789,0,0
MEX03971,39,0,25.42959,-100.12443,0,0
MEX03612,39,0,25.44581,-108.44489,0,0
MEX03609,32,0,25.469531,-108.089972,0,0
MEX03962,39,0,25.49425,-99.76796,0,0
MEX00382,38,10,25.49958,-100.98693,26.31578947,1
MEX03960,36,0,25.50071,-99.51806,0,0
MEX00384,36,9,25.50166,-100.98679,25,1
MEX00386,38,9,25.50274,-100.98609,23.68421053,1
MEX02380,34,23,25.50621,-103.33553,67.64705882,1
MEX03965,39,0,25.50836,-99.90968,0,0
USGS-253055080335700,5,2,25.5156655,-80.56561448,40,1
MEX00383,34,0,25.52143,-100.96546,0,0
MEX03969,36,0,25.5222,-100.009,0,0
MEX00385,40,1,25.5244,-100.95989,2.5,0
MEX03966,40,0,25.52859,-99.89932,0,0
MEX00387,39,0,25.53042,-100.9586,0,0
MEX00380,40,0,25.53211,-100.95966,0,0
MEX03964,38,0,25.5455,-99.832,0,0
MEX03613,39,0,25.5491,-108.44778,0,0
MEX03615,38,0,25.56385,-108.45573,0,0
MEX00381,40,6,25.56572,-100.94548,15,1
MEX00378,38,5,25.56651,-100.94593,13.15789474,1
MEX02350,34,0,25.5675,-103.57465,0,0
MEX00379,37,8,25.56968,-100.94408,21.62162162,1
MEX03967,37,0,25.57766,-99.96238,0,0
MEX03618,36,0,25.589601,-108.459808,0,0
MEX02322,40,0,25.59233,-105.00235,0,0
MEX03968,38,0,25.59625,-99.99256,0,0
MEX03940,37,0,25.59663,-100.26172,0,0
USGS-253630080321800,6,3,25.60871748,-80.5381135,50,1
MEX02368,34,24,25.61209,-103.43526,70.58823529,1
MEX03948,38,2,25.64618,-99.62854,5.263157895,1
MEX02359,33,11,25.64821,-103.4752,33.33333333,1
MEX04014,39,0,25.651572,-98.03159,0,0
MEX03939,36,0,25.66364,-100.26195,0,0
MEX03911,11,0,25.66951,-100.29364,0,0
MEX03937,40,0,25.68245,-100.19099,0,0
MEX03938,40,0,25.68486,-100.25318,0,0
MEX03620,36,2,25.6853,-109.03733,5.555555556,1
MEX03949,40,0,25.69445,-99.62213,0,0
MEX03621,37,2,25.70244,-109.06683,5.405405405,1
MEX03724,38,0,25.70899,-108.34111,0,0
MEX03950,40,0,25.70983,-99.60242,0,0
MEX03936,39,6,25.7126,-99.99546,15.38461538,1
MEX03951,39,0,25.71822,-99.59292,0,0
MEX03957,38,0,25.72044,-99.25404,0,0
MEX03961,39,0,25.72915,-99.2224,0,0
MEX03935,38,0,25.73069,-100.080777,0,0
MEX03919,37,2,25.75826,-100.25598,5.405405405,1
MEX03921,39,0,25.75876,-100.23321,0,0
MEX03924,38,0,25.75877,-100.2332,0,0
MEX03923,39,0,25.75885,-100.23333,0,0
USGS-254537080334000,6,3,25.76065629,-80.56089139,50,1
USGS-02289040,68,16,25.7620455,-80.7258958,23.52941176,1
MEX03943,40,0,25.77117,-100.00865,0,0
MEX03922,25,0,25.77229,-100.21543,0,0
MEX03942,38,0,25.7748,-100.02404,0,0
MEX03944,35,0,25.7815,-99.989,0,0
MEX03941,40,0,25.7816,-100.04244,0,0
MEX03870,22,0,25.7846,-100.53198,0,0
MEX03912,37,4,25.78735,-100.48716,10.81081081,1
USGS-254717080161200,3,0,25.78843209,-80.2697724,0,0
USGS-254733080220200,2,0,25.7928767,-80.3669972,0,0
USGS-254747080220800,3,0,25.79676545,-80.3686639,0,0
USGS-254747080220900,1,0,25.79676545,-80.36894169,0,0
MEX03909,40,0,25.79772,-100.64318,0,0
MEX03910,20,1,25.79835,-100.57031,5,1
MEX03915,37,1,25.80123,-100.27726,2.702702703,0
MEX03913,39,0,25.80148,-100.29269,0,0
MEX03914,38,0,25.80205,-100.28059,0,0
MEX03925,35,2,25.80388,-100.26846,5.714285714,1
MEX03926,37,3,25.80433,-100.25893,8.108108108,1
USGS-02288600,149,79,25.80843135,-80.2633833,53.02013423,1
MEX03929,38,0,25.80907,-100.17176,0,0
MEX03868,25,0,25.811927,-100.344949,0,0
MEX03930,37,1,25.81936,-100.16419,2.702702703,0
MEX03928,40,1,25.82832,-100.20026,2.5,0
MEX03927,40,1,25.83095,-100.21237,2.5,0
USGS-02288900,109,66,25.85176527,-80.9803467,60.55045872,1
MEX03645,35,0,25.85551,-109.34818,0,0
MEX03905,39,1,25.87327,-100.07011,2.564102564,0
MEX04015,39,0,25.88574,-97.51863,0,0
MEX00003,138,0,25.88861111,-97.50861111,0,0
MEX03904,38,0,25.89146,-100.10119,0,0
USGS-08474550,55,0,25.89896948,-97.4977615,0,0
MEX03953,39,0,25.8994,-99.40034,0,0
MEX00650,19,0,25.90154,-105.86652,0,0
MEX03954,12,0,25.90253,-99.37237,0,0
MEX03955,25,0,25.9057,-99.36349,0,0
MEX03903,38,1,25.91999,-100.1415,2.631578947,0
MEX03723,38,1,25.92051,-108.09723,2.631578947,0
MEX03722,39,0,25.92067,-108.08975,0,0
MEX03902,38,1,25.92294,-100.15656,2.631578947,0
USGS-02286300,51,4,25.92842674,-80.15587938,7.843137255,1
MEX03892,39,0,25.9294,-100.35395,0,0
MEX03623,38,0,25.93136,-109.13818,0,0
MEX03893,37,0,25.94044,-100.3199,0,0
MEX00531,38,0,25.9407,-105.82877,0,0
USGS-02287395,18,13,25.94148249,-80.4394986,72.22222222,1
MEX03891,40,0,25.94284,-100.40315,0,0
MEX03642,37,0,25.94404,-109.26871,0,0
MEX03899,39,0,25.95033,-100.17044,0,0
MEX03624,39,0,25.95606,-109.05444,0,0
USGS-02286181,38,28,25.95675968,-80.4308872,73.68421053,1
MEX03625,40,2,25.95684,-108.94002,5,1
MEX03934,28,0,25.96266,-100.19223,0,0
MEX03933,7,0,25.96535,-100.19167,0,0
MEX03894,39,1,25.96954,-100.26706,2.564102564,0
MEX03890,38,0,25.97253,-100.43202,0,0
MEX03901,39,0,25.97531,-100.20316,0,0
MEX03989,7,0,25.97685,-100.21302,0,0
MEX03990,28,0,25.97686,-100.21294,0,0
MEX04020,38,0,25.98221,-98.11823,0,0
MEX03888,40,0,25.98879,-100.51964,0,0
MEX03889,40,0,25.98908,-100.51886,0,0
MEX04027,39,0,26.003878,-98.1651,0,0
MEX04019,32,25,26.01246,-98.05768,78.125,1
MEX04022,39,7,26.02418,-98.24603,17.94871795,1
MEX03956,38,0,26.02515,-99.19765,0,0
MEX04018,39,1,26.02665,-98.02763,2.564102564,0
MEX00096,38,1,26.03686,-111.8325,2.631578947,0
MEX04017,22,0,26.05301,-98.03412,0,0
MEX04016,38,0,26.0548,-97.93943,0,0
MEX04024,37,4,26.05747,-98.26096,10.81081081,1
USGS-260340080260000,15,11,26.06147798,-80.433109,73.33333333,1
USGS-02285410,9,8,26.06147798,-80.4339424,88.88888889,1
USGS-02285400,120,114,26.06147799,-80.4414426,95,1
MEX04021,39,0,26.06162,-98.12564,0,0
MEX00095,38,0,26.06218,-111.80531,0,0
MEX04078,12,0,26.065035,-99.189126,0,0
MEX04039,20,0,26.06914,-99.12924,0,0
MEX04023,35,0,26.077,-98.22753,0,0
MEX02318,39,0,26.08415,-105.57036,0,0
MEX04025,39,0,26.08537,-98.26489,0,0
MEX04032,15,11,26.08911,-98.29289,73.33333333,1
MEX04040,34,0,26.10081,-99.02262,0,0
MEX03726,38,0,26.10146,-108.3248,0,0
MEX04026,39,0,26.10243,-98.28634,0,0
MEX04028,37,0,26.13132,-98.3315,0,0
CHN00010,106,0,26.13333333,119.2666667,0,0
MEX00121,34,1,26.15856,-112.12748,2.941176471,0
USGS-08470450,5,0,26.19507466,-97.6016549,0,0
USGS-08470460,4,4,26.20305556,-97.5963889,100,1
MEX00120,37,1,26.2298,-112.00876,2.702702703,0
MEX04042,19,0,26.23496,-98.66417,0,0
USGS-08470500,4,4,26.23527778,-97.5847222,100,1
MEX04030,36,0,26.23933,-98.56545,0,0
MEX04031,15,0,26.25275,-98.74811,0,0
USGS-08470520,4,4,26.265,-97.5830528,100,1
MEX03867,11,0,26.2983,-99.51955,0,0
MEX04033,35,0,26.30753,-98.84023,0,0
MEX04037,35,0,26.35335,-98.93944,0,0
MEX04036,39,0,26.35357,-98.895,0,0
MEX04034,17,0,26.36699,-98.80808,0,0
MEX00116,35,1,26.38214,-112.50886,2.857142857,0
MEX00686,39,0,26.38829,-105.354182,0,0
MEX04038,39,0,26.39261,-99.00192,0,0
MEX03632,39,0,26.39287,-108.65543,0,0
MEX04056,18,0,26.3968,-99.07984,0,0
MEX04055,38,0,26.40354,-99.01942,0,0
MEX03633,38,1,26.42439,-108.62204,2.631578947,0
MEX03634,37,0,26.43445,-108.62314,0,0
MEX04058,36,0,26.4512,-99.15277,0,0
MEX03871,10,0,26.48454,-99.71896,0,0
MEX03874,38,0,26.49355,-100.21079,0,0
MEX03869,7,0,26.4938,-99.49396,0,0
MEX03872,24,0,26.49475,-99.75414,0,0
MEX03875,39,0,26.49718,-100.41916,0,0
MEX03873,39,0,26.5059,-100.43459,0,0
MEX03878,40,0,26.54214,-100.5377,0,0
MEX04059,34,0,26.55448,-99.17006,0,0
USGS-263329081555500,5,0,26.5584094,-81.9317549,0,0
USGS-263745081533600,1,0,26.62951744,-81.8931423,0,0
USGS-02279000,84,23,26.64478938,-80.0586527,27.38095238,1
USGS-263902081520300,7,0,26.65090533,-81.8673082,0,0
USGS-264106081494900,1,0,26.68534816,-81.8300848,0,0
USGS-264115081473200,7,0,26.68886944,-81.7924806,0,0
USGS-02292900,180,16,26.72173487,-81.69313699,8.888888889,1
USGS-264349081420600,1,0,26.7306234,-81.7014705,0,0
MEX03325,37,0,26.7314,-109.79384,0,0
MEX03324,38,0,26.77875,-109.6817,0,0
MEX04069,39,0,26.78971,-99.42142,0,0
USGS-02292480,128,39,26.7897863,-81.3028506,30.46875,1
MEX03323,39,10,26.80954,-109.65714,25.64102564,1
MEX03322,35,19,26.81161,-109.53625,54.28571429,1
MEX03318,26,0,26.82635,-108.91407,0,0
MEX00102,38,0,26.88692,-111.98679,0,0
MEX03884,38,0,26.88765,-99.86941,0,0
MEX00103,38,0,26.88867,-111.98267,0,0
MEX00421,38,0,26.90826,-102.07235,0,0
USGS-265522082064600,7,1,26.92311746,-82.1125901,14.28571429,1
USGS-02256500,88,19,26.9325585,-81.3147949,21.59090909,1
USGS-02277600,42,3,26.93925,-80.17525,7.142857143,1
MEX03317,37,0,26.9418,-108.88502,0,0
USGS-02298300,9,1,26.94394974,-82.0584221,11.11111111,1
MEX03328,38,28,26.95206,-109.49747,73.68421053,1
USGS-02299496,13,0,26.95811636,-82.2125921,0,0
MEX00213,25,18,26.95994,-105.63465,72,1
USGS-02297460,91,3,26.98755887,-81.9942538,3.296703297,0
MEX03330,31,21,26.99014,-109.43083,67.74193548,1
MEX03329,27,25,26.99312,-109.43093,92.59259259,1
MEX03316,27,0,26.99413,-108.80844,0,0
MEX03420,1,1,26.99972,-109.53111,100,1
MEX03879,39,0,27.02373,-100.5369,0,0
MEX03331,19,13,27.0246,-109.4337,68.42105263,1
MEX03332,31,5,27.02465,-109.43403,16.12903226,1
MEX00312,35,1,27.03243,-104.95257,2.857142857,0
MEX03880,39,0,27.04247,-100.53735,0,0
MEX03333,32,0,27.07313,-109.43979,0,0
MEX03337,33,22,27.0742,-109.50228,66.66666667,1
USGS-02297330,98,0,27.08838815,-81.9939755,0,0
USGS-02299188,1,0,27.09894404,-82.2714813,0,0
USGS-270557082123400,1,0,27.0994994,-82.2092577,0,0
MEX03334,33,11,27.11032,-109.42693,33.33333333,1
USGS-02277000,46,9,27.1117472,-80.2848694,19.56521739,1
USGS-270700081573200,1,0,27.11699798,-81.9586968,0,0
MEX03335,35,0,27.119,-109.39966,0,0
USGS-02298930,1,0,27.1225543,-82.3503719,0,0
USGS-270930081575800,3,0,27.158663,-81.965919,0,0
USGS-02297100,134,0,27.16671794,-81.8795282,0,0
MEX03883,38,0,27.16863,-100.02195,0,0
MEX03336,36,0,27.17046,-109.36616,0,0
MEX03877,36,0,27.1715,-100.41341,0,0
USGS-02275631,179,49,27.19310335,-80.7295027,27.37430168,1
USGS-02299410,60,3,27.1933843,-82.1442558,5,1
USGS-02297310,183,3,27.19949477,-81.9884193,1.639344262,0
MEX03392,31,0,27.20406,-109.18935,0,0
USGS-02275625,171,106,27.20560294,-80.7428363,61.98830409,1
USGS-02296925,1,0,27.2089381,-81.75869208,0,0
USGS-02255600,224,165,27.20921499,-81.4614637,73.66071429,1
USGS-02273230,244,27,27.21393588,-81.201458,11.06557377,1
USGS-02296750,261,2,27.22088245,-81.8761946,0.766283525,0
MEX03389,30,0,27.22178,-109.00816,0,0
USGS-02273000,294,43,27.22587987,-80.96256389,14.62585034,1
MEX03882,37,0,27.23572,-100.14017,0,0
USGS-02297290,1,0,27.23643776,-81.9964749,0,0
USGS-02275197,219,52,27.2372685,-80.780615,23.74429224,1
USGS-02298830,123,38,27.240605,-82.3137035,30.89430894,1
USGS-02273630,187,112,27.24393485,-80.8964511,59.89304813,1
MEX00328,16,0,27.2548,-105.20825,0,0
USGS-02297272,1,0,27.26088118,-81.98119669,0,0
USGS-02274505,220,123,27.28087828,-80.8239494,55.90909091,1
USGS-271725082144400,1,0,27.29060294,-82.2453684,0,0
MEX00119,37,0,27.29764,-112.89735,0,0
USGS-271804082151500,1,0,27.30143588,-82.2539797,0,0
USGS-02296600,4,0,27.30282363,-81.8464717,0,0
USGS-02274490,229,141,27.3047665,-80.8189493,61.5720524,1
USGS-02274325,153,31,27.31638889,-80.8383333,20.26143791,1
MEX03341,39,1,27.31769,-110.1579,2.564102564,0
USGS-02273198,248,0,27.33083333,-81.2533333,0,0
MEX03342,38,8,27.33625,-110.21566,21.05263158,1
MEX03876,34,0,27.33684,-100.39124,0,0
USGS-02298608,84,1,27.3436562,-82.1567556,1.19047619,0
MEX03390,39,0,27.351,-108.92372,0,0
USGS-02274010,229,70,27.3653202,-80.8725617,30.56768559,1
USGS-02297251,2,0,27.36643259,-81.9734188,0,0
USGS-02271500,210,18,27.3742078,-81.3934062,8.571428571,1
MEX03391,39,0,27.37488,-108.90729,0,0
USGS-02296500,133,0,27.37504297,-81.7964708,0,0
USGS-02274005,231,115,27.37754217,-80.8453388,49.78354978,1
USGS-02272676,190,106,27.38031945,-80.97589739,55.78947368,1
USGS-08459200,129,0,27.4005766,-99.4886529,0,0
MEX03343,38,0,27.40959,-110.34248,0,0
USGS-02295800,3,0,27.41476378,-81.8478608,0,0
USGS-02295870,4,0,27.4150416,-81.8814726,0,0
MEX00359,39,0,27.41874,-100.99757,0,0
USGS-02300032,6,0,27.4225425,-82.4164832,0,0
USGS-02295850,3,0,27.425319,-81.8892505,0,0
MEX03350,30,21,27.42778,-109.97386,70,1
USGS-02270500,296,55,27.44238889,-81.2970278,18.58108108,1
USGS-02295760,4,0,27.44337385,-81.874528,0,0
MEX03353,22,4,27.44611,-109.97339,18.18181818,1
MEX03358,22,7,27.45662,-109.88914,31.81818182,1
MEX03359,31,2,27.45922,-109.89342,6.451612903,1
MEX03357,39,4,27.46438,-109.91013,10.25641026,1
USGS-02272650,223,110,27.46531709,-80.9220072,49.32735426,1
USGS-02299950,208,4,27.47365137,-82.211201,1.923076923,0
USGS-02295735,4,0,27.48170569,-81.865639,0,0
USGS-02297200,1,0,27.48503906,-81.9675853,0,0
USGS-02297155,76,1,27.4872613,-82.0234197,1.315789474,0
MEX04072,39,0,27.49631,-99.52221,0,0
MEX04071,38,0,27.49901,-99.50727,0,0
USGS-02295642,4,0,27.50003823,-81.810638,0,0
USGS-08459000,136,0,27.50183333,-99.5029667,0,0
USGS-02295637,186,0,27.5044825,-81.8009157,0,0
MEX04073,38,0,27.51697,-99.52572,0,0
MEX03351,37,2,27.51783,-109.96913,5.405405405,1
MEX03352,29,14,27.51901,-109.97482,48.27586207,1
USGS-02295614,4,0,27.54031473,-81.7923044,0,0
USGS-02295607,5,0,27.55059219,-81.7936933,0,0
MEX03348,6,2,27.55825,-110.20206,33.33333333,1
MEX03355,38,0,27.56174,-109.92872,0,0
USGS-02295440,4,0,27.57555556,-81.8047222,0,0
MEX00333,37,0,27.57673,-105.37136,0,0
USGS-02295557,4,0,27.58781324,-81.771193,0,0
USGS-02297147,1,1,27.5950355,-82.0300865,100,1
MEX03356,39,1,27.5951,-109.93034,2.564102564,0
MEX03344,11,0,27.60468,-110.49401,0,0
MEX00357,39,0,27.61015,-100.72442,0,0
USGS-02295356,1,0,27.61031264,-81.8711948,0,0
USGS-02295420,135,2,27.62059006,-81.8256384,1.481481481,0
MEX03346,29,1,27.6387,-110.37572,3.448275862,0
USGS-02295194,4,0,27.6461448,-81.8023047,0,0
USGS-273845081521800,2,0,27.64614486,-81.8714725,0,0
MEX03345,34,0,27.65078,-110.60887,0,0
USGS-02300500,134,1,27.67114344,-82.3525925,0.746268657,0
USGS-02300096,3,0,27.67475493,-82.1209214,0,0
USGS-02300092,1,0,27.6991985,-82.1206436,0,0
USGS-02300100,248,0,27.70475366,-82.1978672,0,0
MEX00331,37,0,27.7057,-105.1714,0,0
USGS-02295163,4,0,27.707254,-81.8075826,0,0
USGS-02300530,101,2,27.70780854,-82.3637038,1.98019802,0
USGS-02269520,97,11,27.708641,-81.4464626,11.34020619,1
USGS-08211520,127,0,27.71141879,-97.5019377,0,0
MEX00002,123,1,27.71277778,-105.1872222,0.81300813,0
USGS-02295067,4,0,27.72114247,-81.7886934,0,0
USGS-02294898,178,5,27.7514193,-81.7820266,2.808988764,0
USGS-02308776,29,13,27.7625274,-82.7276006,44.82758621,1
MEX00360,39,0,27.76779,-101.02054,0,0
USGS-02300700,246,1,27.79197208,-82.3520369,0.406504065,0
USGS-02301300,260,2,27.79669525,-82.1175877,0.769230769,0
USGS-02268903,25,1,27.8041929,-81.1978457,4,0
USGS-02268904,159,9,27.8041929,-81.1978457,5.660377358,1
USGS-274850082414501,1,0,27.81419235,-82.6956554,0,0
USGS-02308935,52,5,27.81419235,-82.6956554,9.615384615,1
USGS-02308931,7,2,27.81613675,-82.6870441,28.57142857,1
USGS-02294781,62,17,27.8211393,-81.7995263,27.41935484,1
USGS-274920082440901,4,0,27.8225253,-82.7356563,0,0
USGS-274920082440903,3,0,27.8225253,-82.7356563,0,0
USGS-274920082440902,3,1,27.8225253,-82.7356563,33.33333333,1
USGS-02308990,9,0,27.82280309,-82.7353786,0,0
MEX00362,33,0,27.84027,-101.1227,0,0
MEX00363,33,0,27.84842,-101.12512,0,0
USGS-02301719,5,1,27.85696987,-82.3575926,20,1
USGS-02301721,10,1,27.85974739,-82.3842598,10,1
USGS-02307828,6,0,27.87196816,-82.6770439,0,0
USGS-02308870,35,1,27.8722458,-82.7370453,2.857142857,0
USGS-02301500,200,0,27.872248,-82.2112008,0,0
USGS-02308861,10,0,27.8733569,-82.7267672,0,0
MEX00365,36,0,27.89212,-101.19206,0,0
USGS-02294650,190,33,27.90224784,-81.8173036,17.36842105,1
USGS-02293986,39,10,27.92335788,-81.7075792,25.64102564,1
MEX00367,39,0,27.92355,-101.30585,0,0
USGS-02294491,106,10,27.93835785,-81.8511927,9.433962264,1
USGS-02307731,48,0,27.9419656,-82.7498233,0,0
USGS-02306028,236,69,27.94196627,-82.4587057,29.23728814,1
MEX00366,37,0,27.94789,-101.25638,0,0
USGS-02301840,1,0,27.95418834,-82.4223161,0,0
USGS-02301802,108,3,27.9561331,-82.3706485,2.777777778,0
MEX00371,39,0,27.96737,-101.57022,0,0
MEX00372,38,0,27.96926,-101.58122,0,0
MEX00370,37,0,27.9701,-101.55408,0,0
USGS-02307672,6,2,27.97224239,-82.7256561,33.33333333,1
USGS-02307673,27,0,27.9730757,-82.7156559,0,0
USGS-02307671,74,2,27.97529783,-82.7273228,2.702702703,0
MEX00369,38,0,27.97685,-101.41911,0,0
MEX03376,33,1,27.97831,-110.97222,3.03030303,0
USGS-02307668,2,0,27.9797421,-82.7423232,0,0
USGS-02294390,4,2,27.98307876,-81.9098042,50,1
USGS-02294409,4,0,27.98474534,-81.890915,0,0
USGS-02294330,4,1,28.00002249,-81.8120249,25,1
USGS-02306654,6,0,28.00048604,-82.556316,0,0
USGS-02294290,4,1,28.0100499,-81.853192,25,1
USGS-02306647,64,25,28.01390775,-82.5450963,39.0625,1
USGS-02306006,8,0,28.0189078,-82.4675947,0,0
USGS-02309415,41,1,28.02335166,-82.7406565,2.43902439,0
USGS-02304500,117,13,28.02390784,-82.4275939,11.11111111,1
USGS-02303200,235,1,28.0264089,-82.2364787,0.425531915,0
USGS-02303205,6,0,28.02835317,-82.2453678,0,0
USGS-02307000,177,57,28.03696237,-82.5759304,32.20338983,1
USGS-02306500,139,45,28.04307328,-82.5117623,32.37410072,1
USGS-08189800,90,1,28.04695919,-97.5038832,1.111111111,0
USGS-02309425,41,0,28.0469618,-82.7587125,0,0
MEX00340,32,0,28.05082,-105.77412,0,0
USGS-02306950,17,0,28.06501684,-82.5553744,0,0
USGS-02306774,73,16,28.06583333,-82.5658333,21.91780822,1
USGS-02309445,29,0,28.0725164,-82.7598237,0,0
USGS-02303800,219,123,28.08888889,-82.4091667,56.16438356,1
USGS-02307359,276,112,28.09643229,-82.6871441,40.57971014,1
USGS-02303350,158,26,28.1347222,-82.3619444,16.4556962,1
MEX03368,39,0,28.13824,-109.86339,0,0
USGS-02302500,252,6,28.1397222,-82.15,2.380952381,0
USGS-02303000,295,2,28.15029044,-82.23175318,0.677966102,0
USGS-02310147,56,19,28.16251317,-82.710378,33.92857143,1
MEX00346,33,0,28.165,-105.62596,0,0
MEX00348,36,0,28.26253,-105.47205,0,0
USGS-02264495,52,0,28.26723444,-81.4478495,0,0
USGS-08189500,149,0,28.29195088,-97.2791593,0,0
USGS-08189200,98,3,28.30361693,-97.1124913,3.06122449,0
USGS-08189100,34,1,28.3169496,-97.0069348,2.941176471,0
USGS-02232400,175,8,28.36972837,-80.8725578,4.571428571,0
MEX00244,35,1,28.38869,-107.43668,2.857142857,0
MEX00240,8,1,28.39085,-106.87631,12.5,1
MEX00238,9,1,28.39293,-106.8753,11.11111111,1
MEX00349,37,0,28.42361,-105.43816,0,0
MEX00236,15,2,28.42404,-106.85957,13.33333333,1
USGS-08210000,261,0,28.42749545,-98.1780625,0,0
MEX00242,28,0,28.45547,-107.24731,0,0
MEX00243,28,0,28.4611,-107.2448,0,0
MEX03292,39,0,28.46285,-109.53622,0,0
USGS-08206600,85,0,28.46749279,-98.5475174,0,0
MEX00245,27,1,28.47048,-107.24052,3.703703704,0
MEX00235,24,3,28.49386,-106.809,12.5,1
USGS-08188800,205,0,28.5058337,-96.8847084,0,0
USGS-08188570,10,0,28.53125,-97.0426944,0,0
MEX00395,35,0,28.53229,-100.40237,0,0
USGS-02232500,111,23,28.54305529,-80.943392,20.72072072,1
MEX03303,39,0,28.57261,-109.55334,0,0
USGS-08206700,46,0,28.58748787,-98.5458513,0,0
USGS-08164850,107,8,28.59471968,-96.6969247,7.476635514,1
MEX03295,39,0,28.6304,-109.60794,0,0
USGS-08188500,271,0,28.6492861,-97.3848583,0,0
MEX00263,38,5,28.65974,-106.0635,13.15789474,1
MEX00265,37,25,28.6603,-106.06249,67.56756757,1
MEX00264,36,26,28.66067,-106.06481,72.22222222,1
MEX00397,37,0,28.66191,-100.50154,0,0
MEX00396,38,0,28.67511,-100.50545,0,0
MEX00270,20,7,28.7063,-105.9821,35,1
MEX00398,37,0,28.70915,-100.5111,0,0
MEX00272,38,14,28.71177,-105.98519,36.84210526,1
USGS-02234000,96,4,28.7141611,-81.0353374,4.166666667,0
MEX03289,19,0,28.71955,-110.34781,0,0
USGS-08164800,91,1,28.72527137,-96.7688702,1.098901099,0
MEX03291,39,0,28.75234,-109.626,0,0
USGS-08176520,29,0,28.7530473,-97.0085986,0,0
USGS-08176500,172,0,28.7930456,-97.0130429,0,0
USGS-08117900,72,2,28.80748426,-95.9507938,2.777777778,0
USGS-08162650,73,1,28.81081979,-96.1977433,1.369863014,0
USGS-02235000,20,0,28.81527009,-81.41923539,0,0
MEX00275,34,3,28.82087,-105.9223,8.823529412,1
MEX03302,39,0,28.82089,-109.17471,0,0
USGS-02234500,76,4,28.83804694,-81.3242323,5.263157895,1
USGS-08188060,9,0,28.84869444,-97.7371389,0,0
USGS-08162700,117,0,28.86359645,-96.2849672,0,0
USGS-02235200,23,5,28.87444444,-81.4897222,21.73913043,1
USGS-285240089263400,1,0,28.8780176,-89.4428253,0,0
USGS-08162800,63,0,28.88887503,-96.4510826,0,0
USGS-08186550,3,0,28.8912222,-97.7509444,0,0
USGS-08164600,147,0,28.8913759,-96.8191486,0,0
USGS-285334089260800,2,0,28.893017,-89.43560329,0,0
USGS-285442089253000,76,0,28.9119051,-89.425048,0,0
USGS-285449089253600,7,0,28.91384954,-89.4267147,0,0
USGS-08186500,7,0,28.92025419,-97.7722221,0,0
USGS-08162600,110,0,28.92803769,-96.1710747,0,0
MEX03293,39,3,28.94986,-109.63914,7.692307692,1
USGS-285803089230300,3,0,28.96773573,-89.38421549,0,0
USGS-285818089065600,1,0,28.97189748,-89.1156008,0,0
USGS-08162500,24,0,28.9741462,-96.0124588,0,0
USGS-08183550,10,0,28.97735,-98.0101417,0,0
MEX03294,16,0,28.97992,-109.63042,0,0
USGS-285902089220600,1,0,28.98412368,-89.3683825,0,0
MEX00291,37,0,28.9877,-105.28213,0,0
USGS-08164505,18,0,28.9927604,-96.5352508,0,0
USGS-285237089260300,2,0,28.99384739,-89.4342158,0,0
USGS-285939089213400,1,0,28.99440089,-89.3594938,0,0
USGS-02236000,191,15,29.00831827,-81.3825651,7.853403141,1
USGS-08186000,237,0,29.01413869,-97.9302808,0,0
USGS-290053089095700,75,0,29.01495189,-89.1658809,0,0
USGS-290118089201700,1,0,29.02189907,-89.3381055,0,0
USGS-08164500,94,0,29.0258147,-96.5524733,0,0
USGS-290134089200601,2,0,29.0263432,-89.33505,0,0
USGS-08164495,17,0,29.02831463,-96.5546956,0,0
USGS-290210089200601,2,0,29.03634275,-89.3350501,0,0
MEX03288,36,0,29.04988,-109.2291,0,0
USGS-08164504,48,1,29.07081227,-96.4171913,2.083333333,0
MEX00400,36,0,29.0716,-100.68181,0,0
USGS-08164503,167,0,29.07185833,-96.4680278,0,0
USGS-290547089164300,3,0,29.09661655,-89.2786618,0,0
USGS-290720089155200,2,0,29.1224485,-89.2644953,0,0
USGS-08079005,10,2,29.12537778,-95.4813722,20,1
USGS-290807089263000,2,0,29.13550643,-89.4417194,0,0
USGS-290830089253000,1,0,29.14189469,-89.4250527,0,0
USGS-290830089264200,1,0,29.141895,-89.445053,0,0
USGS-290830089275400,1,0,29.1418953,-89.4650532,0,0
USGS-290854089255700,1,0,29.1485611,-89.432553,0,0
USGS-290854089264200,1,0,29.1485613,-89.4450531,0,0
USGS-290854089275400,1,0,29.1485616,-89.4650534,0,0
USGS-290904089151700,2,0,29.15133606,-89.2547732,0,0
USGS-08164450,157,2,29.1602539,-96.5463608,1.27388535,0
MEX03301,38,0,29.1877,-109.27959,0,0
USGS-291230089014000,44,0,29.20855524,-89.0444894,0,0
MEX03284,39,2,29.20995,-110.73151,5.128205128,1
MEX03285,9,0,29.21336,-110.72767,0,0
USGS-08078700,16,1,29.215797,-95.3591038,6.25,1
USGS-08181800,368,3,29.2221853,-98.3558463,0.815217391,0
USGS-291337091304000,1,0,29.22716626,-91.5112267,0,0
USGS-291428089595600,1,0,29.2413394,-89.998961,0,0
USGS-291447089542200,2,0,29.2466159,-89.9061819,0,0
USGS-291523089572600,1,0,29.25661615,-89.9572938,0,0
USGS-291531089551700,2,0,29.25883785,-89.9214599,0,0
USGS-08180800,18,0,29.26218286,-98.5814074,0,0
USGS-08077905,10,2,29.2621832,-95.1824305,20,1
USGS-08181500,225,2,29.2641276,-98.4908493,0.888888889,0
USGS-291608089565900,1,0,29.26911555,-89.9497937,0,0
USGS-291618089564900,15,0,29.27189319,-89.9470158,0,0
USGS-291618089571300,9,0,29.27189326,-89.9536826,0,0
USGS-291620091281900,1,0,29.27244295,-91.4720588,0,0
USGS-07374550,327,0,29.2741095,-89.3500536,0,0
USGS-08078400,18,1,29.2810731,-95.3316028,5.555555556,1
MEX00401,38,0,29.28122,-100.87948,0,0
USGS-08077850,3,0,29.2863489,-95.1313178,0,0
USGS-291728089210000,7,0,29.29133109,-89.3500535,0,0
USGS-08077900,18,0,29.29357144,-95.1865976,0,0
USGS-08180720,1,0,29.2952371,-98.6422426,0,0
USGS-291809089184900,7,0,29.30271925,-89.3136637,0,0
USGS-08162000,207,0,29.30913668,-96.1038482,0,0
USGS-08117500,70,0,29.31357967,-95.8938421,0,0
USGS-291850091260700,1,0,29.3141086,-91.4353905,0,0
USGS-291900089184500,7,0,29.31688536,-89.3125524,0,0
USGS-291901089190200,3,0,29.31716317,-89.3172748,0,0
MEX03258,37,0,29.32107,-110.54156,0,0
USGS-08164350,6,0,29.321914,-96.7091425,0,0
USGS-291919089361800,31,0,29.32216559,-89.6050616,0,0
USGS-08178565,83,0,29.32218127,-98.4502932,0,0
USGS-08180640,106,0,29.3241246,-98.813081,0,0
USGS-291939089590400,1,0,29.3277246,-89.9845164,0,0
USGS-08180750,55,0,29.3279722,-98.6388056,0,0
USGS-08181480,78,0,29.32995837,-98.5841856,0,0
USGS-08077780,30,0,29.3322222,-94.945,0,0
USGS-08180700,24,0,29.33495798,-98.689744,0,0
USGS-08077738,29,0,29.33843889,-94.9710306,0,0
USGS-08116650,313,3,29.3496858,-95.5824448,0.958466454,0
USGS-08178555,9,0,29.35162448,-98.4925166,0,0
USGS-08077725,29,3,29.35194444,-94.9930583,10.34482759,1
USGS-08178800,272,2,29.35718017,-98.4127925,0.735294118,0
USGS-08077800,11,0,29.35745879,-95.1771535,0,0
USGS-08077720,28,0,29.35777778,-95.0036111,0,0
USGS-08077895,8,0,29.35801475,-95.2113214,0,0
USGS-292141089174800,7,0,29.36160569,-89.2967183,0,0
MEX00403,38,0,29.36448,-101.00435,0,0
USGS-08077680,18,9,29.3666236,-95.0490937,50,1
USGS-292215091231500,95,0,29.37105166,-91.3876106,0,0
USGS-08078000,119,0,29.37154349,-95.3230476,0,0
USGS-292301089591300,1,0,29.38383338,-89.9870165,0,0
USGS-292311091221400,1,0,29.3866068,-91.3706655,0,0
USGS-08181450,22,0,29.3869009,-98.6002974,0,0
USGS-08178050,29,0,29.39301189,-98.4947392,0,0
USGS-292345090504500,24,0,29.39605223,-90.8459264,0,0
USGS-08178000,79,1,29.40967796,-98.495017,1.265822785,0
USGS-08077890,8,0,29.40968067,-95.2341005,0,0
USGS-08117400,10,0,29.41527778,-96.0786111,0,0
USGS-292534089593500,3,0,29.4263316,-89.9931277,0,0
USGS-08190000,77,0,29.42856679,-99.997287,0,0
USGS-08077640,19,1,29.43606799,-95.1699319,5.263157895,1
USGS-292615091193200,1,0,29.43771668,-91.3256638,0,0
USGS-08178736,18,0,29.44384356,-98.4539051,0,0
USGS-08177860,23,0,29.4513432,-98.478628,0,0
USGS-292708089035400,1,0,29.4524335,-89.0650427,0,0
USGS-08077885,8,0,29.4552362,-95.3149369,0,0
USGS-292728089592900,1,0,29.45799694,-89.991461,0,0
USGS-08178300,30,0,29.45828738,-98.5500187,0,0
USGS-292730089032200,34,0,29.45854429,-89.0561534,0,0
USGS-292733091171000,1,0,29.45938277,-91.286218,0,0
USGS-08177820,22,0,29.46578717,-98.4672389,0,0
USGS-292803089030800,1,0,29.4677105,-89.0522642,0,0
USGS-292900093132700,2,0,29.4835676,-93.2243226,0,0
USGS-292900093132800,3,0,29.4835676,-93.2246004,0,0
USGS-292913089075800,1,0,29.48715475,-89.1328225,0,0
USGS-292915092190000,1,0,29.4877221,-92.3168005,0,0
USGS-292915092192600,1,0,29.4877222,-92.3240229,0,0
USGS-08195000,242,0,29.48856496,-99.7047756,0,0
USGS-08198000,99,0,29.4910644,-99.4928241,0,0
USGS-292936092192400,1,0,29.49355539,-92.3234673,0,0
USGS-292943089073500,5,0,29.49548766,-89.1264333,0,0
USGS-08177700,90,0,29.4991192,-98.5102958,0,0
USGS-08185065,3,0,29.50144444,-98.18625,0,0
USGS-293005092183100,1,0,29.50161056,-92.3087445,0,0
USGS-293005092185100,1,0,29.50161063,-92.3143003,0,0
USGS-293005092191700,1,0,29.5016107,-92.3215227,0,0
USGS-293008089070700,1,0,29.50243177,-89.1186551,0,0
USGS-08196000,75,0,29.50467576,-99.7814452,0,0
USGS-293056092190700,1,0,29.51577688,-92.3187448,0,0
USGS-08178700,109,0,29.5160633,-98.4311271,0,0
USGS-293102092184000,1,0,29.51744339,-92.3112445,0,0
USGS-293102092190700,1,0,29.51744349,-92.3187448,0,0
USGS-293105089093500,1,0,29.51826507,-89.1597675,0,0
USGS-293115089095400,1,0,29.5210428,-89.1650455,0,0
USGS-08178690,29,0,29.5268962,-98.4405719,0,0
USGS-293154089104600,1,0,29.531876,-89.17949029,0,0
USGS-08077880,8,1,29.5327353,-95.4171627,12.5,1
USGS-293200090020900,1,0,29.5335498,-90.0359063,0,0
MEX03260,36,0,29.53502,-110.12087,0,0
USGS-08180941,3,0,29.53916667,-98.7513889,0,0
USGS-293227092182400,1,0,29.54105365,-92.3067998,0,0
USGS-08077540,19,0,29.54217714,-95.196878,0,0
MEX00301,38,0,29.54219,-104.37767,0,0
USGS-293233089121300,2,0,29.54270926,-89.2036577,0,0
USGS-293235089114500,1,0,29.54326473,-89.1958796,0,0
MEX00297,18,0,29.54503,-104.47619,0,0
USGS-08077877,8,2,29.54690194,-95.4632753,25,1
MEX00295,40,0,29.554386,-104.865906,0,0
MEX00300,38,2,29.55618,-104.39498,5.263157895,1
USGS-293328098355301,1,0,29.55800619,-98.5983538,0,0
USGS-08077510,7,0,29.5602323,-95.199378,0,0
USGS-293406098375301,1,0,29.5685614,-98.631688,0,0
USGS-293409098330901,1,0,29.5693946,-98.5527971,0,0
USGS-08200000,75,0,29.57003056,-99.2476889,0,0
USGS-08177600,13,0,29.57661659,-98.5461303,0,0
USGS-08181400,68,0,29.57856108,-98.6916896,0,0
MEX00296,20,2,29.58108,-104.43472,10,1
MEX00298,22,0,29.58202,-104.431499,0,0
USGS-08114000,211,0,29.5824589,-95.7577275,0,0
USGS-08178622,6,0,29.58300536,-98.4602948,0,0
USGS-08181000,11,0,29.58744959,-98.6280769,0,0
USGS-293515089155800,2,0,29.58770864,-89.2661593,0,0
USGS-293523089154400,2,0,29.58993076,-89.2622703,0,0
USGS-08178620,13,0,29.5902273,-98.4633504,0,0
USGS-293540091093000,73,0,29.5946561,-91.1584356,0,0
USGS-07381330,24,0,29.59882506,-90.7100902,0,0
USGS-293604090041000,25,0,29.6013256,-90.0695178,0,0
USGS-293605089164400,1,0,29.60159729,-89.2789374,0,0
USGS-08181410,4,0,29.60189354,-98.7241906,0,0
USGS-293608089164900,1,0,29.6024306,-89.28032629,0,0
USGS-08178650,3,0,29.60328254,-98.4308496,0,0
USGS-293619093190600,3,0,29.60550748,-93.318489,0,0
USGS-293620093190500,4,0,29.60578524,-93.3182112,0,0
USGS-08178645,13,0,29.61800427,-98.4283496,0,0
USGS-08075400,102,7,29.61884399,-95.4460522,6.862745098,1
USGS-293716089182700,1,0,29.62131928,-89.3075492,0,0
USGS-08178640,23,0,29.6232818,-98.4416833,0,0
USGS-08178600,12,0,29.62550376,-98.5186298,0,0
USGS-08178585,3,0,29.63078135,-98.5655755,0,0
USGS-293758089195400,2,0,29.63298587,-89.3317167,0,0
USGS-08077620,29,10,29.6341185,-95.1143756,34.48275862,1
USGS-293810089392000,34,0,29.63632288,-89.6556166,0,0
USGS-293821091192500,1,0,29.6393771,-91.3237179,0,0
USGS-293825091201300,1,0,29.64048823,-91.3370515,0,0
USGS-293827091203100,1,0,29.64104379,-91.3420517,0,0
USGS-293830091210700,1,0,29.64187714,-91.3520519,0,0
USGS-293831091213100,1,0,29.64215493,-91.3587188,0,0
USGS-293834091215500,1,0,29.64298827,-91.3653856,0,0
USGS-293837091221200,1,0,29.64382159,-91.3701079,0,0
USGS-293852091232600,2,0,29.6479882,-91.390664,0,0
USGS-293856091234400,2,0,29.6490993,-91.3956641,0,0
USGS-08074900,11,2,29.6505099,-95.4866088,18.18181818,1
USGS-293921089203100,1,0,29.65604088,-89.3419945,0,0
USGS-08074800,125,6,29.65662136,-95.5621664,4.8,0
USGS-293927089204100,1,0,29.6577075,-89.3447724,0,0
USGS-293928091143300,2,0,29.65798725,-91.2426045,0,0
USGS-08074780,9,1,29.66551017,-95.5952228,11.11111111,1
USGS-294000089213200,1,0,29.66687407,-89.3589395,0,0
USGS-08075500,190,54,29.67439687,-95.2893807,28.42105263,1
USGS-08179000,45,0,29.67550339,-98.9761429,0,0
USGS-08042558,54,2,29.67555556,-94.6661139,3.703703704,0
USGS-08075650,94,12,29.67661875,-95.2438238,12.76595745,1
USGS-294045089235100,34,0,29.67937407,-89.397552,0,0
USGS-294047090061300,1,0,29.67993437,-90.1036849,0,0
USGS-294054093202000,2,0,29.68189308,-93.3390436,0,0
USGS-294058089230500,1,0,29.68298496,-89.3847737,0,0
USGS-08075700,1,0,29.6832853,-95.2532685,0,0
USGS-294107091113800,5,0,29.68548634,-91.1939919,0,0
USGS-294108091125300,2,0,29.68576408,-91.2148258,0,0
USGS-294110091533000,90,0,29.68632219,-91.8917875,0,0
USGS-294117091123800,2,0,29.68826399,-91.210659,0,0
USGS-294117091123802,4,0,29.68826399,-91.210659,0,0
USGS-07381600,510,0,29.69281939,-91.2119368,0,0
USGS-08075730,57,1,29.69467363,-95.216323,1.754385965,0
USGS-08042548,54,3,29.69491667,-94.6201111,5.555555556,1
USGS-08075000,180,1,29.69717469,-95.412162,0.555555556,0
USGS-294150092055000,25,0,29.6974346,-92.0973486,0,0
USGS-07381590,446,0,29.69798645,-91.3728855,0,0
USGS-294158091125300,2,0,29.69965248,-91.2148257,0,0
USGS-08075720,22,1,29.7032849,-95.2835471,4.545454545,0
USGS-08161000,83,0,29.7063454,-96.5369155,0,0
USGS-08075100,85,0,29.70995178,-95.3566048,0,0
USGS-08076850,21,1,29.71078377,-95.1149313,4.761904762,0
USGS-08075740,21,4,29.71078426,-95.2024337,19.04761905,1
USGS-08075120,117,0,29.71217376,-95.3227149,0,0
USGS-294250091131900,2,0,29.7140964,-91.222048,0,0
USGS-08075110,117,1,29.71416667,-95.3388889,0.854700855,0
USGS-08160700,20,0,29.71940036,-96.5713609,0,0
USGS-294310093200500,2,0,29.7196691,-93.3348762,0,0
USGS-294310093200600,3,0,29.7196691,-93.335154,0,0
USGS-294320093200000,1,0,29.72244674,-93.3334872,0,0
MEX03261,38,0,29.72369,-110.17441,0,0
USGS-08178880,33,0,29.72383537,-99.070035,0,0
USGS-08076800,20,5,29.72550596,-95.1665994,25,1
USGS-294333092272000,25,0,29.72604946,-92.4556914,0,0
USGS-08042554,54,6,29.7306111,-94.6602944,11.11111111,1
USGS-08072300,19,0,29.74328664,-95.8068951,0,0
USGS-294438090081500,1,0,29.74409913,-90.1375743,0,0
USGS-08073700,74,4,29.7468959,-95.5235538,5.405405405,1
USGS-08074700,115,15,29.75439464,-95.2977141,13.04347826,1
USGS-294522093205900,1,0,29.75633428,-93.3498759,0,0
USGS-294528091145200,2,0,29.75798378,-91.2478818,0,0
USGS-294530093201200,1,0,29.75855629,-93.33682019,0,0
USGS-08074620,97,1,29.75995017,-95.3291038,1.030927835,0
USGS-08074000,122,7,29.76022829,-95.4085505,5.737704918,1
USGS-08042550,18,0,29.76101667,-94.6334444,0,0
USGS-294539090084500,51,0,29.76104309,-90.1459079,0,0
USGS-08073500,122,2,29.7618958,-95.6057782,1.639344262,0
USGS-08073600,117,0,29.76217336,-95.5577213,0,0
USGS-294551090061500,51,5,29.7643762,-90.10424,9.803921569,1
USGS-08074610,9,0,29.76606119,-95.35216,0,0
USGS-08074598,7,0,29.76661676,-95.358549,0,0
USGS-294609092583000,1,0,29.7693866,-92.9751469,0,0
USGS-294617096021200,11,0,29.77138333,-96.0366667,0,0
USGS-08076900,28,0,29.77272687,-95.1560434,0,0
USGS-294625092244000,88,0,29.77382508,-92.4112454,0,0
USGS-294630092533500,23,0,29.77521923,-92.8932007,0,0
USGS-294630093204600,2,0,29.77522234,-93.3462649,0,0
USGS-08074500,193,0,29.77522777,-95.3971612,0,0
USGS-08073630,7,0,29.77578396,-95.5399429,0,0
USGS-08183890,2,0,29.78113056,-98.7128306,0,0
USGS-08073898,13,1,29.78333333,-95.4738889,7.692307692,1
USGS-07387018,71,1,29.78354435,-92.194573,1.408450704,0
USGS-294705092115300,65,0,29.78493325,-92.1981843,0,0
USGS-08067248,6,1,29.7916111,-94.8246694,16.66666667,1
USGS-08074550,104,24,29.79272709,-95.3685491,23.07692308,1
USGS-08074540,41,7,29.79277778,-95.3680556,17.07317073,1
USGS-08075770,189,27,29.79328217,-95.2679907,14.28571429,1
USGS-08067520,15,0,29.8002254,-95.0043725,0,0
USGS-08075760,110,30,29.8063376,-95.3307701,27.27272727,1
USGS-08067074,18,0,29.80674444,-95.0323972,0,0
USGS-08067239,6,0,29.8072861,-94.839,0,0
USGS-08067244,6,2,29.80771667,-94.8491583,33.33333333,1
USGS-294844090073900,46,12,29.81243043,-90.1275739,26.08695652,1
USGS-294904093205200,2,0,29.81799834,-93.3479319,0,0
USGS-07380300,19,0,29.82409735,-90.4767505,0,0
MEX03263,23,0,29.8244,-110.23701,0,0
USGS-294936089360300,2,0,29.82687239,-89.6008902,0,0
USGS-08074250,96,2,29.82800424,-95.469385,2.083333333,0
USGS-08072730,19,0,29.8307828,-95.6868912,0,0
USGS-294957090095300,54,4,29.83270774,-90.16479709,7.407407407,1
USGS-295010092030100,7,1,29.8363194,-92.0504019,14.28571429,1
USGS-295010092080100,15,1,29.8363202,-92.1337376,6.666666667,1
USGS-08076700,97,5,29.8371695,-95.2332671,5.154639175,1
USGS-295040090091600,48,37,29.8446518,-90.15451899,77.08333333,1
USGS-295040093204000,84,0,29.84466387,-93.3445987,0,0
MEX03231,22,1,29.84478,-110.27754,4.545454545,0
USGS-295100093222500,2,0,29.85021936,-93.3737659,0,0
USGS-08076540,51,1,29.85328043,-95.3004911,1.960784314,0
USGS-08076535,49,2,29.8546693,-95.3113247,4.081632653,0
USGS-08076530,50,1,29.85661368,-95.305769,2,0
USGS-07374525,335,1,29.85715084,-89.977847,0.298507463,0
USGS-08042546,54,13,29.85883333,-94.55525,24.07407407,1
USGS-08167800,25,0,29.85910758,-98.1800106,0,0
USGS-08167500,71,0,29.8604957,-98.3836275,0,0
USGS-08076500,132,23,29.86189143,-95.3349365,17.42424242,1
USGS-295154093204300,3,0,29.86521857,-93.3454322,0,0
USGS-08072760,19,0,29.86717035,-95.646612,0,0
USGS-295202090093200,51,5,29.86742894,-90.1589635,9.803921569,1
USGS-08042000,11,4,29.875,-94.1594444,36.36363636,1
USGS-08072050,32,0,29.87633426,-95.0938189,0,0
USGS-08042520,11,2,29.88166667,-94.0516667,18.18181818,1
USGS-295313091552300,1,0,29.88715078,-91.923176,0,0
USGS-295323091270800,12,0,29.88992638,-91.452333,0,0
USGS-295338091553200,1,0,29.89409509,-91.92567609,0,0
USGS-07381557,89,0,29.89464846,-91.4462218,0,0
USGS-295349093203300,1,0,29.89716167,-93.3426545,0,0
USGS-08067270,14,0,29.89716325,-94.6635296,0,0
USGS-295354091552800,1,0,29.89853943,-91.9245649,0,0
USGS-08167109,1,0,29.9100111,-98.8231833,0,0
USGS-295438090050700,4,0,29.9107607,-90.0853502,0,0
USGS-295440093202800,1,0,29.91132774,-93.3412657,0,0
USGS-02322800,21,1,29.91162076,-82.8604033,4.761904762,0
USGS-295443090060300,4,0,29.91214964,-90.1009062,0,0
USGS-295446090055000,4,0,29.91298293,-90.0972949,0,0
USGS-295500090050700,5,0,29.91687166,-90.0853501,0,0
USGS-08076000,172,7,29.9182784,-95.3068796,4.069767442,0
USGS-295510089575600,6,0,29.91964884,-89.9656241,0,0
USGS-295510090043300,1,0,29.9196493,-90.0759054,0,0
USGS-295520089554000,1,0,29.92242635,-89.9278449,0,0
USGS-295531092574500,25,0,29.9254903,-92.9626513,0,0
USGS-08042500,11,2,29.92888889,-94.1097222,18.18181818,1
USGS-295549093202200,1,0,29.9304936,-93.3395992,0,0
USGS-08076005,12,0,29.93055556,-95.2875,0,0
USGS-295552090034200,1,0,29.93131558,-90.0617383,0,0
MEX03306,38,0,29.9332,-109.73674,0,0
USGS-295600093202200,1,0,29.933549,-93.3395992,0,0
USGS-295605090033800,4,0,29.93492658,-90.0606271,0,0
USGS-295612090033700,5,0,29.93687096,-90.0603494,0,0
USGS-07374400,328,0,29.93881628,-90.3636916,0,0
USGS-295620090033800,1,0,29.9390931,-90.0606271,0,0
USGS-295623089501800,33,0,29.9399253,-89.8383968,0,0
USGS-295631093201900,2,0,29.94215978,-93.3387659,0,0
USGS-08042490,11,1,29.94555556,-94.135,9.090909091,1
USGS-295649090034100,5,0,29.94714844,-90.0614605,0,0
MEX03232,35,0,29.94885,-109.2932,0,0
USGS-295658093201700,1,0,29.94965947,-93.3382104,0,0
USGS-07374508,158,0,29.95103755,-90.1381294,0,0
USGS-295708090034300,4,0,29.95242606,-90.062016,0,0
USGS-295713093201500,1,0,29.95382596,-93.3376548,0,0
USGS-08068750,20,0,29.95661198,-95.6782792,0,0
USGS-295730090013900,5,0,29.95853683,-90.0275706,0,0
USGS-08068740,54,0,29.959112,-95.7177249,0,0
USGS-295740093201200,1,0,29.96132565,-93.3368215,0,0
USGS-295820093173500,2,0,29.97243628,-93.2932097,0,0
USGS-08067500,91,0,29.97271914,-94.9857602,0,0
USGS-295840093200600,1,0,29.9779916,-93.3351549,0,0
USGS-295900093200500,2,0,29.98354695,-93.3348772,0,0
USGS-08171000,77,0,29.9943808,-98.088898,0,0
USGS-08012420,24,0,30.00298817,-92.777091,0,0
USGS-300024089560500,120,0,30.00686818,-89.9347892,0,0
USGS-300027093195700,1,0,30.00771269,-93.332655,0,0
USGS-08170996,1,0,30.01205,-98.10535,0,0
MEX03264,13,0,30.01704,-110.21963,0,0
USGS-300117093195200,1,0,30.02160114,-93.3312662,0,0
USGS-300122093195200,1,0,30.02298998,-93.3312662,0,0
USGS-300128093195200,2,0,30.0246566,-93.3312662,0,0
USGS-300143090430000,50,0,30.02881317,-90.7167579,0,0
USGS-08069200,44,0,30.03049736,-95.3299353,0,0
USGS-08069000,88,0,30.0357753,-95.428827,0,0
USGS-300234093194600,1,0,30.04298935,-93.3295995,0,0
MEX03495,17,1,30.04778,-115.73111,5.882352941,1
USGS-08071330,14,0,30.05558889,-95.0997722,0,0
USGS-08067000,122,0,30.05771539,-94.8182567,0,0
USGS-300353093193900,1,0,30.0649331,-93.327655,0,0
USGS-300403089481300,19,0,30.0676992,-89.8036733,0,0
USGS-08012470,63,21,30.07,-92.8788611,33.33333333,1
USGS-300419093193600,1,0,30.07215509,-93.3268217,0,0
USGS-08012400,5,1,30.07283333,-92.6592778,20,1
USGS-300445089560000,2,0,30.0793667,-89.9334011,0,0
USGS-08012300,7,6,30.08152778,-92.5064722,85.71428571,1
USGS-08158700,138,0,30.08298924,-98.0077859,0,0
USGS-300500089561600,2,0,30.08353334,-89.93784579,0,0
USGS-08158800,21,0,30.0860467,-97.8480606,0,0
USGS-300511093193200,1,0,30.08659908,-93.3257106,0,0
USGS-300525093192500,2,0,30.09048784,-93.3237662,0,0
USGS-08068520,63,0,30.0921624,-95.4060488,0,0
USGS-300533093193000,6,0,30.09270999,-93.325155,0,0
USGS-07374220,299,0,30.09797719,-90.9125973,0,0
USGS-300555089490300,69,0,30.09880974,-89.817563,0,0
USGS-07380400,2,0,30.10088889,-90.9934722,0,0
USGS-08170800,2,0,30.10258333,-98.5106667,0,0
USGS-08111570,13,1,30.10305556,-95.9875,7.692307692,1
USGS-300618093194600,1,0,30.10520959,-93.3295996,0,0
USGS-300634093200000,1,0,30.1096539,-93.3334886,0,0
USGS-08071280,63,8,30.10966019,-95.0599294,12.6984127,1
USGS-300717089533500,2,1,30.1215877,-89.893122,50,1
USGS-300721093195700,2,0,30.12270904,-93.3326552,0,0
USGS-300729093195600,1,0,30.12493119,-93.3323775,0,0
USGS-08158825,9,0,30.1254896,-97.862228,0,0
USGS-300732091192000,1,0,30.12575409,-91.3223306,0,0
USGS-300733089540000,2,0,30.12603213,-89.9000669,0,0
USGS-08111500,12,0,30.12910626,-96.1877387,0,0
USGS-02327100,218,0,30.12936856,-84.4943482,0,0
USGS-08068450,41,5,30.1343832,-95.4777175,12.19512195,1
USGS-300819093195300,1,0,30.13881964,-93.3315441,0,0
USGS-08068090,69,0,30.14116667,-95.3382222,0,0
USGS-08070200,199,0,30.14523056,-95.1246139,0,0
USGS-300916093195300,1,0,30.15465247,-93.3315442,0,0
USGS-08158810,77,0,30.15548749,-97.9400076,0,0
USGS-08158860,8,0,30.1621554,-97.8322279,0,0
USGS-07386935,159,50,30.1627021,-92.0556776,31.44654088,1
USGS-301036091195600,1,0,30.17686428,-91.3323312,0,0
USGS-08159000,70,0,30.17798987,-97.6886138,0,0
USGS-301055093182000,2,0,30.1821516,-93.3057105,0,0
USGS-301105093182500,1,0,30.18492929,-93.3070994,0,0
USGS-08158970,79,1,30.189378,-97.732504,1.265822785,0
USGS-08159100,34,0,30.1896567,-97.6202788,0,0
USGS-08012150,191,54,30.19,-92.5905556,28.27225131,1
USGS-08068390,8,1,30.19055556,-95.4911111,12.5,1
USGS-301127092244500,1,0,30.1910378,-92.4126329,0,0
USGS-08068400,24,2,30.192159,-95.4838288,8.333333333,1
USGS-301137093173500,1,0,30.19381789,-93.2932103,0,0
USGS-301138092231200,1,0,30.19409315,-92.3867988,0,0
CHN00011,102,2,30.2,120.1333333,1.960784314,0
USGS-301207093164700,1,0,30.20215096,-93.2798768,0,0
USGS-301210093173900,2,0,30.20298427,-93.2943215,0,0
USGS-301212092324200,1,1,30.20353874,-92.545137,100,1
USGS-301213092214200,1,0,30.20381506,-92.361798,0,0
USGS-301215093163600,3,0,30.2043731,-93.2768212,0,0
USGS-08158650,194,0,30.20798929,-97.6377794,0,0
USGS-08158840,55,0,30.2090972,-97.9033409,0,0
USGS-301300089493000,26,0,30.21686276,-89.8250646,0,0
USGS-301305093151200,2,0,30.21826156,-93.2534876,0,0
USGS-08152980,2,0,30.22125,-98.7261333,0,0
USGS-301320092365300,1,1,30.22242806,-92.6148615,100,1
USGS-08158922,1,0,30.22631976,-97.8413955,0,0
USGS-08041745,12,6,30.2325,-94.2230556,50,1
USGS-08152940,2,0,30.2346722,-98.8411389,0,0
USGS-08158920,78,0,30.23520806,-97.8602848,0,0
USGS-301417092335000,1,1,30.2382607,-92.5640265,100,1
USGS-301425093145000,2,0,30.24048309,-93.2473764,0,0
USGS-301432093135700,87,1,30.2424276,-93.232654,1.149425287,0
USGS-301438091190400,1,0,30.24408504,-91.3178869,0,0
USGS-08155300,55,0,30.24465306,-97.8022283,0,0
USGS-08068000,247,0,30.24465738,-95.4571616,0,0
USGS-08158000,150,1,30.24613889,-97.6800556,0.666666667,0
USGS-08157700,3,0,30.24743158,-97.7438939,0,0
MEX00215,37,1,30.24881,-107.9738,2.702702703,0
USGS-301500089572000,156,0,30.25019688,-89.9556263,0,0
USGS-08157600,3,0,30.2521535,-97.754172,0,0
USGS-08067900,55,0,30.25377778,-95.579,0,0
USGS-301530093123200,2,0,30.25853848,-93.2090426,0,0
USGS-08070500,80,0,30.25965789,-95.3024361,0,0
USGS-08158050,65,0,30.26326487,-97.6725032,0,0
USGS-08155400,21,0,30.26354168,-97.772228,0,0
USGS-08155505,46,0,30.26520839,-97.7652835,0,0
USGS-08158640,68,1,30.26632043,-97.6569473,1.470588235,0
USGS-08155260,8,0,30.2702072,-97.8288959,0,0
USGS-08155240,78,0,30.2740957,-97.8447296,0,0
USGS-08156800,69,0,30.27659704,-97.7502834,0,0
USGS-08067800,18,0,30.2803611,-95.7056111,0,0
USGS-08158600,92,0,30.2832642,-97.655003,0,0
USGS-07374120,298,0,30.2835279,-91.2226074,0,0
USGS-08157500,5,0,30.28576347,-97.7338942,0,0
USGS-301730090180000,173,0,30.2918631,-90.3000821,0,0
USGS-08067657,7,0,30.29308333,-95.4812778,0,0
USGS-08155200,83,0,30.29631587,-97.925565,0,0
USGS-08155220,9,0,30.29631696,-97.8519524,0,0
USGS-08030500,193,0,30.30381684,-93.7437784,0,0
USGS-301838091191400,1,0,30.31075034,-91.3206648,0,0
USGS-08067653,6,0,30.31463889,-95.5114444,0,0
USGS-02315392,25,0,30.31578279,-82.6445695,0,0
USGS-02481675,13,0,30.31797434,-89.306712,0,0
USGS-08067652,7,0,30.32152778,-95.5078056,0,0
USGS-08110000,30,0,30.3218773,-96.5074683,0,0
USGS-02471092,2,1,30.3304778,-88.5116802,50,1
USGS-02481673,3,0,30.33158465,-89.3761594,0,0
USGS-02481674,3,0,30.33158467,-89.3744927,0,0
MEX03265,23,0,30.33503,-110.16534,0,0
USGS-302007089225100,3,1,30.33547344,-89.3808819,33.33333333,1
USGS-302010089233600,3,0,30.33630666,-89.3933824,0,0
USGS-08070000,23,0,30.33659809,-95.1040999,0,0
USGS-302014089190000,2,0,30.33741835,-89.3167127,0,0
USGS-302015089220000,3,0,30.33769573,-89.3667147,0,0
USGS-302024089213200,3,0,30.34019575,-89.3589367,0,0
USGS-302025088311500,2,0,30.3404777,-88.5208475,0,0
USGS-302028089240000,3,0,30.3413065,-89.4000494,0,0
USGS-302028088303300,2,2,30.34131104,-88.5091803,100,1
USGS-08067650,109,2,30.34215289,-95.542998,1.834862385,0
USGS-302039089241300,4,0,30.344362,-89.4036607,0,0
USGS-08030050,12,2,30.345,-93.8047222,16.66666667,1
USGS-02480215,49,37,30.3468665,-88.5675164,75.51020408,1
USGS-302057089195300,2,0,30.34936246,-89.3314357,0,0
USGS-08041540,13,6,30.3511111,-94.2922222,46.15384615,1
MEX03307,38,5,30.35128,-109.68685,13.15789474,1
USGS-302108088302800,2,0,30.35242204,-88.5077915,0,0
USGS-302120089241000,3,1,30.3557507,-89.4028275,33.33333333,1
USGS-08041000,227,0,30.35576378,-94.0932373,0,0
USGS-08154760,29,0,30.35937094,-97.7880633,0,0
USGS-08154750,10,0,30.35964867,-97.7902856,0,0
USGS-08110200,11,0,30.36131908,-96.1552366,0,0
USGS-02480287,2,0,30.36288889,-88.6947222,0,0
USGS-02481667,4,0,30.365195,-89.4014388,0,0
USGS-02315200,25,0,30.3655034,-82.6201252,0,0
USGS-02480212,51,38,30.36777778,-88.5630556,74.50980392,1
MEX03267,39,0,30.36813,-110.15751,0,0
USGS-07386600,3,0,30.36825387,-91.9876184,0,0
USGS-02327018,1,0,30.36964519,-84.30545529,0,0
USGS-02315520,114,1,30.3707788,-82.79985119,0.877192982,0
USGS-02480210,59,27,30.37186624,-88.5627942,45.76271186,1
USGS-08154700,83,1,30.37214825,-97.7847301,1.204819277,0
USGS-08158200,19,2,30.375205,-97.6605601,10.52631579,1
USGS-07379960,92,29,30.38241445,-91.0942712,31.52173913,1
USGS-08153900,2,0,30.38243333,-98.2500167,0,0
USGS-302257091192500,1,0,30.3826933,-91.3237205,0,0
USGS-02480285,17,2,30.38269444,-88.6084444,11.76470588,1
USGS-0248166590,20,3,30.3843611,-89.3811111,15,1
USGS-02492600,2,0,30.385193,-89.7367304,0,0
USGS-07378721,9,0,30.3882476,-91.0489922,0,0
USGS-302318091025400,5,0,30.38852539,-91.0484367,0,0
USGS-302319088335400,47,32,30.3888105,-88.5650168,68.08510638,1
USGS-302345088343800,47,26,30.39603264,-88.5772396,55.31914894,1
USGS-302402082470701,1,0,30.4007779,-82.7851292,0,0
USGS-302403092152300,8,0,30.40091667,-92.2564722,0,0
MEX00307,35,0,30.40249,-107.97746,0,0
USGS-02481300,14,0,30.40519859,-88.8461398,0,0
USGS-02378300,16,0,30.40658669,-87.7369323,0,0
USGS-02378150,8,0,30.40658693,-87.6305402,0,0
USGS-08109800,40,0,30.40743105,-96.8174791,0,0
USGS-302430088350400,48,30,30.4085325,-88.5844623,62.5,1
USGS-302430082472501,1,0,30.40855535,-82.7901294,0,0
USGS-0248166310,20,0,30.40944444,-89.3444444,0,0
USGS-302439088520900,5,0,30.41103174,-88.8691962,0,0
USGS-302447082490201,1,0,30.4132771,-82.8170745,0,0
USGS-302450088524900,5,1,30.4140872,-88.8803078,20,1
USGS-02378177,3,0,30.41464234,-87.5913724,0,0
USGS-302452092313600,1,0,30.41464659,-92.5268031,0,0
USGS-302455088313100,51,42,30.41547694,-88.5252932,82.35294118,1
USGS-02481270,15,0,30.4157534,-88.9758669,0,0
USGS-302459088320800,53,48,30.416588,-88.5355714,90.56603774,1
USGS-302500088560000,5,0,30.4168647,-88.9333653,0,0
USGS-302505082472401,1,0,30.4182772,-82.7898518,0,0
USGS-302507088342800,48,30,30.41881018,-88.574462,62.5,1
USGS-302508088573200,5,0,30.41908677,-88.9589219,0,0
USGS-02481663,20,3,30.4193611,-89.344493,15,1
USGS-302511088475700,1,0,30.41992084,-88.7991937,0,0
USGS-02481279,7,1,30.42019818,-88.8914193,14.28571429,1
USGS-302512088292200,54,34,30.4201991,-88.4894583,62.96296296,1
USGS-302512082470901,1,0,30.42022164,-82.785685,0,0
USGS-302513088564400,5,0,30.4204757,-88.945588,0,0
USGS-302513088502100,1,0,30.4204762,-88.8391952,0,0
USGS-02480208,53,42,30.42047685,-88.5577946,79.24528302,1
USGS-302515088301300,54,43,30.42103246,-88.5036256,79.62962963,1
USGS-302516088492500,1,0,30.42130959,-88.823639,0,0
USGS-302519088551100,5,0,30.42214246,-88.9197538,0,0
USGS-302522088471500,1,0,30.4229764,-88.7875266,0,0
USGS-08029760,11,7,30.42305556,-93.7838889,63.63636364,1
USGS-302526088333600,47,31,30.4240879,-88.560017,65.95744681,1
USGS-302527088484500,1,0,30.42436516,-88.8125275,0,0
USGS-302528088540000,5,0,30.4246425,-88.9000308,0,0
USGS-302528088462200,1,0,30.4246431,-88.7728038,0,0
USGS-302528088304400,54,46,30.4246435,-88.5122372,85.18518519,1
USGS-08066500,238,0,30.4252067,-94.8507622,0,0
USGS-02480207,89,55,30.4265879,-88.5444608,61.79775281,1
USGS-302540088511000,1,0,30.42797603,-88.8528068,0,0
USGS-302541088290100,51,33,30.42825455,-88.4836249,64.70588235,1
USGS-302542088453000,1,0,30.42853204,-88.7583589,0,0
USGS-302543091162400,1,0,30.4288027,-91.2734424,0,0
USGS-302548082480301,1,0,30.4302211,-82.8006855,0,0
USGS-07378615,7,0,30.4321354,-91.0498258,0,0
USGS-302558088444000,1,0,30.43297648,-88.7444694,0,0
USGS-02229000,70,7,30.43634185,-82.2873402,10,1
USGS-02480184,40,23,30.43742109,-88.4800137,57.5,1
USGS-02479343,47,36,30.43825444,-88.5577949,76.59574468,1
USGS-302621088441000,1,0,30.4393653,-88.73613579,0,0
USGS-302648088340600,45,36,30.44686545,-88.568351,80,1
USGS-302657091025600,5,0,30.4493572,-91.0489926,0,0
USGS-302703092591600,2,0,30.45103517,-92.9879288,0,0
USGS-02326845,8,2,30.45547844,-84.2223976,25,1
USGS-302722091063900,5,0,30.45630155,-91.1109388,0,0
USGS-07378590,2,0,30.4568571,-91.1114943,0,0
USGS-302725088333700,43,34,30.4571431,-88.5602952,79.06976744,1
USGS-302732088432400,1,0,30.4590873,-88.7233576,0,0
USGS-02481661,18,1,30.45936039,-89.3458826,5.555555556,1
USGS-07378585,2,0,30.4615792,-91.1117721,0,0
USGS-302743082463001,1,0,30.46216465,-82.77485219,0,0
USGS-302744082441201,1,0,30.46244279,-82.736518,0,0
USGS-302749091063500,5,1,30.46380137,-91.1098277,20,1
USGS-302822088332500,41,35,30.4729763,-88.5569619,85.36585366,1
USGS-302843082440301,1,0,30.4788311,-82.7340183,0,0
USGS-302846088434200,1,0,30.4796426,-88.728358,0,0
USGS-08010000,39,2,30.48288889,-92.4906944,5.128205128,1
USGS-02378540,10,0,30.48297308,-87.8186016,0,0
USGS-02479342,38,35,30.48547616,-88.5616845,92.10526316,1
USGS-02315005,103,1,30.4857755,-82.7120734,0.970873786,0
USGS-07375050,151,0,30.4946364,-90.1695244,0,0
USGS-302954088344000,30,12,30.49853155,-88.5777964,40,1
USGS-08015500,98,0,30.50255556,-92.9154167,0,0
USGS-07375500,116,0,30.50658047,-90.3617524,0,0
USGS-303025084182500,1,0,30.50714374,-84.3068458,0,0
USGS-02377960,15,0,30.51158404,-87.5816504,0,0
USGS-02329200,23,2,30.52880944,-84.3582369,8.695652174,1
USGS-303159091512300,178,8,30.53324969,-91.856505,4.494382022,0
USGS-303159091512700,182,4,30.5332497,-91.857616,2.197802198,0
USGS-02492502,32,5,30.53991334,-89.7403446,15.625,1
USGS-08110075,21,4,30.54027778,-96.6902778,19.04761905,1
USGS-02314986,76,2,30.54466248,-82.7337418,2.631578947,0
USGS-02378500,23,0,30.54547146,-87.79860149,0,0
USGS-08105863,2,0,30.54853333,-97.7834333,0,0
USGS-07378083,6,0,30.56102103,-91.0209368,0,0
USGS-08066250,10,0,30.57214544,-94.9488223,0,0
USGS-02481549,12,0,30.5815,-89.4851389,0,0
USGS-323458092355100,1,0,30.58297704,-92.5976395,0,0
CHN00001,233,0,30.58305556,114.8288889,0,0
USGS-08111060,11,1,30.5947222,-96.0652778,9.090909091,1
USGS-02329534,31,0,30.60019458,-84.5804676,0,0
USGS-02314832,42,9,30.60549466,-82.7042981,21.42857143,1
USGS-08431700,7,0,30.61348635,-104.0015734,0,0
USGS-08108700,14,0,30.6268665,-96.544135,0,0
USGS-02471067,3,0,30.62796949,-88.1200004,0,0
USGS-02317608,22,0,30.62854557,-83.0876407,0,0
USGS-02492000,160,0,30.62935636,-89.8972956,0,0
MEX03269,38,0,30.6348,-109.97,0,0
USGS-02318960,319,0,30.6354848,-83.3112597,0,0
USGS-08105300,101,0,30.646028,-97.585284,0,0
USGS-08109300,11,6,30.6536111,-96.4516667,54.54545455,1
USGS-08105000,26,0,30.6540824,-97.6552863,0,0
USGS-08104700,26,0,30.6618592,-97.7113993,0,0
USGS-02377500,17,0,30.66408006,-87.63887559,0,0
USGS-02318940,420,0,30.6749261,-83.3945963,0,0
USGS-02314500,726,6,30.68055556,-82.5605556,0.826446281,0
USGS-02314780,42,11,30.68327264,-82.58290849,26.19047619,1
USGS-07381424,19,1,30.68768575,-91.4376129,5.263157895,1
USA00517,552,0,30.69055556,-91.73611111,0,0
USGS-07381495,553,0,30.690743,-91.7362262,0,0
USGS-08105700,151,0,30.69436146,-97.2788849,0,0
USGS-08041375,11,0,30.69444444,-94.1902778,0,0
USGS-0247101495,7,0,30.6965787,-88.0772218,0,0
USGS-0247101490,18,0,30.69685649,-88.08805549,0,0
USGS-02358000,166,0,30.7010251,-84.8590871,0,0
USGS-304203084513302,5,0,30.7010251,-84.8590871,0,0
USGS-08104645,49,0,30.70324423,-97.8772378,0,0
USGS-02317500,69,0,30.7041006,-83.0331955,0,0
USGS-02471013,33,0,30.70630067,-88.1511131,0,0
USGS-0247101475,22,0,30.7079673,-88.1011116,0,0
USGS-08041365,13,3,30.70944444,-94.1991667,23.07692308,1
USGS-02329385,43,4,30.71963824,-84.4112966,9.302325581,1
USGS-02471016,26,14,30.72435578,-88.0588881,53.84615385,1
USGS-0247101550,8,0,30.7257446,-88.0925003,0,0
USGS-02480002,87,0,30.7260225,-88.2763955,0,0
MEX03272,34,0,30.72614,-110.91647,0,0
USGS-02328200,727,2,30.73158369,-84.2365674,0.275103164,0
USGS-02329330,44,0,30.73297098,-84.4535207,0,0
USGS-02480001,7,0,30.73852197,-88.2591725,0,0
USGS-02318870,40,5,30.7396431,-83.5362683,12.5,1
USGS-0248000050,4,0,30.7399108,-88.2591725,0,0
USGS-02318830,12,2,30.7451979,-83.590992,16.66666667,1
USGS-02318820,37,0,30.751031,-83.5915477,0,0
USA00525,685,0,30.75833333,-91.39583333,0,0
USGS-07373420,687,0,30.75851659,-91.3959464,0,0
USGS-02479975,6,0,30.7615772,-88.2977857,0,0
USGS-02328190,44,0,30.76380513,-84.2293451,0,0
USGS-02317550,22,0,30.76854094,-83.1301451,0,0
USGS-02314710,21,8,30.7724341,-82.81374819,38.0952381,1
USGS-02471035,16,0,30.7762991,-87.8255485,0,0
USGS-02317590,43,0,30.7779838,-83.1798695,0,0
USGS-02479980,86,0,30.78018805,-88.3188979,0,0
USGS-02479170,32,0,30.78018948,-88.7628086,0,0
USGS-02318725,276,20,30.78630833,-83.52571359,7.246376812,1
USGS-02479960,55,0,30.78713274,-88.366956,0,0
USGS-02327810,23,0,30.79186009,-84.1543424,0,0
USGS-02318500,396,0,30.79305556,-83.4536111,0,0
USGS-02318778,41,20,30.79325076,-83.7062738,48.7804878,1
USGS-08040500,50,0,30.7935357,-94.1746355,0,0
USGS-02314274,14,1,30.80410984,-82.4173514,7.142857143,1
USGS-02479955,52,0,30.80852085,-88.3366767,0,0
USGS-02479950,67,0,30.81129837,-88.3158423,0,0
USGS-023142741,14,3,30.81633217,-82.41346259,21.42857143,1
USGS-02479948,72,0,30.82157589,-88.3147311,0,0
USGS-02328025,43,0,30.83824759,-84.2260125,0,0
USGS-02479947,16,0,30.8390753,-88.2997304,0,0
USGS-02328082,43,4,30.84185865,-84.2007337,9.302325581,1
USGS-02317757,263,15,30.8502,-83.3395984,5.703422053,1
USGS-0247994650,16,0,30.85213044,-88.2872298,0,0
USGS-02479945,83,0,30.85601968,-88.3338988,0,0
USGS-02316950,42,2,30.8602094,-83.0015302,4.761904762,0
USGS-02479944,11,0,30.8621307,-88.3411214,0,0
USGS-02327476,42,0,30.86935829,-83.9835036,0,0
USGS-08111000,53,0,30.8696352,-96.1924592,0,0
USGS-08028200,255,1,30.8707523,-93.5107275,0.392156863,0
USGS-02327720,38,0,30.87408019,-84.079896,0,0
USGS-02327500,266,7,30.87574687,-84.0454502,2.631578947,0
USGS-02479020,201,0,30.87805556,-88.775,0,0
USGS-02356015,306,0,30.8929663,-84.6104709,0,0
USGS-02318471,43,1,30.8938092,-83.3662666,2.325581395,0
USGS-02314300,42,12,30.89660187,-82.6656924,28.57142857,1
USGS-02327700,26,0,30.90519045,-84.0760073,0,0
USGS-08103900,111,0,30.91156805,-98.0369676,0,0
USGS-02356000,446,0,30.91157714,-84.5799144,0,0
USGS-02479940,4,0,30.91574036,-88.3241762,0,0
USGS-02318620,15,0,30.91685915,-83.5865516,0,0
USGS-02316750,22,0,30.9243738,-83.037366,0,0
USGS-02479935,1,0,30.9296289,-88.3252874,0,0
USGS-02355950,1,0,30.9349101,-84.5229683,0,0
USGS-02327695,40,2,30.94713374,-84.0715632,5,1
MEX03229,34,0,30.9481,-110.19079,0,0
USGS-023177483,40,1,30.94936646,-83.2715421,2.5,0
MEX03228,10,0,30.95804,-110.18906,0,0
USGS-02318390,41,0,30.97324899,-83.4423819,0,0
USGS-02327370,37,8,30.9754666,-83.8876705,21.62162162,1
USGS-02327460,69,3,30.97685519,-84.019895,4.347826087,0
USGS-02344040,733,0,30.97768588,-85.0052062,0,0
USGS-02357310,5,0,30.97907504,-84.8713129,0,0
USGS-02314283,19,3,30.9807714,-82.534303,15.78947368,1
USGS-02318650,33,16,30.98546675,-83.73766869,48.48484848,1
USGS-02314600,41,21,30.9860418,-82.8804195,51.2195122,1
USGS-02317746,20,4,30.989922,-83.244875,20,1
USGS-02357308,18,1,30.9957413,-84.8810357,5.555555556,1
MEX03230,39,8,30.99713,-110.28877,20.51282051,1
USGS-08104100,15,0,31.0018485,-97.4925088,0,0
USGS-02327355,24,1,31.0022222,-83.9391667,4.166666667,0
USGS-08039500,31,3,31.01519664,-94.1521372,9.677419355,1
USGS-02490900,37,0,31.0224017,-90.2056459,0,0
USGS-02314272,18,6,31.0235519,-82.4393006,33.33333333,1
USGS-08033500,271,0,31.025,-94.3994444,0,0
USGS-02479155,127,0,31.02527778,-89.0166667,0,0
USGS-02327300,43,3,31.03352077,-83.9351723,6.976744186,1
USGS-02357000,75,0,31.04027778,-84.74,0,0
USGS-02318598,15,1,31.047411,-83.6301667,6.666666667,1
USGS-02479130,31,0,31.05194444,-89.2041667,0,0
USGS-02327260,23,1,31.05629827,-83.89933909,4.347826087,0
USGS-08039400,138,9,31.0585286,-94.1057472,6.52173913,1
USGS-02327450,23,0,31.0590756,-84.0246189,0,0
USGS-08026000,108,0,31.06408004,-93.5196165,0,0
USGS-02327335,41,6,31.06713136,-83.9179506,14.63414634,1
USGS-08102500,14,0,31.07017947,-97.4413967,0,0
USGS-02318355,40,2,31.0721354,-83.4596057,5,1
USGS-08103800,30,0,31.0793403,-98.0166919,0,0
USGS-02356980,47,0,31.08657309,-84.7365862,0,0
USGS-02327448,38,3,31.08935274,-84.0468425,7.894736842,1
USGS-02314255,19,2,31.0910457,-82.6059721,10.52631579,1
USGS-02318014,54,2,31.0954662,-83.5843325,3.703703704,0
USGS-02318591,41,2,31.10102056,-83.7282266,4.87804878,0
USGS-02475000,43,0,31.10277778,-88.8083333,0,0
USGS-02327430,42,11,31.1057414,-84.0085082,26.19047619,1
USGS-02317740,41,2,31.1140838,-83.3396016,4.87804878,0
USGS-02327250,42,12,31.11435295,-83.8804513,28.57142857,1
USGS-02344000,31,0,31.11657069,-85.0471513,0,0
MEX00304,16,1,31.11661,-107.99744,6.25,1
USGS-02316450,38,13,31.11714585,-83.1343168,34.21052632,1
USGS-023180135,15,0,31.12213218,-83.6237787,0,0
USGS-02316490,42,15,31.12492369,-83.1287612,35.71428571,1
USGS-02429650,13,0,31.128232,-87.8186054,0,0
USGS-02327205,217,43,31.14213067,-83.8035067,19.8156682,1
USGS-02478500,99,0,31.1486111,-88.5480556,0,0
MEX03237,30,1,31.1499,-110.64368,3.333333333,0
USGS-310900092141600,2,0,31.15018714,-92.237907,0,0
USGS-02355830,8,1,31.15073939,-84.28851779,12.5,1
USGS-02318013,40,10,31.15102043,-83.6523914,25,1
USGS-02318000,5,0,31.15555556,-83.5436111,0,0
USGS-08025307,57,0,31.15657879,-93.6765667,0,0
USGS-02316320,21,0,31.15687004,-83.03959209,0,0
USGS-02356640,55,2,31.1711111,-84.7419444,3.636363636,0
USGS-02317734,53,4,31.17713933,-83.3221015,7.547169811,1
USGS-02327413,41,9,31.17824018,-83.9848983,21.95121951,1
MEX03238,39,0,31.17829,-110.60928,0,0
USGS-311100092100600,2,0,31.18351965,-92.1684611,0,0
USGS-311136092185200,2,0,31.19351925,-92.3145764,0,0
USGS-02317700,40,6,31.19852999,-83.2723777,15,1
USGS-311203092032800,2,0,31.20101936,-92.057903,0,0
USGS-07355600,335,0,31.20296369,-92.141794,0,0
USGS-02226582,707,0,31.2168881,-82.1623419,0,0
USGS-02355350,32,0,31.2175,-84.4708333,0,0
USGS-02228000,190,2,31.21958333,-81.8664444,1.052631579,0
USGS-311320091464700,2,0,31.22240165,-91.779844,0,0
USGS-02473360,13,0,31.2265688,-89.0875543,0,0
USGS-02327320,41,7,31.23601728,-83.9307324,17.07317073,1
USGS-02489000,37,0,31.23777778,-89.8469444,0,0
MEX03327,21,0,31.23811,-110.18973,0,0
USGS-02226500,34,0,31.2382737,-82.3245711,0,0
USGS-311440091571500,2,0,31.24462854,-91.9542906,0,0
USGS-02327195,41,9,31.2471289,-83.834065,21.95121951,1
USGS-073556005,35,0,31.25018357,-91.9381793,0,0
USGS-07355603,87,0,31.25046134,-91.9381794,0,0
USGS-02317886,42,6,31.2543528,-83.575167,14.28571429,1
USGS-02317830,95,3,31.25435325,-83.50877498,3.157894737,0
USGS-02318538,39,1,31.25490686,-83.793787,2.564102564,0
USGS-311532092230800,2,0,31.2590729,-92.3856903,0,0
USGS-02317920,35,14,31.259075,-83.5726669,40,1
USGS-02473260,86,0,31.26128844,-89.2264485,0,0
USGS-07373270,2,0,31.26684687,-91.8320673,0,0
USGS-02317915,15,4,31.26879704,-83.5851675,26.66666667,1
USGS-02226315,41,13,31.27353905,-82.7159753,31.70731707,1
USGS-07355510,36,0,31.27962786,-92.4015243,0,0
USGS-02356460,16,1,31.28406798,-84.81936639,6.25,1
USGS-08101000,30,0,31.2848902,-97.8850244,0,0
USGS-02317729,42,0,31.2943562,-83.4204386,0,0
USGS-311740091535900,2,0,31.29462565,-91.8998463,0,0
USGS-311742092254770,1,0,31.2951829,-92.4298587,0,0
USGS-311742092245800,2,0,31.29518296,-92.4162471,0,0
USGS-311756091532600,2,0,31.29906974,-91.8906796,0,0
USGS-311800092252670,2,0,31.3001828,-92.4240252,0,0
USGS-02353000,562,1,31.30694444,-84.33888889,0.177935943,0
USGS-311840092255870,2,0,31.31129359,-92.4329145,0,0
USGS-02317874,41,4,31.31129575,-83.685172,9.756097561,1
USGS-07355500,421,1,31.31296019,-92.4429148,0.237529691,0
USGS-07292500,149,0,31.3247222,-91.1094444,0,0
MEX03233,33,3,31.3281,-109.57077,9.090909091,1
USGS-02352980,35,1,31.3301792,-84.3304646,2.857142857,0
USGS-02474500,47,3,31.33277778,-89.1125,6.382978723,1
MEX03226,35,1,31.33398,-109.57592,2.857142857,0
USGS-02226300,41,2,31.3365913,-82.7684756,4.87804878,0
USGS-08065350,334,6,31.33851319,-95.6563407,1.796407186,0
USGS-312040092282600,1,0,31.34462594,-92.4740272,0,0
USGS-312055092272500,1,0,31.3487925,-92.4570822,0,0
USGS-02354500,36,0,31.35055556,-84.4825,0,0
USGS-02317818,54,2,31.35101907,-83.5215534,3.703703704,0
USGS-02316253,42,5,31.36019796,-83.1043176,11.9047619,1
USGS-02317668,33,0,31.3624147,-83.3248799,0,0
USGS-02317870,23,1,31.36268305,-83.7696195,4.347826087,0
USGS-02226260,39,8,31.36492318,-82.8387549,20.51282051,1
USGS-312236092352600,1,0,31.37684607,-92.5906987,0,0
USGS-02353500,98,0,31.38277778,-84.54638889,0,0
USGS-08100600,31,0,31.38377765,-97.701965,0,0
USGS-02316000,69,2,31.3843626,-83.1923758,2.898550725,0
USGS-07355130,331,0,31.39406675,-92.6673687,0,0
USGS-02227239,44,5,31.39493449,-82.3434614,11.36363636,1
USGS-02317868,20,2,31.39795979,-83.80517569,10,1
MEX00204,32,25,31.39817,-106.11747,78.125,1
USGS-02327169,11,1,31.40027778,-83.8925,9.090909091,1
USGS-02226410,43,6,31.40492784,-82.5729157,13.95348837,1
CHN00009,102,31,31.41666667,121.5666667,30.39215686,1
USGS-02472500,51,0,31.42583333,-89.4147222,0,0
USGS-312534092414000,2,0,31.42628756,-92.6945924,0,0
USGS-02226160,447,0,31.42716717,-81.6053858,0,0
USGS-02317903,14,4,31.43296133,-83.642114,28.57142857,1
USGS-02317866,9,0,31.43406983,-83.8348987,0,0
USGS-02472373,46,0,31.43905926,-89.3000613,0,0
USGS-02317800,53,10,31.4393512,-83.5604439,18.86792453,1
USGS-02317718,213,10,31.44268615,-83.4757184,4.694835681,0
USGS-02352790,287,0,31.44434377,-84.137684,0,0
USGS-02226191,19,3,31.45103067,-82.9834806,15.78947368,1
USGS-02227500,44,1,31.45213889,-82.0543333,2.272727273,0
USGS-312724092431700,2,0,31.4568417,-92.7215383,0,0
USGS-08037000,172,0,31.45740447,-94.7263206,0,0
USGS-02227015,44,7,31.4602091,-82.3765186,15.90909091,1
USGS-08135000,6,0,31.46599438,-100.4478712,0,0
USGS-02317900,43,0,31.47296056,-83.662948,0,0
USGS-02317797,152,54,31.48185048,-83.5840559,35.52631579,1
USGS-02317856,52,7,31.48684709,-83.80600888,13.46153846,1
USGS-02472850,34,0,31.48916667,-89.4333333,0,0
USGS-313000092423000,1,0,31.5001738,-92.7084827,0,0
USGS-08038000,34,0,31.50434957,-94.3043677,0,0
USGS-02316241,31,3,31.50769334,-83.2087652,9.677419355,1
USGS-08095300,46,0,31.50933179,-97.365845,0,0
USGS-02226187,40,10,31.51241665,-83.0887615,25,1
USGS-08136500,195,0,31.5159908,-99.9195226,0,0
USGS-02316216,50,7,31.5160256,-83.260989,14,1
USGS-02470040,50,0,31.52155216,-87.9366672,0,0
USGS-02227429,21,10,31.5282679,-82.0765065,47.61904762,1
USGS-02317785,20,3,31.53268256,-83.6276685,15,1
USGS-02315970,61,10,31.53268748,-83.399049,16.39344262,1
USGS-07373000,214,0,31.5362873,-92.4084714,0,0
USGS-02429500,362,0,31.54682748,-87.5124908,0,0
USGS-02352630,9,0,31.5476752,-84.09490629,0,0
USGS-02352560,421,0,31.55239685,-84.1460184,0,0
USGS-02488500,33,0,31.55333333,-90.0880556,0,0
USGS-02353400,32,0,31.555,-84.6808333,0,0
USGS-02315965,21,0,31.56657314,-83.48516289,0,0
USGS-02226100,89,12,31.56688297,-81.8381694,13.48314607,1
USGS-02227000,36,5,31.56784068,-82.4638002,13.88888889,1
MEX00203,31,28,31.57044,-106.2915,90.32258065,1
USGS-08032500,67,0,31.57945569,-95.1659965,0,0
USGS-02226332,39,9,31.5821375,-82.8429211,23.07692308,1
USGS-02227417,44,4,31.58965135,-82.2515133,9.090909091,1
USGS-08134000,6,0,31.5926549,-100.6370449,0,0
USGS-02354350,27,0,31.5937831,-84.45324679,0,0
USGS-02352500,131,0,31.59416667,-84.1441667,0,0
USGS-02316170,43,3,31.5957462,-83.1715415,6.976744186,1
USGS-313556092485000,2,0,31.59905899,-92.8140427,0,0
USGS-08095600,39,0,31.60127597,-97.1936165,0,0
USGS-02343260,30,0,31.60433476,-85.055484,0,0
USGS-02315935,36,2,31.609629,-83.4446058,5.555555556,1
USGS-02472170,5,0,31.6193313,-89.3256173,0,0
USGS-02226010,694,0,31.62354958,-81.7651135,0,0
USGS-02226328,39,4,31.62463553,-82.911812,10.25641026,1
USGS-09471000,178,0,31.62592644,-110.1745226,0,0
USGS-02227433,20,1,31.63048874,-82.0192832,5,1
USGS-02315920,38,7,31.63129589,-83.4179382,18.42105263,1
USGS-313818091454300,1,0,31.63850294,-91.7620706,0,0
MEX00200,35,5,31.64078,-106.3323,14.28571429,1
USGS-02203592,39,2,31.6438294,-81.3931598,5.128205128,1
USGS-02351160,20,0,31.64961684,-84.1971313,0,0
USGS-02226000,72,1,31.6546586,-81.827892,1.388888889,0
USGS-02225990,237,0,31.66660254,-81.8384478,0,0
USGS-314000092553000,2,0,31.66683386,-92.9251582,0,0
USGS-02227430,17,6,31.6679873,-82.0406732,35.29411765,1
USGS-08095200,58,0,31.66960575,-97.4694602,0,0
USGS-02315919,33,0,31.6721283,-83.41988249,0,0
USGS-02317771,39,8,31.67462455,-83.6904478,20.51282051,1
USGS-314031091460900,1,0,31.67544634,-91.7692934,0,0
USGS-02316120,76,45,31.6793539,-83.2507101,59.21052632,1
USGS-02477500,38,0,31.68254959,-88.68351,0,0
USGS-02477990,9,0,31.69416667,-88.5191667,0,0
USGS-02203578,311,2,31.69549627,-81.2714903,0.643086817,0
USGS-02474580,28,0,31.6984952,-89.026721,0,0
USGS-02203574,65,0,31.7029954,-81.3314924,0,0
USGS-02472000,28,0,31.70694444,-89.4069444,0,0
MEX00199,35,2,31.70936,-106.3704,5.714285714,1
USGS-314323092590800,2,0,31.7232206,-92.985716,0,0
USGS-07370190,35,0,31.72433137,-91.544565,0,0
USGS-02315905,55,5,31.73240334,-83.5057185,9.090909091,1
USGS-02203571,81,3,31.74299337,-81.426774,3.703703704,0
USGS-02203570,66,1,31.7454933,-81.42677409,1.515151515,0
USGS-02227392,20,4,31.7504677,-82.5195793,20,1
USGS-02203566,64,0,31.75465926,-81.4603863,0,0
USGS-02469762,441,0,31.7571018,-88.1250095,0,0
MEX00195,28,3,31.7607,-106.5099,10.71428571,1
USGS-02350900,36,0,31.76444444,-84.2533333,0,0
USGS-02315850,37,6,31.76684616,-83.6237783,16.21621622,1
USGS-02351890,35,0,31.7761111,-84.1394444,0,0
USGS-314652092580300,2,0,31.78127518,-92.9676596,0,0
MEX00196,26,0,31.7817,-106.5287,0,0
USGS-02473490,55,0,31.7854367,-89.0758885,0,0
USGS-02203561,22,0,31.78771328,-81.4903877,0,0
USGS-02315740,34,2,31.7921246,-83.4893294,5.882352941,1
USGS-02343228,22,0,31.798496,-84.89464659,0,0
USGS-314831093021000,2,0,31.80877439,-93.036273,0,0
USGS-02351870,20,0,31.8135033,-84.1721307,0,0
USGS-02203559,76,9,31.8138232,-81.5201107,11.84210526,1
USGS-07351930,147,0,31.81821868,-93.0848858,0,0
USGS-02343225,50,0,31.81849528,-84.9738155,0,0
USGS-315000093063000,2,0,31.83349623,-93.1084977,0,0
USGS-08141500,3,0,31.83431205,-99.5347911,0,0
USGS-02350360,24,0,31.83906388,-83.8548973,0,0
USGS-08093500,156,0,31.84460414,-97.2013961,0,0
MEX03460,10,0,31.845174,-116.613739,0,0
USGS-07290759,3,0,31.8459946,-91.1606647,0,0
USGS-08064700,153,4,31.84849638,-96.2899755,2.614379085,0
MEX03459,25,4,31.862367,-116.618058,16,1
USGS-315152093070900,2,0,31.8646069,-93.1193314,0,0
USGS-08092600,22,0,31.86682458,-97.3669576,0,0
USGS-02350860,22,0,31.8685003,-84.304912,0,0
USGS-02215365,13,1,31.86907085,-83.0062585,7.692307692,1
USGS-07290757,3,0,31.8701606,-91.1401088,0,0
USGS-02487000,31,0,31.87515937,-90.140363,0,0
USGS-08023400,35,2,31.8751667,-93.65851499,5.714285714,1
USGS-315258091344200,1,0,31.88293838,-91.5784552,0,0
USGS-315302093120300,2,0,31.8840511,-93.2010009,0,0
USGS-02343222,22,0,31.8865491,-84.9732602,0,0
MEX03493,36,2,31.889,-116.634619,5.555555556,1
USGS-07350517,35,0,31.89266209,-93.1323873,0,0
USGS-07351750,41,0,31.89460754,-93.3418388,0,0
USGS-08093360,34,0,31.8954362,-97.2030634,0,0
USGS-02351700,22,0,31.8954461,-84.1976864,0,0
USGS-02315678,21,5,31.89656685,-83.48849729,23.80952381,1
MEX03465,40,1,31.909466,-116.603505,2.5,0
USGS-02315685,20,5,31.91184447,-83.4757192,25,1
USGS-02216612,20,5,31.91407607,-82.5540229,25,1
USGS-02215500,748,0,31.91991667,-82.6740556,0,0
USGS-02343200,3,0,31.9343259,-84.8032561,0,0
USGS-08063100,21,0,31.9384908,-96.6813787,0,0
USGS-02225000,267,1,31.9390829,-82.3534601,0.374531835,0
USGS-07350505,41,0,31.93960625,-93.2757256,0,0
USGS-02203514,33,3,31.93965077,-81.6445575,9.090909091,1
USGS-315640093171000,2,0,31.94460628,-93.2862815,0,0
USGS-08063500,30,0,31.95071375,-96.42137,0,0
USGS-315725091122400,24,2,31.9571026,-91.206778,8.333333333,1
USGS-08099500,33,1,31.9579235,-98.4592116,3.03030303,0
USGS-02350220,30,0,31.96128398,-83.8846192,0,0
USGS-08023080,25,3,31.9627225,-93.9411609,12,1
USGS-02473460,37,0,31.9661111,-89.115,0,0
MEX03450,2,1,31.97128,-115.218529,50,1
USGS-08022500,44,0,31.97238949,-94.0063014,0,0
USGS-08023000,27,5,31.97377803,-93.9696338,18.51851852,1
USGS-08063045,26,0,31.97710044,-96.8147167,0,0
USGS-08093160,48,1,31.9779342,-97.2458436,2.083333333,0
USGS-02203519,200,0,31.98326279,-81.3851119,0,0
USGS-07351740,25,0,31.9890512,-93.4418419,0,0
USGS-022035408,40,2,31.99298968,-81.1012228,5,1
USGS-08093260,106,7,31.9954336,-97.1441733,6.603773585,1
CHN00008,108,3,32,120.85,2.777777778,0
USGS-320000093212300,2,0,32.00016154,-93.3565614,0,0
USGS-320005093212070,1,0,32.0015504,-93.355728,0,0
USGS-08093250,78,0,32.00571108,-97.1500069,0,0
USGS-02203538,40,2,32.0071519,-81.238723,5,1
USGS-07350500,346,0,32.01266134,-93.3529502,0,0
USGS-02216100,57,0,32.0265681,-82.6954163,0,0
USGS-07290510,7,0,32.0268214,-90.4250932,0,0
USGS-02350080,244,0,32.03388889,-83.99638889,0,0
MEX03525,33,0,32.038694,-115.207583,0,0
USGS-0219897998,61,1,32.039657,-80.9228888,1.639344262,0
USGS-07352800,41,5,32.04833333,-93.3022222,12.19512195,1
USGS-02350630,1,0,32.04988154,-84.5068606,0,0
USGS-02350600,128,0,32.0525,-84.5483333,0,0
USGS-08123850,160,0,32.05374399,-100.762052,0,0
MEX03504,40,0,32.057473,-114.899392,0,0
USGS-02350001,195,1,32.05877989,-83.9774007,0.512820513,0
USGS-320412093251800,2,0,32.07016079,-93.42184089,0,0
USGS-0219897996,61,1,32.0721548,-80.960389,1.639344262,0
USGS-07369150,93,1,32.07265669,-91.9270757,1.075268817,0
USGS-08407500,224,0,32.07519167,-104.0394361,0,0
USGS-02349985,29,0,32.07711257,-83.956845,0,0
USGS-07351600,4,0,32.07821658,-93.5101767,0,0
USGS-02225500,88,0,32.07852776,-82.1773432,0,0
USGS-02351500,31,0,32.08305556,-84.2580556,0,0
USGS-0219897991,61,1,32.08326418,-81.0367784,1.639344262,0
USGS-320523091354800,1,0,32.0898765,-91.5967889,0,0
USGS-0219897992,61,1,32.09409718,-81.0215005,1.639344262,0
USGS-02349958,20,0,32.0957234,-83.8837878,0,0
USGS-02198975,61,0,32.09576215,-81.1067787,0,0
USGS-07367640,148,1,32.1079343,-92.0743016,0.675675676,0
USGS-02350625,20,0,32.1079357,-84.5001942,0,0
USGS-02216125,14,0,32.1098974,-83.11515,0,0
MEX03505,40,1,32.111443,-114.956262,2.5,0
USGS-08099300,49,0,32.11402957,-98.6056067,0,0
USGS-02342881,471,0,32.1423755,-85.0463196,0,0
MEX03506,35,3,32.142895,-114.929975,8.571428571,1
USGS-02203450,38,6,32.1446397,-81.7931691,15.78947368,1
USGS-08092000,108,0,32.15070534,-97.402794,0,0
USGS-02342850,41,0,32.1527222,-84.9059167,0,0
MEX03526,40,0,32.155,-115.27875,0,0
USGS-02225470,115,3,32.1601911,-82.2117878,2.608695652,0
USGS-02198920,400,4,32.16533333,-81.1549167,1,0
USGS-07368200,1,1,32.16543165,-91.97929909,100,1
USGS-02202600,43,9,32.1679803,-81.48816698,20.93023256,1
USGS-02198880,40,0,32.17297955,-81.1870574,0,0
USGS-08099100,51,0,32.1737502,-98.5331058,0,0
USGS-02202969,38,18,32.17435838,-81.921505,47.36842105,1
USGS-02477000,39,0,32.17583333,-88.8197222,0,0
USGS-02486500,42,10,32.1765385,-90.2434225,23.80952381,1
USGS-321037093263800,2,0,32.17710347,-93.4440632,0,0
USGS-02203010,36,1,32.17880418,-81.8287252,2.777777778,0
MEX03527,38,0,32.179194,-115.218611,0,0
USGS-02203000,220,7,32.1843611,-81.8892222,3.181818182,0
USGS-02224600,21,0,32.18795709,-82.64541289,0,0
USGS-02202500,230,0,32.1901111,-81.4158611,0,0
USGS-02224500,55,0,32.19129079,-82.6331903,0,0
USGS-07351571,58,0,32.19210349,-93.5546211,0,0
USGS-02215210,16,1,32.19211417,-83.3690517,6.25,1
USGS-07350020,15,0,32.19460316,-93.4418408,0,0
USGS-07349990,35,0,32.19488094,-93.4646191,0,0
USGS-02349900,44,0,32.19555556,-83.9022222,0,0
USGS-08064100,271,5,32.1984823,-96.5202639,1.84501845,0
USGS-321200093263800,2,0,32.2001586,-93.444063,0,0
MEX03466,17,0,32.202407,-116.911311,0,0
USGS-08022100,12,1,32.21444444,-94.4327778,8.333333333,1
USGS-02176734,6,1,32.2147222,-80.8455556,16.66666667,1
USGS-02349740,21,0,32.21738378,-83.9915716,0,0
USGS-02176713,4,0,32.2175,-80.8952778,0,0
USGS-02349640,28,0,32.2243273,-84.0999079,0,0
USGS-08022120,10,0,32.2249722,-94.22525,0,0
MEX03529,36,1,32.227207,-115.287887,2.777777778,0
USGS-02176723,5,0,32.23027778,-80.86138889,0,0
USGS-02176742,5,1,32.23083333,-80.8080556,20,1
USGS-02176704,5,1,32.23194444,-80.9408333,20,1
USGS-02176706,5,2,32.2336111,-80.9266667,40,1
USGS-07350000,32,0,32.2362691,-93.4265624,0,0
MEX03528,39,1,32.239194,-115.196028,2.564102564,0
USGS-08063800,23,0,32.2434807,-96.6402676,0,0
USGS-08091000,65,0,32.25903188,-97.7025268,0,0
USGS-321544091212800,1,0,32.2623708,-91.35789319,0,0
USGS-02203205,41,5,32.26463339,-81.80900209,12.19512195,1
USGS-321555093300000,2,0,32.2654351,-93.500175,0,0
USGS-02215000,284,0,32.28277778,-83.46238889,0,0
USGS-02349605,420,0,32.29305556,-84.0436111,0,0
USGS-02224310,33,0,32.2951752,-82.6968023,0,0
USGS-02349600,20,0,32.29599129,-84.031574,0,0
USGS-02349500,308,0,32.29821336,-84.0437965,0,0
USGS-02476600,48,6,32.29833333,-88.7536111,12.5,1
USGS-08063685,42,0,32.3076451,-96.7388821,0,0
USGS-02349400,28,0,32.3093234,-84.161855,0,0
USGS-02202920,29,8,32.3121265,-81.9509499,27.5862069,1
USGS-02475394,2,0,32.31264426,-88.9747763,0,0
USGS-09484000,2,0,32.3147222,-110.8109167,0,0
USGS-08063695,4,0,32.31708927,-96.6591577,0,0
USGS-02420855,2,0,32.3198624,-86.2044097,0,0
USGS-02475500,10,0,32.3261111,-88.9091667,0,0
USGS-08022040,109,1,32.32737887,-94.3535302,0.917431193,0
USGS-02475280,2,0,32.3423658,-89.016722,0,0
USGS-02476530,2,0,32.3436111,-88.7272222,0,0
USGS-02475300,2,0,32.34416667,-89.1358333,0,0
USGS-02202903,35,4,32.34795568,-82.0426188,11.42857143,1
USGS-02349140,9,0,32.34904437,-84.06407539,0,0
USGS-02476000,38,0,32.35292135,-88.7567136,0,0
USGS-322129093371900,2,0,32.35821129,-93.6221213,0,0
USGS-08063690,9,0,32.36153216,-96.7319379,0,0
USGS-02476519,2,0,32.36444444,-88.7205556,0,0
USGS-02341900,1,0,32.36483333,-84.8171111,0,0
USGS-08031180,13,0,32.3648693,-95.4535676,0,0
USGS-02476500,39,0,32.36777778,-88.6772222,0,0
USGS-02419849,1,0,32.36819464,-86.1260744,0,0
USGS-08022000,71,1,32.36987696,-94.457978,1.408450704,0
MEX03453,40,6,32.370102,-116.944995,15,1
USGS-02475595,2,0,32.37014306,-88.9042184,0,0
USGS-02198715,46,21,32.37519108,-81.2217766,45.65217391,1
USGS-02349080,19,0,32.3790423,-84.1843564,0,0
USGS-02419886,1,0,32.38013845,-86.20357719,0,0
USGS-0241998810,1,0,32.38180475,-86.3135806,0,0
USGS-322315093394200,2,0,32.38765515,-93.6618442,0,0
USGS-02224220,15,1,32.3898934,-82.7162475,6.666666667,1
MEX03449,19,2,32.394805,-117.002528,10.52631579,1
USGS-02485601,8,0,32.39777778,-90.0647222,0,0
USGS-02475207,2,0,32.40236443,-89.01255519,0,0
USGS-02341800,29,0,32.413,-84.82,0,0
USGS-0241997978,2,0,32.415415,-86.2774688,0,0
USGS-02476450,2,0,32.41555556,-88.6433333,0,0
USGS-0241997910,3,0,32.41597068,-86.2299674,0,0
USGS-322517008039551,1,0,32.42138889,-80.6652778,0,0
USGS-322517008039552,1,0,32.42138889,-80.6652778,0,0
USGS-322518808039571,2,0,32.42166667,-80.6658333,0,0
USGS-322518808039572,2,0,32.42166667,-80.6658333,0,0
USGS-322525908038381,1,0,32.4236111,-80.64388889,0,0
USGS-322525908038382,1,0,32.4236111,-80.64388889,0,0
USGS-08062500,362,60,32.42652988,-96.4630415,16.57458564,1
USGS-023415605,24,0,32.42931079,-84.9518752,0,0
USGS-02475271,2,0,32.4297222,-89.0969444,0,0
USGS-322604093404500,2,0,32.4345985,-93.6793443,0,0
USGS-02348440,28,0,32.43681855,-84.0265756,0,0
USGS-02202367,39,1,32.44018264,-81.5792755,2.564102564,0
MEX03433,1,0,32.441639,-116.850806,0,0
USGS-07288955,471,26,32.44416667,-90.9141667,5.520169851,1
USGS-02475980,2,0,32.44597506,-88.778381,0,0
MEX03454,37,5,32.446733,-117.107151,13.51351351,1
MEX03431,40,1,32.449,-116.879056,2.5,0
MEX03426,40,11,32.454167,-116.905972,27.5,1
USGS-02348405,20,0,32.45515095,-84.0460207,0,0
USGS-02214500,12,0,32.45570669,-83.7390723,0,0
USGS-02224100,33,0,32.45600288,-82.9420885,0,0
USGS-07288938,2,1,32.45716667,-90.8903333,50,1
JPN00024,106,0,32.45777778,130.6566667,0,0
USGS-02198600,24,9,32.45990757,-81.291496,37.5,1
USGS-08020820,12,1,32.46194444,-94.75,8.333333333,1
USGS-02341500,23,0,32.4626431,-84.9977096,0,0
USGS-02223742,29,4,32.46294633,-82.8106952,13.79310345,1
USGS-02224070,22,1,32.46350306,-83.00347949,4.545454545,0
USGS-322752093404900,2,0,32.46459778,-93.6804553,0,0
MEX03435,1,0,32.464861,-116.784889,0,0
USGS-07288935,1,0,32.4648638,-90.8931599,0,0
USGS-02349000,3,0,32.46681525,-84.266026,0,0
MEX03437,1,1,32.466889,-116.736778,100,1
USGS-02348500,20,0,32.46737077,-84.2663038,0,0
MEX03432,40,0,32.468067,-116.827508,0,0
MEX03434,1,1,32.468444,-116.796861,100,1
MEX03436,1,1,32.468444,-116.742861,100,1
MEX03425,37,6,32.473983,-116.927992,16.21621622,1
USGS-02223600,707,0,32.48016847,-82.8581969,0,0
USGS-07288800,231,0,32.4873633,-90.8173251,0,0
MEX03513,40,1,32.487501,-114.790833,2.5,0
MEX03447,1,0,32.48829,-116.814752,0,0
USGS-08049580,52,0,32.49097237,-97.1230646,0,0
MEX03438,1,0,32.491611,-116.72075,0,0
MEX03514,40,0,32.493333,-114.811944,0,0
USGS-02224000,45,0,32.49405389,-83.1468198,0,0
USGS-02202190,727,0,32.49480556,-81.5555,0,0
USGS-02202835,45,5,32.49516577,-82.2045683,11.11111111,1
USGS-322944093420500,2,0,32.49570815,-93.7015668,0,0
USGS-07369000,8,0,32.5,-91.9180556,0,0
USGS-323015093425070,2,0,32.504319,-93.714067,0,0
USGS-07367000,94,10,32.50527778,-92.1255556,10.63829787,1
USGS-323025093430570,1,0,32.50709668,-93.7182338,0,0
USGS-08021600,13,6,32.5072222,-94.5494444,46.15384615,1
USGS-02475210,2,1,32.51402859,-88.9833876,50,1
MEX03424,32,1,32.514222,-116.968639,3.125,0
MEX03423,28,0,32.515139,-116.970333,0,0
MEX03448,37,0,32.51555,-116.925801,0,0
MEX03422,35,1,32.515917,-116.979389,2.857142857,0
USGS-02223940,38,0,32.51989,-83.02209159,0,0
USGS-02467001,63,4,32.52096964,-87.8800143,6.349206349,1
USGS-02202240,31,8,32.52462189,-81.539552,25.80645161,1
USGS-323135093445470,1,0,32.5265404,-93.7485122,0,0
USGS-08020000,88,1,32.52708909,-94.9602175,1.136363636,0
USGS-02198500,481,0,32.52823709,-81.26871649,0,0
MEX03494,40,3,32.528694,-116.898944,7.5,1
USGS-323155093444070,2,0,32.53209579,-93.7446232,0,0
MEX03530,37,0,32.535277,-115.450333,0,0
USGS-323213093472500,2,0,32.53709566,-93.7904574,0,0
MEX03421,35,4,32.538556,-117.032222,11.42857143,1
MEX04155,5,1,32.541365,-117.037266,20,1
USGS-02214265,227,0,32.54264578,-83.5368486,0,0
USGS-02223500,36,0,32.54461117,-82.894587,0,0
MEX03444,40,11,32.546694,-116.673861,27.5,1
USGS-07344410,308,0,32.5493174,-93.76434579,0,0
USGS-323306093435500,2,0,32.5518173,-93.7321229,0,0
MEX03445,40,4,32.552444,-116.650972,10,1
USGS-02475200,2,1,32.55291647,-89.1139474,50,1
MEX03446,2,0,32.565027,-116.638444,0,0
USGS-02348300,9,0,32.57236808,-84.0907448,0,0
MEX03535,29,0,32.572755,-115.460239,0,0
MEX03531,40,2,32.573527,-115.427472,5,1
USGS-02214200,20,9,32.57542394,-83.6632393,45,1
USGS-02214210,17,3,32.576812,-83.5893493,17.64705882,1
USGS-08049700,62,4,32.5809695,-97.1019533,6.451612903,1
USGS-02225245,16,1,32.58238739,-82.4776296,6.25,1
USGS-08049600,63,0,32.5843025,-97.0233397,0,0
USGS-02348295,19,0,32.59181154,-84.1249123,0,0
USGS-08046150,39,1,32.59402399,-97.5133552,2.564102564,0
MEX03534,32,1,32.595248,-115.460032,3.125,0
USGS-323558090575400,1,0,32.59935,-90.9650722,0,0
USGS-02475802,2,0,32.60166667,-88.8394444,0,0
USGS-02202128,27,12,32.60183644,-81.7931676,44.44444444,1
USGS-08048970,72,0,32.60346909,-97.2650142,0,0
USGS-08019500,11,0,32.6040291,-95.0916099,0,0
MEX03540,38,0,32.604905,-115.621802,0,0
MEX03544,39,0,32.604905,-115.650227,0,0
MEX03542,39,4,32.604972,-115.641417,10.25641026,1
MEX03541,38,1,32.60502,-115.62354,2.631578947,0
MEX03543,34,2,32.605055,-115.642361,5.882352941,1
MEX03533,39,2,32.605761,-115.445189,5.128205128,1
USGS-08018500,163,2,32.61374667,-95.4857901,1.226993865,0
MEX03546,13,0,32.615077,-115.199597,0,0
USGS-02225165,17,0,32.61766406,-82.6123558,0,0
USGS-02225167,12,0,32.62016398,-82.596522,0,0
USGS-08046020,43,0,32.62068958,-97.5297447,0,0
USGS-07346055,11,1,32.62388889,-94.5769444,9.090909091,1
USGS-323805090514700,3,2,32.6347222,-90.8630556,66.66666667,1
USGS-07288792,1,0,32.63485798,-90.8631578,0,0
USGS-08062000,236,59,32.6387442,-96.4852651,25,1
USGS-07346095,11,8,32.6411111,-94.1322222,72.72727273,1
USGS-07348000,96,0,32.6459805,-93.8779585,0,0
USGS-09432000,13,0,32.64818333,-108.8460889,0,0
USGS-02202040,41,0,32.64927778,-81.8407778,0,0
MEX03536,1,1,32.649722,-115.351472,100,1
USGS-08049850,31,0,32.6520783,-96.9902836,0,0
USGS-02225163,17,0,32.65655184,-82.665413,0,0
MEX03496,15,0,32.658613,-115.575886,0,0
USGS-08049900,90,6,32.66207799,-96.9825057,6.666666667,1
USGS-02225164,14,2,32.6632183,-82.659024,14.28571429,1
MEX03537,40,4,32.663993,-115.498448,10,1
MEX03538,41,1,32.664502,-115.500027,2.43902439,0
USGS-08047000,29,0,32.66513275,-97.4419642,0,0
USGS-10254970,82,30,32.6658925,-115.5030501,36.58536585,1
MEX03539,40,2,32.66608,-115.503097,5,1
USGS-02348060,9,0,32.669031,-84.0988009,0,0
USGS-07288908,7,0,32.6698565,-90.9548265,0,0
USGS-02213700,439,8,32.6715317,-83.6029603,1.822323462,0
USGS-10254585,4,0,32.67505447,-115.3697094,0,0
USGS-324030091171100,1,1,32.6751341,-91.2865009,100,1
MEX03517,28,1,32.6813,-114.764635,3.571428571,0
USGS-02202080,30,8,32.68488887,-81.8401128,26.66666667,1
USGS-09438000,21,0,32.6867392,-109.0478392,0,0
USGS-07346085,24,0,32.69638889,-94.1877778,0,0
USGS-07347950,12,0,32.70014508,-93.9107365,0,0
USGS-324202115163300,2,0,32.7006059,-115.2766487,0,0
USGS-02341220,29,0,32.7029722,-84.9579722,0,0
MEX03519,40,0,32.705833,-114.730556,0,0
USGS-02484500,10,0,32.7061111,-89.6719444,0,0
USGS-0728879790,1,0,32.7065221,-90.8812131,0,0
USGS-07367900,11,5,32.70708095,-91.7287351,45.45454545,1
USGS-02482550,30,0,32.7072222,-89.5263889,0,0
USGS-07289540,9,0,32.7073581,-90.0945302,0,0
USGS-08057410,597,65,32.70763139,-96.7358319,10.88777219,1
USGS-02225237,16,1,32.7079385,-82.48651889,6.25,1
USGS-02347920,20,0,32.70930678,-84.1876921,0,0
USGS-02202000,38,0,32.7107211,-81.87927999,0,0
USGS-07346070,172,3,32.71291998,-94.3460265,1.744186047,0
USGS-02172111,4,0,32.71805556,-79.9186111,0,0
USA00520,529,0,32.71861111,-114.7180556,0,0
USGS-09522000,538,0,32.7186587,-114.7188444,0,0
USGS-02347500,131,0,32.72138889,-84.2325,0,0
USGS-02223368,38,0,32.72348998,-83.0493149,0,0
USGS-02225238,20,5,32.72460439,-82.4456846,25,1
USGS-02201848,31,13,32.72627567,-81.9423363,41.93548387,1
USGS-09431500,202,0,32.72694444,-108.6755556,0,0
USGS-02172110,5,1,32.72790007,-79.9292555,20,1
USGS-324345114425401,3,0,32.72908889,-114.7148806,0,0
USGS-324348114425301,3,0,32.73000833,-114.7145917,0,0
USGS-324350115395000,1,0,32.73061489,-115.6647228,0,0
USGS-09521100,61,0,32.73171354,-114.6327306,0,0
USGS-09530000,12,0,32.73726888,-114.621897,0,0
USGS-07346048,13,1,32.73916667,-94.8663889,7.692307692,1
USGS-08045850,11,0,32.74040699,-97.6519711,0,0
USGS-02340500,29,0,32.74124347,-85.0688256,0,0
USGS-02172112,4,0,32.74166667,-79.905,0,0
USGS-02346195,28,0,32.74241667,-84.5555,0,0
USGS-07346000,40,0,32.74958345,-94.4988102,0,0
USGS-02198360,18,10,32.75766634,-81.5220517,55.55555556,1
USGS-09520500,116,0,32.7608789,-114.4205019,0,0
USGS-08049500,353,49,32.7625,-96.9944444,13.88101983,1
USGS-324545115204800,2,0,32.7625507,-115.3474858,0,0
USGS-07346047,12,2,32.76805556,-94.9158333,16.66666667,1
USGS-02198355,39,25,32.76905456,-81.587053,64.1025641,1
USGS-08061750,62,10,32.7742947,-96.5035991,16.12903226,1
USGS-324650115205200,2,0,32.7806057,-115.3485966,0,0
USGS-02223250,155,0,32.7818243,-82.9581998,0,0
MEX00001,173,2,32.78333333,-114.7372222,1.156069364,0
USGS-02201500,18,0,32.78905165,-81.9601145,0,0
USGS-0217207137,5,0,32.78916667,-79.87638889,0,0
USGS-02347242,20,0,32.7912476,-84.2654723,0,0
USGS-324752115260200,2,0,32.79783009,-115.434712,0,0
USGS-324756508046271,1,0,32.79888889,-80.7741667,0,0
USGS-324756508046272,2,0,32.79888889,-80.7741667,0,0
USGS-02201430,39,0,32.8037733,-81.9598369,0,0
USGS-08017410,56,0,32.8062358,-95.9194109,0,0
USGS-02213500,14,1,32.80888889,-83.7583333,7.142857143,1
USGS-02213925,20,8,32.80986069,-83.9204643,40,1
USGS-0217207134,5,0,32.81138889,-79.85138889,0,0
USGS-021720713,6,0,32.8132035,-79.8534733,0,0
USGS-07288720,4,0,32.8136111,-90.7188889,0,0
USGS-02339780,28,2,32.8140186,-85.1674404,7.142857143,1
USGS-02201230,58,0,32.81469444,-82.235,0,0
USGS-07288780,3,0,32.8175,-90.9213889,0,0
USGS-021720875,5,0,32.81787038,-80.0393413,0,0
USGS-02198170,28,0,32.8209967,-81.623165,0,0
USGS-021720876,4,0,32.8222222,-80.0202778,0,0
USGS-021720877,4,0,32.8286111,-80.025,0,0
USGS-02223200,50,0,32.83154134,-83.0784826,0,0
USGS-08049569,21,0,32.83555556,-97.0358333,0,0
USGS-02225199,17,2,32.8362686,-82.60124379,11.76470588,1
USGS-02346540,28,0,32.83818949,-84.3588078,0,0
USGS-02346180,28,0,32.8385,-84.42425,0,0
USGS-02213000,32,0,32.8386111,-83.6205556,0,0
USGS-08396500,246,0,32.8408611,-104.3238333,0,0
USGS-02198130,20,0,32.8409958,-81.6631659,0,0
USGS-11022490,5,0,32.84115999,-117.0380854,0,0
USGS-0804956750,6,0,32.8436558,-97.0420918,0,0
USGS-02339560,27,4,32.85068429,-85.1560514,14.81481481,1
USGS-02201151,54,1,32.85071158,-82.3967938,1.851851852,0
USGS-09473100,37,0,32.85089994,-110.7248258,0,0
USGS-08477110,85,0,32.854675,-107.9737889,0,0
USGS-02223185,22,0,32.8562567,-83.2257116,0,0
USGS-08049558,10,0,32.86057196,-97.0638702,0,0
USGS-02339550,28,5,32.86346154,-85.1843857,17.85714286,1
USGS-09429500,21,0,32.86758333,-114.472111,0,0
USGS-02212950,331,0,32.8698606,-83.6540686,0,0
USGS-02200950,48,0,32.8698774,-82.3195697,0,0
USGS-08055560,21,0,32.87333333,-96.9305556,0,0
USGS-325228115390500,1,0,32.8744975,-115.6522197,0,0
USGS-02340250,29,0,32.88141667,-85.0779722,0,0
USGS-09448500,198,0,32.8827222,-109.4796056,0,0
USGS-09429490,312,0,32.8849361,-114.468111,0,0
USGS-08055530,6,0,32.88534879,-96.9915348,0,0
USGS-02339500,326,7,32.88663889,-85.1815833,2.147239264,0
USGS-07288711,1,1,32.886775,-90.8355472,100,1
USGS-08055538,9,0,32.88887629,-96.9545336,0,0
USGS-08055534,10,0,32.89062629,-96.969923,0,0
USGS-02223110,49,0,32.89126617,-82.9609774,0,0
USGS-07344400,94,0,32.8931941,-93.8224008,0,0
USGS-07287502,1,0,32.89624246,-90.504815,0,0
USGS-02212940,373,0,32.89916667,-83.6641667,0,0
USGS-08055526,10,0,32.90137605,-96.9948682,0,0
USGS-08055524,6,0,32.90162604,-96.9946738,0,0
USGS-0804955100,10,0,32.90190405,-97.1000104,0,0
USGS-07345600,12,0,32.90318679,-94.7213181,0,0
USGS-02346500,39,0,32.90429826,-84.3624197,0,0
USGS-0804955175,5,0,32.9050428,-97.0926213,0,0
USGS-325427080014600,8,0,32.9075,-80.0294444,0,0
USGS-325427090524500,3,0,32.9075,-90.8791667,0,0
USGS-08055520,9,0,32.9080703,-97.0097298,0,0
USGS-021720646,8,1,32.90833333,-80.0294444,12.5,1
USGS-02339720,259,45,32.91040487,-85.14521819,17.37451737,1
USGS-325449090451700,1,0,32.91373949,-90.7548197,0,0
USGS-07287515,1,0,32.9145754,-90.4650919,0,0
USGS-0804955150,10,0,32.9179035,-97.0848155,0,0
USGS-02339402,26,3,32.91819444,-85.1878611,11.53846154,1
USGS-08055510,10,0,32.9256809,-97.0336473,0,0
USGS-325538115294800,1,0,32.92726975,-115.4974893,0,0
USGS-08055100,9,0,32.92773647,-97.0603704,0,0
USGS-07287500,167,0,32.92805556,-90.4127778,0,0
USGS-325552115270900,1,0,32.93115774,-115.4533205,0,0
USGS-02448500,58,0,32.9326287,-88.2978103,0,0
USGS-02198000,96,0,32.93333333,-81.6506667,0,0
MAR00008,185,1,32.93611111,-8.0625,0.540540541,0
USGS-325616090461600,1,0,32.9379055,-90.77120899,0,0
USGS-08055512,10,0,32.93795825,-97.0218136,0,0
USGS-07287472,1,0,32.93846357,-90.5009256,0,0
USGS-07346020,11,1,32.9386111,-94.4861111,9.090909091,1
USGS-02172069537,4,0,32.9397222,-79.7977778,0,0
USGS-024818165,3,0,32.9412404,-88.9683916,0,0
USGS-325637090434100,1,0,32.9436722,-90.7279556,0,0
USGS-02172069534,4,0,32.9447222,-79.7855556,0,0
USGS-0217206953,10,1,32.9522282,-79.800442,10,1
USGS-07287471,1,0,32.95235208,-90.5009254,0,0
USGS-02223065,29,14,32.95515204,-83.03348008,48.27586207,1
USGS-08055120,9,0,32.95562438,-97.0352585,0,0
USGS-08055514,10,0,32.955652,-96.9932016,0,0
USGS-02447010,17,3,32.96068314,-88.1872502,17.64705882,1
USGS-07287461,1,0,32.9654074,-90.4500912,0,0
USGS-07288700,116,18,32.9717936,-90.7778758,15.51724138,1
USGS-07367700,91,1,32.97305556,-91.4419444,1.098901099,0
USGS-07364101,1,1,32.97512689,-91.9792972,100,1
USGS-08055140,10,0,32.9783179,-96.9933128,0,0
USGS-07364300,12,3,32.9820721,-91.8056818,25,1
USGS-325901090465500,6,3,32.9822222,-90.7783333,50,1
USGS-07287450,1,0,32.98290704,-90.4228685,0,0
USGS-02200900,37,0,32.98348549,-82.3562366,0,0
USGS-07364203,19,3,32.9847222,-91.6986111,15.78947368,1
USGS-024818149,2,0,32.98485046,-89.0006157,0,0
JPN00022,248,0,32.98527778,132.9283333,0,0
USGS-08055000,24,0,32.9870677,-97.0127857,0,0
USGS-02345000,29,0,32.9892951,-84.5290906,0,0
USGS-07364200,84,0,32.9904049,-91.6556779,0,0
USGS-02223050,33,0,32.99181666,-83.0734815,0,0
USGS-07369700,58,0,32.9931799,-91.2626119,0,0
USGS-07348700,24,1,32.9945813,-93.39656,4.166666667,0
USGS-325958090553500,1,1,32.999525,-90.9263917,100,1
USGS-07346950,13,0,33.0015237,-93.8654562,0,0
USGS-09470000,77,0,33.0017324,-110.7659386,0,0
USGS-02200439,38,0,33.00459619,-82.4212379,0,0
USGS-330019079561500,11,1,33.00527778,-79.9375,9.090909091,1
USGS-08080500,97,0,33.0081577,-100.1806589,0,0
USGS-02345330,29,0,33.0126279,-84.4829787,0,0
USGS-02346405,20,0,33.014294,-84.2604744,0,0
USGS-07348705,23,0,33.0173589,-93.3221137,0,0
USGS-07348680,17,1,33.0184692,-93.422394,5.882352941,1
USGS-08053800,19,0,33.0201234,-97.2480713,0,0
USGS-07344500,45,2,33.02095787,-94.8821554,4.444444444,0
USGS-07366105,19,0,33.02097164,-92.7001567,0,0
USGS-02481814,3,0,33.02346109,-89.0467286,0,0
USGS-08061000,6,0,33.02373066,-96.4755429,0,0
USGS-09444600,120,0,33.02589676,-109.3022934,0,0
USGS-07349457,14,3,33.02652374,-93.5793414,21.42857143,1
USGS-07349453,18,6,33.0298568,-93.6435088,33.33333333,1
USGS-02213285,21,0,33.0304066,-84.0768579,0,0
USGS-02223040,274,0,33.0315341,-83.1937641,0,0
USGS-07364080,74,1,33.0320707,-92.0876338,1.351351351,0
USGS-07349455,7,0,33.03235679,-93.6271198,0,0
USGS-07365800,173,30,33.03805556,-92.9405556,17.34104046,1
USGS-02481807,3,0,33.03818326,-89.0833965,0,0
USGS-02344960,29,0,33.03846017,-84.5521473,0,0
USGS-330236090420100,1,0,33.04345929,-90.7003736,0,0
USGS-02197375,80,0,33.0437653,-81.5562202,0,0
USGS-02200120,58,0,33.04458333,-82.6036667,0,0
USGS-07349445,17,0,33.04485665,-93.5207297,0,0
USGS-08053000,135,0,33.0456773,-96.9611173,0,0
USGS-09444500,6,0,33.04950776,-109.2959047,0,0
USGS-07367695,19,0,33.05262387,-91.4131718,0,0
USGS-07364077,3,0,33.05957028,-92.1126347,0,0
USGS-024818137,3,1,33.06262727,-89.0442286,33.33333333,1
USGS-07365900,15,0,33.0670817,-92.8840495,0,0
USGS-02212754,21,0,33.06874125,-83.8846287,0,0
USGS-02448000,24,0,33.0723611,-88.5587778,0,0
USGS-330426090573900,9,0,33.07401226,-90.9609365,0,0
USGS-330457115380400,1,0,33.08254378,-115.6352706,0,0
USGS-330459115430100,1,0,33.08310088,-115.7177743,0,0
USGS-02223000,282,3,33.0895876,-83.215432,1.063829787,0
USGS-07344350,247,1,33.09152136,-93.8607347,0.4048583,0
USGS-02338930,20,0,33.09234548,-84.98382599,0,0
USGS-07348650,195,19,33.09818909,-93.38156,9.743589744,1
USGS-02212600,247,0,33.10030556,-83.7231667,0,0
USGS-07364600,223,27,33.10083333,-92.5908333,12.10762332,1
USGS-09474000,85,0,33.1028404,-110.9765014,0,0
USGS-10255550,29,0,33.10476565,-115.6644382,0,0
USGS-07364088,38,36,33.1051233,-92.0348553,94.73684211,1
USGS-07367692,1,0,33.11262259,-91.464007,0,0
USGS-02197830,58,0,33.11830556,-81.9636111,0,0
USGS-08053500,34,0,33.11901003,-97.2905732,0,0
USGS-330730090431300,3,1,33.125,-90.7202778,33.33333333,1
USGS-07364072,2,2,33.1256807,-92.197915,100,1
USGS-07367681,1,0,33.13039929,-91.3365034,0,0
USGS-02338710,18,4,33.13178847,-85.0899403,22.22222222,1
USGS-02338840,500,0,33.13980556,-84.97538889,0,0
USGS-330851115335800,1,0,33.1475402,-115.5669336,0,0
USGS-07344340,175,20,33.14929765,-93.8918469,11.42857143,1
USGS-07288770,34,5,33.1498447,-90.8464885,14.70588235,1
USGS-07364050,34,0,33.1501231,-92.1084686,0,0
USGS-07288830,22,0,33.15928847,-90.9239909,0,0
USGS-02200395,56,1,33.16014785,-82.5823525,1.785714286,0
USGS-07288842,20,0,33.1603994,-90.9481584,0,0
USGS-09430600,138,0,33.16666667,-108.6497222,0,0
USGS-07364043,1,0,33.16678966,-92.1345804,0,0
USGS-073676618,1,0,33.1690095,-91.354282,0,0
USGS-08059600,8,0,33.17372806,-96.6216587,0,0
USGS-02197600,19,0,33.17709065,-82.3056793,0,0
USGS-02344810,29,0,33.17901125,-84.5810384,0,0
USGS-02197598,22,0,33.18055556,-82.3340833,0,0
USGS-07288680,15,2,33.18401178,-90.6862058,13.33333333,1
USGS-09466500,195,2,33.18561278,-110.2200903,1.025641026,0
USGS-02221900,34,0,33.1862461,-83.4371084,0,0
USGS-02444210,17,0,33.18651245,-88.2675333,0,0
USGS-10254730,30,0,33.19892768,-115.5969343,0,0
USGS-02338560,1,0,33.20262005,-85.1174415,0,0
USGS-073676614,1,0,33.21289734,-91.3548378,0,0
USGS-073676616,1,0,33.21289738,-91.3678938,0,0
USGS-08059570,12,1,33.21833333,-96.6941667,8.333333333,1
USGS-07342470,73,1,33.21930278,-95.8621944,1.369863014,0
USGS-07342380,12,0,33.22401774,-93.8312909,0,0
USGS-09518000,249,0,33.22921044,-112.7673929,0,0
USGS-02338660,491,0,33.2357222,-84.9875556,0,0
USGS-08017190,12,4,33.2386111,-96.1813889,33.33333333,1
USGS-073676612,1,0,33.24039664,-91.3476155,0,0
USGS-073622014,1,1,33.2417954,-92.6826573,100,1
USGS-02197200,58,0,33.2418121,-81.9476164,0,0
USGS-07287310,2,0,33.24194444,-90.1838889,0,0
USGS-07344275,335,25,33.24194444,-93.9997222,7.462686567,1
USGS-07367669,1,0,33.24234126,-91.4259513,0,0
USGS-073622016,5,5,33.24373979,-92.6851574,100,1
USGS-08058900,58,3,33.24400417,-96.6088797,5.172413793,1
USGS-02344500,50,0,33.24416667,-84.4291667,0,0
USGS-073622017,2,2,33.2459619,-92.682935,100,1
USGS-02197567,40,0,33.24653307,-82.3279018,0,0
USGS-073622011,4,0,33.24790596,-92.6418219,0,0
USGS-073622009,2,1,33.24790597,-92.6437664,50,1
USGS-07342473,10,3,33.25,-95.7911111,30,1
USGS-02221525,59,0,33.25235506,-83.4812762,0,0
USGS-02338655,1,0,33.25317474,-84.9677158,0,0
USGS-02200020,38,0,33.253479,-82.7559693,0,0
USGS-08059300,27,0,33.25372528,-96.4124834,0,0
USGS-07288656,1,0,33.25428758,-90.7317622,0,0
USGS-0728862450,1,0,33.2542876,-90.7300955,0,0
USGS-02344752,50,0,33.2565092,-84.497148,0,0
USGS-02446500,29,0,33.25706249,-87.7764022,0,0
USGS-02200085,51,2,33.25736793,-82.8576414,3.921568627,0
USGS-02344490,20,0,33.25984019,-84.4157584,0,0
USGS-073622018,3,2,33.2620723,-92.6876577,66.66666667,1
USGS-07349440,212,5,33.26305556,-93.5525,2.358490566,0
USGS-02211300,1,0,33.26400779,-84.071304,0,0
USGS-073622022,2,0,33.26429417,-92.6515448,0,0
USGS-073622021,4,1,33.26457194,-92.651267,25,1
USGS-07362565,2,0,33.26484495,-92.3095858,0,0
USGS-02447305,12,1,33.26595797,-88.9008906,8.333333333,1
USGS-07342480,57,0,33.26650079,-95.9155217,0,0
USGS-073622012,5,2,33.26679395,-92.6359885,40,1
USGS-07343850,52,0,33.2751187,-94.7418746,0,0
USGS-02344804,21,2,33.2770633,-84.7027094,9.523809524,1
USGS-331637090432700,1,0,33.277065,-90.7242618,0,0
USGS-02338500,727,0,33.2779722,-85.1009167,0,0
USGS-07362562,11,0,33.2792897,-92.3570879,0,0
USGS-02338530,42,0,33.28067366,-85.11938669,0,0
USGS-08052700,64,0,33.28344977,-96.8927805,0,0
USGS-07362410,4,0,33.2845692,-92.4612587,0,0
USGS-02220740,35,0,33.28819047,-83.3454383,0,0
USGS-09444200,22,0,33.29089456,-109.1961832,0,0
USGS-073622023,4,0,33.29345948,-92.6498784,0,0
USGS-08059400,32,0,33.29455786,-96.4830413,0,0
USGS-073622013,4,1,33.29457046,-92.638489,25,1
USGS-02220923,39,0,33.29513328,-83.41683,0,0
USGS-09468500,12,0,33.29644678,-110.4514876,0,0
USGS-331748090213100,6,0,33.2970673,-90.3570304,0,0
USGS-08052730,48,0,33.29733854,-96.9186149,0,0
USGS-07362430,5,0,33.2979001,-92.3598662,0,0
USGS-07362559,4,0,33.2987332,-92.3504215,0,0
USGS-07362560,4,0,33.3001175,-91.3509493,0,0
USGS-02344750,20,0,33.30095238,-84.494926,0,0
USGS-07362400,103,2,33.30206848,-92.4618147,1.941747573,0
USGS-07344210,38,1,33.30416667,-94.1513889,2.631578947,0
USGS-073622029,5,0,33.3051254,-92.6237663,0,0
USGS-331820090194700,1,0,33.3056784,-90.3298076,0,0
USGS-07362558,2,0,33.30762204,-92.3662556,0,0
USGS-02344400,694,0,33.30928314,-84.3932582,0,0
USGS-07288624,4,0,33.30944444,-90.7063889,0,0
USGS-11046000,6,0,33.3111436,-117.3472604,0,0
USGS-02338400,23,0,33.3112284,-85.1049422,0,0
USGS-073622026,2,0,33.31179187,-92.63515579,0,0
USGS-02210500,252,28,33.3126111,-83.8373611,11.11111111,1
USGS-02220900,90,0,33.3140213,-83.4371088,0,0
USGS-02220735,38,0,33.31541148,-83.3654395,0,0
JPN00023,130,1,33.31555556,130.4958333,0.769230769,0
USGS-331859090174000,1,0,33.31651175,-90.2945292,0,0
USGS-02197045,58,0,33.3184759,-81.9553939,0,0
USGS-07344300,231,32,33.31888889,-93.9991667,13.85281385,1
USGS-07343500,73,5,33.32233617,-95.0927184,6.849315068,1
USGS-07362203,5,0,33.3234579,-92.623211,0,0
USGS-02447397,13,0,33.3265125,-88.80172,0,0
USGS-02197065,537,0,33.330698,-81.9151153,0,0
USGS-07362392,4,0,33.33179025,-92.5251515,0,0
USGS-08082000,139,0,33.3339801,-100.2381622,0,0
USGS-08051500,166,0,33.3362269,-97.1794587,0,0
USGS-07362390,4,0,33.33762335,-92.5287629,0,0
USGS-02443610,17,7,33.34178797,-88.3944831,41.17647059,1
USGS-332032090164800,1,0,33.34234477,-90.2800844,0,0
USGS-07362380,3,0,33.34567856,-92.5320966,0,0
USGS-09512200,1,0,33.34699047,-112.0848697,0,0
USGS-073620865,3,0,33.3498463,-92.8343288,0,0
USGS-08051130,37,0,33.3503934,-97.0472314,0,0
USGS-07344290,14,5,33.35345984,-94.0426867,35.71428571,1
USGS-07342500,118,0,33.356499,-95.5949562,0,0
USGS-07362075,4,0,33.35845714,-93.0357205,0,0
USGS-073620863,1,0,33.35901255,-92.8743293,0,0
USGS-07362185,4,0,33.3595677,-92.681825,0,0
USGS-073622003,6,0,33.3601229,-92.6259895,0,0
USGS-07362085,1,0,33.36012358,-92.9348857,0,0
USGS-07362170,3,0,33.36095656,-92.6840473,0,0
USGS-09429220,2,0,33.36142018,-114.7230144,0,0
USGS-073620864,5,2,33.36290126,-92.8654403,40,1
USGS-332150090181700,1,0,33.36401099,-90.304807,0,0
USGS-073620866,3,1,33.36401234,-92.8134952,33.33333333,1
USGS-07362250,2,0,33.3659555,-92.5462643,0,0
USGS-07362200,12,0,33.36734494,-92.6479349,0,0
USGS-07362150,2,0,33.3673452,-92.6946033,0,0
USGS-332205082143101,1,0,33.36805556,-82.2419444,0,0
USGS-07362230,2,0,33.36817778,-92.569043,0,0
USGS-02197520,41,0,33.36847394,-82.4681828,0,0
USGS-07362135,5,0,33.37012296,-92.712104,0,0
USGS-332216082143301,1,0,33.3711111,-82.2425,0,0
USGS-02196993,20,0,33.37125195,-81.936782,0,0
USGS-02196996,21,0,33.37236294,-81.9459489,0,0
USGS-02197020,10,0,33.37319577,-82.1387309,0,0
USGS-02197000,59,0,33.3737518,-81.94289329,0,0
USGS-073620755,4,1,33.3740118,-92.962664,25,1
USGS-07362079,5,2,33.3751229,-92.907941,40,1
USGS-07362100,7,1,33.37527778,-92.7766667,14.28571429,1
USGS-07364012,224,3,33.37844816,-91.9598557,1.339285714,0
USGS-02209750,471,0,33.3787294,-83.9635207,0,0
USGS-021970166,20,0,33.37952778,-82.1435833,0,0
USGS-07362110,220,5,33.379567,-92.7193265,2.272727273,0
USGS-07362089,1,0,33.38095599,-92.7976617,0,0
USGS-02197300,167,0,33.3848664,-81.616498,0,0
USGS-02344380,249,1,33.38567064,-84.3899248,0.401606426,0
USGS-02338320,2,0,33.38594869,-85.0577197,0,0
USGS-07343200,209,1,33.3862233,-95.1324428,0.4784689,0
USGS-08050500,89,0,33.38650347,-97.0850105,0,0
USGS-07362084,2,0,33.38651127,-92.8912741,0,0
USGS-07362086,1,0,33.38651127,-92.8801628,0,0
USGS-021970163,10,0,33.3875,-82.15425,0,0
USGS-073620745,3,2,33.3881781,-93.0448874,66.66666667,1
USGS-07367666,77,0,33.38900438,-91.4251191,0,0
USGS-02196935,21,0,33.3895843,-81.972616,0,0
USGS-07367665,1,1,33.38983769,-91.4256747,100,1
USGS-021970161,21,0,33.3899722,-82.15713889,0,0
USGS-073620733,2,0,33.392067,-93.0704434,0,0
USGS-332333112080301,30,0,33.3925446,-112.1348719,0,0
USGS-021970156,22,0,33.39444444,-82.16138889,0,0
USGS-021970159,20,0,33.39491667,-82.1601111,0,0
USGS-332343082094601,1,0,33.39527778,-82.1627778,0,0
USGS-073620739,4,2,33.3962334,-93.0612766,50,1
USGS-073620718,4,0,33.3965099,-92.5848775,0,0
USGS-07288650,435,7,33.39666667,-90.8477778,1.609195402,0
USGS-07287120,108,0,33.39678846,-90.2720286,0,0
USGS-332349082094301,1,0,33.39694444,-82.1619444,0,0
USGS-073620737,2,2,33.39706674,-93.0626655,100,1
USGS-11044500,50,0,33.39836319,-117.2630914,0,0
USGS-0728875070,122,8,33.4011111,-90.8919444,6.557377049,1
USGS-073620714,3,0,33.40151,-92.6462686,0,0
USGS-02171650,302,0,33.4015557,-79.854797,0,0
USGS-332409111594101,24,0,33.40254545,-111.995423,0,0
USGS-02447394,13,0,33.40290045,-88.8267209,0,0
USGS-02447393,13,0,33.40290047,-88.8322767,0,0
USGS-08051000,11,0,33.4065031,-97.0127854,0,0
USGS-332424082095801,1,0,33.40666667,-82.1661111,0,0
USGS-332427082093401,1,0,33.4075,-82.1594444,0,0
USGS-332427112100601,3,0,33.407544,-112.1690398,0,0
USGS-332430112101001,22,0,33.40837734,-112.170151,0,0
USGS-09512403,41,0,33.4086555,-112.1162604,0,0
USGS-332433082085801,4,1,33.40916667,-82.1494444,25,1
USGS-332439082092601,4,0,33.4108333,-82.1572222,0,0
USGS-02196845,39,0,33.4131944,-82.0870629,0,0
USGS-073620735,4,0,33.41401049,-93.0668324,0,0
USGS-073620734,2,0,33.41428825,-93.0657212,0,0
USGS-02220886,3,0,33.4154079,-83.43266579,0,0
USGS-02344350,5,0,33.41555556,-84.3847222,0,0
USGS-09512190,2,0,33.41560044,-112.0298688,0,0
USGS-02196812,14,0,33.41569426,-81.9937275,0,0
USGS-09512184,21,0,33.41698969,-111.9779228,0,0
USGS-332503082100501,1,0,33.4175,-82.1680556,0,0
USGS-07288621,37,0,33.4183333,-90.6336111,0,0
USGS-02344655,83,0,33.42166667,-84.5783333,0,0
USGS-02196810,24,0,33.42291618,-82.00650549,0,0
USGS-332524082110101,1,0,33.4233333,-82.1836111,0,0
USGS-02338160,1,0,33.4281702,-84.8621595,0,0
USGS-073676607,1,0,33.42872569,-91.3787289,0,0
USGS-073620712,6,0,33.4303978,-92.6954372,0,0
USGS-02220875,23,0,33.4329072,-83.466834,0,0
USGS-332604082091101,1,0,33.43444444,-82.1530556,0,0
USGS-02441498,17,1,33.43512038,-88.4939314,5.882352941,1
USGS-02199750,58,4,33.43708178,-82.8470862,6.896551724,1
USGS-09512165,7,0,33.43948927,-111.9609781,0,0
USGS-09512162,12,0,33.4403229,-111.9151434,0,0
USGS-02338285,2,0,33.4420584,-85.0049413,0,0
USGS-09498349,10,0,33.44227634,-110.8353892,0,0
USGS-09498350,16,0,33.44227634,-110.8345558,0,0
USGS-073676604,1,0,33.4448364,-91.3959518,0,0
USGS-07288647,4,0,33.4470609,-90.8589879,0,0
USGS-09498360,5,0,33.4492206,-110.835667,0,0
USGS-02209260,729,0,33.4495631,-83.8282368,0,0
USGS-02204810,452,0,33.4526168,-83.92713,0,0
USGS-09512060,3,0,33.45310077,-111.8576418,0,0
USGS-02208005,726,0,33.45428426,-83.8807392,0,0
USGS-02171500,89,0,33.45433217,-80.14147189,0,0
USGS-07288610,6,0,33.46234097,-90.5625888,0,0
USGS-332749090103400,8,0,33.46416667,-90.1736111,0,0
USGS-0728860950,7,0,33.46805556,-90.5644444,0,0
USGS-332820111564001,1,1,33.47226634,-111.9451448,100,1
USGS-07288609,1,0,33.47484084,-90.554255,0,0
USGS-02196671,18,0,33.47541468,-81.9553929,0,0
USGS-02196670,20,0,33.4768035,-81.9570596,0,0
USA00136,606,0,33.47694444,-84.90083333,0,0
USGS-02338000,637,5,33.4770577,-84.9007722,0.784929356,0
USGS-02337985,20,1,33.48039117,-84.8377148,5,1
USGS-02337980,3,0,33.48205784,-84.8207699,0,0
USGS-07362065,146,0,33.4842844,-92.7532168,0,0
USGS-07362067,5,0,33.4842844,-92.7534946,0,0
USGS-02204520,326,1,33.4845833,-83.9579722,0.306748466,0
USGS-02220800,34,0,33.4854038,-83.5601714,0,0
USGS-02344190,251,31,33.4870578,-84.3954804,12.35059761,1
USGS-07288600,10,0,33.48777778,-90.5183333,0,0
USGS-02413269,21,0,33.48872286,-85.305227,0,0
USGS-07288523,1,0,33.48872856,-90.6428687,0,0
USGS-02220100,36,0,33.48985077,-83.37933169,0,0
USGS-02413210,607,0,33.49269444,-85.2793056,0,0
USGS-07367663,1,0,33.49372416,-91.3890075,0,0
USGS-02441400,69,0,33.49456357,-88.4611528,0,0
USGS-07288595,31,0,33.49694444,-90.4877778,0,0
USGS-07364011,31,0,33.50011094,-91.9987462,0,0
USGS-073676597,1,0,33.50427965,-91.3167827,0,0
USGS-02220395,33,0,33.50429666,-83.155712,0,0
USGS-02413160,33,0,33.50511185,-85.14300099,0,0
USGS-08050842,5,0,33.5070545,-96.867222,0,0
USGS-02461120,14,0,33.50955,-86.8261015,0,0
USGS-02423572,2,0,33.51399376,-86.7208213,0,0
USGS-02443500,60,0,33.51416667,-88.3952778,0,0
USGS-02344300,28,0,33.5167795,-84.4274259,0,0
USGS-02461122,4,0,33.51899435,-86.8266572,0,0
USGS-02220095,40,0,33.51929459,-83.3226628,0,0
USGS-02199660,36,0,33.52096627,-82.910701,0,0
USGS-333123114402300,1,0,33.52308219,-114.6738467,0,0
USGS-07287000,16,0,33.52444444,-90.1816667,0,0
USGS-0242357007,1,0,33.52454914,-86.717488,0,0
USGS-333130116042000,1,0,33.52502688,-116.0730577,0,0
USGS-02220850,34,0,33.5254722,-83.5239722,0,0
USGS-08050840,17,0,33.52622016,-96.8072191,0,0
USGS-333136090244900,30,1,33.5267855,-90.413697,3.333333333,0
USGS-073676625,1,0,33.52788995,-91.40956399,0,0
USGS-02458375,3,0,33.52927209,-86.8391577,0,0
USGS-02337500,156,0,33.52955639,-84.9282734,0,0
USGS-07288580,37,1,33.52956308,-90.4386973,2.702702703,0
USGS-07362064,2,0,33.532338,-92.7609948,0,0
USGS-02458203,3,0,33.53454937,-86.7908233,0,0
USGS-02344180,251,5,33.53733428,-84.3763136,1.992031873,0
USGS-08050815,56,0,33.53761,-96.9230586,0,0
USGS-02441000,60,0,33.53777778,-88.6333333,0,0
USGS-073676595,6,0,33.53789,-91.2934487,0,0
USGS-02196488,38,0,33.53846847,-82.080118,0,0
USGS-07369657,1,0,33.5392789,-91.2801149,0,0
USGS-073620638,2,2,33.53955995,-92.778495,100,1
USGS-02458180,2,0,33.54204888,-86.7360999,0,0
USGS-02220370,1,0,33.54235008,-83.223492,0,0
USGS-07362042,2,0,33.54289316,-92.7762728,0,0
USGS-333238112165201,29,2,33.5439293,-112.2818233,6.896551724,1
USGS-07362550,207,13,33.5440009,-92.316814,6.280193237,1
USGS-02337454,3,0,33.54594519,-84.8477156,0,0
USGS-02220353,22,0,33.54679444,-83.2209919,0,0
USGS-07288500,45,0,33.5473397,-90.5431441,0,0
USGS-07288521,99,1,33.54825,-90.6723611,1.01010101,0
USGS-02413145,21,0,33.5484443,-85.0943892,0,0
USGS-02220368,34,0,33.54901677,-83.2087692,0,0
USGS-333300111385701,1,0,33.5500448,-111.6498594,0,0
USGS-073620632,3,3,33.5501151,-92.7929398,100,1
USGS-02193880,57,5,33.5501341,-82.5634647,8.771929825,1
USGS-073620622,2,0,33.55039288,-92.806551,0,0
USGS-073620624,3,3,33.55067065,-92.8043288,100,1
USGS-07362040,1,0,33.55150393,-92.763217,0,0
USGS-07362062,3,3,33.5517817,-92.8057177,100,1
USGS-09502000,202,2,33.55282304,-111.5765243,0.99009901,0
USGS-07362061,1,0,33.55317056,-92.8171068,0,0
USGS-073620615,1,1,33.55400386,-92.81432899,100,1
USGS-021964839,42,0,33.55707919,-82.041506,0,0
USGS-333328090554800,6,0,33.55777778,-90.93,0,0
USGS-073620605,2,0,33.55844814,-92.8284959,0,0
USGS-02443000,13,0,33.56027778,-88.3152778,0,0
USGS-07286955,4,0,33.56123068,-90.1673064,0,0
USGS-333346112104501,1,0,33.56281848,-112.1798756,0,0
USGS-02195470,58,0,33.5673568,-82.18345379,0,0
USGS-09513925,40,0,33.56754044,-112.2026542,0,0
USGS-07288519,1,0,33.56755556,-90.7328333,0,0
USGS-333407112045401,24,0,33.5686524,-112.0823723,0,0
USGS-07336860,224,0,33.5701178,-94.4110357,0,0
USGS-333420090445900,71,3,33.5723611,-90.7499722,4.225352113,0
USGS-09498400,177,0,33.5731068,-110.9012251,0,0
USGS-02337445,90,0,33.57788907,-84.8085479,0,0
USGS-02204129,91,0,33.57916667,-84.0458333,0,0
USGS-09513700,9,0,33.5797617,-112.3012692,0,0
USGS-02204130,122,1,33.57983406,-84.0640805,0.819672131,0
USGS-02218500,76,0,33.5812375,-83.2726599,0,0
USGS-09513885,20,0,33.58226274,-112.1518193,0,0
USGS-08050410,58,0,33.58233146,-97.1305673,0,0
USGS-02204770,87,0,33.59039009,-83.9921333,0,0
USGS-02457510,17,0,33.59065978,-86.80388,0,0
USGS-02413070,21,0,33.5920543,-85.1296683,0,0
USGS-07288730,3,0,33.5961111,-91.0780556,0,0
USGS-07362010,4,2,33.59622445,-92.8148846,50,1
USGS-07362000,263,1,33.59638889,-92.8180556,0.380228137,0
USGS-02457502,14,0,33.5967705,-86.7741572,0,0
USGS-02413000,33,0,33.59680556,-85.0794167,0,0
USGS-333557111594201,27,0,33.59920808,-111.9957029,0,0
USGS-333600090281000,3,0,33.6,-90.4694444,0,0
USGS-333601090450000,32,1,33.60052778,-90.7500833,3.125,0
USGS-02195320,39,0,33.60096698,-82.23262169,0,0
USGS-07288643,14,0,33.60277778,-90.8527778,0,0
USGS-333615090061800,6,0,33.60416667,-90.105,0,0
USGS-02456999,33,0,33.6042702,-86.7549902,0,0
USGS-02423189,1,0,33.6045474,-86.5288735,0,0
USGS-02337320,24,0,33.6048331,-84.7482685,0,0
USGS-02457599,10,0,33.6053826,-86.8855488,0,0
USGS-073676593,1,0,33.6062216,-91.3142832,0,0
USGS-02220783,22,0,33.60678485,-83.7093424,0,0
USGS-02193560,20,0,33.60846539,-82.6484688,0,0
USGS-02219500,13,0,33.6087367,-83.3493286,0,0
USGS-02204750,91,0,33.6098338,-84.0146343,0,0
USGS-07361980,2,0,33.61011279,-92.8434962,0,0
USGS-02423187,1,0,33.61093615,-86.5122064,0,0
USGS-02423188,1,0,33.61121394,-86.5185955,0,0
USGS-02193500,2,0,33.61277778,-82.7425,0,0
USGS-02423185,1,0,33.61371387,-86.5130398,0,0
USGS-333654111421501,3,0,33.6150438,-111.704861,0,0
USGS-02423183,1,0,33.61899155,-86.5163733,0,0
USGS-09498500,351,4,33.6194949,-110.9215037,1.13960114,0
USGS-07311783,144,2,33.62203029,-100.2089951,1.388888889,0
USGS-07311782,145,3,33.62203029,-100.2089951,2.068965517,0
USGS-02337438,54,0,33.6223326,-84.7929922,0,0
USGS-07361950,3,0,33.62289008,-92.8340517,0,0
USGS-02337233,2,1,33.6264993,-84.7243791,50,1
USGS-02204070,154,1,33.62983228,-84.1285277,0.649350649,0
USGS-333751112133801,28,0,33.63087224,-112.227934,0,0
USGS-02337250,3,0,33.6320547,-84.7621579,0,0
USGS-02204748,83,0,33.63233314,-84.0351908,0,0
USGS-022039675,12,0,33.63288726,-84.179363,0,0
USGS-02193750,32,1,33.63763094,-82.5954112,3.125,0
USGS-02218450,22,0,33.64151396,-83.2265461,0,0
USGS-333830090394600,47,7,33.64166667,-90.6627778,14.89361702,1
USGS-07311800,153,0,33.644257,-99.8009252,0,0
USGS-333840112123601,28,0,33.6444832,-112.2107113,0,0
USGS-02193325,37,2,33.65096293,-82.8326438,5.405405405,1
USGS-07281600,25,0,33.65138889,-90.2111111,0,0
USGS-02337410,289,0,33.65380556,-84.8210278,0,0
USGS-02203965,242,0,33.65399775,-84.18658559,0,0
USGS-07311790,16,0,33.6550874,-100.0139878,0,0
USGS-02337170,427,9,33.65666667,-84.6736111,2.107728337,0
USGS-07361870,2,0,33.6576109,-92.8607189,0,0
USGS-07361924,4,1,33.6578887,-92.8496076,25,1
USGS-02219425,20,0,33.65873543,-83.41932979,0,0
USGS-333940090370900,4,0,33.65944444,-90.6186111,0,0
USGS-02135200,43,0,33.6610024,-79.1544874,0,0
USGS-02204118,47,0,33.6622222,-84.0841667,0,0
USGS-02337160,3,0,33.66455397,-84.64048859,0,0
USGS-02337200,23,0,33.66510955,-84.6841007,0,0
USGS-02203900,179,3,33.66577778,-84.224,1.675977654,0
USGS-02207335,113,0,33.66694444,-83.9380556,0,0
USGS-02337165,20,0,33.66733169,-84.6440998,0,0
USGS-02457700,8,0,33.66788258,-86.9597182,0,0
USGS-02204037,161,0,33.66819444,-84.1511667,0,0
USGS-073676587,1,0,33.67066438,-91.3562295,0,0
USGS-02439600,58,0,33.6734489,-88.429207,0,0
USGS-02204115,8,0,33.6747222,-84.0841667,0,0
USGS-02423170,1,0,33.67510147,-86.49331759,0,0
USGS-02337073,11,0,33.6767759,-84.6352108,0,0
USGS-02337125,20,0,33.67733145,-84.6415998,0,0
USGS-02337116,6,0,33.67844246,-84.5721539,0,0
USGS-08358400,321,0,33.6790833,-106.997,0,0
USGS-02203800,252,13,33.67955229,-84.3082568,5.158730159,1
USGS-07336800,3,0,33.68538644,-94.9949441,0,0
USGS-08358300,198,0,33.68766667,-106.9926111,0,0
USGS-02203700,230,1,33.6889966,-84.3304798,0.434782609,0
USGS-02218327,33,0,33.68956826,-83.2176562,0,0
USGS-02207300,251,0,33.6925,-83.9966667,0,0
USGS-02337070,28,0,33.6928866,-84.6304886,0,0
USGS-02203863,181,0,33.69319444,-84.25388889,0,0
USGS-02203960,157,0,33.69666667,-84.1986111,0,0
USGS-07311900,138,0,33.70036966,-99.3886905,0,0
USGS-07363500,41,0,33.7008333,-92.0258333,0,0
USGS-02337197,34,0,33.70121985,-84.686601,0,0
USGS-02203831,169,0,33.70569444,-84.2921944,0,0
USGS-02207440,75,0,33.7086111,-83.9247222,0,0
USGS-02203873,149,0,33.70941667,-84.2391667,0,0
USGS-334236111391501,6,0,33.71004314,-111.6548603,0,0
USGS-02207435,102,0,33.7111111,-83.9144444,0,0
USGS-073696451,1,0,33.71233016,-91.3123393,0,0
USGS-07288555,27,2,33.7133333,-90.5194444,7.407407407,1
USGS-02219345,20,0,33.71762098,-83.5593338,0,0
USGS-07288365,12,6,33.71872524,-90.6428718,50,1
USGS-02219148,22,0,33.71901177,-83.4343289,0,0
USGS-02401897,1,0,33.7195467,-85.7921869,0,0
USGS-07361840,4,0,33.72010844,-92.8834972,0,0
USGS-02218300,35,0,33.72123385,-83.2954357,0,0
USGS-334324090262400,2,0,33.7233333,-90.44,0,0
USGS-07288361,1,0,33.72408056,-90.5801194,0,0
USGS-02411932,21,0,33.7245502,-85.319397,0,0
USGS-07316000,248,0,33.7278833,-97.1600129,0,0
USGS-07361860,4,0,33.73260798,-92.8679414,0,0
USGS-02207220,90,0,33.73371945,-84.061859,0,0
USGS-073676585,1,0,33.73816248,-91.43678819,0,0
USGS-02336653,11,5,33.7409409,-84.5546543,45.45454545,1
USGS-02336724,3,0,33.74316309,-84.56271,0,0
USGS-02336728,103,0,33.74344087,-84.5682657,0,0
USGS-02336730,2,0,33.74482974,-84.57465469,0,0
USGS-07369654,1,0,33.74982893,-91.4115096,0,0
USGS-02169750,37,0,33.7530732,-80.6449766,0,0
USGS-07312100,143,0,33.7600934,-99.1428495,0,0
USGS-02203950,171,0,33.7634389,-84.2201982,0,0
USGS-07362020,3,0,33.76594027,-92.8054404,0,0
USGS-02207120,200,0,33.7722222,-84.0577778,0,0
USGS-02207160,136,0,33.77327778,-84.0771667,0,0
USGS-02336651,10,8,33.7742733,-84.5382652,80,1
USGS-02336513,12,2,33.77566165,-84.4307619,16.66666667,1
USGS-02336517,55,0,33.7759722,-84.4406111,0,0
USGS-02337000,279,2,33.77660678,-84.6155445,0.716845878,0
USGS-02207185,138,0,33.7775,-84.0377778,0,0
USGS-02336650,9,0,33.77927319,-84.5335429,0,0
USGS-02336644,59,0,33.77955088,-84.4993756,0,0
USGS-073676583,1,0,33.78038369,-91.4456774,0,0
USGS-07285500,10,0,33.78777778,-89.8097222,0,0
USGS-02219000,56,0,33.78817637,-83.4740513,0,0
USGS-02336200,13,0,33.78927159,-84.2971456,0,0
USGS-02439400,10,0,33.79,-88.3152778,0,0
USGS-02336233,2,0,33.79066064,-84.3279802,0,0
USGS-023365218,45,0,33.79277778,-84.46888889,0,0
USGS-02207387,59,0,33.79305556,-83.9808333,0,0
USGS-02336526,267,1,33.79427255,-84.4743747,0.374531835,0
USGS-02411875,21,0,33.7951046,-85.2680073,0,0
USGS-07361812,2,0,33.7953836,-92.8873868,0,0
USGS-02336523,1,0,33.79566138,-84.4704856,0,0
USGS-07311630,148,0,33.7959174,-100.0751027,0,0
USGS-334747090285000,5,0,33.79638889,-90.4805556,0,0
USGS-02336207,2,0,33.79843809,-84.3052015,0,0
USGS-02207410,17,0,33.79899708,-83.9699096,0,0
USGS-02336529,26,1,33.7992725,-84.4868752,3.846153846,0
USGS-02219090,20,0,33.8001169,-83.6179466,0,0
USGS-02336212,2,0,33.80066029,-84.3104795,0,0
USGS-02336175,1,0,33.80121569,-84.2865897,0,0
USGS-02336240,215,0,33.8030833,-84.3406944,0,0
USGS-02336635,47,0,33.8033333,-84.52138889,0,0
USGS-02336180,3,0,33.8056601,-84.2977012,0,0
USGS-02336250,9,0,33.8056604,-84.350481,0,0
USGS-02219045,3,0,33.80678209,-83.66350429,0,0
USGS-07361810,3,0,33.80788319,-92.8979427,0,0
USGS-07360170,3,0,33.80816097,-92.8951649,0,0
USGS-09510000,198,0,33.80837509,-111.6634729,0,0
USGS-02336502,222,0,33.8089945,-84.4952088,0,0
USGS-07286012,1,0,33.809282,-90.1428649,0,0
USGS-02336152,177,1,33.81044444,-84.2479722,0.564971751,0
USGS-02336210,1,0,33.81260437,-84.2971457,0,0
USGS-02336278,1,0,33.81288264,-84.3821489,0,0
USGS-02336150,3,0,33.8142708,-84.2438103,0,0
USGS-02207385,188,0,33.81527778,-83.99013889,0,0
USGS-07369635,1,0,33.81593955,-91.2295593,0,0
USGS-02336490,15,0,33.81694444,-84.48,0,0
USGS-02336267,38,0,33.81732689,-84.36687059,0,0
USGS-02336280,1,0,33.81760479,-84.3893715,0,0
USGS-02336276,1,0,33.81788249,-84.3774266,0,0
USGS-07288550,30,0,33.81841667,-90.425,0,0
USGS-02336930,20,0,33.81871686,-84.6410452,0,0
USGS-07331600,291,23,33.81899124,-96.5633264,7.903780069,1
USGS-02336300,599,1,33.82030556,-84.40763889,0.166944908,0
USGS-07311700,176,0,33.82064216,-99.7864822,0,0
USGS-02437500,77,0,33.8206694,-88.5186545,0,0
USGS-02207400,164,0,33.82138889,-83.9425,0,0
USGS-023362095,152,0,33.82138889,-84.2747222,0,0
USGS-02336313,191,1,33.8217716,-84.4388178,0.523560209,0
USGS-02336138,1,0,33.8223264,-84.2232538,0,0
USGS-02455470,20,0,33.82371134,-86.66832449,0,0
USGS-02336450,11,9,33.82427168,-84.4593742,81.81818182,1
USGS-07362480,89,35,33.82482688,-92.387096,39.3258427,1
USGS-02336315,1,0,33.82638889,-84.4427778,0,0
USGS-02336021,9,9,33.82788269,-84.4574296,100,1
USGS-073696401,1,0,33.82955105,-91.189558,0,0
USGS-07363465,121,16,33.8298259,-92.0829189,13.2231405,1
USGS-02455500,35,0,33.8303785,-86.7558273,0,0
USGS-02207135,151,0,33.83041667,-84.1393333,0,0
USGS-02336120,259,0,33.83149307,-84.342703,0,0
USGS-07288280,24,0,33.8325,-90.67,0,0
USGS-07332230,2,0,33.8331556,-96.2513736,0,0
USGS-02336410,111,1,33.83843787,-84.4393734,0.900900901,0
USGS-02439999,4,0,33.84039276,-88.7619957,0,0
USGS-02439996,3,0,33.84039277,-88.7564399,0,0
USGS-02336610,11,0,33.84121599,-84.5327098,0,0
USGS-02455475,27,0,33.8428782,-86.7272156,0,0
USGS-02455450,19,0,33.8462115,-86.7277712,0,0
USGS-02336090,3,0,33.8481591,-84.2990903,0,0
USGS-335054090230200,30,1,33.84855556,-90.3841111,3.333333333,0
USGS-02336104,5,0,33.84954808,-84.3215911,0,0
USGS-07338510,5,0,33.8495541,-94.7396575,0,0
USGS-335105090415300,5,0,33.85094565,-90.6975972,0,0
USGS-02411820,20,0,33.85204829,-85.1682825,0,0
USGS-02206500,186,0,33.85305556,-84.0783333,0,0
USGS-02218000,729,0,33.85595168,-83.32654619,0,0
USGS-07332250,5,0,33.8570438,-96.1649825,0,0
USGS-02336000,194,0,33.85916667,-84.4544444,0,0
USGS-07332210,2,0,33.85982249,-96.3747107,0,0
USGS-02336380,50,0,33.8598261,-84.42437289,0,0
USGS-07281000,7,0,33.859837,-90.2764772,0,0
USGS-02336080,3,0,33.8620476,-84.28686759,0,0
USGS-02336095,1,0,33.8634365,-84.2949235,0,0
USGS-02411850,33,0,33.86343684,-85.2135615,0,0
USGS-07340050,2,0,33.8681704,-94.4357623,0,0
USGS-02336360,204,0,33.86916667,-84.37888889,0,0
USGS-02455210,3,0,33.87093258,-86.5699887,0,0
USGS-02455410,12,0,33.87148877,-86.67610329,0,0
USGS-07369630,1,0,33.87343784,-91.2970617,0,0
USGS-07369653,1,0,33.87371534,-91.3548413,0,0
USGS-07340051,2,0,33.873726,-94.4238175,0,0
USGS-07335500,82,0,33.8751049,-95.5019023,0,0
USGS-02208192,2,0,33.87677506,-83.8815698,0,0
USGS-02455412,16,0,33.87732219,-86.69749299,0,0
USGS-07361600,228,0,33.8781625,-93.3046161,0,0
USGS-02336050,1,1,33.878436,-84.2685336,100,1
USGS-07315500,74,0,33.8787106,-97.9344798,0,0
USGS-02455220,33,0,33.87982145,-86.58054469,0,0
USGS-07332640,2,0,33.8812112,-95.8513603,0,0
USGS-07361200,12,0,33.88205627,-93.5999015,0,0
USGS-02217565,20,0,33.88206189,-83.3893257,0,0
USGS-11074000,600,0,33.88334875,-117.6453296,0,0
USGS-02411770,20,0,33.885381,-85.0946696,0,0
USGS-02335886,21,0,33.88621436,-84.4265952,0,0
USGS-02455425,12,0,33.88760009,-86.7308276,0,0
USGS-02336343,1,0,33.88843619,-84.3535369,0,0
USGS-02455400,16,0,33.88871097,-86.6952709,0,0
USGS-02335915,1,0,33.88954775,-84.4565964,0,0
USGS-02217569,20,0,33.8903949,-83.3765474,0,0
USGS-02455404,9,0,33.8909332,-86.7049935,0,0
USGS-02455402,3,0,33.89232218,-86.716105,0,0
USGS-02335910,47,0,33.8937143,-84.4577076,0,0
USGS-02455380,12,0,33.894544,-86.6566586,0,0
USGS-02336040,2,0,33.8951022,-84.2507551,0,0
USGS-02336537,6,1,33.8959368,-84.5502103,16.66666667,1
USGS-07363445,11,0,33.8962162,-93.23294799,0,0
USGS-07288637,1,0,33.89738889,-90.8441167,0,0
USGS-02336340,156,0,33.89775,-84.34525,0,0
USGS-02336035,1,0,33.89788,-84.242977,0,0
USGS-07360162,105,0,33.89843585,-92.906833,0,0
USGS-02217545,20,0,33.8992835,-83.4432162,0,0
USGS-02336038,1,0,33.89982438,-84.2454771,0,0
USGS-02218700,25,0,33.90066727,-83.7235058,0,0
USGS-02336335,1,0,33.9023246,-84.3304804,0,0
USGS-02336337,1,0,33.90371349,-84.331036,0,0
USGS-02336339,2,0,33.90399129,-84.3374252,0,0
USGS-02336030,105,1,33.9058333,-84.225,0.952380952,0
USGS-02336325,2,0,33.9062133,-84.3057573,0,0
USGS-02217950,34,0,33.907061,-83.35988009,0,0
USGS-07312500,146,0,33.90954178,-98.5336663,0,0
USGS-335444079024500,8,0,33.9122222,-79.0458333,0,0
USGS-02218805,50,0,33.91233537,-83.6465578,0,0
USGS-335448079024500,8,0,33.9133333,-79.0458333,0,0
USGS-335458090287000,3,2,33.9158333,-90.48,66.66666667,1
USGS-07332635,6,0,33.91593276,-95.885807,0,0
USGS-02218670,1,0,33.91594336,-83.7815639,0,0
USGS-02455360,16,0,33.91676639,-86.7097163,0,0
USGS-02336319,1,0,33.91676854,-84.2843676,0,0
USGS-02208150,156,0,33.91694444,-83.8880556,0,0
USGS-02217515,34,0,33.91844949,-83.3901587,0,0
USGS-07340000,283,0,33.91944444,-94.3866667,0,0
USGS-02455280,34,0,33.92009906,-86.6080462,0,0
USGS-02336317,1,0,33.92399057,-84.279923,0,0
USGS-02336318,1,0,33.92399058,-84.28186749,0,0
USGS-02205522,176,0,33.92593719,-84.037688,0,0
USGS-02217525,20,0,33.92622699,-83.4268265,0,0
USGS-02335877,23,0,33.9264911,-84.4304844,0,0
USGS-02191982,36,0,33.9265083,-82.8098628,0,0
USGS-02192140,17,0,33.93373165,-82.686248,0,0
USGS-02455270,3,0,33.93482099,-86.5824899,0,0
USGS-02455325,19,0,33.9381549,-86.6816601,0,0
USGS-02205865,40,0,33.9411111,-84.1077778,0,0
USGS-07338500,93,0,33.94122094,-94.7585482,0,0
USGS-02191975,42,3,33.94122967,-82.8251406,7.142857143,1
USGS-02335830,80,0,33.94343504,-84.40465,0,0
USGS-02455265,17,0,33.94370965,-86.5586003,0,0
USGS-02217915,32,0,33.94511524,-83.354324,0,0
USGS-02455300,4,0,33.945377,-86.6677709,0,0
USGS-02335825,1,0,33.94593494,-84.3952053,0,0
USGS-02217500,38,0,33.94666667,-83.4227778,0,0
USGS-07332530,5,0,33.9467643,-96.0494254,0,0
USGS-02208130,145,0,33.9497222,-83.9483333,0,0
USGS-07311600,152,0,33.9506365,-100.0648269,0,0
USGS-07288190,5,0,33.95122279,-90.627319,0,0
USGS-07335360,2,0,33.9534364,-95.6055184,0,0
USGS-07332630,2,0,33.95370944,-95.9427549,0,0
USGS-07335315,2,0,33.95371148,-95.7821922,0,0
USGS-02335870,487,0,33.95388889,-84.4433333,0,0
USGS-07339150,3,0,33.95455809,-94.4849317,0,0
USGS-07339850,102,0,33.95539214,-94.40104,0,0
USGS-07338150,4,1,33.95677627,-94.791883,25,1
USGS-02108862,12,0,33.95906258,-77.96165449,0,0
USGS-335737090270100,3,0,33.9608333,-90.4483333,0,0
USGS-07341200,124,0,33.9622222,-94.0616667,0,0
USGS-02335350,160,0,33.965,-84.2647222,0,0
USGS-07338400,5,0,33.9681654,-94.7660488,0,0
USGS-07340520,136,0,33.97150428,-94.2224226,0,0
USGS-02335340,1,0,33.9734338,-84.2627002,0,0
USGS-02192000,118,0,33.97416667,-82.77,0,0
USGS-02217740,240,0,33.97455863,-83.3821024,0,0
USGS-09499000,44,0,33.9800413,-111.3034659,0,0
USGS-02455040,16,0,33.98037637,-86.61554729,0,0
USGS-07288185,5,0,33.9834449,-90.5942632,0,0
USGS-02437000,88,0,33.98555556,-88.5511111,0,0
USGS-02217700,1,0,33.9862249,-83.3771021,0,0
USGS-07339795,119,9,33.9862253,-94.3838175,7.56302521,1
USGS-335919090133600,2,0,33.9886111,-90.2266667,0,0
USGS-07265283,225,0,33.98899089,-91.3131738,0,0
USGS-07332625,6,0,33.99231937,-95.9905358,0,0
USGS-07332500,43,0,33.99704088,-96.2410985,0,0
USGS-07338505,6,0,33.9970546,-94.7485486,0,0
USGS-02335000,35,0,33.9972222,-84.2019444,0,0
USGS-07332510,2,0,33.9975965,-96.1908193,0,0
USGS-07338530,7,0,33.9978884,-94.7116034,0,0
USGS-02205000,25,0,34.00194444,-84.005,0,0
USGS-07280555,4,0,34.00194444,-90.1272222,0,0
USGS-02439980,4,0,34.0022222,-88.8811111,0,0
USGS-02335790,29,0,34.00287797,-84.394372,0,0
USGS-02191800,37,0,34.00289408,-82.8087499,0,0
USGS-02335500,1,0,34.0056555,-84.3313139,0,0
USGS-02217299,22,0,34.00677557,-83.7560058,0,0
USGS-07336700,22,0,34.0084386,-95.3835684,0,0
USGS-340036090474400,1,0,34.0100833,-90.7955556,0,0
USGS-02218565,121,0,34.01027778,-83.8941667,0,0
USGS-02335080,21,0,34.011211,-84.21992,0,0
USGS-02433500,8,0,34.01138889,-88.5136111,0,0
USGS-07332520,2,0,34.01370749,-96.12304,0,0
USGS-02169000,53,0,34.0140416,-81.0878717,0,0
USGS-09383400,108,0,34.0167143,-109.4573125,0,0
USGS-07288094,1,0,34.0186861,-90.6383722,0,0
USGS-07078285,145,3,34.02093649,-91.1856703,2.068965517,0
USGS-02393420,21,0,34.0214896,-84.7085474,0,0
USGS-07361035,11,0,34.02372027,-93.669626,0,0
USGS-02455000,47,0,34.02454235,-86.5741573,0,0
USGS-07280690,21,1,34.02466667,-90.2812222,4.761904762,0
USGS-02335730,1,0,34.02565508,-84.3307582,0,0
USGS-07280695,1,0,34.02879167,-90.2249611,0,0
USGS-02334950,1,0,34.02898904,-84.1679723,0,0
USGS-07338525,5,0,34.02955454,-94.7063261,0,0
USGS-02191743,45,0,34.03150107,-83.0090326,0,0
USGS-02217475,52,0,34.03166667,-83.5633333,0,0
USGS-02334885,185,0,34.0325,-84.08888889,0,0
USGS-340157090071200,6,1,34.0325,-90.12,16.66666667,1
USGS-07337940,3,0,34.033719,-94.9138329,0,0
USGS-07273610,1,0,34.0342798,-90.1253677,0,0
USGS-02217251,20,0,34.04177748,-83.5873878,0,0
USGS-07339000,45,0,34.04177757,-94.6199358,0,0
USGS-07339005,3,0,34.04261117,-94.5968798,0,0
USGS-07361025,109,1,34.0428867,-93.684071,0.917431193,0
USGS-07332475,6,0,34.0437069,-96.3469351,0,0
USGS-09515500,11,0,34.0450291,-112.7098996,0,0
USGS-02454995,19,0,34.04509769,-86.571935,0,0
USGS-02335700,4,0,34.05055556,-84.2694444,0,0
USGS-02334655,18,0,34.05065614,-84.0976902,0,0
USGS-07337510,6,0,34.05121756,-95.0521712,0,0
USGS-02132000,233,2,34.05154846,-79.7539545,0.858369099,0
USGS-02217380,34,0,34.05233168,-83.663502,0,0
USGS-02191705,20,0,34.0528897,-83.1476491,0,0
USGS-02393395,11,0,34.0556552,-84.618545,0,0
USGS-02436500,72,0,34.05916667,-88.6280556,0,0
USGS-02397500,317,4,34.06019444,-85.3135556,1.261829653,0
USGS-02217285,20,0,34.06093999,-83.8037859,0,0
USGS-02191700,47,0,34.06122286,-83.1559828,0,0
USGS-07337630,6,0,34.0628844,-94.9882804,0,0
USGS-07361022,110,1,34.06733056,-93.6829606,0.909090909,0
USGS-07335290,6,0,34.06954489,-95.7394151,0,0
USGS-07335270,2,0,34.06982238,-95.7585826,0,0
USGS-07337540,5,0,34.0698285,-95.0193927,0,0
USGS-02189000,32,0,34.070949,-82.64152248,0,0
USGS-02334620,1,0,34.07148875,-84.1301922,0,0
USGS-340423090210800,2,0,34.07305556,-90.3522222,0,0
USGS-09508500,263,0,34.0730922,-111.7162569,0,0
USGS-02191300,41,0,34.0733333,-83.0033333,0,0
USGS-07288068,104,1,34.07475,-90.6249444,0.961538462,0
USGS-02217278,20,0,34.07844037,-83.7765624,0,0
USGS-02217274,112,0,34.0822222,-83.8544444,0,0
USGS-07339630,3,0,34.08400054,-94.4907671,0,0
USGS-07280851,1,0,34.08400125,-90.3209255,0,0
USGS-02454410,3,0,34.08426299,-86.272757,0,0
USGS-02334580,1,0,34.08426677,-84.0940789,0,0
USGS-02393000,405,0,34.08593209,-84.52965369,0,0
USGS-02433000,37,0,34.08844049,-88.3905988,0,0
USGS-07288136,1,1,34.09012778,-90.74865,100,1
USGS-02394900,2,0,34.09593139,-84.99105619,0,0
USGS-02334578,114,0,34.09638889,-84.0780556,0,0
USGS-07337900,44,0,34.09760677,-94.9021667,0,0
JPN00021,257,0,34.09805556,134.4261111,0,0
USGS-02334550,76,0,34.098433,-84.1099131,0,0
USGS-02394515,15,0,34.1011111,-84.7375,0,0
USGS-02454850,2,0,34.1059297,-86.4033178,0,0
USGS-07364115,231,13,34.1075,-91.9019444,5.627705628,1
USGS-02394958,47,0,34.108709,-84.9504992,0,0
USGS-07341080,83,11,34.10872316,-94.0196371,13.25301205,1
USGS-07308500,328,1,34.11009327,-98.5317234,0.304878049,0
USGS-07339650,3,0,34.1103893,-94.4546552,0,0
USGS-07337290,6,2,34.1128827,-95.1393971,33.33333333,1
USGS-02454700,16,0,34.1145408,-86.4388747,0,0
USGS-02394520,32,0,34.11482066,-84.7899381,0,0
USGS-02394750,20,0,34.115098,-84.8899416,0,0
USGS-07363200,123,0,34.1161111,-92.4055556,0,0
USGS-02217646,53,0,34.1176102,-83.474606,0,0
USGS-02394550,15,0,34.12037595,-84.8196614,0,0
USGS-11097490,41,5,34.1216753,-118.270353,12.19512195,1
USGS-02392780,428,0,34.1223201,-84.50437489,0,0
USGS-02435830,8,0,34.1223311,-88.6661614,0,0
USGS-07341070,79,7,34.12427828,-94.00547,8.860759494,1
USGS-02394760,14,0,34.1245422,-84.891886,0,0
USGS-02334520,5,0,34.12509935,-84.1029683,0,0
USGS-02334500,21,0,34.12621057,-84.0935233,0,0
USGS-07334090,2,0,34.12759966,-95.7735846,0,0
USGS-07337890,3,0,34.12871744,-94.8849444,0,0
USGS-02334480,122,0,34.1325,-84.07,0,0
USGS-02454500,45,0,34.13454047,-86.3866505,0,0
USGS-02435854,4,0,34.13621953,-88.6100489,0,0
USGS-02334447,17,1,34.13732156,-84.0901897,5.882352941,1
USGS-02394780,2,0,34.13759729,-84.9249427,0,0
USGS-07280810,1,0,34.1395551,-90.4548178,0,0
USGS-02188684,65,0,34.14177745,-82.839305,0,0
USGS-02394670,30,0,34.1428753,-84.8388286,0,0
USGS-02217170,34,0,34.14288517,-83.6751694,0,0
USGS-07334070,2,0,34.14398775,-95.8169202,0,0
USGS-02334445,17,1,34.14648816,-84.0851894,5.882352941,1
USGS-02135300,222,1,34.15071067,-80.30479729,0.45045045,0
USGS-07280809,24,4,34.15325,-90.4408889,16.66666667,1
USGS-02394020,20,8,34.1534309,-84.7710484,40,1
USGS-02435515,9,0,34.15510834,-88.6611616,0,0
USGS-07288010,11,5,34.15638889,-90.5497222,45.45454545,1
USGS-02334430,3,1,34.15694444,-84.07888889,33.33333333,1
USGS-09508300,120,0,34.16086787,-111.6929235,0,0
USGS-02334401,17,11,34.16148807,-84.0760222,64.70588235,1
USGS-02435775,5,0,34.16233073,-88.729219,0,0
USGS-02394000,211,0,34.1629722,-84.7410833,0,0
USGS-07263750,109,0,34.16388889,-91.6788889,0,0
USGS-02394612,15,0,34.16527778,-84.81638889,0,0
USGS-07337870,6,0,34.1689942,-94.9130014,0,0
USGS-02217100,20,0,34.16954958,-83.7871185,0,0
USGS-02217020,20,0,34.1734401,-83.6737806,0,0
USGS-02396300,2,0,34.1756514,-85.1635611,0,0
USGS-07335210,2,0,34.1762066,-96.005818,0,0
USGS-07337860,6,0,34.1762163,-94.9088347,0,0
USGS-07335080,2,0,34.17898185,-96.1452654,0,0
USGS-02394600,2,0,34.17898565,-84.8141054,0,0
USGS-02397008,24,0,34.18037334,-85.2924538,0,0
USGS-02216940,20,0,34.1806623,-83.6610023,0,0
USGS-07280000,8,0,34.1806676,-90.2153694,0,0
USGS-02191267,17,0,34.18177534,-83.1465377,0,0
USGS-02454550,22,0,34.18287326,-86.3810949,0,0
USGS-02167500,19,0,34.1829138,-81.7267757,0,0
USGS-07337180,3,0,34.18593687,-95.1763439,0,0
USGS-07335150,7,1,34.18620555,-96.058597,14.28571429,1
USGS-02394980,726,0,34.18898489,-84.9252203,0,0
USGS-02397010,21,0,34.1945396,-85.2835647,0,0
USGS-07288000,49,4,34.19733086,-90.575099,8.163265306,1
USGS-02397000,311,0,34.2005,-85.2564167,0,0
USGS-07265099,231,3,34.20148755,-91.5292909,1.298701299,0
USGS-02397530,725,0,34.20176124,-85.447458,0,0
USGS-02394580,1,0,34.20398507,-84.8082717,0,0
USGS-02131000,195,2,34.20432518,-79.5483896,1.025641026,0
USGS-02397005,46,0,34.20565044,-85.2777313,0,0
USGS-02395540,35,0,34.20620624,-85.0752252,0,0
USGS-07288048,60,6,34.2092222,-90.7001944,10,1
USGS-02395000,44,0,34.20930556,-84.97875,0,0
USGS-07340945,117,0,34.2109436,-94.0507513,0,0
USGS-02217610,50,0,34.2139961,-83.5471095,0,0
USGS-02395150,34,0,34.21509513,-84.96883289,0,0
USGS-07332425,2,0,34.21592676,-96.4616627,0,0
USGS-02393160,21,0,34.2162072,-84.6860456,0,0
USGS-02216968,21,0,34.2189935,-83.7696177,0,0
USGS-02187760,45,0,34.22344124,-82.8304152,0,0
USGS-07307800,21,0,34.2275718,-100.0737179,0,0
USGS-07334040,2,0,34.2292644,-95.8547015,0,0
USGS-07334900,7,0,34.22953408,-96.2469347,0,0
USGS-02435420,5,0,34.22982936,-88.6667182,0,0
USGS-07331425,6,0,34.2306499,-96.6363898,0,0
USGS-07331255,6,0,34.2306501,-96.8133393,0,0
USGS-07334950,2,0,34.2312016,-96.2074895,0,0
USGS-07331435,2,0,34.23120548,-96.6455567,0,0
USGS-02395980,15,0,34.2321111,-85.1169444,0,0
USGS-02396525,35,0,34.23287205,-85.1780063,0,0
USGS-02397075,44,0,34.2331496,-85.2932875,0,0
USGS-07331000,345,0,34.23342725,-96.9758447,0,0
USGS-341404090385600,44,12,34.23444444,-90.6488889,27.27272727,1
USGS-02435020,16,0,34.23555556,-88.6958333,0,0
USGS-02435019,7,0,34.2356627,-88.6961634,0,0
USGS-02395250,13,0,34.2359279,-84.972444,0,0
USGS-07331280,2,0,34.23703899,-96.7175031,0,0
USGS-07359580,226,0,34.23787039,-92.9590617,0,0
USGS-07331380,2,0,34.23926105,-96.6850023,0,0
USGS-02191245,20,0,34.23982965,-83.1790388,0,0
USGS-02392000,567,0,34.23992866,-84.4946733,0,0
USGS-02217592,20,0,34.24121705,-83.6118341,0,0
USGS-02216919,20,0,34.2442714,-83.72933829,0,0
USGS-02217598,20,0,34.2453838,-83.5910001,0,0
USGS-07337830,3,0,34.24732605,-94.9107802,0,0
USGS-07339300,3,0,34.24760895,-94.4654909,0,0
USGS-07263706,117,0,34.24805556,-91.9055556,0,0
USGS-341453090382800,45,4,34.24805556,-90.6411111,8.888888889,1
USGS-08354800,76,0,34.2484002,-106.9016949,0,0
USGS-02397100,40,0,34.24870459,-85.35551139,0,0
USGS-07336200,45,0,34.24871203,-95.6052475,0,0
USGS-02191239,46,0,34.2489965,-83.2707088,0,0
USGS-02131500,30,0,34.2501545,-80.2136816,0,0
USGS-07332400,7,0,34.2506492,-96.5488877,0,0
USGS-07335000,44,0,34.25259007,-96.2055454,0,0
USGS-02108692,46,0,34.25294744,-77.94971049,0,0
USGS-02395550,13,0,34.25370496,-85.0799476,0,0
USGS-02396001,33,0,34.25426036,-85.164117,0,0
USGS-09426600,157,1,34.25501565,-114.0096647,0.636942675,0
USGS-02396670,14,0,34.2553714,-85.1793953,0,0
USGS-02187500,95,0,34.25566295,-82.7448563,0,0
USGS-07279950,30,0,34.2562224,-90.2659263,0,0
USGS-07337175,6,0,34.25676937,-95.0896752,0,0
USGS-341526090392600,13,3,34.2572222,-90.6572222,23.07692308,1
USGS-02397150,23,0,34.25731528,-85.4269022,0,0
USGS-02396000,282,0,34.25731583,-85.1582835,0,0
USGS-02217060,22,0,34.26010237,-83.8371214,0,0
USGS-02396690,14,0,34.2603712,-85.2024516,0,0
USGS-02397095,42,0,34.26092648,-85.33606649,0,0
USGS-02392360,415,0,34.2634282,-84.5954872,0,0
USGS-341550090391300,42,0,34.26388889,-90.6536111,0,0
USGS-02395330,13,0,34.2648159,-84.9935559,0,0
USGS-02431000,82,0,34.265,-88.4452778,0,0
USGS-02334140,420,0,34.26593458,-83.8849016,0,0
USGS-02388520,735,0,34.2692599,-85.1727284,0,0
USGS-07337130,6,0,34.27093566,-95.1810677,0,0
USGS-07334000,43,0,34.27148539,-95.9122049,0,0
USGS-07274000,11,0,34.2733333,-89.5213889,0,0
USGS-07337165,2,0,34.27426946,-95.021062,0,0
USGS-07334700,7,0,34.27620125,-96.3030483,0,0
USGS-09507980,75,0,34.27642068,-111.6387561,0,0
USGS-341640090055100,3,2,34.2775,-90.0977778,66.66666667,1
410202,6,1,34.2775167,-6.568614645,16.66666667,1
MAR00006,192,19,34.27777778,-6.567222222,9.895833333,1
USGS-07337090,3,0,34.28065753,-95.3232948,0,0
USGS-09512600,5,0,34.282252,-112.2076612,0,0
USGS-07279970,3,1,34.283444,-90.1756477,33.33333333,1
USGS-341701090113300,5,0,34.2836111,-90.1925,0,0
USGS-02107571,46,0,34.28405814,-77.9963792,0,0
USGS-02450250,185,0,34.28537757,-87.3989084,0,0
USGS-07363337,76,34,34.2895409,-92.3701532,44.73684211,1
USGS-07359770,280,0,34.29055556,-93.4591667,0,0
USGS-07337167,6,0,34.2934359,-95.0430077,0,0
USGS-07337170,3,0,34.29538025,-95.0793979,0,0
USGS-09427520,344,0,34.29557035,-114.140225,0,0
USGS-07340400,109,0,34.29594378,-94.1777032,0,0
USGS-02388500,62,0,34.29842576,-85.138005,0,0
USGS-07263695,5,1,34.3003749,-91.912081,20,1
USGS-02390190,21,0,34.3014829,-84.2732544,0,0
USGS-02433980,7,0,34.3078832,-88.7208869,0,0
USGS-07337800,6,0,34.30871419,-94.9360599,0,0
USGS-02391540,21,0,34.3106494,-84.4032587,0,0
USGS-07360200,212,0,34.31166667,-93.8997222,0,0
USGS-07337095,3,0,34.31204635,-95.2732942,0,0
USGS-07337810,3,1,34.31204806,-94.8616131,33.33333333,1
USGS-07334600,7,0,34.31397937,-96.3027716,0,0
USGS-09384000,82,0,34.31448635,-109.362315,0,0
USGS-02187440,39,0,34.3178838,-82.809026,0,0
USGS-07363300,84,1,34.31954068,-92.3445969,1.19047619,0
USGS-02388450,14,0,34.32092514,-85.11022639,0,0
USGS-02191000,51,0,34.32371654,-83.1859852,0,0
USGS-02187303,22,0,34.32427274,-82.7912476,0,0
USGS-07337100,38,0,34.32565755,-95.1996809,0,0
USGS-07337780,3,0,34.3259362,-94.9446716,0,0
USGS-02390500,33,0,34.3267603,-84.3446454,0,0
USGS-07337110,6,0,34.32787988,-95.1477346,0,0
USGS-07334550,6,0,34.32925869,-96.4197192,0,0
USGS-02398037,720,0,34.3356461,-85.44523639,0,0
USGS-02191200,47,0,34.33760444,-83.4879435,0,0
USGS-07263690,5,0,34.34009674,-91.8859692,0,0
USGS-02388370,35,0,34.34342447,-85.1105042,0,0
USGS-07331305,6,0,34.3534264,-96.7102825,0,0
USGS-02388350,48,0,34.36092389,-85.1402274,0,0
USGS-07279900,8,0,34.36121987,-90.2892609,0,0
USGS-07331260,2,0,34.36148166,-96.788896,0,0
USGS-07311000,169,1,34.36230747,-98.2825468,0.591715976,0
USGS-07359653,124,0,34.3667706,-93.7690802,0,0
USGS-07338860,6,0,34.36704989,-94.6102183,0,0
USGS-02382900,2,0,34.36731428,-84.712435,0,0
USGS-07337785,5,0,34.36899208,-94.8482803,0,0
USGS-07338865,6,0,34.36927194,-94.6229964,0,0
USGS-02388340,22,0,34.3723123,-85.1938403,0,0
USGS-07337787,3,0,34.3745474,-94.8727257,0,0
USGS-07338850,6,0,34.3781615,-94.5488282,0,0
USGS-07077820,235,1,34.37843398,-91.1267838,0.425531915,0
USGS-07337085,2,0,34.3792684,-95.1891263,0,0
USGS-02387770,14,0,34.37953448,-85.1243936,0,0
USGS-07340300,185,0,34.38,-94.2363889,0,0
USGS-07338855,5,0,34.381217,-94.547717,0,0
USGS-02389040,21,0,34.38176236,-84.0632445,0,0
USGS-02388322,22,0,34.38203417,-85.2302305,0,0
USGS-02389000,66,0,34.38259579,-84.0557442,0,0
USGS-07359500,210,0,34.38620329,-92.8390585,0,0
USGS-07337760,6,0,34.3867689,-94.9596732,0,0
USGS-07338840,36,0,34.38871539,-94.6952206,0,0
USGS-07334435,6,0,34.38953704,-96.4963887,0,0
USGS-07338825,3,0,34.38954828,-94.7368882,0,0
USGS-02163500,36,0,34.39178518,-82.22345068,0,0
USGS-07337740,5,0,34.3939912,-94.941895,0,0
USGS-07338830,6,0,34.39593715,-94.7327216,0,0
USGS-07338820,6,0,34.39677094,-94.687165,0,0
USGS-02105771,21,0,34.39683485,-78.2677776,0,0
USGS-07338845,3,0,34.40149598,-94.4279917,0,0
USGS-02105769,189,1,34.40444444,-78.2936111,0.529100529,0
USGS-07332385,2,0,34.4048147,-96.6113918,0,0
USGS-07331200,6,0,34.40509165,-96.8633439,0,0
USGS-07332380,6,0,34.40564805,-96.611114,0,0
USGS-02388110,22,0,34.4062001,-85.2238414,0,0
USGS-07334440,2,0,34.4070365,-96.424721,0,0
USGS-07337080,5,0,34.4114905,-95.1494033,0,0
USGS-021890172,46,0,34.41204738,-83.3401609,0,0
USGS-07338815,5,0,34.41288228,-94.6454975,0,0
USGS-07263640,119,0,34.41305556,-92.1019444,0,0
USGS-07077960,109,1,34.41343494,-90.9451135,0.917431193,0
USGS-02332830,90,0,34.41537629,-83.8215698,0,0
USGS-07334460,6,0,34.41675844,-96.372498,0,0
USGS-02165000,31,0,34.4173425,-82.15149998,0,0
USGS-02382838,2,0,34.4187018,-84.6985457,0,0
USGS-02388200,1,0,34.42064399,-85.2763431,0,0
USGS-07279937,17,2,34.4206633,-90.2339822,11.76470588,1
USGS-07338842,4,0,34.42121757,-94.4521594,0,0
USGS-02390000,21,0,34.42564847,-84.2118618,0,0
USGS-07077980,110,35,34.43343396,-91.0531719,31.81818182,1
USGS-07331297,6,0,34.433981,-96.7194506,0,0
USGS-07337077,4,0,34.435657,-95.192739,0,0
JPN00014,594,0,34.43694444,132.4905556,0,0
USGS-02398010,20,0,34.44036528,-85.3794017,0,0
USGS-02387690,37,0,34.4409216,-85.0952259,0,0
USGS-07331294,2,0,34.44148054,-96.7938975,0,0
USGS-02134500,78,0,34.4425,-78.9602778,0,0
USGS-07358501,138,3,34.4433333,-93.0233333,2.173913043,0
USGS-07338737,4,0,34.44399386,-94.5541069,0,0
USGS-02332017,414,0,34.44537715,-83.685177,0,0
USGS-07333520,2,0,34.445927,-96.0208238,0,0
USGS-07333505,6,0,34.44759357,-96.0327686,0,0
USGS-02383110,35,0,34.4481449,-84.793271,0,0
USGS-09506000,98,0,34.4483605,-111.7898705,0,0
USGS-07332360,6,0,34.4487032,-96.6136148,0,0
USGS-07338810,6,0,34.4509372,-94.663554,0,0
USGS-02387670,15,0,34.45119926,-85.0282791,0,0
USGS-07337075,6,0,34.45260137,-95.1677384,0,0
USGS-02183725,42,0,34.45288037,-83.0420934,0,0
USGS-02183848,42,0,34.4537142,-82.9401445,0,0
USGS-07264500,35,0,34.45426349,-91.61624,0,0
USGS-07279836,6,1,34.45555556,-90.3722222,16.66666667,1
USGS-07338735,5,0,34.46232746,-94.497439,0,0
USGS-02398000,298,12,34.46638889,-85.3361111,4.026845638,0
USGS-02333970,419,0,34.46676199,-83.9685197,0,0
USGS-07337700,6,0,34.46982377,-94.9621748,0,0
USGS-07338740,5,0,34.47260386,-94.6366092,0,0
USGS-07337705,6,0,34.47426835,-94.9343962,0,0
USGS-03577000,16,0,34.4764839,-87.1416814,0,0
USGS-342848111475700,4,0,34.48002648,-111.7998706,0,0
USGS-02183605,22,0,34.4820462,-83.1223752,0,0
USGS-07337065,3,0,34.4823234,-95.1980182,0,0
USGS-02331880,1,0,34.48259885,-83.6379542,0,0
USGS-07287700,4,0,34.48425,-90.5302222,0,0
USGS-342912096594601,2,0,34.4867559,-96.996406,0,0
USGS-07338733,5,0,34.4873267,-94.5396626,0,0
USGS-07338743,3,0,34.48760398,-94.6004974,0,0
USGS-07337073,3,0,34.49010117,-95.2413535,0,0
USGS-07337070,7,0,34.4903789,-95.2613543,0,0
USGS-02387650,34,0,34.4920314,-85.0135564,0,0
USGS-07332880,2,0,34.49287008,-96.2191639,0,0
USGS-02387600,15,0,34.4948611,-84.9654167,0,0
USGS-342945096591901,3,0,34.49592249,-96.9889059,0,0
USGS-342947096585801,1,0,34.49647809,-96.9830724,0,0
USGS-07363054,120,0,34.49898229,-92.5629383,0,0
MAR00001,113,11,34.50305556,-6.363611111,9.734513274,1
USGS-343014096581401,2,0,34.50397805,-96.9708498,0,0
USGS-343015096565801,5,0,34.504256,-96.9497379,0,0
USGS-343016096580701,3,0,34.5045336,-96.9689053,0,0
USGS-343017096585801,6,0,34.50481126,-96.9830725,0,0
USGS-07077952,26,1,34.50482295,-90.8498358,3.846153846,0
USGS-07338720,158,0,34.50527778,-94.4308333,0,0
USGS-09505570,22,0,34.50558157,-111.8354274,0,0
USGS-09393400,6,0,34.50559218,-110.0917827,0,0
USGS-02387605,22,0,34.50564236,-84.968277,0,0
USGS-343023096583401,11,0,34.50647795,-96.9764056,0,0
USGS-07333785,7,0,34.50676328,-95.8308174,0,0
USGS-07338730,3,0,34.50677136,-94.4941062,0,0
USGS-02333750,22,0,34.5084277,-83.9749094,0,0
USGS-02387530,14,0,34.5103645,-84.9577212,0,0
USGS-07363270,225,0,34.5111111,-92.415,0,0
USGS-02331790,8,0,34.5134309,-83.6857344,0,0
USGS-07329844,3,0,34.51564449,-96.9686276,0,0
USGS-343057096580501,1,0,34.51592227,-96.9683498,0,0
USGS-07279748,1,0,34.51649408,-90.3214852,0,0
USGS-02383180,37,0,34.51675408,-84.79716019,0,0
USGS-07338800,2,0,34.5173249,-94.7360569,0,0
USGS-07337060,6,0,34.51843437,-95.0580128,0,0
USGS-02387520,30,0,34.51888889,-84.9544444,0,0
USGS-02398620,32,0,34.52286245,-85.505517,0,0
USGS-07047970,34,0,34.52399175,-90.583994,0,0
USGS-02430000,91,0,34.52620847,-88.3228236,0,0
USGS-02183528,41,0,34.5262115,-83.185434,0,0
USGS-02381895,32,0,34.5264776,-84.5713191,0,0
USGS-07337050,2,0,34.5278792,-94.9282858,0,0
USGS-02333500,32,0,34.52805556,-83.9397222,0,0
USGS-07338710,5,0,34.5281612,-94.4002151,0,0
USGS-02383535,14,0,34.53119775,-84.8721628,0,0
USGS-07337045,3,0,34.53204624,-94.8710617,0,0
USGS-02331768,32,0,34.5353749,-83.6993459,0,0
USGS-07337055,5,0,34.5362125,-94.932175,0,0
USGS-07338795,4,0,34.53982528,-94.6874452,0,0
USGS-02331600,183,0,34.5407222,-83.622775,0,0
USGS-03586210,11,0,34.54092685,-87.3569663,0,0
USGS-02383540,256,0,34.54119733,-84.9007749,0,0
USGS-02333600,9,0,34.54231604,-83.9701875,0,0
USGS-07334390,6,0,34.54509168,-96.4430573,0,0
USGS-07332865,6,0,34.5481481,-96.2144427,0,0
USGS-07334425,6,0,34.54925855,-96.3766676,0,0
USGS-07332310,6,0,34.54953497,-96.6927852,0,0
USGS-07337040,6,0,34.55037977,-94.8343942,0,0
USGS-02382810,14,0,34.55203104,-84.7791042,0,0
USGS-02387624,13,0,34.5573074,-85.01633449,0,0
USGS-03586240,18,1,34.5598153,-87.3433548,5.555555556,1
USGS-02397925,20,0,34.5606397,-85.3105113,0,0
USGS-07363002,230,0,34.56287037,-92.61544,0,0
USGS-02383500,17,0,34.56416667,-84.8330556,0,0
USGS-07338790,6,0,34.56593619,-94.7082796,0,0
USGS-07338792,6,0,34.56593619,-94.7080018,0,0
USGS-07299540,80,0,34.56922728,-100.1940023,0,0
USGS-02383510,14,1,34.5703636,-84.834384,7.142857143,1
USGS-07355825,110,0,34.57066169,-94.1879867,0,0
USGS-02387502,229,0,34.57147406,-84.9468878,0,0
USGS-07357501,218,0,34.571757,-93.1937965,0,0
USGS-02331500,30,0,34.5734586,-83.5897297,0,0
USGS-07077862,110,40,34.5748206,-91.1459537,36.36363636,1
USGS-02331000,57,0,34.57704154,-83.6357316,0,0
USGS-02387500,240,0,34.5771111,-84.9418528,0,0
USGS-02387510,14,0,34.5772222,-84.9566667,0,0
USGS-02093197,36,0,34.5784985,-77.3988507,0,0
USGS-02333460,21,0,34.58342847,-83.8224054,0,0
USGS-02397845,73,0,34.58452779,-85.3652354,0,0
USGS-07334360,6,0,34.58453574,-96.459447,0,0
USGS-02387050,269,5,34.59341799,-84.9338319,1.858736059,0
USGS-02156500,49,0,34.5951393,-81.4212089,0,0
USGS-07362705,7,0,34.5962027,-92.7440555,0,0
USGS-02382720,14,0,34.60091867,-84.7782712,0,0
USGS-02382500,57,0,34.60369697,-84.6954905,0,0
USGS-07334250,6,0,34.60703488,-96.5580606,0,0
USGS-07332990,2,0,34.6078717,-96.017216,0,0
USGS-07279620,1,0,34.609025,-90.207625,0,0
USGS-07356000,224,0,34.61,-93.6975,0,0
USGS-02160500,34,0,34.61068314,-81.9095429,0,0
USGS-07334415,2,0,34.61092487,-96.3941689,0,0
USGS-02387225,14,0,34.61591774,-84.8729966,0,0
USGS-02382530,33,0,34.61888889,-84.71388889,0,0
USGS-02397810,28,0,34.6189713,-85.34690169,0,0
USGS-02182810,43,0,34.61954169,-83.2976613,0,0
USGS-07334220,6,0,34.61981218,-96.6000064,0,0
USGS-07334300,2,0,34.62203515,-96.4980593,0,0
USGS-07334320,2,0,34.62203526,-96.4833369,0,0
USGS-07311200,67,0,34.62340607,-98.5636712,0,0
USGS-07332995,2,0,34.62648365,-95.9602699,0,0
USGS-07279680,1,0,34.62678889,-90.3132806,0,0
USGS-02333150,9,0,34.6320376,-83.9057418,0,0
USGS-02105544,30,0,34.63249167,-78.6028444,0,0
USGS-02382610,15,0,34.6367513,-84.742159,0,0
USGS-07332830,2,1,34.6367598,-96.1611096,50,1
USGS-07305000,145,0,34.6381266,-99.103691,0,0
USGS-07335700,192,0,34.63843685,-94.6127236,0,0
USGS-02331210,1,0,34.6387077,-83.5082258,0,0
USGS-07334160,6,0,34.6509228,-96.6030626,0,0
USGS-07047968,135,0,34.65398888,-90.6362183,0,0
USGS-07334410,2,0,34.6562023,-96.4069477,0,0
USGS-07332980,7,1,34.65870544,-95.9972165,14.28571429,1
USGS-07362894,2,0,34.66092527,-92.6351629,0,0
USGS-02387000,776,11,34.66691667,-84.9279167,1.417525773,0
USGS-02386865,14,0,34.66758264,-84.94299919,0,0
USGS-07332750,2,0,34.6698149,-96.2491683,0,0
USGS-02386100,47,0,34.67202767,-84.82466199,0,0
USGS-02380500,426,0,34.67508566,-84.5085398,0,0
USGS-02182000,23,0,34.67744838,-83.3468272,0,0
USGS-02182050,21,0,34.6781511,-83.33849629,0,0
USGS-02330490,1,0,34.6789842,-83.667954,0,0
USGS-02331200,20,0,34.67926225,-83.532393,0,0
USGS-02333105,513,0,34.68009185,-83.9374102,0,0
USGS-07263620,520,0,34.6811111,-92.1513889,0,0
USGS-02330454,1,0,34.68287299,-83.7118447,0,0
USGS-07362890,2,0,34.68398069,-92.6387741,0,0
USGS-02379500,38,0,34.68413889,-84.4588056,0,0
USGS-07334120,2,0,34.6856442,-96.6350086,0,0
USGS-07077800,140,0,34.6856517,-91.3154036,0,0
USGS-02381290,21,0,34.68591794,-84.599932,0,0
USGS-02379550,21,0,34.68591899,-84.4743717,0,0
USGS-02330453,70,0,34.6870396,-83.7101779,0,0
USGS-02092760,22,0,34.68752778,-77.11688889,0,0
USGS-02380000,43,0,34.69258547,-84.4790941,0,0
USGS-07334100,6,0,34.69453318,-96.615286,0,0
USGS-07312800,4,0,34.6981285,-98.160323,0,0
USGS-07279300,1,0,34.6995459,-90.2312063,0,0
USGS-07312730,4,0,34.69979509,-98.1617119,0,0
USGS-07077794,33,0,34.70231814,-91.325404,0,0
USGS-02381090,372,0,34.70338889,-84.5395278,0,0
USGS-07362878,1,0,34.7034248,-92.6918314,0,0
USGS-07279299,1,0,34.70732349,-90.2409288,0,0
USGS-02385618,13,0,34.70869314,-84.8638301,0,0
USGS-07362882,2,0,34.70870275,-92.6473855,0,0
USGS-03568755,20,0,34.71091349,-85.5271866,0,0
USGS-03575979,1,0,34.71453549,-86.627494,0,0
USGS-02385800,51,1,34.71666667,-84.77,1.960784314,0
USGS-07362886,2,0,34.71703606,-92.6426631,0,0
USGS-07332810,6,0,34.7181489,-96.175556,0,0
USGS-07312780,4,0,34.7203498,-98.1769906,0,0
USGS-02386500,13,0,34.72508115,-84.9366104,0,0
USGS-03575932,2,0,34.72703544,-86.6055488,0,0
USGS-08383500,236,0,34.7300833,-104.5249111,0,0
USGS-02385795,21,0,34.73619306,-84.7593825,0,0
USGS-07264000,152,13,34.73666667,-91.9158333,8.552631579,1
USGS-07362874,2,0,34.7389802,-92.6943314,0,0
USGS-02385170,14,0,34.7433333,-84.8805278,0,0
USGS-03557842,21,0,34.74342108,-84.1246372,0,0
USGS-344500112013001,1,0,34.7500208,-112.025713,0,0
USGS-02131250,37,0,34.7501544,-80.5083995,0,0
USGS-344505112010001,1,0,34.75140957,-112.0173794,0,0
USGS-07332800,65,0,34.75314917,-96.148056,0,0
USGS-0209303200,41,0,34.7532191,-77.4341306,0,0
USGS-07312740,4,0,34.75395956,-98.2033809,0,0
USGS-07312760,4,0,34.7539597,-98.187547,0,0
USGS-02384810,14,0,34.75416667,-84.83638889,0,0
USGS-344516090164400,2,0,34.75444444,-90.2788889,0,0
USGS-07328500,44,0,34.75480245,-97.2514124,0,0
USGS-02106500,13,0,34.755,-78.2886111,0,0
USGS-07278500,6,0,34.75732244,-90.12426,0,0
USGS-344557112014600,2,0,34.7658539,-112.0301579,0,0
USGS-07332680,5,0,34.76703589,-96.3311155,0,0
USGS-344610112022501,1,0,34.76946506,-112.0409917,0,0
USGS-07264203,11,0,34.76953594,-91.7515235,0,0
USGS-344615112023501,1,0,34.77085396,-112.0437696,0,0
USGS-07332790,6,0,34.7717599,-96.1605566,0,0
USGS-07247250,172,0,34.7737148,-94.5121685,0,0
USGS-02385250,33,0,34.7795246,-84.89633159,0,0
USGS-344650112025501,1,0,34.78057606,-112.0493255,0,0
USGS-07332690,5,0,34.78120256,-96.3130599,0,0
USGS-07309000,41,1,34.78201295,-98.3669979,2.43902439,0
USGS-09394500,2,0,34.7828076,-110.0442837,0,0
USGS-02384750,542,0,34.78341357,-84.8729975,0,0
USGS-03558020,21,0,34.783974,-84.259361,0,0
USGS-07047964,234,3,34.7867634,-90.7501109,1.282051282,0
USGS-02384748,185,0,34.788969,-84.874942,0,0
USGS-07332665,5,0,34.7895337,-96.4416728,0,0
USGS-03558000,16,0,34.79,-84.24,0,0
USGS-07328567,21,2,34.79174665,-97.1966897,9.523809524,1
USGS-07263450,222,0,34.79305556,-92.3583333,0,0
USGS-03550440,21,0,34.7942575,-83.8901847,0,0
USGS-07077000,364,0,34.79444444,-91.4447222,0,0
USGS-344744112032701,1,0,34.79557589,-112.058215,0,0
JPN00013,421,0,34.8,135.6327778,0,0
USGS-02164000,41,0,34.8001183,-82.3651213,0,0
USGS-03567200,27,0,34.8028558,-85.3477359,0,0
USGS-344816106430010,5,0,34.8044994,-106.7172483,0,0
USGS-07332660,5,0,34.8070336,-96.4230618,0,0
USGS-02177000,734,0,34.8139814,-83.305993,0,0
USGS-02384550,14,0,34.818969,-84.76466089,0,0
USGS-09504440,138,0,34.8244629,-111.8062666,0,0
USGS-07328560,30,1,34.82591207,-97.2233572,3.333333333,0
USGS-07328550,29,0,34.82591236,-97.2022457,0,0
USGS-07328120,1,0,34.8267385,-97.815593,0,0
USGS-02384500,15,0,34.8275,-84.8509722,0,0
USGS-07077600,112,0,34.83120494,-91.3784616,0,0
USGS-02177450,80,0,34.8353702,-83.3468269,0,0
USGS-345021088561200,8,0,34.8393333,-88.93675,0,0
USGS-07077750,106,9,34.84009434,-91.28345979,8.490566038,1
USGS-07328122,1,0,34.84090488,-97.806982,0,0
USGS-03550500,37,0,34.8412001,-83.93601899,0,0
USGS-345034088553800,10,0,34.84294444,-88.9274167,0,0
USGS-07247345,191,0,34.8431572,-94.6246706,0,0
USGS-07263935,123,31,34.8442565,-92.1223682,25.20325203,1
USGS-0702941030,8,0,34.84766667,-88.9647222,0,0
USGS-09504000,263,0,34.8522416,-112.065994,0,0
USGS-02147000,155,0,34.8526464,-80.8681286,0,0
USGS-03567260,19,0,34.85313268,-85.2738446,0,0
USGS-07328125,1,0,34.85451576,-97.7911486,0,0
USGS-0702941050,8,0,34.8563333,-88.9647778,0,0
USGS-07300500,39,0,34.85839374,-99.5087007,0,0
USGS-035666419,20,0,34.85841106,-85.0885606,0,0
USGS-07264050,98,25,34.8589781,-91.9801421,25.51020408,1
USGS-07279140,1,0,34.86037554,-90.2145396,0,0
USGS-03566641,20,0,34.86146658,-85.08578279,0,0
USGS-09504420,19,0,34.86168418,-111.7618227,0,0
USGS-09504430,31,0,34.86168418,-111.7618227,0,0
USGS-03544953,21,0,34.8617598,-83.6982281,0,0
USGS-07047955,3,1,34.86231749,-90.9078937,33.33333333,1
USGS-07263920,122,43,34.8662007,-92.1537582,35.24590164,1
USGS-03551475,21,0,34.86703034,-84.0788014,0,0
USGS-07047957,3,0,34.8698173,-90.8901153,0,0
USGS-07262985,113,1,34.8712024,-93.1107344,0.884955752,0
USGS-07261500,220,1,34.8725,-93.6572222,0.454545455,0
USGS-07076950,120,16,34.87638889,-91.5991667,13.33333333,1
USGS-07047959,3,0,34.8778726,-90.85900319,0,0
USGS-07247800,116,1,34.8795443,-94.8532876,0.862068966,0
USGS-07247015,261,0,34.87982388,-94.4841112,0,0
USGS-02176957,35,0,34.88509105,-83.2284889,0,0
USGS-03559000,27,0,34.88730519,-84.2851965,0,0
USGS-07303000,35,1,34.88950479,-99.307028,2.857142857,0
USGS-02178400,110,0,34.89037075,-83.530441,0,0
USGS-07247012,145,3,34.8956563,-94.3932738,2.068965517,0
USGS-07246940,100,2,34.8961111,-94.0658333,2,0
USGS-03568933,62,0,34.8975,-85.4630556,0,0
USGS-03592800,68,0,34.9006439,-88.2930987,0,0
USGS-02383740,21,0,34.9045251,-84.52159569,0,0
USGS-03545000,28,0,34.90481489,-83.7168386,0,0
USGS-03566670,20,0,34.9056325,-85.0774494,0,0
USGS-03566688,20,0,34.9070212,-85.1216176,0,0
USGS-03548221,21,0,34.91175619,-83.8654574,0,0
USGS-07263000,11,1,34.91194444,-93.0561111,9.090909091,1
USGS-03545005,21,0,34.91203704,-83.70850459,0,0
USGS-07247500,84,5,34.91259909,-95.1557985,5.952380952,1
USGS-07246950,111,16,34.91315437,-94.1079859,14.41441441,1
USGS-07304500,115,0,34.9142267,-99.1139666,0,0
USGS-03592825,39,0,34.9148102,-88.2455974,0,0
USGS-07029297,9,0,34.9150894,-88.6289402,0,0
USGS-03559090,21,0,34.915638,-84.2793631,0,0
USGS-03566700,2,0,34.91894444,-85.1257222,0,0
USGS-02176940,39,0,34.9192571,-83.1684864,0,0
USGS-07247650,251,2,34.9198213,-94.9455125,0.796812749,0
USGS-08331000,353,0,34.92055556,-106.6788889,0,0
USGS-03568300,30,0,34.9239653,-85.3455137,0,0
USGS-03559120,21,0,34.92563739,-84.3332543,0,0
USGS-07328100,12,0,34.92590298,-97.7739273,0,0
USGS-07303500,44,0,34.92672485,-99.5003669,0,0
USGS-07029313,10,0,34.9272222,-88.6645278,0,0
USGS-03566890,13,0,34.9308333,-85.1791667,0,0
USGS-07029300,19,0,34.932311,-88.6000503,0,0
USGS-07248500,45,0,34.93759954,-94.715228,0,0
USGS-02176945,39,0,34.93925665,-83.1923755,0,0
USGS-07029270,9,0,34.94175668,-88.7875557,0,0
USGS-07029315,9,0,34.94564439,-88.6408846,0,0
USGS-02129000,157,0,34.9458333,-79.8697222,0,0
USGS-03568380,19,0,34.95090938,-85.3410691,0,0
USGS-345705106405210,24,0,34.95143937,-106.681692,0,0
USGS-03567340,680,0,34.95729786,-85.2055095,0,0
USGS-07300000,179,1,34.95755294,-100.220949,0.558659218,0
USGS-02384175,16,0,34.9617437,-84.7896625,0,0
USGS-03566895,20,0,34.96424229,-85.1760641,0,0
USGS-0702931110,8,0,34.9645,-88.6098611,0,0
USGS-07032300,8,0,34.96453814,-90.0156469,0,0
USGS-07231000,117,0,34.9653615,-96.5125113,0,0
USGS-03553500,29,0,34.96536155,-84.0901889,0,0
USGS-345817106402810,8,0,34.9717111,-106.6746722,0,0
USGS-03548241,21,0,34.9734214,-83.8818451,0,0
USGS-07029311,7,0,34.9747222,-88.60063889,0,0
USGS-03566800,152,0,34.9775755,-85.14495209,0,0
USGS-07231500,221,0,34.97786698,-96.2436172,0,0
USGS-03568590,19,0,34.9784088,-85.3030125,0,0
USGS-07263150,105,0,34.97842126,-92.6484964,0,0
USGS-03553695,21,0,34.98036125,-84.08963309,0,0
USGS-03560000,1,0,34.98146919,-84.38659,0,0
USGS-03568595,45,2,34.9845198,-85.2994013,4.444444444,0
USGS-03499927,42,0,34.9848131,-83.3820999,0,0
USGS-02146000,152,0,34.98486935,-80.9739658,0,0
USGS-03560005,21,0,34.98508024,-84.38547889,0,0
USGS-345908106403010,9,4,34.985475,-106.6747833,44.44444444,1
USGS-03568550,46,0,34.98646438,-85.32690209,0,0
USGS-02383800,31,0,34.98813339,-84.6341006,0,0
USGS-03592890,42,6,34.990364,-88.2133733,14.28571429,1
USGS-07260020,116,4,34.9995366,-93.514635,3.448275862,0
USGS-03570525,42,0,35.0025787,-85.6210783,0,0
USGS-02384000,17,0,35.00952089,-84.7338274,0,0
USGS-03571850,57,0,35.011469,-85.6974703,0,0
USGS-07303400,97,2,35.01172,-99.9037143,2.06185567,0
USGS-07047907,446,2,35.01305556,-90.7205556,0.448430493,0
USGS-07229200,56,0,35.01396104,-97.3475281,0,0
USGS-03567510,12,0,35.014519,-85.2099545,0,0
USGS-02176912,14,0,35.01592238,-83.1265386,0,0
KOR00012,48,0,35.02055556,127.1166667,0,0
USGS-03588500,46,0,35.02412144,-87.5790326,0,0
USGS-03584500,7,0,35.02758336,-86.9477836,0,0
USGS-08330150,10,0,35.0283861,-106.6734639,0,0
USGS-07301790,5,0,35.03449964,-99.4839776,0,0
USGS-07301810,5,0,35.03449979,-99.4311979,0,0
USGS-07077555,117,0,35.03555556,-91.3225,0,0
USGS-07301880,5,0,35.0372776,-99.39953,0,0
USGS-07047947,123,9,35.03888889,-90.9111111,7.317073171,1
USGS-07301900,5,0,35.04366639,-99.398419,0,0
USGS-350249106404810,14,0,35.0469222,-106.6799056,0,0
USGS-07301780,4,0,35.048666,-99.5003672,0,0
USGS-07301950,4,0,35.0531107,-99.3711958,0,0
USGS-07301750,5,0,35.05505514,-99.3720292,0,0
USGS-07263240,119,9,35.0589748,-92.4412679,7.56302521,1
USGS-03593005,135,0,35.06508479,-88.2522621,0,0
USGS-0210382103,17,0,35.06877485,-78.8961369,0,0
USGS-07077545,26,0,35.07147888,-91.3631839,0,0
USGS-07260640,108,0,35.07416667,-93.2,0,0
USGS-08343500,58,0,35.0744111,-107.7511139,0,0
USGS-03562551,23,0,35.0770217,-84.4829832,0,0
USGS-07261260,213,0,35.0772222,-92.5397222,0,0
USGS-03566428,12,0,35.0789628,-85.0682842,0,0
USGS-07326500,47,0,35.08422846,-98.2433849,0,0
USGS-07259800,3,0,35.084535,-93.5182451,0,0
USGS-0210382068,18,0,35.08544106,-78.9230822,0,0
USGS-0210382050,19,0,35.08877434,-78.9239156,0,0
USGS-02153500,47,0,35.08901789,-81.5720384,0,0
USGS-08330000,158,0,35.08916667,-106.6806944,0,0
USGS-08329700,7,0,35.09388889,-106.6236111,0,0
USGS-350547106411610,7,0,35.0964348,-106.6883597,0,0
USGS-03564500,33,0,35.09689239,-84.6543742,0,0
USGS-0210382035,18,0,35.10127415,-78.9280823,0,0
USGS-02145531,46,0,35.1018096,-81.0395204,0,0
USGS-03566510,58,0,35.1031277,-85.22967869,0,0
USGS-02154790,26,0,35.1065051,-82.1295549,0,0
USGS-07258500,217,4,35.10694444,-93.9236111,1.843317972,0
USGS-08329800,6,0,35.1069904,-106.6055803,0,0
USGS-0210382026,18,0,35.10905169,-78.9433606,0,0
USGS-02092162,52,1,35.10944444,-77.03277778,1.923076923,0
USGS-02155500,36,0,35.10984144,-81.9595507,0,0
USGS-02155000,8,0,35.11261837,-81.9873292,0,0
USGS-03584220,12,0,35.11341485,-87.0025073,0,0
USGS-07261250,116,0,35.1147222,-92.5247222,0,0
USGS-07327065,7,0,35.1167288,-98.12366,0,0
USGS-08349800,25,0,35.11920834,-107.3331007,0,0
USGS-0210382000,18,0,35.1193293,-78.9455828,0,0
USGS-02154500,36,0,35.12095166,-81.9859403,0,0
MAR00007,11,1,35.12166667,-2.3655556,9.090909091,1
410203,4,0,35.12320621,-2.343186959,0,0
USGS-07260660,225,0,35.12397384,-92.786555,0,0
USGS-07032010,10,0,35.1250911,-90.1592605,0,0
USGS-07077530,27,1,35.12620009,-91.343739,3.703703704,0
USGS-03566633,12,0,35.12923828,-85.2155119,0,0
USGS-07259650,3,0,35.13231208,-93.54685659,0,0
USGS-03582000,16,0,35.1345274,-86.5397166,0,0
USGS-07259600,3,0,35.1345345,-93.5851912,0,0
USGS-03588400,12,0,35.13463096,-87.5291077,0,0
USGS-03582500,11,0,35.1361937,-86.5874956,0,0
USGS-350812106412010,3,0,35.1367113,-106.6894712,0,0
USGS-07047942,590,16,35.1447222,-90.8780556,2.711864407,0
USGS-07261235,5,1,35.15591726,-92.3995998,20,1
USGS-07260620,117,14,35.1600875,-93.2924023,11.96581197,1
USGS-07077524,26,0,35.16092177,-91.3076272,0,0
USGS-07249400,423,5,35.1625,-94.4069444,1.182033097,0
USGS-07301500,78,0,35.16810838,-99.5073128,0,0
USGS-03555700,8,0,35.16813344,-84.3168662,0,0
USGS-02153456,50,0,35.17138889,-81.5158333,0,0
USGS-02152622,51,0,35.18068275,-81.6192616,0,0
USGS-08329928,8,0,35.182,-106.6519444,0,0
USGS-09396100,8,0,35.18224625,-109.4470509,0,0
USGS-07327050,19,1,35.18922707,-98.1764397,5.263157895,1
USGS-07327055,18,0,35.18922748,-98.1267163,0,0
USGS-03580750,38,11,35.1923053,-86.2811006,28.94736842,1
USGS-07250588,4,0,35.19426039,-94.2507661,0,0
USGS-08329900,11,0,35.19805556,-106.5997222,0,0
USGS-351153106383510,8,0,35.19809849,-106.6436375,0,0
USGS-03571200,1,0,35.1981295,-85.5085763,0,0
USGS-07077510,32,0,35.198699,-91.2351256,0,0
USGS-03557405,27,0,35.20507388,-84.6527136,0,0
USGS-03571000,15,0,35.20657915,-85.4970983,0,0
USGS-07077520,26,1,35.21258738,-91.30346039,3.846153846,0
USGS-02154020,50,0,35.21622569,-82.1809465,0,0
USGS-03566404,16,0,35.22090439,-85.0866201,0,0
USGS-07230000,40,0,35.22173637,-97.2139165,0,0
USGS-07258000,262,0,35.2261111,-93.1494444,0,0
USGS-07258015,84,0,35.22869607,-93.143786,0,0
USGS-03557050,21,0,35.2400731,-84.5635433,0,0
USGS-07257995,13,1,35.247307,-93.1732311,7.692307692,1
USGS-07260675,114,6,35.25452697,-92.894057,5.263157895,1
USGS-07076632,115,0,35.25536294,-91.6762472,0,0
USGS-07301300,26,0,35.2642163,-100.2417855,0,0
USGS-07242000,145,0,35.2656454,-96.2061167,0,0
USGS-07076634,101,0,35.2675,-91.6397222,0,0
USGS-07077500,350,1,35.2697222,-91.2363889,0.285714286,0
USGS-07076626,87,0,35.27008474,-91.7073594,0,0
USGS-03565414,8,0,35.27423985,-84.7529962,0,0
USGS-07229460,4,0,35.27617734,-97.3919772,0,0
JPN00011,420,0,35.27944444,136.7186111,0,0
USGS-07241750,18,4,35.28145995,-96.9708561,22.22222222,1
USGS-351654109125201,1,0,35.28169137,-109.2150948,0,0
USGS-03579100,63,0,35.28606458,-86.1054356,0,0
USGS-07256040,64,0,35.2923104,-93.7379732,0,0
USGS-07074850,103,0,35.29444444,-91.3941667,0,0
USGS-03566000,7,0,35.29514804,-84.759955,0,0
USGS-02142808,23,0,35.29624997,-81.0075745,0,0
USGS-07256046,79,12,35.3098101,-93.7438066,15.18987342,1
USGS-351921106332710,8,0,35.3225391,-106.5580819,0,0
USGS-09395650,1,0,35.32780194,-109.0700908,0,0
USGS-07241700,3,0,35.33284788,-96.9600233,0,0
USGS-0214267000,31,0,35.343194,-80.9534073,0,0
USGS-07249440,92,5,35.34537016,-94.452716,5.434782609,1
USGS-0214266250,31,0,35.3487498,-80.9247957,0,0
USGS-0214267200,31,1,35.3504158,-80.9722966,3.225806452,0
USGS-0214266045,24,0,35.3595829,-80.9231292,0,0
USGS-03570835,7,0,35.3597242,-85.37222,0,0
USGS-03518500,33,0,35.3620163,-84.2790141,0,0
USGS-0214264900,17,0,35.36402659,-80.974519,0,0
JPN00007,351,0,35.37222222,139.375,0,0
USGS-0214266024,18,1,35.37291566,-80.9450741,5.555555556,1
USGS-07047700,103,0,35.3748072,-90.4681587,0,0
USGS-07227140,180,0,35.39005137,-103.0438341,0,0
USGS-08329000,33,0,35.39041667,-106.5346111,0,0
USGS-07249455,144,0,35.3917577,-94.4324373,0,0
JPN00010,420,0,35.395,136.9636111,0,0
USGS-02102500,63,0,35.4061111,-78.8133333,0,0
USGS-07257690,118,0,35.4109156,-93.1337856,0,0
USGS-0214264800,17,0,35.42763648,-80.9564638,0,0
USGS-11194000,5,0,35.43162386,-118.9462092,0,0
USGS-03512468,4,0,35.4317632,-83.41432369,0,0
USGS-08319000,267,0,35.4445833,-106.4398333,0,0
USGS-07257500,34,0,35.46638889,-93.0411111,0,0
USGS-07227500,298,1,35.4703261,-101.879628,0.33557047,0
USGS-07252406,221,0,35.47258526,-93.812974,0,0
USGS-03597850,71,0,35.47340627,-86.4638828,0,0
USGS-07241000,398,3,35.47866848,-97.6633752,0.753768844,0
USGS-07076200,111,0,35.49007907,-91.9734808,0,0
USGS-07250000,38,0,35.49453306,-94.4496592,0,0
USGS-03604000,129,0,35.49590598,-87.8328037,0,0
USGS-07241550,853,7,35.5003412,-97.1939194,0.82063306,0
USGS-07242200,2,0,35.5017248,-97.583096,0,0
USGS-07257006,118,0,35.5058333,-93.1813889,0,0
JPN00009,157,0,35.50666667,137.5027778,0,0
USGS-07241503,33,0,35.50783814,-97.4233701,0,0
USGS-07240200,45,0,35.5145007,-97.6636534,0,0
USGS-07227470,59,0,35.51893636,-102.2601957,0,0
USGS-07047500,62,0,35.5223041,-90.424269,0,0
USGS-09395500,1,0,35.5291893,-108.7453622,0,0
USGS-07252030,107,0,35.5361964,-94.0368689,0,0
USGS-07245090,4,0,35.5373168,-94.971064,0,0
USGS-07324400,60,1,35.5389379,-99.1698128,1.666666667,0
USGS-07047590,11,0,35.54035936,-90.2906534,0,0
USGS-02084472,51,0,35.5433333,-77.0619444,0,0
USGS-07228500,140,0,35.54366175,-98.3178388,0,0
USGS-03518210,16,0,35.54536005,-84.0504625,0,0
USGS-07245485,2,0,35.55370338,-94.8085583,0,0
USGS-07047575,11,0,35.55424794,-90.2489853,0,0
USGS-07239500,62,0,35.56310656,-97.9575498,0,0
USGS-07241520,396,1,35.5656147,-97.367258,0.252525253,0
USGS-353357098220901,5,0,35.56588354,-98.3695079,0,0
USGS-02090625,43,0,35.5707152,-77.8794272,0,0
USGS-07198000,168,5,35.5731511,-95.0688458,2.976190476,0
USGS-07047560,11,0,35.57674738,-90.2492632,0,0
USGS-07245470,5,0,35.58036999,-94.8266147,0,0
USGS-07228360,5,0,35.59116125,-98.5167362,0,0
USGS-07047585,10,0,35.59785795,-90.2698196,0,0
USGS-07074500,127,0,35.60527778,-91.2888889,0,0
USGS-07197490,2,0,35.6103726,-95.0177326,0,0
USGS-07047570,9,0,35.61174646,-90.1600938,0,0
USGS-03594439,12,0,35.61368129,-88.2733742,0,0
USGS-07197455,3,0,35.6162051,-94.9632862,0,0
USGS-07239450,435,1,35.6169933,-98.0653316,0.229885057,0
USGS-08317400,67,0,35.618,-106.3239444,0,0
USGS-03448800,13,0,35.61892778,-82.30781389,0,0
USGS-02102049,29,0,35.61931765,-79.094183,0,0
JPN00028,177,0,35.61944444,139.2025,0,0
USGS-03543005,100,0,35.62034945,-84.783277,0,0
USGS-07316430,11,0,35.62476987,-99.8973339,0,0
USGS-03599482,64,0,35.62618239,-87.0202827,0,0
USGS-02098206,25,0,35.6322222,-79.06,0,0
USGS-07249703,32,0,35.63425208,-94.4052137,0,0
USGS-07197450,2,0,35.6375938,-94.9607862,0,0
USGS-07074491,32,0,35.6395233,-91.3154072,0,0
USGS-07242530,3,0,35.641732,-96.891969,0,0
USGS-07074490,96,0,35.64202325,-91.323463,0,0
USGS-07061105,217,0,35.6434119,-91.4617999,0,0
USGS-07245430,2,0,35.64508997,-94.7393903,0,0
USGS-07197475,1,0,35.64648397,-95.0471782,0,0
USGS-07242350,236,0,35.64727889,-97.3600365,0,0
USGS-07074990,227,0,35.651744,-92.32237799,0,0
USGS-08380500,17,0,35.65199444,-105.3188306,0,0
USGS-07249865,3,1,35.6528655,-94.6227204,33.33333333,1
USGS-07249850,5,0,35.65314328,-94.621887,0,0
USGS-07221500,161,0,35.6548333,-104.3786111,0,0
USGS-07324200,37,0,35.65643696,-99.3062086,0,0
USGS-03594415,9,0,35.6595139,-88.4169918,0,0
USGS-08324000,84,0,35.6619833,-106.7434389,0,0
USGS-03497300,74,0,35.66453328,-83.7112821,0,0
USGS-03460000,233,0,35.6672222,-83.0727778,0,0
USGS-07159639,146,0,35.6672744,-97.5961538,0,0
USGS-07159640,3,0,35.6681077,-97.5964316,0,0
USGS-07159630,7,0,35.6692187,-97.6028206,0,0
USGS-08379187,10,0,35.6719817,-105.4666806,0,0
USGS-07243500,133,0,35.6739876,-96.0686077,0,0
USGS-07197440,3,0,35.67675959,-94.9268965,0,0
USGS-07159645,8,0,35.6819962,-97.5911538,0,0
KOR00011,48,0,35.68666667,127.2847222,0,0
USGS-07197465,1,0,35.68703896,-95.019955,0,0
USGS-08379178,12,0,35.68892538,-105.4808477,0,0
USGS-08380090,16,0,35.6894839,-105.3761234,0,0
USGS-08379175,12,0,35.6925358,-105.5027926,0,0
USGS-08379185,11,0,35.6955919,-105.4797366,0,0
USGS-08380000,17,0,35.6961493,-105.4161242,0,0
USGS-07061094,32,0,35.70091106,-91.55541389,0,0
USGS-07242500,3,0,35.70228675,-96.8891917,0,0
USGS-08379182,10,0,35.70336936,-105.4852923,0,0
USGS-08380075,17,0,35.71087127,-105.4161243,0,0
USGS-07074675,11,6,35.71285527,-91.1856819,54.54545455,1
USGS-08379940,17,0,35.7222573,-105.501126,0,0
USGS-07197430,3,0,35.72453829,-94.9918986,0,0
USGS-07197380,2,0,35.72814628,-94.8374497,0,0
USGS-07197400,2,0,35.7292587,-94.9041183,0,0
USGS-354347078401501,1,0,35.72955,-78.6709583,0,0
USGS-354349078402801,1,0,35.7302,-78.6744,0,0
USGS-0208762755,18,0,35.7307,-78.6702,0,0
USGS-354355078401401,1,0,35.73186667,-78.6705833,0,0
USGS-0208762750,19,0,35.73194444,-78.6761111,0,0
USGS-11187000,131,0,35.7543954,-118.4234182,0,0
USGS-07228310,5,0,35.75477037,-98.6856373,0,0
USGS-07228330,5,0,35.7567143,-98.641191,0,0
USGS-07197420,2,0,35.75953755,-94.9666203,0,0
USGS-07061000,70,1,35.76027778,-91.6411111,1.428571429,0
USGS-07228320,5,0,35.76476996,-98.6692479,0,0
USGS-07194500,39,0,35.7695432,-95.2971867,0,0
USGS-07228300,5,0,35.7714365,-98.6750816,0,0
USGS-09404200,124,0,35.7735994,-113.363544,0,0
USGS-03460766,55,0,35.7756542,-83.1001482,0,0
USGS-07159720,110,4,35.7767158,-97.5461539,3.636363636,0
USGS-03469122,12,0,35.777038,-83.4057156,0,0
USGS-08377900,161,0,35.77711389,-105.6580278,0,0
USGS-09401110,5,0,35.78069444,-110.9304167,0,0
USGS-07074665,11,6,35.78785374,-91.1204025,54.54545455,1
USGS-03499510,52,1,35.7917444,-84.2432514,1.923076923,0
USGS-07197350,5,0,35.79286805,-94.8424506,0,0
USGS-07077660,218,10,35.79305556,-90.8375,4.587155963,0
USGS-07077400,104,1,35.79674237,-90.9817873,0.961538462,0
KOR00010,48,0,35.79888889,127.5191667,0,0
USGS-07197100,2,0,35.81203578,-94.8991191,0,0
USGS-03604500,27,0,35.8128429,-87.7975247,0,0
USGS-07159750,120,17,35.81366006,-97.478097,14.16666667,1
USGS-03461000,11,0,35.81461737,-83.1446844,0,0
USGS-07197330,3,0,35.81870098,-94.8321729,0,0
USGS-07197250,2,0,35.81897567,-94.6860573,0,0
USGS-07074660,16,7,35.81951977,-91.084846,43.75,1
USGS-07040450,492,0,35.8208333,-90.4325,0,0
USGS-07165570,80,0,35.82277778,-95.6377778,0,0
USGS-02141245,22,0,35.8254078,-81.6359306,0,0
USGS-08321500,1,0,35.82752335,-106.6480908,0,0
USGS-07197280,3,0,35.82758817,-94.7552263,0,0
USGS-07197150,2,0,35.8350917,-94.924398,0,0
USGS-0214183365,22,0,35.84207604,-81.3617551,0,0
USGS-07197220,3,0,35.84369815,-94.7074471,0,0
USGS-07197130,5,0,35.84453626,-94.9318983,0,0
USGS-07197300,5,0,35.8450888,-94.7913387,0,0
USGS-0214192500,22,0,35.84596517,-81.2792522,0,0
USGS-07046500,141,3,35.8472964,-90.1223154,2.127659574,0
USGS-07196520,27,0,35.85314696,-94.915509,0,0
USGS-07047400,102,0,35.85840739,-90.0467573,0,0
USGS-07197080,45,0,35.8689798,-94.8980088,0,0
USGS-09421900,2,0,35.86942889,-114.6619215,0,0
USGS-03602500,12,0,35.87126266,-87.5014044,0,0
USGS-08313000,396,0,35.8745,-106.1424444,0,0
USGS-07196955,3,0,35.87563944,-94.5696648,0,0
USGS-09401200,39,0,35.8777729,-111.4118096,0,0
USGS-07196900,395,1,35.88,-94.4863889,0.253164557,0
USGS-07197070,5,0,35.88009024,-94.8702304,0,0
USGS-03535912,134,0,35.8853552,-84.3007558,0,0
USGS-03454500,8,0,35.88991667,-82.821,0,0
USGS-07074645,11,0,35.8939627,-91.0690122,0,0
USGS-07196508,4,0,35.89675905,-94.9744003,0,0
USGS-07196504,4,0,35.89759229,-94.9705113,0,0
USGS-02081141,54,0,35.8976613,-76.7299443,0,0
USGS-07029150,102,0,35.90090817,-89.76008119,0,0
USGS-07060680,9,0,35.9100738,-92.1651533,0,0
USGS-07074345,6,0,35.91257368,-91.250407,0,0
USGS-07197020,3,0,35.91370044,-94.8393966,0,0
USGS-07196930,2,0,35.91508298,-94.5418862,0,0
USGS-07196958,5,0,35.9173068,-94.6188336,0,0
USGS-07074340,6,0,35.91868467,-91.3451319,0,0
USGS-07160000,51,0,35.9206023,-97.4258746,0,0
USGS-03454757,46,0,35.9206567,-82.9590365,0,0
USGS-07197000,354,0,35.9216222,-94.8372472,0,0
USGS-07056507,21,0,35.92229769,-92.7057205,0,0
USGS-07196961,5,0,35.9234178,-94.6155002,0,0
USGS-07196500,388,0,35.9255472,-94.9217028,0,0
USGS-09402000,14,0,35.9263819,-111.5673682,0,0
USGS-03603000,33,0,35.93006336,-87.7430786,0,0
USGS-03470025,6,0,35.9312,-83.5868374,0,0
USGS-07228000,210,0,35.935042,-100.3706884,0,0
USGS-07060700,16,0,35.93590657,-92.1215415,0,0
USGS-03470210,3,0,35.94175434,-83.6557288,0,0
USGS-07196490,18,0,35.94286858,-94.9160659,0,0
USGS-07196967,4,0,35.94425196,-94.6627244,0,0
USGS-11186000,10,0,35.94522615,-118.4775862,0,0
USGS-07196970,2,0,35.9461969,-94.6871698,0,0
USGS-07159100,47,0,35.95170756,-97.9144994,0,0
USGS-07196973,21,0,35.95480814,-94.6963369,0,0
USGS-07196982,2,0,35.9550871,-94.7527279,0,0
USGS-07047983,14,0,35.95619044,-93.9771427,0,0
USGS-07161000,293,2,35.9575563,-97.031975,0.682593857,0
USGS-07196964,5,0,35.95869577,-94.6380013,0,0
USGS-03461500,22,0,35.96065267,-83.1743237,0,0
USGS-03468510,43,9,35.9612005,-83.5387809,20.93023256,1
USGS-07196979,1,0,35.96314209,-94.7282827,0,0
USGS-07196470,1,0,35.9656451,-94.8677315,0,0
USGS-07196988,5,0,35.9661985,-94.769673,0,0
USGS-07196400,18,0,35.96731274,-94.9110661,0,0
USGS-07024181,22,0,35.9736846,-89.7253582,0,0
USGS-03538618,13,0,35.9742341,-85.0485696,0,0
USGS-07196380,3,0,35.97703518,-94.9235666,0,0
USGS-03455000,36,0,35.98151389,-83.1612083,0,0
USGS-07056000,351,0,35.98305556,-92.7472222,0,0
USGS-03540500,16,0,35.9831307,-84.557992,0,0
USGS-07196440,1,0,35.98592297,-94.8771765,0,0
USGS-07194780,8,0,35.98897007,-94.3340999,0,0
USGS-07060710,487,0,35.99166667,-92.2138889,0,0
USGS-07046535,30,0,35.9917388,-89.8739741,0,0
USGS-07194746,7,0,35.99174776,-94.2935426,0,0
USGS-07194781,7,0,35.99341449,-94.3340999,0,0
USGS-07195455,5,0,35.99702646,-94.5271638,0,0
USGS-07196410,10,1,35.99842334,-94.8977328,10,1
USGS-07194749,4,0,36.005081,-94.3029874,0,0
USGS-07194783,10,0,36.0081366,-94.3488227,0,0
USGS-03495500,107,0,36.0156395,-83.8315703,0,0
USGS-07047985,14,0,36.01619059,-94.06659,0,0
USGS-071947887,5,1,36.01952545,-94.3738238,20,1
USGS-07194787,8,0,36.02230318,-94.3624344,0,0
USGS-07194753,6,0,36.0253586,-94.3210437,0,0
USGS-03534900,11,0,36.0256348,-84.1674183,0,0
USGS-07074100,222,0,36.02784927,-91.3254098,0,0
USGS-07196985,3,0,36.02814138,-94.7252271,0,0
USGS-09367680,3,0,36.0283722,-107.9189806,0,0
USGS-07194788,3,0,36.02841424,-94.36604559,0,0
USGS-071947889,3,1,36.0298031,-94.3677123,33.33333333,1
USGS-071947893,5,0,36.03591415,-94.3566007,0,0
USGS-03606500,12,0,36.0369824,-88.2291202,0,0
USGS-07196300,1,0,36.03814509,-94.8991215,0,0
USGS-071947894,7,0,36.04424739,-94.3524338,0,0
USGS-02053652,74,0,36.0479377,-76.69466808,0,0
USGS-07194756,3,0,36.049525,-94.3165989,0,0
USGS-07194759,4,0,36.05119164,-94.3096542,0,0
USGS-07060590,77,0,36.05368166,-91.9162598,0,0
USGS-07048550,377,1,36.05388889,-94.0830556,0.265251989,0
USGS-07194760,18,0,36.05452496,-94.3185434,0,0
USGS-071947895,1,0,36.0548028,-94.3504892,0,0
USGS-071947899,7,0,36.0584139,-94.3504892,0,0
USGS-03494900,20,0,36.05841887,-83.7046226,0,0
USGS-07194763,1,0,36.05952489,-94.3115987,0,0
USGS-07160500,46,0,36.06004045,-97.5850471,0,0
USGS-03538840,11,0,36.06173537,-84.961621,0,0
USGS-03466500,43,0,36.06562706,-82.86644949,0,0
USGS-07194766,3,0,36.0670249,-94.3382664,0,0
USGS-07196260,1,0,36.0681443,-94.882454,0,0
USGS-07194790,7,0,36.07008046,-94.3485446,0,0
USGS-02085070,29,0,36.0722222,-78.9077778,0,0
USGS-07048600,236,0,36.07305556,-94.0811111,0,0
USGS-07194767,1,0,36.07313598,-94.3463223,0,0
USGS-02043913,14,0,36.07527778,-76.4219444,0,0
USGS-07194791,2,0,36.07535818,-94.3463223,0,0
USGS-07239000,45,0,36.07698408,-98.59675,0,0
USGS-03539900,14,0,36.08229806,-84.5763276,0,0
USGS-07196200,1,0,36.08258738,-94.8288411,0,0
USGS-0209504600,8,0,36.0895797,-79.6883612,0,0
USGS-07046250,317,0,36.09034625,-90.0798153,0,0
USGS-07074595,11,2,36.09062528,-90.9387308,18.18181818,1
USGS-07196190,19,0,36.09453169,-94.8299522,0,0
USGS-03534612,11,0,36.0959126,-84.1324186,0,0
USGS-0209505100,6,0,36.09624638,-79.6858612,0,0
USGS-07196100,2,0,36.09647485,-94.7735614,0,0
USGS-03424010,5,1,36.09783778,-85.8272071,20,1
USGS-0209527100,8,0,36.09791315,-79.7825309,0,0
USGS-09419753,2,0,36.100375,-114.9433194,0,0
USGS-09402500,37,0,36.10137176,-112.0862795,0,0
USGS-07072500,206,0,36.1025,-91.0977778,0,0
USGS-07194800,382,1,36.10305556,-94.3444444,0.261780105,0
USGS-07158400,46,0,36.1030923,-98.193678,0,0
USGS-07194820,7,0,36.1034134,-94.3363217,0,0
USGS-07048800,198,0,36.10416667,-94.0075,0,0
USGS-07196090,281,0,36.1042527,-94.7827283,0,0
USGS-0209531600,7,0,36.10513527,-79.7644748,0,0
USGS-07048700,488,22,36.1058333,-94.0111111,4.508196721,0
USGS-07196080,2,0,36.10591899,-94.7655055,0,0
USGS-07195485,4,0,36.1064708,-94.5649422,0,0
USGS-07196180,1,0,36.1081425,-94.8257852,0,0
USGS-07195430,290,0,36.1086111,-94.5333333,0,0
USGS-0209533500,6,0,36.1087463,-79.7475297,0,0
USGS-07194821,3,0,36.1106356,-94.3468777,0,0
USGS-0209509100,13,1,36.11263524,-79.6716943,7.692307692,1
USGS-03538500,13,0,36.1128533,-84.6149405,0,0
USGS-07164400,110,0,36.11342146,-96.1138908,0,0
USGS-03535000,12,0,36.11441319,-83.9881737,0,0
USGS-0209391880,8,0,36.1173581,-79.8917018,0,0
USGS-0209395900,7,0,36.11902466,-79.869201,0,0
USGS-02095500,10,0,36.12055556,-79.7080556,0,0
USGS-09419800,153,0,36.12219816,-114.904992,0,0
USGS-07196160,3,0,36.12230858,-94.80634,0,0
USGS-07195409,6,0,36.1225809,-94.516329,0,0
USGS-07195550,2,0,36.1225832,-94.6449452,0,0
USGS-03534100,11,0,36.122857,-84.114363,0,0
USGS-07048980,123,5,36.1236865,-93.734081,4.06504065,0
USGS-07194810,83,0,36.1281342,-94.1657598,0,0
USGS-07195500,426,1,36.13008185,-94.5721645,0.234741784,0
USGS-03468050,12,0,36.1306495,-83.2632216,0,0
USGS-02043884,14,0,36.1308333,-76.2136111,0,0
USGS-07194813,8,0,36.13452335,-94.2024276,0,0
USGS-07195498,2,0,36.13452619,-94.5685532,0,0
USGS-07194824,7,0,36.1348021,-94.3582669,0,0
USGS-07194825,2,0,36.13702429,-94.3579891,0,0
USGS-0209399200,8,0,36.13777778,-79.86,0,0
USGS-0209387800,8,0,36.14096925,-79.912536,0,0
USGS-0208521324,73,0,36.14166667,-78.9191667,0,0
USGS-07195600,3,1,36.1431394,-94.6949469,33.33333333,1
USGS-07195570,2,0,36.1439724,-94.6752239,0,0
USGS-07195400,131,0,36.1447222,-94.4947222,0,0
USGS-0208524088,11,0,36.1522222,-78.9025,0,0
USGS-0209555450,8,0,36.15319068,-79.6139154,0,0
USGS-07195580,1,0,36.15341706,-94.6938356,0,0
USGS-03494550,10,0,36.15980844,-83.6001786,0,0
USGS-07178620,171,0,36.162043,-95.6188679,0,0
USGS-07195372,3,0,36.1648022,-94.4368811,0,0
USGS-03493510,62,14,36.16619944,-83.49934249,22.58064516,1
USGS-07195368,8,0,36.16646887,-94.434381,0,0
USGS-07195374,2,0,36.16869109,-94.4357699,0,0
USGS-07195359,4,0,36.16896869,-94.404102,0,0
USGS-02093800,20,0,36.1725,-79.9527778,0,0
USGS-0209411700,6,0,36.1726355,-79.8386448,0,0
USGS-02094500,8,0,36.17305556,-79.6141667,0,0
USGS-07195383,9,0,36.17341335,-94.4504927,0,0
USGS-07196040,19,0,36.17369509,-94.7230032,0,0
USGS-07195610,19,0,36.1739728,-94.7207809,0,0
USGS-07194830,45,0,36.1756352,-94.3924348,0,0
USGS-0209560800,10,0,36.17902388,-79.57641469,0,0
USGS-07195356,7,0,36.18007969,-94.4018796,0,0
USGS-03467500,7,0,36.1803731,-83.17544209,0,0
JPN00003,381,0,36.18055556,139.475,0,0
USGS-02085500,204,0,36.18277778,-78.87888889,0,0
USGS-07238000,82,0,36.18337277,-98.9212057,0,0
USGS-07196000,347,0,36.18647245,-94.7068913,0,0
USGS-07196030,3,0,36.18675024,-94.7082802,0,0
USGS-07195226,4,0,36.18813479,-94.3371547,0,0
USGS-07050206,14,0,36.18944444,-93.6513889,0,0
USGS-07069513,4,0,36.19006859,-91.2231854,0,0
USGS-07195350,10,0,36.1911906,-94.3882679,0,0
USGS-07195862,7,0,36.19313675,-94.564108,0,0
USGS-07195229,4,0,36.19396816,-94.35159969,0,0
USGS-07195219,10,0,36.1967458,-94.337988,0,0
USGS-07195860,102,0,36.19730369,-94.5835532,0,0
USGS-07069515,4,0,36.19840168,-91.176795,0,0
USGS-07049000,188,0,36.2,-93.855,0,0
USGS-07195340,2,0,36.20035718,-94.3835454,0,0
USGS-07195210,3,0,36.2006346,-94.3252097,0,0
USGS-07195865,186,0,36.20174844,-94.6052207,0,0
USGS-07195023,3,0,36.20230125,-94.326043,0,0
USGS-07178400,25,0,36.2039865,-95.761651,0,0
USGS-07195950,3,0,36.2073053,-94.6935572,0,0
USGS-07195003,5,0,36.21007885,-94.3107646,0,0
USGS-07195930,9,0,36.2100829,-94.684668,0,0
USGS-361246094095200,6,0,36.21285525,-94.1646485,0,0
USGS-07060010,110,0,36.21340204,-92.2818229,0,0
USGS-07194907,9,0,36.21368854,-94.1618707,0,0
USGS-03533000,39,8,36.21563417,-84.0821418,20.51282051,1
USGS-07195855,192,0,36.2161111,-94.6052778,0,0
USGS-07194908,11,0,36.2167222,-94.1731944,0,0
USGS-07194909,9,0,36.21702196,-94.1729821,0,0
USGS-07195853,2,0,36.21897045,-94.6021648,0,0
USGS-07195885,3,0,36.21924865,-94.6296659,0,0
USGS-07178040,18,0,36.22065047,-95.8586012,0,0
USGS-07195000,381,0,36.22194444,-94.2883333,0,0
USGS-07194911,9,0,36.2228554,-94.1893715,0,0
USGS-07055608,166,0,36.22305556,-92.6797222,0,0
USGS-07178200,17,0,36.2231514,-95.8194322,0,0
USGS-07057370,234,0,36.2236111,-92.3,0,0
USGS-07194919,2,0,36.2242443,-94.1943716,0,0
USGS-07069370,223,0,36.225068,-91.2509643,0,0
USGS-07194916,5,0,36.2250776,-94.1910382,0,0
USGS-07177700,22,0,36.2256482,-95.9447175,0,0
USGS-07191500,46,0,36.2295379,-95.182741,0,0
USGS-07195850,113,0,36.23146964,-94.5557741,0,0
USGS-07055565,127,0,36.23257134,-93.0912871,0,0
USGS-07194950,5,0,36.23257838,-94.2771521,0,0
USGS-07046000,2,0,36.23621944,-89.9769556,0,0
USGS-07044000,2,0,36.23633056,-89.9783778,0,0
USGS-07042000,2,0,36.23644167,-89.9808417,0,0
USGS-07046001,154,1,36.23645484,-89.9684244,0.649350649,0
USGS-07045000,2,0,36.23651667,-89.9794861,0,0
USGS-07041000,2,0,36.23654444,-89.9823583,0,0
USGS-07194921,1,0,36.23674439,-94.2138166,0,0
USGS-07055610,2,0,36.23729255,-92.6937768,0,0
USGS-07194929,1,0,36.23729997,-94.2165945,0,0
USGS-07235000,1,0,36.23864885,-100.2756889,0,0
USGS-07178050,147,3,36.23926154,-95.8480451,2.040816327,0
USGS-07194928,5,0,36.23979988,-94.2118721,0,0
USGS-07194931,9,0,36.2403556,-94.2257614,0,0
USGS-07194937,11,0,36.24063368,-94.2538178,0,0
USGS-07055611,2,0,36.24284788,-92.6759986,0,0
USGS-07194933,64,0,36.24377778,-94.2391389,0,0
USGS-07055569,126,0,36.24396,-93.0773979,0,0
USGS-07072100,223,0,36.24534507,-91.0848478,0,0
USGS-07194903,2,0,36.24535575,-94.2438175,0,0
USGS-07055600,51,0,36.2459041,-92.8346136,0,0
USGS-07178000,21,0,36.24870534,-95.867213,0,0
USGS-07177600,19,0,36.24925896,-95.9433287,0,0
USGS-02043650,13,0,36.25194444,-75.94138889,0,0
USGS-07069000,185,0,36.25416667,-90.9702778,0,0
USGS-07194900,2,0,36.25785548,-94.234095,0,0
USGS-03465633,10,0,36.2645501,-82.4995909,0,0
USGS-07194890,9,0,36.2656332,-94.2377063,0,0
USGS-07194885,9,0,36.27618859,-94.2338173,0,0
USGS-09367930,1,0,36.27648889,-108.2547583,0,0
USGS-03481450,24,0,36.27706604,-81.9901186,0,0
USGS-07177500,40,0,36.27842534,-95.954162,0,0
USGS-07191335,3,0,36.27925668,-95.0771824,0,0
USGS-07194880,33,0,36.2814662,-94.2279838,0,0
USGS-03418410,5,0,36.28977666,-85.94415309,0,0
USGS-07057310,122,0,36.2922899,-92.37627,0,0
USGS-07068850,255,0,36.29867636,-90.858452,0,0
USGS-07194877,2,0,36.2989659,-94.2196504,0,0
USGS-02043862,25,0,36.30120278,-76.217225,0,0
USGS-07176000,26,0,36.3075,-95.6997222,0,0
USGS-07069266,145,0,36.3136111,-91.4827778,0,0
USGS-07069305,33,0,36.3136111,-91.4827778,0,0
USGS-07194855,8,0,36.31479869,-94.1899274,0,0
USGS-07191320,2,0,36.31508657,-94.9655123,0,0
USGS-07194854,8,0,36.31535419,-94.186594,0,0
USGS-07191275,10,0,36.3173059,-94.835785,0,0
USGS-07178490,8,0,36.32148519,-95.5788666,0,0
USGS-07191221,3,0,36.32230276,-94.6643896,0,0
USGS-03483950,45,0,36.33011325,-82.1259604,0,0
USGS-07191200,3,0,36.33063538,-94.6243881,0,0
USGS-07191220,241,0,36.3347222,-94.6413889,0,0
USGS-03483980,13,0,36.3415018,-82.1265162,0,0
USGS-07191179,147,0,36.3420235,-94.58772,0,0
USGS-0204343500,1,0,36.34293567,-75.9538114,0,0
USGS-07153000,27,0,36.34366537,-96.7994788,0,0
USGS-071912217,10,0,36.34452586,-94.7618936,0,0
USGS-07072000,31,0,36.34638889,-91.1141667,0,0
USGS-07050390,125,1,36.3486111,-93.5911111,0.8,0
USGS-07069295,215,0,36.3522222,-91.6336111,0,0
USGS-07191222,162,0,36.35535924,-94.7763388,0,0
USGS-07191280,7,0,36.363694,-94.8530086,0,0
USGS-07050420,102,0,36.3639592,-93.6074121,0,0
USGS-07054501,543,6,36.365,-92.575,1.104972376,0
USGS-07191270,12,0,36.3659152,-94.8071734,0,0
KOR00009,48,0,36.36833333,127.4786111,0,0
USGS-03482100,24,0,36.38317518,-81.92206258,0,0
USGS-07053207,26,0,36.38944444,-93.3158333,0,0
USGS-03532190,7,0,36.39285709,-84.1313146,0,0
USGS-07178483,10,1,36.39370624,-95.5071978,10,1
USGS-07178480,9,1,36.39426179,-95.5238649,11.11111111,1
USGS-07064000,142,0,36.40194444,-90.5413889,0,0
USGS-07188800,109,5,36.40729784,-94.2129842,4.587155963,0
USGS-07171400,46,0,36.42065028,-95.6844255,0,0
USGS-07049691,486,3,36.4208333,-93.8472222,0.617283951,0
USGS-03528000,48,0,36.425087,-83.3982345,0,0
USGS-07050500,357,0,36.4272222,-93.6208333,0,0
USGS-07053230,125,0,36.429511,-93.3062936,0,0
USGS-07077080,28,3,36.433671,-90.3584378,10.71428571,1
USGS-07237500,159,0,36.43670336,-99.2784383,0,0
USGS-07190500,46,0,36.4389742,-95.048573,0,0
USGS-07069268,31,0,36.4397865,-91.8290371,0,0
USGS-03486810,33,1,36.44065905,-82.4379221,3.03030303,0
USGS-07053250,271,0,36.45444444,-93.3561111,0,0
USGS-07040100,493,0,36.45555556,-90.1377778,0,0
USGS-07068600,37,2,36.4567278,-90.7256729,5.405405405,1
USGS-03490500,68,0,36.47204104,-82.8471068,0,0
USGS-07050000,108,0,36.47229276,-93.7654721,0,0
USGS-07189800,1,0,36.47480266,-94.8671773,0,0
USGS-07190025,2,0,36.47508326,-95.0038499,0,0
USGS-11222700,41,0,36.48495089,-119.5404054,0,0
USGS-07176500,48,0,36.48508798,-96.0602743,0,0
USGS-07069195,33,0,36.49339589,-91.532641,0,0
USGS-03487010,49,0,36.4981577,-82.50903728,0,0
USGS-07069170,33,0,36.5028401,-91.5254186,0,0
USGS-07188820,190,0,36.5028527,-94.2752089,0,0
USGS-07152500,225,0,36.50421677,-96.7283672,0,0
USGS-03478610,12,0,36.5073254,-82.2734694,0,0
USGS-07068560,11,0,36.5078377,-90.7048397,0,0
USGS-02050160,75,0,36.5084861,-76.908016,0,0
USGS-07175500,129,0,36.5089816,-95.8419306,0,0
USGS-02043410,2,0,36.5122222,-76.0866667,0,0
USGS-07188910,241,0,36.5122967,-94.4818832,0,0
USGS-03490350,17,0,36.516765,-82.7232148,0,0
USGS-02077300,49,0,36.51736257,-79.0280678,0,0
USGS-07069260,31,0,36.51784076,-91.7384797,0,0
KOR00008,48,0,36.51916667,128.4219444,0,0
USGS-02074002,45,0,36.52097156,-79.7525355,0,0
USGS-09419515,87,0,36.52247537,-114.4144229,0,0
USGS-03476010,41,3,36.52399888,-82.0904053,7.317073171,1
USGS-07050110,1,0,36.5322908,-93.7146377,0,0
USGS-02070500,44,0,36.53388889,-79.99138889,0,0
USGS-07189550,1,0,36.5392432,-94.7593955,0,0
USGS-02074218,88,0,36.5415273,-79.6055852,0,0
USGS-03532000,30,0,36.54214606,-83.6303312,0,0
USGS-363248087315200,2,0,36.5467158,-87.5311238,0,0
USGS-07189545,4,0,36.5478536,-94.7210605,0,0
USGS-03532050,12,0,36.54897057,-83.6651908,0,0
USGS-03403740,1,0,36.55008046,-84.0449261,0,0
USGS-09419505,2,0,36.5560858,-114.4433133,0,0
USGS-363324094502501,1,0,36.5567443,-94.8405103,0,0
USGS-02075045,11,0,36.56263889,-79.369744,0,0
USGS-02047370,37,0,36.56681864,-76.9444058,0,0
USGS-363408087290300,1,0,36.56893757,-87.484178,0,0
USGS-03527620,10,0,36.56953558,-83.0412794,0,0
USGS-07024070,13,0,36.57283874,-89.1989572,0,0
USGS-07152260,23,0,36.57809617,-97.0769848,0,0
USGS-07050152,6,0,36.58090188,-93.8338086,0,0
USGS-07188838,183,0,36.583962,-94.3732693,0,0
USGS-02077500,5,0,36.58791749,-78.8986204,0,0
USGS-07068540,26,0,36.59450274,-90.6951179,0,0
USGS-07188885,143,0,36.59927778,-94.4496389,0,0
USGS-02073600,11,0,36.60208226,-79.7769804,0,0
USGS-07188653,143,0,36.6158611,-94.1822222,0,0
USGS-02043270,3,0,36.6161111,-76.0491667,0,0
USGS-02043016,4,0,36.6175,-75.942,0,0
USGS-07068000,420,0,36.62200294,-90.8476225,0,0
USGS-07057500,228,0,36.62302778,-92.2481389,0,0
USGS-07189000,538,0,36.63146127,-94.5868886,0,0
USGS-07068510,165,1,36.63172367,-90.5753925,0.606060606,0
USGS-07071500,212,0,36.64869444,-91.2008333,0,0
USGS-09417400,2,0,36.6624723,-114.5749873,0,0
USGS-07188950,29,0,36.66257114,-94.5318865,0,0
USGS-07189100,238,0,36.67090486,-94.6041119,0,0
USGS-07042450,177,1,36.6739467,-89.4750758,0.564971751,0
USGS-09415230,59,0,36.67441886,-114.2991406,0,0
USGS-0204309906,1,0,36.69064444,-76.2123167,0,0
USGS-07148140,22,0,36.6933717,-96.930314,0,0
USGS-07053810,24,0,36.71775,-93.2068056,0,0
USGS-02043120,3,1,36.71792779,-76.100211,33.33333333,1
USGS-09364500,223,0,36.7225,-108.20175,0,0
USGS-09367950,63,0,36.72444488,-108.5914736,0,0
USGS-09415190,2,0,36.728863,-114.2274714,0,0
CHN00002,227,1,36.73333333,116.9833333,0.440528634,0
USGS-09367540,165,0,36.74027918,-108.4031354,0,0
USGS-07068380,26,1,36.74661667,-90.7358333,3.846153846,0
USGS-07052820,199,0,36.7506175,-93.6185264,0,0
USGS-07150500,72,0,36.75252938,-98.1289547,0,0
USGS-07157980,20,0,36.75503165,-99.1164899,0,0
USGS-07063000,44,0,36.7595833,-90.3881111,0,0
USGS-02071510,10,0,36.76402379,-80.273665,0,0
USGS-07188550,2,0,36.7681253,-94.691894,0,0
USGS-02071520,1,0,36.7681904,-80.2700535,0,0
USGS-07157960,36,0,36.7705872,-99.3670537,0,0
USGS-09367561,58,12,36.77333406,-108.4411926,20.68965517,1
USGS-07052800,48,0,36.77589527,-93.6860286,0,0
USGS-09368000,254,0,36.77666667,-108.6830556,0,0
USGS-07188570,2,0,36.77673617,-94.6793934,0,0
KOR00007,48,0,36.77722222,128.8872222,0,0
USGS-07054080,24,0,36.77963889,-92.9072778,0,0
USGS-07068300,26,0,36.78048056,-90.8003806,0,0
USGS-02072000,12,0,36.7806925,-80.0247647,0,0
USGS-07053900,140,0,36.78672544,-93.0615668,0,0
USGS-364718120221800,3,0,36.7882827,-120.3726692,0,0
USGS-11212423,6,0,36.79021886,-118.6698224,0,0
USGS-09415090,3,0,36.79027778,-114.093611,0,0
USGS-07185190,10,0,36.7978475,-94.7543961,0,0
USGS-07188180,13,0,36.80090297,-94.753007,0,0
USGS-07188520,1,0,36.8020136,-94.7007829,0,0
USGS-07052500,250,0,36.80538889,-93.4615833,0,0
USGS-11254000,8,0,36.8105046,-120.3782256,0,0
USGS-07152000,48,0,36.8114211,-97.277265,0,0
USGS-11221900,6,0,36.8168938,-119.383181,0,0
USGS-07148450,44,0,36.8216959,-98.3600733,0,0
USGS-07171000,44,0,36.85119615,-95.5860882,0,0
USGS-07157950,138,0,36.85197484,-99.315387,0,0
USGS-09380000,390,0,36.8643333,-111.5878722,0,0
USGS-365215094514001,2,1,36.87090336,-94.8613437,50,1
USGS-07057750,174,0,36.87116819,-92.4718309,0,0
USGS-11218500,137,0,36.87466959,-119.1417828,0,0
USGS-365230094514301,21,6,36.87506995,-94.862177,28.57142857,1
USGS-07174200,48,0,36.89507859,-95.9694266,0,0
USGS-365359094520401,12,0,36.89979177,-94.86801,0,0
USGS-07185095,55,0,36.90006955,-94.8682878,0,0
USGS-07188050,2,0,36.90201168,-94.7071708,0,0
USGS-365451094520401,5,3,36.9142359,-94.8680097,60,1
USGS-365522094521301,2,1,36.9228469,-94.8705096,50,1
USGS-365533094522801,11,6,36.92590246,-94.8746764,54.54545455,1
USGS-07173000,49,0,36.92701394,-96.085264,0,0
USGS-07185000,151,0,36.92868144,-94.9574574,0,0
USGS-365544094513201,1,0,36.9289577,-94.8591201,0,0
USGS-07188000,149,0,36.93451148,-94.7471711,0,0
USGS-07185090,41,0,36.94367956,-94.8532862,0,0
USGS-365637094511201,24,8,36.94367957,-94.853564,33.33333333,1
USGS-365732094504401,17,6,36.9589569,-94.8457856,35.29411765,1
USGS-365732094504400,18,7,36.9589569,-94.8457856,38.88888889,1
USGS-365744094503200,2,1,36.96229014,-94.842452,50,1
USGS-07052345,218,0,36.97488889,-93.3278889,0,0
USGS-07187980,1,0,36.9836765,-94.6918918,0,0
USGS-365956094510701,11,4,36.9989562,-94.8521739,36.36363636,1
USGS-09366500,60,0,36.99972239,-108.1886882,0,0
USGS-03314500,7,0,37.0028201,-86.432768,0,0
USGS-07170990,18,0,37.0053578,-95.5927549,0,0
USGS-07052250,435,10,37.0065833,-93.3646667,2.298850575,0
KOR00003,154,0,37.00833333,127.9816667,0,0
USGS-07187000,207,0,37.0205833,-94.51375,0,0
USGS-03438220,46,0,37.02172174,-88.2230852,0,0
USGS-07187600,104,0,37.0236757,-94.7210595,0,0
USGS-07157500,25,0,37.032528,-100.2112531,0,0
USGS-09363500,106,0,37.03656944,-107.8753333,0,0
USGS-07146500,167,1,37.0375083,-97.0392194,0.598802395,0
USGS-03609750,292,0,37.03783498,-88.5294898,0,0
USGS-07051600,258,0,37.07644165,-93.371023,0,0
USGS-08251500,313,0,37.0786111,-105.7569444,0,0
USGS-11247000,10,0,37.07911569,-119.5609712,0,0
KOR00006,50,0,37.07972222,128.485,0,0
USGS-07186195,5,0,37.09700489,-94.2866095,0,0
USGS-07021020,128,0,37.1088333,-90.025,0,0
USGS-07186500,1,0,37.11265,-94.5257222,0,0
USGS-07052160,68,0,37.11775,-93.4038611,0,0
USGS-07186180,5,0,37.11867098,-94.2579982,0,0
USGS-07186600,217,0,37.1211111,-94.5821389,0,0
USGS-370822120433500,3,0,37.1393887,-120.7274146,0,0
USGS-07186400,298,0,37.1406145,-94.3827238,0,0
USGS-07052152,257,0,37.14713889,-93.3754722,0,0
USGS-07052120,4,0,37.15363889,-93.3627778,0,0
USGS-07066000,67,0,37.1540833,-91.3581667,0,0
USGS-07186480,454,0,37.1556146,-94.6030068,0,0
USGS-11170000,1,0,37.1682777,-121.6496677,0,0
USGS-07052100,5,0,37.16852778,-93.3702778,0,0
USGS-07066110,282,0,37.172826,-91.3001333,0,0
USGS-07050690,48,0,37.17794444,-93.1983889,0,0
USGS-07185764,137,0,37.1836111,-94.2997222,0,0
USGS-07050680,6,0,37.1867153,-93.2015731,0,0
USGS-07052000,8,1,37.1869722,-93.3313333,12.5,1
USGS-03612500,397,0,37.2031076,-89.041737,0,0
USGS-05600150,159,1,37.20338338,-89.25813539,0.628930818,0
USGS-02056670,48,2,37.21958414,-79.798646,4.166666667,0
USGS-371317120464600,3,0,37.221331,-120.780475,0,0
USGS-07022000,568,0,37.2216,-89.462975,0,0
USGS-371321093161101,2,0,37.22254767,-93.2699092,0,0
USGS-02041650,954,0,37.2251505,-77.475263,0,0
USGS-03315520,6,0,37.2433803,-86.6894329,0,0
USGS-07186000,147,0,37.2456111,-94.5664167,0,0
USGS-11261100,119,0,37.24771864,-120.8521446,0,0
USGS-11162500,1,0,37.26077707,-122.3288602,0,0
USGS-07037300,169,0,37.26116219,-90.5065054,0,0
USGS-11262900,108,0,37.26244,-120.9065908,0,0
USGS-03308500,54,0,37.26944444,-85.8880556,0,0
USGS-07185920,1,0,37.2847222,-94.4163889,0,0
USGS-03171500,78,0,37.289569,-80.6167295,0,0
USGS-07020850,160,1,37.30188889,-89.518,0.625,0
USGS-02039500,65,0,37.3070965,-78.388607,0,0
USGS-11261500,65,0,37.3099386,-120.9310369,0,0
USGS-09372000,149,0,37.32415968,-109.015666,0,0
USGS-07061600,278,0,37.32504888,-90.7640093,0,0
USGS-11230540,5,0,37.32605417,-119.013451,0,0
USGS-06928900,23,0,37.3264368,-92.0071006,0,0
USGS-371954106134801,1,0,37.3316726,-106.2305868,0,0
USGS-372006120571701,19,0,37.3349378,-120.9557603,0,0
USGS-03612000,175,2,37.33644107,-88.923955,1.142857143,0
USGS-08236500,47,0,37.35278344,-106.2775324,0,0
USGS-372112106163901,7,0,37.35333899,-106.2780879,0,0
USGS-07126300,64,0,37.3564059,-103.9002383,0,0
USGS-11272000,86,0,37.3621602,-120.8504803,0,0
ESP00018,68,38,37.37,-5.9925,55.88235294,1
USGS-372219106345801,4,0,37.37195077,-106.5833707,0,0
USGS-372220106345701,3,0,37.37222854,-106.5830929,0,0
USGS-08236000,45,0,37.37472769,-106.3347558,0,0
USGS-372229106200301,7,0,37.37472769,-106.3347558,0,0
USGS-07036100,227,0,37.3845,-90.4738611,0,0
USGS-372309106335001,3,0,37.38583947,-106.564482,0,0
USGS-372338106325801,5,0,37.39389487,-106.5500377,0,0
USGS-03321100,6,0,37.39476706,-87.3052756,0,0
USGS-06918600,323,0,37.39865537,-93.4101947,0,0
USGS-372409106311701,10,0,37.40250568,-106.5219821,0,0
USGS-372414106311601,9,0,37.40389457,-106.5217044,0,0
USGS-372417106310801,7,0,37.40472788,-106.5194822,0,0
USGS-11274538,276,0,37.41354657,-121.0160412,0,0
USGS-02038850,146,0,37.41542434,-78.6358392,0,0
USGS-372545106350301,7,0,37.42917306,-106.5847609,0,0
USGS-11274550,20,0,37.43187949,-121.0138193,0,0
USGS-372606106363001,5,0,37.43500668,-106.6089279,0,0
USGS-11274554,30,0,37.43576816,-121.033542,0,0
USGS-02042500,366,1,37.43625765,-77.0608027,0.273224044,0
USGS-01677000,62,0,37.43820128,-76.7863497,0,0
USGS-06918440,47,0,37.44313889,-93.6848889,0,0
USGS-07061300,21,0,37.4501111,-90.8271111,0,0
USGS-03209500,21,0,37.4642676,-82.5262632,0,0
USGS-11274560,52,0,37.4643786,-121.0321537,0,0
USGS-03384450,200,8,37.4725833,-88.5476944,4,0
USGS-03213594,5,0,37.47483069,-82.0876291,0,0
USGS-09352900,219,0,37.47750126,-107.5436688,0,0
CHN00007,90,0,37.5,118.2333333,0,0
USGS-373048121093000,6,0,37.51326576,-121.1593798,0,0
USGS-11270900,14,0,37.5216029,-120.3324114,0,0
USGS-02037618,273,0,37.53153577,-77.4833181,0,0
USGS-02037700,24,0,37.53209106,-77.4344274,0,0
KOR00001,641,1,37.53333333,127.2833333,0.15600624,0
USGS-06917630,73,1,37.5353611,-94.5580833,1.369863014,0
USGS-01676000,45,0,37.5376444,-76.78829458,0,0
USGS-01673650,45,0,37.53792226,-76.8074618,0,0
USGS-373232121053900,8,0,37.5421544,-121.0952121,0,0
USGS-07126470,2,0,37.54390395,-103.63217,0,0
USGS-07061270,19,0,37.55255556,-90.8424444,0,0
USGS-07120620,2,0,37.5548333,-104.0212222,0,0
USGS-02024752,118,0,37.55541524,-79.3672547,0,0
USGS-373322081240301,3,0,37.5562253,-81.4006582,0,0
USGS-373324121090401,21,0,37.55659835,-121.1521581,0,0
USGS-02037500,7,0,37.5632022,-77.5469314,0,0
USGS-03202490,16,0,37.56705618,-81.652054,0,0
USGS-373423081274401,3,0,37.57316916,-81.4620481,0,0
USGS-373539081494301,3,0,37.59427637,-81.8284496,0,0
JPN00008,318,0,37.59888889,138.9511111,0,0
USGS-11290200,14,0,37.60326424,-121.131325,0,0
USGS-373637119573801,2,0,37.61021064,-119.9615662,0,0
USGS-373701121121100,8,0,37.6168749,-121.2041047,0,0
USGS-373702081472401,3,0,37.61733196,-81.78983718,0,0
USGS-07126485,61,0,37.6183474,-103.593557,0,0
PRT00011,36,1,37.63,-7.666388889,2.777777778,0
USGS-01669520,181,3,37.6337529,-76.6963468,1.657458564,0
USGS-11268200,37,0,37.63576505,-119.9332325,0,0
USGS-373811120590001,6,0,37.63631948,-120.9843779,0,0
USGS-03382100,179,2,37.63782725,-88.6778342,1.117318436,0
USGS-03382530,171,1,37.6481036,-88.2417034,0.584795322,0
USGS-11268000,12,0,37.6513197,-119.8854532,0,0
USGS-11162720,1,0,37.65382296,-122.4263613,0,0
USGS-03382090,176,47,37.65532759,-88.7633942,26.70454545,1
USGS-06927850,68,0,37.65888889,-92.4855556,0,0
USGS-11289660,10,0,37.66576548,-120.46214,0,0
USGS-05599565,148,45,37.67088368,-89.3223105,30.40540541,1
USGS-02035000,1198,0,37.67097957,-78.0858328,0,0
USGS-374017119472301,1,0,37.6713183,-119.7907277,0,0
USGS-11303500,797,1,37.6760406,-121.2663293,0.125470514,0
USGS-374034081505001,3,0,37.67621954,-81.847062,0,0
USGS-03382055,118,2,37.67782755,-88.8033965,1.694915254,0
USGS-11181008,20,0,37.6799311,-122.0805186,0,0
USGS-06921070,254,1,37.68266667,-93.3703333,0.393700787,0
USGS-11303300,10,0,37.69937357,-121.1696609,0,0
ESP00017,56,1,37.70416667,-5.35,1.785714286,0
USGS-03382205,174,0,37.70782566,-88.491993,0,0
USGS-05598050,164,5,37.714217,-89.1511914,3.048780488,0
USGS-07144795,99,0,37.72140097,-97.7944956,0,0
USGS-11266750,19,0,37.7215934,-119.713504,0,0
USGS-374348081522201,3,0,37.7301074,-81.8726188,0,0
USGS-05597500,173,5,37.73116079,-88.8892345,2.89017341,0
USGS-11264500,228,1,37.73131496,-119.5590514,0.438596491,0
USGS-07020550,69,0,37.73694444,-89.9283333,0,0
USGS-06923700,250,0,37.7380947,-92.8604597,0,0
USGS-05599500,202,5,37.74805556,-89.3466667,2.475247525,0
USGS-374543098215000,1,0,37.7619611,-98.3642398,0,0
USGS-01673000,1045,0,37.76764189,-77.3322018,0,0
USGS-374604098143700,1,0,37.76779384,-98.2439559,0,0
USGS-03382185,163,0,37.76810338,-88.5403294,0,0
USGS-05598245,168,8,37.7717171,-89.18035939,4.761904762,0
USGS-374620097535800,2,0,37.7722346,-97.8997758,0,0
USGS-05599540,150,0,37.77727319,-89.453983,0,0
USGS-07143375,7,0,37.78140109,-97.3897665,0,0
USGS-374741097550600,2,0,37.7947347,-97.918665,0,0
USGS-06917680,7,0,37.79791667,-94.5152222,0,0
USGS-374756098201400,3,0,37.798905,-98.3375713,0,0
USGS-374806097515900,2,0,37.80167866,-97.8667191,0,0
USGS-374848081561001,3,0,37.81343839,-81.9359555,0,0
USGS-374852097560900,2,0,37.814457,-97.9361653,0,0
USGS-03212500,19,0,37.81537197,-82.7915493,0,0
USGS-03214000,28,0,37.81759718,-82.3887568,0,0
USGS-03301630,62,0,37.82284205,-85.7477377,0,0
USGS-07144680,64,0,37.82383718,-98.1947032,0,0
USGS-374934097543000,2,0,37.8261234,-97.9086645,0,0
USGS-374951098193500,3,0,37.83084906,-98.3267371,0,0
USGS-07144200,74,0,37.83223425,-97.3889317,0,0
USGS-375002122124801,2,0,37.8338156,-122.2144122,0,0
USGS-06919500,72,2,37.83420277,-93.8754918,2.777777778,0
USGS-07020200,30,0,37.83477478,-90.2301194,0,0
USGS-375011081575501,3,0,37.83649308,-81.9651236,0,0
USGS-375013097541500,2,0,37.83695667,-97.9044976,0,0
USGS-375030122120801,1,0,37.84159314,-122.2033007,0,0
USGS-375030122122701,5,0,37.84159316,-122.2085786,0,0
USGS-375031122122701,4,0,37.8418709,-122.2085786,0,0
USGS-375032122121301,1,0,37.84214868,-122.2046896,0,0
USGS-375033122121201,1,0,37.84242645,-122.2044118,0,0
USGS-07143350,2,0,37.84251179,-97.5192112,0,0
USGS-07144660,65,0,37.84279255,-98.196453,0,0
KOR00005,51,0,37.84333333,127.555,0,0
USGS-375038122115101,2,0,37.84381528,-122.1985783,0,0
USGS-11181330,1,0,37.8438154,-122.2274681,0,0
USGS-375039122133701,6,0,37.84409317,-122.2280237,0,0
USGS-375041122133701,6,1,37.8446487,-122.2280237,16.66666667,1
USGS-375042122133801,1,0,37.84492648,-122.2283015,0,0
USGS-11181335,3,0,37.8465931,-122.228857,0,0
USGS-03203700,14,0,37.84732558,-82.008181,0,0
USGS-375051122122601,5,0,37.8474263,-122.2083008,0,0
USGS-06930450,343,0,37.84809597,-92.0623858,0,0
USGS-375055122132901,2,0,37.84853749,-122.2258014,0,0
USGS-375059122132501,2,0,37.84964856,-122.2246903,0,0
USGS-375059098171700,3,0,37.84973758,-98.2884017,0,0
USGS-01671020,270,0,37.85014024,-77.42775949,0,0
USGS-375114122130901,1,0,37.8538151,-122.2202457,0,0
USGS-375114098040300,2,1,37.85390237,-98.0678362,50,1
USGS-375116098072400,3,0,37.8544584,-98.123672,0,0
USGS-375117097552800,2,0,37.8547345,-97.9247757,0,0
USGS-375120121110300,8,0,37.85548167,-121.1852197,0,0
USGS-02034000,78,0,37.8579192,-78.2658373,0,0
USGS-03321500,77,0,37.8583774,-87.4097294,0,0
USGS-375137122131201,3,0,37.8602038,-122.221079,0,0
USGS-06918060,2,0,37.86202778,-94.39925,0,0
USGS-375144098004700,3,0,37.86223515,-98.0133893,0,0
USGS-375144098050900,2,0,37.8622358,-98.0861703,0,0
USGS-07144780,195,0,37.8625129,-98.0139449,0,0
JPN00015,369,0,37.86666667,139.0333333,0,0
USGS-375209098101800,3,0,37.86918095,-98.1720073,0,0
USGS-11312672,4,0,37.8708333,-121.53,0,0
USGS-11274725,4,0,37.87603638,-119.3551562,0,0
USGS-07144100,481,2,37.88306739,-97.4244864,0.415800416,0
USGS-05597280,174,8,37.88366156,-89.2086933,4.597701149,0
USGS-01674500,989,1,37.88388889,-77.16527778,0.101112235,0
USGS-11183000,1,0,37.8843691,-122.0510736,0,0
USGS-05597040,172,23,37.88504967,-88.9317362,13.37209302,1
USGS-03382325,168,0,37.88838024,-88.3850455,0,0
USGS-375241121343701,1,0,37.88996389,-121.5733417,0,0
USGS-05597000,164,1,37.89138889,-89.0194444,0.609756098,0
USGS-11312674,4,0,37.89159208,-121.4899492,0,0
USGS-06928600,104,0,37.89198457,-92.0815539,0,0
USGS-375344097261600,2,0,37.89555556,-97.4377778,0,0
USGS-07144601,61,0,37.89626956,-98.171107,0,0
USGS-375348097262800,24,0,37.8967222,-97.4410278,0,0
USGS-375349098334000,1,0,37.8969601,-98.5614699,0,0
USGS-375350097262800,90,3,37.89713889,-97.4411111,3.333333333,0
USGS-07144730,65,0,37.9013932,-98.0139696,0,0
USGS-05599200,171,1,37.90338425,-89.376756,0.584795322,0
USGS-375419098104200,2,0,37.90529175,-98.1786739,0,0
USGS-375453098292500,3,0,37.9147376,-98.490633,0,0
USGS-375501098313400,3,0,37.91695988,-98.526468,0,0
USGS-07014200,160,0,37.91810128,-91.1012477,0,0
USGS-06930800,445,0,37.9200403,-91.9759959,0,0
USGS-07107900,8,0,37.92056386,-104.9563783,0,0
USGS-07144090,7,0,37.92195616,-97.4269854,0,0
USGS-375542098033800,1,1,37.92834615,-98.0608908,100,1
USGS-375545104524800,6,0,37.92917506,-104.8805423,0,0
USGS-375616098140400,3,0,37.93779186,-98.234787,0,0
USGS-375629097245300,11,0,37.941345,-97.4149013,0,0
USGS-11312676,11,0,37.9427017,-121.5341175,0,0
USGS-11183600,5,0,37.9452008,-122.0496848,0,0
USGS-07143330,69,1,37.94640028,-97.7750488,1.449275362,0
USGS-05596400,165,26,37.94949396,-88.9000678,15.75757576,1
USGS-07108050,14,0,37.9516749,-104.7955392,0,0
USGS-375709121190301,1,0,37.9524,-121.3175,0,0
USGS-375718098222900,3,0,37.95501448,-98.3750714,0,0
USGS-375721097263300,4,0,37.9558333,-97.4425,0,0
USGS-05595540,172,6,37.956162,-89.7062129,3.488372093,0
USGS-01674182,159,0,37.9603333,-77.3434444,0,0
KOR00002,154,0,37.96777778,127.6697222,0,0
USGS-07017605,30,0,37.9678295,-90.5334594,0,0
USGS-11313405,4,0,37.96992306,-121.572174,0,0
USGS-09173000,42,0,37.96999209,-108.1956327,0,0
USGS-375820087343502,45,0,37.9722644,-87.5764045,0,0
USGS-07014000,160,0,37.97476757,-91.2045842,0,0
USGS-375831121223701,36,0,37.97527778,-121.3769444,0,0
USGS-09175000,45,0,37.9758253,-108.3278608,0,0
ESP00016,62,2,37.98138889,-3.807222222,3.225806452,0
USGS-07144035,1,0,37.98473377,-97.4453174,0,0
USGS-375912121345301,1,0,37.98669444,-121.581361,0,0
USGS-375944121252301,1,0,37.99418056,-121.4143667,0,0
USGS-375920121314801,1,0,37.99438889,-121.5294167,0,0
USGS-375957103351301,1,0,37.99917555,-103.587445,0,0
USGS-03214900,23,0,38.0056466,-82.51459729,0,0
USGS-06920580,1,0,38.01194444,-93.6272222,0,0
USGS-05595400,163,9,38.01616288,-89.9539978,5.521472393,1
USGS-380124121312501,1,0,38.0169111,-121.5184778,0,0
USGS-380118103382001,1,0,38.0216752,-103.6393912,0,0
USGS-07137500,173,0,38.0275129,-102.0115706,0,0
USGS-07144000,5,0,38.0284057,-97.4279914,0,0
USGS-07143672,338,2,38.0286223,-97.540597,0.591715976,0
USGS-05595950,165,0,38.0375,-88.9616667,0,0
USGS-380131121280501,1,0,38.03908889,-121.4927778,0,0
USGS-07143965,5,0,38.04306669,-97.4592059,0,0
USGS-11298600,8,0,38.04631159,-120.4485303,0,0
USGS-380257102082301,17,0,38.04917786,-102.1401856,0,0
USGS-380300121344801,4,0,38.05,-121.58,0,0
USGS-11337190,4,0,38.0521424,-121.6888428,0,0
USGS-380313102083501,1,0,38.05362228,-102.143519,0,0
USGS-380321102140201,6,0,38.05584305,-102.2343552,0,0
USGS-06918070,253,2,38.0558611,-94.1454167,0.790513834,0
USGS-380323102133501,1,0,38.0563987,-102.2268549,0,0
USGS-380323102133601,1,0,38.0563987,-102.2271327,0,0
USGS-380336121300201,3,0,38.06,-121.5005833,0,0
USGS-03381500,27,0,38.0611573,-88.1597597,0,0
USGS-01674000,66,0,38.061801,-77.3858142,0,0
USGS-380343104590700,7,0,38.061951,-104.9858218,0,0
USGS-380347104591100,7,0,38.0630621,-104.9869329,0,0
USGS-380410103413201,7,0,38.06945218,-103.6927262,0,0
USGS-380411104571801,8,0,38.06972866,-104.9555429,0,0
USGS-380433121341501,4,0,38.0757,-121.5708889,0,0
USGS-380441102141601,15,0,38.07806526,-102.2382442,0,0
USGS-380447104581600,7,0,38.0797285,-104.9716544,0,0
USGS-380450104452900,9,0,38.08056169,-104.758592,0,0
KOR00004,51,0,38.09222222,127.7594444,0,0
USGS-03381495,183,3,38.09226857,-88.1561487,1.639344262,0
USGS-380537102321801,7,0,38.09361988,-102.5388034,0,0
USGS-07142575,28,0,38.0936248,-98.5461894,0,0
USGS-11336790,15,0,38.09638889,-121.496111,0,0
USGS-380500121351901,1,0,38.0986111,-121.5833556,0,0
USGS-07133000,39,0,38.10579167,-102.6182056,0,0
USGS-07119500,3,0,38.1085,-103.9676111,0,0
USGS-07143665,8,0,38.1122326,-97.591987,0,0
USGS-03212545,18,0,38.115921,-82.6004341,0,0
USGS-380700082355401,14,0,38.1167543,-82.5982119,0,0
USGS-07143631,3,0,38.12028814,-97.7756036,0,0
USGS-380717103564901,1,0,38.1213948,-103.9474575,0,0
USGS-06916665,3,0,38.1339175,-94.3507838,0,0
USGS-380831121301301,4,0,38.1419611,-121.5036889,0,0
USGS-380837121333401,5,0,38.14366944,-121.5595389,0,0
USGS-07143660,5,0,38.14501005,-97.625599,0,0
USGS-05595280,147,6,38.1467165,-89.843159,4.081632653,0
USGS-07117600,18,0,38.1491714,-104.0802394,0,0
USGS-03381400,168,11,38.15337997,-88.1653162,6.547619048,1
USGS-07014500,631,0,38.15852778,-91.1084722,0,0
USGS-11325500,183,0,38.15852914,-121.3035592,0,0
USGS-07018100,250,0,38.1596111,-90.7060556,0,0
USGS-381000121403601,1,0,38.1662111,-121.6781667,0,0
USGS-03215000,84,0,38.17119708,-82.6346023,0,0
USGS-03294520,10,1,38.176181,-85.84024139,10,1
USGS-07117000,54,0,38.18417028,-104.1732974,0,0
USGS-381130104341600,8,0,38.19167058,-104.5716406,0,0
USGS-11455385,2,0,38.19395556,-121.6580028,0,0
USGS-381141121370901,2,0,38.194725,-121.6190722,0,0
USGS-381202104324700,9,0,38.20055928,-104.5469175,0,0
USGS-381210121312501,1,0,38.20295556,-121.5121278,0,0
USGS-09175500,104,0,38.2177684,-108.5664809,0,0
USGS-06916600,21,0,38.2186367,-94.6130113,0,0
USGS-06916650,68,0,38.2186367,-94.6127335,0,0
USGS-03297980,34,0,38.21951416,-85.448847,0,0
USGS-381254121294801,1,0,38.22008889,-121.4970417,0,0
USGS-381317104135400,6,0,38.22139144,-104.2321877,0,0
USGS-03215600,19,0,38.22175127,-82.6068245,0,0
USGS-07116500,38,0,38.2250024,-104.2607996,0,0
USGS-381336104142400,12,0,38.22666907,-104.2405213,0,0
USGS-01485500,62,0,38.22891667,-75.4714444,0,0
USGS-07142620,1,0,38.2293287,-98.4179046,0,0
USGS-381425121360701,2,0,38.24023889,-121.602,0,0
USGS-11455315,12,0,38.2430111,-121.684286,0,0
USGS-381440104234200,20,0,38.24444694,-104.3955245,0,0
USGS-07109500,388,0,38.24805799,-104.3991356,0,0
USGS-05595730,160,11,38.25388889,-89.0405556,6.875,1
USGS-381515104351900,44,0,38.25416949,-104.5891404,0,0
USGS-381516104362200,14,0,38.25444729,-104.6066409,0,0
USGS-381530104294600,33,0,38.25833596,-104.4966376,0,0
USGS-381547104330800,12,0,38.2630582,-104.5527503,0,0
USGS-381556104273300,22,0,38.2655579,-104.4596923,0,0
USGS-07099500,18,0,38.26722495,-104.6577535,0,0
USGS-381607104372500,10,0,38.26861377,-104.6241413,0,0
USGS-381609121413101,2,0,38.26918889,-121.692,0,0
USGS-05595830,160,17,38.26944444,-88.8988889,10.625,1
USGS-03292474,38,0,38.2759036,-85.606072,0,0
USGS-07106500,438,0,38.2877801,-104.6010849,0,0
USGS-03189100,40,0,38.29094494,-80.6409242,0,0
USGS-381730080383039,12,0,38.29177824,-80.6414798,0,0
USGS-381738121345701,1,0,38.294,-121.5824389,0,0
USGS-01625500,47,0,38.2973508,-78.81002478,0,0
USGS-03297845,31,1,38.2986807,-85.4266253,3.225806452,0
USGS-11458300,9,0,38.3018588,-122.3038634,0,0
USGS-01668000,946,0,38.30846178,-77.52915268,0,0
USGS-05595700,161,32,38.3097222,-88.9883333,19.8757764,1
USGS-11319500,4,0,38.3126926,-120.7202112,0,0
USGS-01628250,42,0,38.31290599,-78.7700239,0,0
USGS-381852121343801,2,0,38.3143583,-121.5772333,0,0
USGS-381910121413501,2,0,38.31956944,-121.693,0,0
USGS-01628500,65,0,38.32262796,-78.7547457,0,0
USGS-05595200,160,6,38.32388889,-89.9705556,3.75,0
USGS-382000097392200,4,0,38.3333333,-97.6561111,0,0
USGS-06922850,25,0,38.33502509,-93.0849214,0,0
USGS-07099200,201,0,38.3372241,-104.9388723,0,0
USGS-11292450,5,0,38.34074554,-119.8265677,0,0
USGS-01621360,47,0,38.34540495,-78.9411392,0,0
USGS-11447810,164,0,38.345745,-121.5460657,0,0
USGS-01667500,305,0,38.35040774,-77.9749972,0,0
USGS-07019370,54,0,38.35783185,-90.3567853,0,0
USGS-03292470,1,0,38.36173418,-85.5749608,0,0
USGS-07143642,1,1,38.36223047,-97.6542085,100,1
USGS-03380500,184,0,38.3633333,-88.5877778,0,0
USGS-07019365,2,0,38.36694444,-90.3711111,0,0
USGS-382205121311300,40,0,38.3679666,-121.5213432,0,0
USGS-11458000,132,0,38.3682457,-122.3033085,0,0
USGS-01621315,42,0,38.3792929,-78.9794738,0,0
USGS-09177100,160,0,38.38554456,-108.7584324,0,0
USGS-03378000,173,14,38.3864372,-87.9755884,8.092485549,1
USGS-07097000,232,0,38.38833418,-105.0160961,0,0
USGS-05594800,162,0,38.4061607,-89.8739906,0,0
USGS-382443081480203,1,0,38.41203756,-81.8004071,0,0
USGS-382443081480205,1,0,38.41203756,-81.8004071,0,0
USGS-10293030,16,0,38.41436107,-119.166818,0,0
USGS-06926510,321,1,38.42144444,-92.20825,0.31152648,0
USGS-07010220,27,0,38.42588676,-90.2942828,0,0
USGS-07106300,276,1,38.42944444,-104.5980556,0.362318841,0
USGS-07016400,417,1,38.431996,-91.0198653,0.239808153,0
USGS-03379950,166,2,38.4411597,-88.2580988,1.204819277,0
USGS-01490140,9,0,38.44527778,-76.08388889,0,0
USGS-05594100,202,0,38.45060486,-89.6275926,0,0
USGS-06921600,49,0,38.45223976,-94.0043859,0,0
USGS-382714077090201,2,0,38.4539722,-77.15063889,0,0
USGS-11447650,536,0,38.45601954,-121.5013437,0,0
USGS-382727077122301,1,1,38.4574722,-77.2064167,100,1
USGS-07019280,604,0,38.46283174,-90.4148419,0,0
USGS-01490130,7,0,38.46388889,-76.0844444,0,0
USGS-07099230,5,0,38.46499989,-104.8272009,0,0
USGS-09149900,4,0,38.4797098,-108.3134145,0,0
USGS-07019250,2,0,38.48194444,-90.4411111,0,0
USGS-07019317,47,2,38.48327778,-90.3410278,4.255319149,0
JPN00018,108,0,38.48611111,141.2775,0,0
USGS-01621050,306,0,38.48679008,-78.96030749,0,0
USGS-06921590,81,0,38.49158056,-94.3442444,0,0
USGS-11466800,162,1,38.49407838,-122.8533258,0.617283951,0
USGS-383003079194201,19,0,38.50095464,-79.3280964,0,0
USGS-01490120,10,0,38.50166667,-76.0941667,0,0
USGS-05593520,134,22,38.5069938,-89.2734109,16.41791045,1
USGS-383027077013204,1,0,38.50744444,-77.0255556,0,0
USGS-11467000,277,0,38.50852336,-122.9277737,0,0
USGS-07019220,42,0,38.51116667,-90.4442778,0,0
USGS-11454000,48,0,38.51518487,-122.0819159,0,0
USGS-01490111,1,1,38.5165084,-76.0807734,100,1
USGS-01490112,10,4,38.51666667,-76.0875,40,1
USGS-03379600,181,0,38.51893819,-88.1319833,0,0
USGS-03380350,171,10,38.51949236,-88.7275558,5.847953216,1
USGS-01490116,9,5,38.52,-76.0905556,55.55555556,1
USGS-01490108,6,2,38.52444444,-76.0436111,33.33333333,1
USGS-03201300,174,0,38.52564467,-81.9109681,0,0
USGS-07010180,48,0,38.52694444,-90.2996389,0,0
USGS-01664000,88,0,38.53067996,-77.8136045,0,0
USGS-07019090,40,0,38.53441667,-90.5141111,0,0
USGS-01490110,5,1,38.53488889,-76.0651111,20,1
USGS-05594090,143,9,38.54138889,-89.6266667,6.293706294,1
USGS-01490113,8,3,38.5461111,-76.0830556,37.5,1
USGS-07019120,48,2,38.55175,-90.5114722,4.166666667,0
USGS-06921720,60,5,38.55497778,-93.9653528,8.333333333,1
USGS-07019072,49,0,38.5555833,-90.5513056,0,0
USGS-07010097,35,2,38.55941667,-90.2831944,5.714285714,1
USGS-383342079254601,12,0,38.56178497,-79.4292114,0,0
USGS-05593505,154,9,38.5639378,-89.0503433,5.844155844,1
USGS-383403120272101,1,0,38.5675,-120.4558333,0,0
USGS-11447000,85,0,38.5679613,-121.4232867,0,0
USGS-07019185,66,2,38.5685833,-90.4711667,3.03030303,0
USGS-05593010,160,0,38.57449336,-89.3692469,0,0
USGS-09183210,135,0,38.57525984,-109.5787286,0,0
USGS-01658500,375,1,38.5873427,-77.4285958,0.266666667,0
USGS-383518079324601,12,0,38.5884499,-79.5458826,0,0
USGS-06921582,110,1,38.5889008,-94.4418954,0.909090909,0
USGS-05589785,147,1,38.5950505,-90.0884409,0.680272109,0
USGS-11447230,8,0,38.596016,-121.4760659,0,0
USGS-07010086,23,1,38.60088889,-90.3261667,4.347826087,0
USGS-09182880,111,0,38.6038705,-109.5778956,0,0
USGS-05594000,150,2,38.61,-89.4947222,1.333333333,0
USGS-07099215,14,0,38.61166168,-104.894699,0,0
USGS-07010075,23,0,38.61638889,-90.3642222,0,0
USGS-07010082,6,0,38.61671885,-90.337338,0,0
GRC00006,43,0,38.62,21.38,0,0
PRT00012,39,1,38.62,-7.27,2.564102564,0
USGS-07099220,6,0,38.62721725,-104.8663648,0,0
USGS-07010000,30,0,38.629,-90.1797778,0,0
USGS-07105905,258,0,38.63055318,-104.6810836,0,0
USGS-01607500,132,0,38.63150665,-79.2436497,0,0
USGS-03379500,168,0,38.63477048,-88.2972663,0,0
USGS-01605500,30,0,38.63567247,-79.3378199,0,0
USGS-11446400,59,0,38.63601566,-121.2218927,0,0
USGS-07105940,13,0,38.64265,-104.7483833,0,0
USGS-03237280,316,0,38.64368745,-83.21573648,0,0
USGS-383848122215501,1,0,38.64670556,-122.3652444,0,0
USGS-383851095335002,2,0,38.6475088,-95.5641482,0,0
USGS-07105960,5,0,38.6544415,-104.7471959,0,0
USGS-06935830,12,0,38.65463889,-90.5949444,0,0
USGS-383919105123901,36,0,38.65526997,-105.2113739,0,0
USGS-06935770,42,0,38.6578333,-90.6191667,0,0
USGS-383935079190501,12,0,38.6598385,-79.3178193,0,0
USGS-06935715,27,0,38.6628307,-90.7279059,0,0
USGS-03346550,169,0,38.6650471,-87.6264133,0,0
USGS-05589510,142,2,38.6661607,-90.0656617,1.408450704,0
USGS-05589490,144,3,38.666994,-90.0656617,2.083333333,0
USGS-07010022,67,4,38.66825,-90.3236944,5.970149254,1
USGS-03346650,1,0,38.67588049,-87.4297408,0,0
USGS-384042121421801,1,0,38.67830556,-121.705111,0,0
USGS-384042121402101,1,0,38.67834444,-121.6725,0,0
USGS-384042121404601,1,0,38.6783861,-121.6795528,0,0
USGS-11452900,93,0,38.67851526,-121.6727386,0,0
USGS-384043121402301,5,0,38.67851527,-121.6741275,0,0
USGS-384043121402401,1,0,38.678625,-121.6734667,0,0
USGS-384043121423501,1,0,38.67870556,-121.7097,0,0
USGS-384043121410901,1,0,38.6787361,-121.6857639,0,0
USGS-07105928,4,0,38.68027144,-104.8527521,0,0
USGS-07105920,10,0,38.6816601,-104.8585855,0,0
USGS-384057121402901,1,0,38.68244167,-121.6747639,0,0
USGS-07010035,35,0,38.68263889,-90.3028889,0,0
USGS-11452800,59,0,38.68268185,-121.6730164,0,0
USGS-06935890,65,2,38.68275,-90.4888889,3.076923077,0
USGS-384100121411401,1,0,38.6833111,-121.6871972,0,0
USGS-07010034,6,0,38.68360278,-90.3033361,0,0
USGS-384106121414001,1,0,38.68510556,-121.6944306,0,0
USGS-384115121402501,44,0,38.6875,-121.673611,0,0
USGS-384120121422101,1,0,38.68889167,-121.705861,0,0
USGS-05592900,157,4,38.6889373,-89.1000653,2.547770701,0
USGS-384121121402901,1,0,38.68902778,-121.6745833,0,0
USGS-384127121402901,1,0,38.69091944,-121.6747,0,0
USGS-384131121422001,1,0,38.69190556,-121.7054028,0,0
USGS-384132121414301,1,0,38.692125,-121.6951778,0,0
USGS-01632900,222,0,38.69345016,-78.6427935,0,0
USGS-07105950,5,0,38.69693837,-104.8280293,0,0
USGS-01653650,19,0,38.6987271,-76.98636359,0,0
USGS-07005500,26,0,38.70088385,-90.2081665,0,0
USGS-384205105084201,5,1,38.70137885,-105.1455367,20,1
USGS-07105945,7,0,38.707493,-104.8466403,0,0
USGS-384239095501311,2,0,38.7108403,-95.8372094,0,0
USGS-384248105105201,44,0,38.7133233,-105.1816491,0,0
USGS-10308200,25,0,38.7146274,-119.7648985,0,0
USGS-07105825,41,0,38.71666287,-104.7238611,0,0
USGS-05594450,159,5,38.7167145,-89.8292631,3.144654088,0
USGS-07105820,98,0,38.71860726,-104.729139,0,0
USGS-11452600,99,0,38.72601499,-121.7299631,0,0
USGS-11452500,46,0,38.727126,-121.8071874,0,0
USGS-06935955,47,0,38.728,-90.4474722,0,0
USGS-01487000,78,1,38.7283333,-75.5618611,1.282051282,0
USGS-384400080312339,14,0,38.73343398,-80.5228665,0,0
USGS-07005000,72,2,38.73677778,-90.2261944,2.777777778,0
USGS-384419094515600,8,0,38.7386111,-94.8655556,0,0
USGS-03151400,48,0,38.7434337,-80.5253667,0,0
USGS-01486905,1,0,38.7465025,-75.5993713,0,0
USGS-01486870,1,0,38.74733586,-75.581315,0,0
USGS-07105780,84,0,38.752495,-104.7624723,0,0
USGS-06914950,20,0,38.75334168,-94.977188,0,0
USGS-384526120162901,1,0,38.7572222,-120.2747222,0,0
USGS-06910414,68,1,38.75809288,-92.17463,1.470588235,0
USGS-11391020,12,0,38.75990254,-121.6677393,0,0
USGS-01486983,1,0,38.7612247,-75.55575858,0,0
USGS-07001985,43,1,38.76227778,-90.1969167,2.325581395,0
USGS-11439500,7,0,38.76351814,-120.3285276,0,0
USGS-06935980,40,2,38.76425,-90.4328333,5,1
USGS-01486985,1,0,38.7687247,-75.5157571,0,0
USGS-384620104461501,49,0,38.77221677,-104.7713616,0,0
USGS-03378900,173,2,38.77310238,-88.4972706,1.156069364,0
USGS-05592930,149,24,38.773659,-89.0861748,16.10738255,1
USGS-01486987,1,0,38.77372469,-75.5268686,0,0
USGS-03277200,41,0,38.77478484,-84.9643932,0,0
USGS-384634120445301,1,0,38.7761111,-120.7480556,0,0
USGS-384641119545801,11,0,38.77796175,-119.9171246,0,0
USGS-11453500,2,0,38.77879078,-122.5174807,0,0
USGS-384656094590400,8,0,38.78223,-94.9846885,0,0
USGS-384712079160101,18,0,38.78677968,-79.26670679,0,0
USGS-384732094443200,7,0,38.7922222,-94.7422222,0,0
USGS-07105535,18,0,38.796105,-104.785251,0,0
USGS-07105533,93,0,38.79693835,-104.7855289,0,0
USGS-07105530,447,0,38.8030491,-104.7958069,0,0
USGS-384813094405300,6,0,38.80371667,-94.6813833,0,0
USGS-11390650,154,0,38.8049014,-121.7238528,0,0
USGS-01654500,93,0,38.8109462,-77.2349827,0,0
USGS-384840094381100,7,0,38.8111111,-94.6363889,0,0
USGS-384840079233501,18,0,38.81122335,-79.3928238,0,0
USGS-06893080,13,1,38.8125082,-94.6757906,7.692307692,1
USGS-01654000,270,1,38.81289066,-77.2283158,0.37037037,0
USGS-07105510,7,0,38.8136041,-104.8121962,0,0
USGS-01594526,258,0,38.8142222,-76.7487222,0,0
USGS-07105500,492,0,38.81638158,-104.8227519,0,0
USGS-384904104490001,3,0,38.8177706,-104.8171963,0,0
USGS-06936475,71,2,38.818,-90.25125,2.816901408,0
USGS-11445500,56,0,38.81851188,-120.946885,0,0
USGS-06937000,26,0,38.82171557,-90.1714981,0,0
USGS-384922094454000,4,0,38.8226972,-94.7610833,0,0
USGS-05587900,147,2,38.8244919,-89.9748246,1.360544218,0
USGS-06935972,27,0,38.8275503,-90.4409505,0,0
USGS-07103707,185,0,38.82943667,-104.8396969,0,0
USGS-384951094443200,7,0,38.8308333,-94.7422222,0,0
USGS-07104905,402,0,38.83721474,-104.8294192,0,0
USGS-385014094572200,2,0,38.8372222,-94.9561111,0,0
USGS-385026079042701,11,0,38.84066787,-79.0739217,0,0
USGS-385027094572300,1,0,38.8408333,-94.9563889,0,0
USGS-06893100,67,0,38.8422222,-94.6122222,0,0
USGS-07104900,46,0,38.84610366,-104.8288638,0,0
USGS-385114094365800,2,0,38.85388889,-94.6161111,0,0
USGS-07103700,478,0,38.85471357,-104.8780314,0,0
USGS-385118094575700,3,0,38.85488889,-94.9658833,0,0
USGS-09328500,217,0,38.8583081,-110.3701469,0,0
USGS-06892440,36,0,38.85916667,-94.8538889,0,0
USGS-385133079280501,19,0,38.859278,-79.4678277,0,0
USGS-385137094362200,2,0,38.86027778,-94.6061111,0,0
USGS-05587550,141,1,38.86143709,-90.1376082,0.709219858,0
USGS-385210094581500,1,0,38.86944444,-94.9708333,0,0
USGS-385213094443200,4,0,38.8702861,-94.7421056,0,0
USGS-385226094351500,2,0,38.87388889,-94.5875,0,0
USGS-385238094411300,2,0,38.8772222,-94.6869444,0,0
USGS-03237100,93,1,38.8811846,-83.0173982,1.075268817,0
USGS-01656903,149,0,38.8823899,-77.4319047,0,0
ESP00005,40,4,38.8825,-6.9775,10,1
ESP00015,71,3,38.88333,-6.974444444,4.225352113,0
USGS-06892460,2,0,38.88349817,-94.880086,0,0
USGS-385303094582300,4,0,38.88416667,-94.9730556,0,0
USGS-05587700,143,1,38.8842145,-90.1223299,0.699300699,0
USGS-01645704,169,0,38.88469518,-77.3324293,0,0
USGS-10249300,182,2,38.8874302,-117.2453673,1.098901099,0
USGS-01656725,95,0,38.8892789,-77.570269,0,0
USGS-06893150,75,0,38.88941667,-94.5806667,0,0
USGS-11451800,112,0,38.8898988,-122.2383082,0,0
USGS-11425000,44,0,38.8904532,-121.6044058,0,0
USGS-06891260,1,0,38.89194444,-95.5944444,0,0
USGS-06907300,177,0,38.8922421,-93.0335307,0,0
USGS-385342095313616,2,0,38.89500279,-95.5269229,0,0
USGS-385345094453600,5,0,38.8958333,-94.76,0,0
USGS-06892359,3,0,38.8986111,-94.9766667,0,0
USGS-385356094491200,8,0,38.89888889,-94.82,0,0
USGS-385401094385600,4,0,38.90021944,-94.6489667,0,0
USGS-385403094443200,1,0,38.9008333,-94.7422222,0,0
USGS-385404094485700,2,0,38.9011111,-94.8158333,0,0
USGS-01651800,5,0,38.90127778,-76.94327778,0,0
USGS-01647595,19,0,38.90233385,-77.06942209,0,0
USGS-06893350,53,4,38.9061111,-94.64,7.547169811,1
USGS-01645762,170,0,38.90888916,-77.3382627,0,0
USGS-385437094531800,1,0,38.91027778,-94.8883333,0,0
USGS-06891500,43,2,38.9113923,-95.261084,4.651162791,0
USGS-385445094531900,1,0,38.9125,-94.8886111,0,0
USGS-385445094514700,4,0,38.91261389,-94.8630028,0,0
USGS-385446094430700,42,0,38.91277778,-94.7186111,0,0
USGS-11451760,41,0,38.9129536,-122.2716419,0,0
USGS-01631000,456,0,38.91400059,-78.21083388,0,0
USGS-01651770,2,0,38.91680556,-76.9692222,0,0
USGS-07104000,358,0,38.91777057,-104.8185877,0,0
USGS-06893270,6,0,38.92028457,-94.704681,0,0
USGS-385514094420800,4,0,38.92055556,-94.7022222,0,0
USGS-385518094420100,3,0,38.92166667,-94.7002778,0,0
USGS-05592800,162,0,38.9225459,-89.2367389,0,0
USGS-385523094481500,4,0,38.92307778,-94.8042028,0,0
USGS-385539094372100,17,0,38.92416667,-94.6238889,0,0
USGS-05592600,165,2,38.925,-89.0391667,1.212121212,0
USGS-385520094420000,53,0,38.9272222,-94.6969444,0,0
USGS-385538095085200,3,0,38.9272222,-95.1477778,0,0
USGS-385540095032800,7,0,38.92777778,-95.0577778,0,0
USA00007,1059,0,38.92944444,-77.11722222,0,0
USGS-01646580,803,0,38.9295555,-77.1169232,0,0
ESP00014,50,6,38.93,-4.18,12,1
USGS-385548095192701,4,0,38.93000274,-95.3244185,0,0
USGS-385550094371100,5,0,38.93055556,-94.6197222,0,0
USGS-07103970,175,0,38.9338817,-104.8171992,0,0
USGS-385608094380300,41,0,38.93555556,-94.6341667,0,0
USGS-11427000,7,0,38.93600919,-121.023833,0,0
USGS-06892490,3,0,38.9363943,-94.9085762,0,0
USGS-03345500,164,0,38.93643266,-88.0225351,0,0
USGS-06893390,107,1,38.9383333,-94.6077778,0.934579439,0
USGS-06893300,42,0,38.9405621,-94.6713469,0,0
USGS-01646500,9,0,38.94977778,-77.12763889,0,0
USGS-05587455,362,0,38.95115948,-90.3712256,0,0
USGS-01651000,147,1,38.9523333,-76.9660556,0.680272109,0
USGS-06910410,144,0,38.9544851,-92.1493489,0,0
USGS-01594440,951,0,38.95591667,-76.6936944,0,0
USGS-385722094545500,2,0,38.9561111,-94.9152778,0,0
USGS-06891100,55,0,38.95611477,-95.0955253,0,0
USGS-06892494,4,0,38.95638889,-94.9230556,0,0
USGS-385723094584200,3,0,38.95638889,-94.9783333,0,0
USGS-06892360,50,0,38.95666667,-94.9736111,0,0
USGS-06893500,85,1,38.957,-94.5588889,1.176470588,0
USGS-01646305,148,0,38.95977716,-77.1756743,0,0
USGS-01648010,336,0,38.96016667,-77.0420556,0,0
USGS-01649500,343,0,38.96025,-76.9259722,0,0
USGS-05592500,171,1,38.96060098,-89.0889554,0.584795322,0
USGS-385740079065201,18,0,38.96122145,-79.1142012,0,0
USGS-06891096,2,0,38.96638889,-95.1672222,0,0
USGS-385800094485300,8,0,38.96666667,-94.8147222,0,0
USGS-385804094363600,2,0,38.96777778,-94.61,0,0
USGS-06891093,2,0,38.9686111,-95.2011111,0,0
USGS-385818094325301,3,0,38.97167295,-94.5482882,0,0
USGS-06891080,13,0,38.97327778,-95.2321111,0,0
USGS-385827094490500,4,0,38.974175,-94.81795,0,0
USGS-01646000,203,0,38.97594346,-77.24581439,0,0
USGS-385834094445600,1,0,38.9761111,-94.7488889,0,0
USGS-01634000,457,0,38.9767759,-78.3361152,0,0
USGS-385839094444400,1,0,38.9775,-94.7455556,0,0
USGS-06892495,56,0,38.97805556,-94.9227778,0,0
USGS-385844094572500,2,0,38.97888889,-94.9569444,0,0
USGS-06892350,425,0,38.9833375,-94.9646893,0,0
USGS-01606000,13,0,38.9845546,-79.2336508,0,0
USGS-385906094524400,4,0,38.985,-94.8788889,0,0
USGS-06892380,1,0,38.98555556,-94.9447222,0,0
USGS-385908094445900,6,0,38.98555556,-94.7497222,0,0
USGS-385909095101500,3,0,38.9858333,-95.1708333,0,0
USGS-09315000,274,0,38.9860831,-110.1512475,0,0
USGS-01650800,203,0,38.9862222,-77.0048611,0,0
USGS-01606500,40,0,38.99122107,-79.17587059,0,0
USGS-06908000,1,0,38.99224236,-93.1968713,0,0
USGS-385937094420300,4,0,38.9936222,-94.7008917,0,0
USGS-385938079064301,18,0,38.99399868,-79.1117012,0,0
USGS-01491000,880,0,38.99719444,-75.7858056,0,0
USGS-06893520,6,0,38.9994504,-94.5277322,0,0
USGS-06889610,57,0,39.0002788,-95.711927,0,0
USGS-390010094482100,2,0,39.00277778,-94.8058333,0,0
USGS-390010080283539,13,0,39.0028725,-80.4762017,0,0
USGS-390011079044501,12,0,39.0031651,-79.0789219,0,0
USGS-390016121015901,14,0,39.0043972,-121.0333333,0,0
USGS-03342050,149,0,39.00448705,-87.597246,0,0
USGS-03058000,306,0,39.00452778,-80.4733611,0,0
USGS-390026094485300,4,0,39.00722725,-94.8149626,0,0
USGS-390027094415600,12,0,39.0075,-94.6988889,0,0
USGS-05514500,276,3,39.00880556,-90.9775278,1.086956522,0
USGS-390033122260401,1,0,39.0092222,-122.434361,0,0
USGS-390034122260401,1,0,39.00955556,-122.4343333,0,0
USGS-390036122260301,1,0,39.00988889,-122.4342222,0,0
USGS-390035121033201,35,0,39.01,-121.0603472,0,0
USGS-03346000,158,2,39.01004218,-87.9455882,1.265822785,0
USGS-390039122260201,1,0,39.01069444,-122.4338056,0,0
USGS-01608000,149,0,39.0123313,-78.9561387,0,0
USGS-06889580,59,0,39.01416754,-95.7488725,0,0
USGS-390056094371600,2,0,39.01555556,-94.6211111,0,0
USGS-390056094493200,4,0,39.01556039,-94.8257963,0,0
USGS-390058094493000,1,0,39.0161111,-94.825,0,0
USGS-06893820,121,0,39.0173611,-94.3872778,0,0
USGS-390120095022200,3,0,39.0222222,-95.0394444,0,0
USGS-390120120431601,1,0,39.0222222,-120.721111,0,0
USGS-390127094365800,10,0,39.02416667,-94.6161111,0,0
USGS-390132121015201,38,0,39.02548056,-121.0310528,0,0
USGS-06893890,100,4,39.02556175,-94.3438385,4,0
USGS-01411400,90,2,39.0275,-74.89638889,2.222222222,0
USGS-06892513,111,0,39.02916667,-94.8172222,0,0
USGS-03276700,174,0,39.0297792,-85.0380097,0,0
USGS-06891070,2,0,39.0308333,-95.2011111,0,0
USGS-07103780,235,0,39.03102778,-104.8466111,0,0
USGS-06878000,3,0,39.031109,-97.0402922,0,0
USGS-06893557,49,1,39.0330833,-94.6053889,2.040816327,0
USGS-01649190,274,0,39.0333611,-76.96402778,0,0
USGS-390201094411500,4,0,39.0336583,-94.6876194,0,0
USGS-06893563,21,0,39.03388889,-94.545,0,0
USGS-06893564,45,12,39.03648318,-94.531346,26.66666667,1
USGS-06893830,101,3,39.03777778,-94.3633333,2.97029703,0
USGS-390219094402000,2,0,39.0386111,-94.6722222,0,0
USGS-390219121012901,26,0,39.0386111,-121.0247222,0,0
USGS-06893562,87,9,39.03925,-94.5787222,10.34482759,1
USGS-06893560,31,5,39.0397,-94.5852528,16.12903226,1
USGS-05593800,35,0,39.04032428,-89.5509205,0,0
USGS-390227094483000,3,0,39.0408333,-94.8083333,0,0
USGS-390227094331501,3,0,39.04083865,-94.5543995,0,0
USGS-01636290,49,0,39.0412183,-77.99916338,0,0
USGS-390234094334901,3,0,39.04278305,-94.5638442,0,0
USGS-06893566,3,0,39.04444975,-94.5127317,0,0
USGS-06892505,2,0,39.0458333,-94.8094444,0,0
USGS-06892518,9,0,39.0461111,-94.7894444,0,0
USGS-390301078593501,10,0,39.050386,-78.9928068,0,0
USGS-06891000,75,0,39.05111157,-95.3863633,0,0
USGS-06892504,2,0,39.05305556,-94.8558333,0,0
USGS-06889700,65,0,39.05333347,-95.6247021,0,0
USGS-06893940,60,0,39.05611688,-94.3449496,0,0
USGS-06888925,29,0,39.0566668,-95.7722064,0,0
USGS-06893578,34,0,39.0583384,-94.5118983,0,0
USGS-03155000,116,0,39.0589686,-81.38956408,0,0
USGS-390335081232539,18,0,39.0598019,-81.3901196,0,0
USGS-06892500,2,0,39.06028169,-94.8727418,0,0
USGS-390348094440800,3,0,39.0633333,-94.7355556,0,0
USGS-05593785,118,0,39.06338005,-89.5453651,0,0
USGS-06889000,189,0,39.0666666,-95.6497028,0,0
USGS-06889850,2,0,39.06666667,-95.4619444,0,0
USGS-06889750,2,0,39.06888889,-95.5436111,0,0
USGS-06888980,38,0,39.0694444,-95.7308163,0,0
USGS-06888990,29,0,39.07194435,-95.7163715,0,0
USGS-390424094365400,3,0,39.0733333,-94.615,0,0
USGS-06890900,75,0,39.07500017,-95.4038634,0,0
USGS-390436094563001,3,0,39.0755603,-94.5910672,0,0
USGS-06892530,3,0,39.0833378,-94.7335712,0,0
USGS-06893990,48,2,39.08602778,-94.3088333,4.166666667,0
USGS-06889010,3,0,39.08694444,-95.6291667,0,0
USGS-390515094393500,5,0,39.0875,-94.6597222,0,0
USGS-06893970,87,0,39.08833866,-94.3435605,0,0
USGS-06888650,2,0,39.08944444,-96.0061111,0,0
USGS-390543095383400,3,0,39.09527778,-95.6427778,0,0
USGS-07103750,16,0,39.09638075,-104.8855363,0,0
USGS-390552094364301,1,0,39.09777778,-94.6119444,0,0
USGS-06888705,61,0,39.0983326,-95.946656,0,0
USGS-06889502,12,0,39.0988884,-95.672759,0,0
USGS-06889500,9,0,39.0994439,-95.7249828,0,0
USGS-06894000,145,0,39.1005609,-94.3005038,0,0
USGS-07103747,200,0,39.10255556,-104.8922778,0,0
USGS-390610094365900,6,0,39.10278209,-94.6166234,0,0
USGS-01608070,19,0,39.10391667,-78.9593056,0,0
USGS-03378635,156,1,39.10393125,-88.5942179,0.641025641,0
USGS-390617094190201,50,0,39.1047222,-94.3172222,0,0
USGS-01614830,41,0,39.1089948,-78.2050011,0,0
USGS-390636094361201,2,0,39.11,-94.6033333,0,0
USGS-390636094361202,2,0,39.1100042,-94.6035675,0,0
USGS-390642094351901,1,0,39.11166667,-94.5886111,0,0
USGS-06893620,97,0,39.11194444,-94.4722222,0,0
USGS-06893592,3,0,39.1144487,-94.49912,0,0
USGS-01592500,24,0,39.1157222,-76.87375,0,0
USGS-03155500,21,0,39.11868976,-81.2773386,0,0
USGS-390710081164039,1,0,39.11952308,-81.2776163,0,0
USGS-06888400,2,0,39.1222209,-96.0241582,0,0
USGS-390720094335201,1,0,39.1222222,-94.5644444,0,0
USGS-390720094272101,3,0,39.12222656,-94.4560634,0,0
USGS-390722121013901,1,0,39.12277778,-121.0275,0,0
USGS-390741094280900,2,0,39.12805975,-94.468008,0,0
USGS-390744094280402,2,0,39.12889307,-94.468008,0,0
USGS-390745094281000,2,0,39.12917084,-94.4696748,0,0
USGS-390744094280401,2,0,39.13,-94.4677778,0,0
USGS-390756078570401,19,0,39.1323284,-78.9508599,0,0
USGS-09163500,455,0,39.13276047,-109.0270546,0,0
USA00381,450,0,39.13277778,-109.0263889,0,0
USGS-01594000,24,0,39.13441667,-76.8161667,0,0
USGS-390815094323102,1,0,39.13750386,-94.5421768,0,0
USGS-390832094290400,2,0,39.1422261,-94.4846752,0,0
USGS-390843094291802,2,0,39.1452816,-94.4885641,0,0
USGS-390843094291801,2,0,39.14694444,-94.4883333,0,0
USGS-10301500,123,0,39.1524611,-119.0988889,0,0
USGS-05587060,136,2,39.1603259,-90.6153994,1.470588235,0
USGS-10337500,73,0,39.16629577,-120.1443586,0,0
USGS-07083000,207,0,39.17221259,-106.3891926,0,0
USGS-01615000,90,0,39.1747222,-78.0783333,0,0
USGS-06821280,2,0,39.17513889,-94.6131194,0,0
USGS-11421000,42,0,39.1757251,-121.5249647,0,0
USGS-06894100,191,0,39.17945038,-94.1843906,0,0
USGS-09073400,7,0,39.17998755,-106.8019826,0,0
USGS-09105000,243,0,39.1836111,-108.2683333,0,0
USGS-06888350,9,0,39.19305265,-96.1474945,0,0
USGS-01411438,8,0,39.1947222,-74.84138889,0,0
USGS-11390700,144,0,39.1951682,-122.060529,0,0
USGS-01411440,11,1,39.1972222,-74.8691667,9.090909091,1
USGS-06887500,248,0,39.19833014,-96.3055532,0,0
USGS-05586690,137,1,39.20115744,-89.9792705,0.729927007,0
USGS-10244950,152,0,39.20153889,-114.689161,0,0
USGS-01411427,13,0,39.20638889,-74.8225,0,0
USGS-01411443,7,1,39.21444444,-74.88027778,14.28571429,1
USGS-05592195,153,1,39.21555556,-89.0205556,0.653594771,0
USGS-06821260,2,0,39.225,-94.7591667,0,0
PRT00001,136,0,39.22638889,-8.676111111,0,0
USGS-05592100,165,0,39.2297644,-88.8417321,0,0
USGS-05587000,147,0,39.23421366,-90.3945618,0,0
USGS-01594923,6,0,39.23732887,-79.4503288,0,0
USGS-01591000,174,0,39.23825,-77.0557222,0,0
USGS-06889200,8,0,39.23833024,-95.8885992,0,0
USGS-01594926,5,0,39.23843996,-79.4503288,0,0
USGS-09095500,349,0,39.2391463,-108.2661946,0,0
USGS-01589100,26,0,39.24,-76.6921944,0,0
USGS-01594930,19,0,39.2436111,-79.4283056,0,0
USGS-01594929,7,0,39.24843978,-79.43616139,0,0
USGS-06888300,6,0,39.24916286,-96.3149982,0,0
USGS-10336688,28,0,39.249907,-119.9893569,0,0
USGS-01594942,8,0,39.25371717,-79.4008816,0,0
USGS-01493112,321,1,39.25705556,-75.94013889,0.31152648,0
USGS-01594934,17,0,39.2581614,-79.4183824,0,0
USGS-01594932,4,0,39.25955027,-79.4286607,0,0
USGS-01411444,83,1,39.26,-74.91138889,1.204819277,0
USGS-01594936,15,0,39.26030556,-79.4097778,0,0
USGS-09314500,163,0,39.26444444,-110.3427778,0,0
USGS-391557095531100,47,0,39.2658299,-95.8866548,0,0
USGS-01594935,7,0,39.2720495,-79.42643808,0,0
USGS-01638500,6,0,39.2735833,-77.5431111,0,0
USGS-391627095515300,1,0,39.27416667,-95.8649722,0,0
USGS-391628095452800,5,1,39.2744411,-95.7580394,20,1
USGS-391629095452400,5,0,39.27471888,-95.7569282,0,0
USGS-391630095520800,6,0,39.2749965,-95.8691543,0,0
USGS-01636500,222,0,39.28204576,-77.7891606,0,0
USGS-391704095441700,5,0,39.28444107,-95.7383165,0,0
USGS-391720095454200,38,0,39.28888537,-95.7619284,0,0
USGS-391720095445400,46,0,39.28888539,-95.7485946,0,0
USGS-391721095460900,5,0,39.2891631,-95.7694287,0,0
USGS-10312020,255,0,39.2929734,-119.2523802,0,0
USGS-01643500,40,0,39.29413889,-77.4070833,0,0
USGS-06698500,48,0,39.2949885,-105.7186202,0,0
USGS-391754120504801,1,0,39.2983333,-120.8466667,0,0
USGS-391755083275100,8,0,39.29867536,-83.4640834,0,0
USGS-01589480,22,2,39.3034403,-76.6116339,9.090909091,1
USGS-391813095513200,4,0,39.30360735,-95.859154,0,0
USGS-01412200,4,0,39.305,-75.1641667,0,0
USGS-01411299,4,0,39.30527778,-74.8322222,0,0
USGS-01411300,60,0,39.30694444,-74.8205556,0,0
USGS-01589478,1,0,39.30930556,-76.6194167,0,0
USGS-01589000,45,0,39.31030556,-76.7924167,0,0
USGS-391852095534500,5,0,39.31444056,-95.8960999,0,0
USGS-01585219,1,0,39.3179722,-76.55513889,0,0
USGS-391911120392201,3,0,39.3197222,-120.656111,0,0
USGS-391915095463100,34,1,39.3208294,-95.77554,2.941176471,0
USGS-11414000,4,0,39.3212909,-120.5643753,0,0
USGS-01411295,8,0,39.32388889,-74.8611111,0,0
USGS-01589465,30,0,39.32455128,-76.6258014,0,0
USGS-03232300,15,0,39.32895287,-83.4754728,0,0
USGS-01411301,8,0,39.33138889,-74.8236111,0,0
USGS-391956095544000,4,0,39.33221818,-95.9113783,0,0
USGS-06895000,2,0,39.33266389,-93.98,0,0
USGS-01616400,159,0,39.334625,-78.0534361,0,0
USGS-06818498,6,0,39.3358329,-94.9171858,0,0
USGS-01411955,93,0,39.3372222,-75.0508333,0,0
USGS-01636846,1,0,39.3376111,-77.6264722,0,0
USGS-01636845,1,0,39.34125,-77.6340833,0,0
USGS-392039083303400,8,0,39.3442304,-83.5093626,0,0
USGS-06818496,7,0,39.3444772,-94.9144885,0,0
USGS-03344000,189,0,39.34448124,-88.1708729,0,0
USGS-01589300,37,0,39.34588889,-76.7331944,0,0
USGS-392049095531300,6,0,39.34694027,-95.8872108,0,0
USGS-01411950,4,0,39.3475,-75.06277778,0,0
USGS-01412100,27,0,39.34916667,-74.9583333,0,0
USGS-01411241,4,0,39.35305556,-74.7558333,0,0
USGS-392119120484901,2,0,39.35527778,-120.813611,0,0
USGS-06856600,200,1,39.3555515,-97.1275203,0.5,0
USGS-06712000,1,0,39.3558234,-104.7633092,0,0
USGS-06818494,4,0,39.3560214,-94.9131051,0,0
USGS-392122120364501,1,0,39.3561111,-120.6125,0,0
USGS-392143095482700,5,0,39.36194009,-95.8077635,0,0
USGS-09093700,88,0,39.36247855,-108.152579,0,0
USGS-392147120542401,1,0,39.36313889,-120.906611,0,0
USGS-392159120551701,1,0,39.3665,-120.9214167,0,0
USGS-11407150,10,0,39.3665551,-121.6471932,0,0
USGS-01595300,175,0,39.36676569,-79.17892449,0,0
USGS-05586600,133,1,39.36976989,-90.5462341,0.751879699,0
USGS-392212095441800,5,0,39.36999566,-95.7385945,0,0
USGS-01585100,27,0,39.37077778,-76.4460556,0,0
USGS-01411290,35,0,39.37194444,-74.8536111,0,0
USGS-06889180,44,0,39.3758289,-95.9183232,0,0
USGS-01589452,23,1,39.37816207,-76.643025,4.347826087,0
USGS-01411285,8,0,39.3861111,-74.8533333,0,0
USGS-01412005,8,0,39.38638889,-74.9891667,0,0
USGS-01643020,213,0,39.38788024,-77.377485,0,0
USGS-01411907,8,0,39.3897222,-75.0444444,0,0
USGS-392328095490300,5,0,39.39110646,-95.817764,0,0
USGS-01411880,30,0,39.40027778,-75.05388889,0,0
USGS-06821190,210,3,39.4009722,-94.7268333,1.428571429,0
USGS-01413032,12,4,39.40277778,-75.1672222,33.33333333,1
USGS-01411224,8,5,39.40277778,-74.74277778,62.5,1
USGS-392425095445100,5,0,39.40693957,-95.7477615,0,0
USGS-05592000,155,0,39.4072616,-88.7814574,0,0
USGS-01585075,30,0,39.40852778,-76.34263889,0,0
USGS-06906470,17,0,39.41611667,-92.7718583,0,0
USGS-01412000,3,0,39.41916667,-74.9658333,0,0
USGS-392512095552800,4,0,39.4199952,-95.9247126,0,0
USGS-10345980,6,0,39.4212971,-120.032698,0,0
USGS-01616500,288,0,39.42371047,-77.9386084,0,0
USGS-01413080,8,0,39.42388889,-75.3666667,0,0
USGS-01411207,4,2,39.42544444,-74.6643056,50,1
USGS-01411208,12,0,39.4272222,-74.7016667,0,0
USGS-06874000,141,2,39.42778826,-98.6942395,1.418439716,0
USGS-10346000,126,0,39.42796385,-120.0340873,0,0
USGS-01411840,7,0,39.43277778,-75.1183333,0,0
USGS-392603095563000,5,0,39.43416179,-95.9419355,0,0
USGS-01413020,5,0,39.43444444,-75.2186111,0,0
USGS-01410455,12,0,39.4397222,-74.5661111,0,0
USGS-01411220,12,0,39.44027778,-74.7555556,0,0
USGS-05513000,132,2,39.44310336,-90.7959614,1.515151515,0
USGS-01604500,396,0,39.44314946,-78.8219649,0,0
USGS-06906280,6,0,39.44392287,-92.5185164,0,0
USGS-01595800,61,0,39.4451111,-79.1108056,0,0
USGS-01413014,27,3,39.44555556,-75.2375,11.11111111,1
USGS-01413013,8,0,39.4461111,-75.2475,0,0
USGS-01608500,311,0,39.44703879,-78.6541817,0,0
USGS-01411800,46,0,39.44777778,-75.0725,0,0
USGS-01619500,67,0,39.44977778,-77.7301944,0,0
USGS-06906285,2,0,39.4519782,-92.522961,0,0
USGS-06906300,258,0,39.45491667,-92.5685,0,0
USGS-06906295,2,0,39.45586696,-92.52685,0,0
USGS-06889160,12,0,39.4631449,-95.9505944,0,0
USGS-10312150,205,2,39.4639361,-119.0462583,0.975609756,0
USGS-01411196,114,0,39.46888889,-74.6925,0,0
USGS-01411780,31,1,39.47027778,-75.0930556,3.225806452,0
USGS-01412800,226,0,39.4725,-75.2555556,0,0
USGS-01413049,3,0,39.47363889,-75.3495,0,0
USGS-01641810,121,0,39.47982377,-77.3880403,0,0
USGS-01411560,8,0,39.48194444,-75.07277778,0,0
USGS-01618100,162,0,39.4830833,-77.8318333,0,0
USGS-06709500,18,0,39.48443309,-105.0024836,0,0
USGS-01413065,4,0,39.4858333,-75.3994444,0,0
USGS-392914111581100,1,0,39.4871795,-111.9704865,0,0
USGS-06708000,40,0,39.48832188,-105.0927643,0,0
USGS-01599000,57,0,39.49391667,-79.0446944,0,0
USGS-01411500,279,0,39.49555556,-75.0769444,0,0
USGS-01581752,118,0,39.49627778,-76.3474444,0,0
USGS-03341540,155,0,39.4980905,-87.553079,0,0
USGS-01413060,5,0,39.5008333,-75.3847222,0,0
USGS-01411495,8,0,39.50555556,-75.0725,0,0
USGS-393020083331800,8,0,39.5056179,-83.5549199,0,0
USGS-01411740,12,0,39.50666667,-75.12888889,0,0
USGS-10347640,6,0,39.5071324,-119.9032515,0,0
USGS-01411140,29,1,39.5072222,-74.7819444,3.448275862,0
USGS-10350050,46,0,39.50991209,-119.6487954,0,0
USGS-393040083335400,8,0,39.51117335,-83.5649201,0,0
USGS-01614000,150,0,39.51204187,-78.0372224,0,0
USGS-10349980,26,0,39.5129672,-119.712409,0,0
USGS-01411110,225,0,39.51388889,-74.7797222,0,0
USGS-10350010,6,0,39.51435629,-119.6790744,0,0
USGS-393103083361700,8,0,39.517562,-83.6046432,0,0
USGS-10348200,51,0,39.51761667,-119.7416444,0,0
USGS-06890100,45,0,39.5213873,-95.532756,0,0
USGS-10347705,6,0,39.52296619,-119.8326925,0,0
USGS-06906000,20,0,39.52352778,-92.9496389,0,0
USGS-01411490,8,0,39.52555556,-75.0805556,0,0
USGS-09307800,41,0,39.52579804,-109.7345813,0,0
USGS-10348300,26,0,39.52657819,-119.7093535,0,0
USGS-01411123,1,0,39.5272222,-74.9,0,0
USGS-01411493,3,2,39.52905556,-74.99288889,66.66666667,1
USGS-09306740,28,0,39.5341397,-109.1003882,0,0
USGS-09306760,28,0,39.53497085,-109.2231698,0,0
USGS-01409570,4,0,39.53555556,-74.6575,0,0
USGS-01411695,8,0,39.53555556,-75.1841667,0,0
USGS-01409607,8,1,39.53805556,-74.56888889,12.5,1
USGS-06905500,371,0,39.53994444,-92.79075,0,0
USGS-01581500,88,0,39.5414722,-76.3301111,0,0
USGS-06708520,18,0,39.5458215,-105.0866526,0,0
USGS-01409620,6,0,39.54694444,-74.5319444,0,0
USGS-01411487,8,0,39.54805556,-75.1008333,0,0
USGS-393302121124501,1,0,39.55055556,-121.2125,0,0
USGS-10219200,2,0,39.5521802,-111.8299276,0,0
USGS-05574500,154,1,39.5525,-89.2538889,0.649350649,0
USGS-01411675,8,0,39.55388889,-75.1641667,0,0
USGS-06872500,144,0,39.55501079,-98.6922942,0,0
USGS-01409600,23,0,39.55677778,-74.60277778,0,0
USGS-01482950,8,0,39.5586111,-75.3391667,0,0
USGS-01411686,8,0,39.5597222,-75.20138889,0,0
USGS-06709610,39,0,39.5622103,-105.057207,0,0
USGS-01411085,8,0,39.5647222,-74.81,0,0
USGS-10350500,144,0,39.56545278,-119.486186,0,0
USGS-09307500,40,0,39.5663541,-109.5873527,0,0
USGS-01600000,69,0,39.56680556,-78.8395556,0,0
USGS-09093000,54,0,39.5669215,-108.1109117,0,0
USGS-01411080,25,0,39.5697222,-74.8211111,0,0
USGS-01409601,17,7,39.5708333,-74.6641667,41.17647059,1
USGS-393418105022300,7,0,39.57165469,-105.040262,0,0
USGS-01411468,8,0,39.57277778,-75.0583333,0,0
USGS-05591300,132,0,39.5728114,-88.5322784,0,0
USGS-01482925,25,0,39.5775,-75.3461111,0,0
USGS-05575500,170,9,39.57893737,-89.3920357,5.294117647,1
USGS-01611500,327,2,39.5823158,-78.3097312,0.611620795,0
USGS-01411078,8,0,39.5833333,-74.8497222,0,0
USGS-05591200,174,1,39.5833666,-88.4133842,0.574712644,0
USGS-01482923,8,0,39.5836111,-75.3355556,0,0
USGS-01411453,4,0,39.58527778,-75.0816667,0,0
USGS-01409540,6,2,39.58777778,-74.5983333,33.33333333,1
USGS-01411670,8,0,39.58888889,-75.1647222,0,0
USGS-01411466,88,8,39.5908333,-75.0597222,9.090909091,1
USGS-01411000,101,0,39.5947222,-74.8516667,0,0
USGS-01482645,9,0,39.5961111,-75.3758333,0,0
USGS-01411463,25,0,39.59666667,-75.06388889,0,0
USGS-01411458,12,0,39.59694444,-75.0755556,0,0
USGS-393553083362500,8,0,39.5981168,-83.6068656,0,0
USGS-05591400,130,7,39.60114488,-88.5461687,5.384615385,1
USGS-01409310,4,0,39.60277778,-74.3419444,0,0
USGS-06712500,16,0,39.6049883,-104.8224759,0,0
USGS-01409515,6,0,39.60638889,-74.6616667,0,0
USGS-01411663,8,0,39.60666667,-75.1658333,0,0
USGS-01411053,25,0,39.6086111,-74.9091667,0,0
USGS-05508000,189,0,39.6123333,-91.4073056,0,0
USGS-01409525,14,1,39.61777778,-74.6297222,7.142857143,1
USGS-06710000,67,0,39.6188766,-105.0191499,0,0
USGS-05591500,147,5,39.6197567,-88.6047837,3.401360544,0
USGS-01409419,6,0,39.62,-74.6916667,0,0
USGS-0141145260,10,1,39.62027778,-75.1044444,10,1
USGS-01410960,5,0,39.62055556,-74.8925,0,0
USGS-01411050,4,0,39.62055556,-74.9272222,0,0
USGS-01603000,98,4,39.62180556,-78.7734167,4.081632653,0
USGS-01410150,217,0,39.62305556,-74.44138889,0,0
USGS-393724083370000,8,0,39.62339437,-83.61658809,0,0
USGS-01410200,20,0,39.62416667,-74.4461111,0,0
USGS-06712960,22,0,39.6247103,-104.8494212,0,0
USGS-06712850,24,0,39.62471038,-104.8341429,0,0
USGS-01409532,4,0,39.62527778,-74.5975,0,0
USGS-01411049,8,0,39.62666667,-74.93388889,0,0
USGS-01409418,14,0,39.62777778,-74.6936111,0,0
USGS-393745095435200,6,0,39.62916667,-95.7311111,0,0
USGS-01580000,12,0,39.6299722,-76.4033056,0,0
USGS-06712855,32,0,39.63082148,-104.8255314,0,0
USGS-01409412,19,0,39.63138889,-74.7711111,0,0
USGS-393754095364000,27,0,39.63166667,-95.6111111,0,0
USGS-10351650,6,0,39.63213447,-119.2832254,0,0
USGS-01409414,30,0,39.6325,-74.76027778,0,0
USGS-01409416,226,16,39.63388889,-74.71777778,7.079646018,1
USGS-01411457,8,0,39.635,-75.0719444,0,0
USGS-06711000,19,0,39.63554334,-105.1685989,0,0
USGS-01411452,9,0,39.63555556,-75.0994444,0,0
USGS-01409415,14,1,39.6358333,-74.74138889,7.142857143,1
USGS-01478000,30,1,39.63738889,-75.72788889,3.333333333,0
USGS-01409282,8,0,39.63805556,-74.305,0,0
USGS-01410138,4,0,39.6383333,-74.4061111,0,0
USGS-06902000,588,4,39.64002778,-93.2736944,0.680272109,0
USGS-01410130,6,0,39.64055556,-74.4205556,0,0
USGS-01613030,159,0,39.6405833,-78.2189444,0,0
USGS-01409411,27,0,39.64138889,-74.6616667,0,0
USGS-01409500,165,0,39.64166667,-74.65027778,0,0
USGS-0140941580,11,1,39.6422222,-74.7372222,9.090909091,1
USGS-01411036,2,0,39.6435833,-74.9773611,0,0
USGS-01482500,269,3,39.64388889,-75.33027778,1.115241636,0
USGS-01411035,92,0,39.64444444,-74.9858333,0,0
USGS-01482503,14,0,39.64638889,-75.3275,0,0
USGS-01409406,4,0,39.64666667,-74.6605556,0,0
USGS-01410040,4,0,39.6486111,-74.5069444,0,0
USGS-01482530,22,1,39.64888889,-75.3744444,4.545454545,0
USGS-01482505,14,1,39.64916667,-75.3322222,7.142857143,1
USGS-09069000,365,0,39.6499851,-106.9522665,0,0
GRC00005,40,0,39.65,22.33,0,0
USGS-06711500,9,0,39.6522097,-105.033039,0,0
USGS-01482520,8,0,39.6525,-75.36777778,0,0
USGS-01410005,6,0,39.65277778,-74.5147222,0,0
USGS-06710500,16,0,39.6530433,-105.1958219,0,0
USGS-01482519,14,0,39.65416667,-75.3644444,0,0
USGS-01411461,8,0,39.6558333,-75.0511111,0,0
USGS-0141145210,8,0,39.6561111,-75.1675,0,0
USGS-01482508,14,0,39.65694444,-75.3611111,0,0
USGS-06711105,7,0,39.65720986,-105.1335977,0,0
USGS-01578310,963,8,39.65788889,-76.1744444,0.830737279,0
USGS-09306780,8,0,39.6585795,-109.3334519,0,0
USGS-01411456,2,0,39.65888889,-75.0675,0,0
USGS-0140940050,27,0,39.65916667,-74.65888889,0,0
USGS-393937095384000,27,0,39.66027778,-95.6444444,0,0
USGS-01482537,50,6,39.66055556,-75.4091667,12,1
USGS-01477440,14,0,39.6622222,-75.2311111,0,0
USGS-01410000,110,0,39.66394444,-74.5234444,0,0
USGS-0140941075,8,0,39.6647222,-74.7655556,0,0
USGS-06711565,10,0,39.66498738,-105.004149,0,0
USGS-01410865,39,7,39.66777778,-74.9605556,17.94871795,1
USGS-01410180,5,1,39.66777778,-74.4380556,20,1
USGS-01410820,150,2,39.66916667,-74.9133333,1.333333333,0
PRT00010,33,0,39.67,-7.53,0,0
USGS-01482575,4,0,39.67055556,-75.47027778,0,0
USGS-394024095403500,7,0,39.6733333,-95.6763889,0,0
USGS-01409815,207,0,39.675,-74.5408333,0,0
USGS-394042104595100,8,0,39.6783206,-104.9980377,0,0
USGS-01639000,221,0,39.67905556,-77.23452778,0,0
USGS-01482570,14,0,39.68138889,-75.46277778,0,0
USGS-03341414,167,0,39.68142476,-87.52113189,0,0
USGS-01482580,22,6,39.68166667,-75.49138889,27.27272727,1
USGS-394059095403500,7,0,39.68305556,-95.6763889,0,0
USGS-0140941070,31,0,39.68444444,-74.7630556,0,0
USGS-394104074454900,5,0,39.68444444,-74.7633333,0,0
USGS-01409270,6,0,39.685,-74.3591667,0,0
USGS-01477070,8,0,39.6861111,-75.1844444,0,0
USGS-394116074503000,1,0,39.68777778,-74.84138889,0,0
USGS-0140940950,127,0,39.68805556,-74.8347222,0,0
USGS-394117074500400,6,0,39.68805556,-74.8341667,0,0
USGS-394119110530940,33,0,39.68857466,-110.8865507,0,0
USGS-01482560,3,0,39.68944444,-75.4083333,0,0
USGS-06711610,6,0,39.6899872,-104.9997043,0,0
USGS-01482562,8,0,39.6911111,-75.4283333,0,0
USGS-0140940970,43,0,39.69277778,-74.80638889,0,0
USGS-394137095392800,26,0,39.6936111,-95.6577778,0,0
USGS-01409210,7,0,39.69527778,-74.2597222,0,0
USGS-01409410,6,0,39.69527778,-74.75527778,0,0
USGS-01410810,80,0,39.69638889,-74.94,0,0
USGS-394147095414900,28,0,39.69638889,-95.6969444,0,0
USGS-394150074494500,6,0,39.6973611,-74.8286667,0,0
USGS-01613000,39,0,39.69755556,-78.17788889,0,0
USGS-01477510,151,0,39.69916667,-75.3333333,0,0
USGS-01479000,32,0,39.6992222,-75.67502778,0,0
USGS-01409408,46,0,39.6997222,-74.8441667,0,0
USGS-394200074565901,2,0,39.7,-74.9494444,0,0
USGS-394203074562901,34,1,39.7008333,-74.9411111,2.941176471,0
USGS-0141078960,8,0,39.7011111,-74.94,0,0
USGS-01410788,27,2,39.70166667,-74.9375,7.407407407,1
USGS-01410803,67,2,39.7022222,-74.9694444,2.985074627,0
USGS-05586100,497,0,39.7033802,-90.6454047,0,0
USGS-01410789,66,1,39.70388889,-74.9486111,1.515151515,0
USGS-01409407,4,0,39.7061111,-74.8841667,0,0
USGS-01477100,50,0,39.7086111,-75.2011111,0,0
USGS-01409470,83,0,39.70944444,-74.66638889,0,0
USGS-394237121161801,1,0,39.71027778,-121.2716667,0,0
USGS-10146000,7,0,39.71301186,-111.8043759,0,0
USGS-01409780,23,0,39.71416667,-74.5658333,0,0
USGS-01409150,12,0,39.715,-74.2819444,0,0
USGS-01619000,49,1,39.71625,-77.60663889,2.040816327,0
ESP00013,71,1,39.72,-6.895833333,1.408450704,0
USGS-394321105000500,7,0,39.72248699,-105.0019264,0,0
USGS-01613500,16,0,39.72314867,-78.0602805,0,0
USGS-01578320,5,0,39.7231593,-76.6121912,0,0
USGS-05501600,91,0,39.7239345,-91.3623707,0,0
USGS-394331095400700,7,0,39.72527778,-95.6686111,0,0
USGS-01410787,64,1,39.72527778,-74.9605556,1.5625,0
USGS-01410786,3,0,39.72555556,-74.9611111,0,0
USGS-01618950,12,0,39.72620555,-77.5936026,0,0
USGS-03063000,216,0,39.72702308,-79.9114471,0,0
USGS-0140940370,43,0,39.7283333,-74.7697222,0,0
USGS-11475560,197,0,39.7295997,-123.6439073,0,0
USGS-01409200,6,0,39.7297222,-74.2647222,0,0
USGS-0140940365,8,0,39.73,-74.76888889,0,0
USGS-01494990,108,0,39.7301107,-75.8479951,0,0
USGS-06711622,6,0,39.73109808,-105.0183157,0,0
USGS-05591700,124,1,39.73114568,-88.6625657,0.806451613,0
USGS-01409970,6,0,39.73138889,-74.48888889,0,0
USGS-05586040,132,0,39.73143506,-90.4073463,0,0
USGS-01480095,3,0,39.73177945,-75.6035372,0,0
USGS-03078020,163,0,39.7323047,-79.1005835,0,0
USGS-01610140,107,0,39.7325,-78.34638889,0,0
USGS-01410784,212,5,39.7336111,-74.9511111,2.358490566,0
USGS-01409403,6,2,39.73444444,-74.85888889,33.33333333,1
USGS-01477110,9,1,39.7361111,-75.2247222,11.11111111,1
USGS-01475000,47,0,39.73694444,-75.1133333,0,0
USGS-06711800,7,0,39.73720916,-105.023038,0,0
USGS-01477560,8,5,39.7375,-75.4180556,62.5,1
USGS-01409387,218,0,39.74027778,-74.7266667,0,0
USGS-01477120,300,2,39.74055556,-75.2591667,0.666666667,0
USGS-03071700,114,0,39.74202255,-79.8995017,0,0
USGS-01409960,10,1,39.7422222,-74.45277778,10,1
USGS-05573800,185,0,39.7422691,-89.3992545,0,0
USGS-06713500,399,0,39.74248685,-104.9999817,0,0
USGS-01579850,5,0,39.74565909,-76.6052464,0,0
USGS-01475090,10,0,39.74666667,-75.195,0,0
USGS-01478245,189,0,39.7475,-75.7708333,0,0
USGS-394453111531200,1,0,39.7480098,-111.8874359,0,0
USGS-01478240,4,0,39.7484445,-75.7696586,0,0
USGS-0140940200,50,0,39.75055556,-74.8408333,0,0
USGS-11383800,107,0,39.75099317,-121.9980356,0,0
USGS-06818000,595,3,39.75325,-94.8568333,0.504201681,0
USGS-09306800,33,0,39.75330136,-109.3548415,0,0
USGS-05576022,166,2,39.75366128,-89.5656507,1.204819277,0
USGS-394515095415800,27,0,39.75416667,-95.6994444,0,0
USGS-01475005,8,0,39.7547222,-75.1175,0,0
USGS-01409455,45,0,39.75527778,-74.6961111,0,0
USGS-01409440,17,1,39.75527778,-74.67888889,5.882352941,1
USGS-01409180,6,0,39.75666667,-74.2819444,0,0
USGS-01614175,47,0,39.75731589,-77.7933286,0,0
USGS-01409401,42,0,39.75888889,-74.8836111,0,0
USGS-03072000,200,0,39.7592449,-79.9706152,0,0
USGS-06714000,146,0,39.7598972,-105.0036861,0,0
USGS-01480000,22,0,39.76280556,-75.6365,0,0
USGS-03070470,167,0,39.7636876,-79.66338,0,0
USGS-03070420,5,0,39.76424306,-79.58698789,0,0
USGS-01409930,8,0,39.76427778,-74.4078333,0,0
USGS-05573740,10,0,39.76754528,-89.3456415,0,0
USGS-03070455,4,0,39.76896528,-79.6092109,0,0
USGS-01481500,49,0,39.7695,-75.5766944,0,0
USGS-03070410,58,0,39.76952086,-79.6267116,0,0
USGS-01476625,8,0,39.77138889,-75.2641667,0,0
USGS-01467325,14,0,39.77194444,-75.0491667,0,0
USGS-01577500,153,0,39.77260378,-76.3157919,0,0
USGS-01409383,27,2,39.77777778,-74.8,7.407407407,1
USGS-05576250,163,0,39.77916667,-89.5927778,0,0
USGS-01409450,17,1,39.77916667,-74.7383333,5.882352941,1
USGS-01467327,4,0,39.77944444,-75.05388889,0,0
USGS-394647120314501,1,0,39.7797222,-120.5291667,0,0
USGS-0146732760,1,0,39.78027778,-75.0672222,0,0
USGS-03070430,5,0,39.7817429,-79.5830985,0,0
USGS-09306025,36,0,39.783585,-108.189805,0,0
USGS-01409381,3,1,39.78416667,-74.8072222,33.33333333,1
USGS-394706079280801,3,0,39.78507635,-79.4686497,0,0
USGS-09306033,1,0,39.7852515,-108.2098058,0,0
USGS-01409375,53,0,39.78555556,-74.86027778,0,0
USGS-01409435,8,0,39.7858333,-74.6583333,0,0
USGS-01475030,26,0,39.7858333,-75.1397222,0,0
USGS-01475120,8,0,39.7858333,-75.19777778,0,0
USGS-06714130,13,0,39.7869309,-104.9749804,0,0
USGS-01618800,10,0,39.7884268,-77.48748939,0,0
USGS-01476600,12,0,39.7886111,-75.2572222,0,0
USGS-01409870,6,4,39.7886111,-74.3580556,66.66666667,1
USGS-01409700,6,0,39.7897222,-74.5358333,0,0
USGS-01475042,8,0,39.7908333,-75.16027778,0,0
USGS-01614170,48,0,39.7920376,-77.7541607,0,0
USGS-01476640,8,1,39.79277778,-75.2866667,12.5,1
USGS-0140944510,7,4,39.79277778,-74.73777778,57.14285714,1
USGS-01409449,4,0,39.79305556,-74.74638889,0,0
USGS-394736079364701,2,0,39.79340957,-79.6128216,0,0
USGS-01409875,6,4,39.79388889,-74.37027778,66.66666667,1
USGS-01410775,26,3,39.79416667,-74.9369444,11.53846154,1
USGS-01475045,55,0,39.795,-75.1722222,0,0
USGS-394747079301201,3,0,39.79646486,-79.5030951,0,0
USGS-05573650,204,11,39.7967061,-89.1042467,5.392156863,1
USGS-09306410,54,0,39.79774877,-109.074554,0,0
USGS-01409095,46,0,39.7983333,-74.25027778,0,0
USGS-06720280,4,0,39.79887546,-104.8616424,0,0
USGS-06720255,1,0,39.79943105,-104.8363636,0,0
USGS-394758095433100,6,0,39.79944444,-95.7252778,0,0
USGS-03343395,161,1,39.7997548,-88.1703207,0.621118012,0
USGS-03156600,11,0,39.80034329,-82.4276548,0,0
USGS-01409430,5,0,39.8008333,-74.6722222,0,0
USGS-06720285,3,0,39.80109764,-104.8644203,0,0
USGS-01467329,126,0,39.80138889,-75.07388889,0,0
USGS-01467354,8,0,39.80166667,-75.02138889,0,0
USGS-03072700,99,0,39.8022995,-80.1170085,0,0
USGS-10146400,7,0,39.80245444,-111.8629909,0,0
USGS-05573660,10,0,39.80281836,-89.1564701,0,0
USGS-05573930,6,0,39.8028273,-89.4970387,0,0
USGS-05573695,10,0,39.80309869,-89.2692505,0,0
USGS-0146587020,8,0,39.8033333,-74.89277778,0,0
USGS-01409447,4,0,39.80416667,-74.7672222,0,0
USGS-01467330,4,0,39.8047222,-75.0755556,0,0
USGS-01638890,12,0,39.80481906,-77.21137319,0,0
USGS-01467348,23,0,39.80527778,-74.98888889,0,0
USGS-03077500,173,0,39.80535485,-79.3642019,0,0
USGS-394822082264700,12,0,39.80617628,-82.4462666,0,0
USGS-394830079302701,3,0,39.8084092,-79.5072618,0,0
USGS-394839104570300,5,0,39.8109722,-104.9515833,0,0
USGS-09306022,156,0,39.81330695,-108.1839717,0,0
USGS-09306052,3,0,39.8141399,-108.2436962,0,0
USGS-01409690,10,4,39.81416667,-74.5469444,40,1
USGS-05573665,4,1,39.81615228,-89.183971,25,1
USGS-394900079392801,3,0,39.81674287,-79.6575448,0,0
USGS-01479820,117,0,39.81677739,-75.6916008,0,0
USGS-01576990,50,0,39.8170472,-76.3230146,0,0
USGS-01409030,8,0,39.8172222,-74.2930556,0,0
USGS-394902079393101,2,0,39.8172984,-79.6583781,0,0
USGS-05585830,128,0,39.81777778,-90.6544444,0,0
USGS-394905082272000,10,0,39.8181205,-82.4554335,0,0
USGS-01467340,4,0,39.8183333,-75.0680556,0,0
USGS-11392100,24,0,39.81906795,-120.4446582,0,0
USGS-05573640,4,2,39.8200383,-89.0528576,50,1
USGS-03080000,85,0,39.820355,-79.3214227,0,0
USGS-05577505,156,28,39.82116165,-89.6878795,17.94871795,1
USGS-01478137,5,0,39.8217764,-75.7791061,0,0
USGS-01577180,18,0,39.8225,-76.5330556,0,0
USGS-394924079393801,2,0,39.8234095,-79.6603224,0,0
USGS-05573630,10,2,39.82448226,-89.0286906,20,1
USGS-09306036,1,0,39.8249734,-108.19925,0,0
USGS-03072655,51,0,39.82507696,-79.9228329,0,0
USGS-09306007,221,0,39.8260846,-108.1831384,0,0
USGS-09306039,3,0,39.82664,-108.2075837,0,0
USGS-394936079285101,3,0,39.8267425,-79.48059409,0,0
USGS-01576980,20,0,39.82788027,-76.33329279,0,0
USGS-01467120,102,0,39.8286111,-74.9816667,0,0
USGS-05573504,166,0,39.8289258,-88.95979999,0,0
USGS-10351750,22,0,39.829076,-119.3610083,0,0
USGS-06899620,124,0,39.8294598,-93.6068812,0,0
USGS-05573540,200,29,39.83114814,-88.9764673,14.5,1
USGS-09053500,20,0,39.83193005,-106.2228033,0,0
USGS-394957083002900,22,0,39.83256348,-83.00796119,0,0
USGS-394957079303501,2,0,39.83257566,-79.5094838,0,0
USGS-394957079303701,2,0,39.83257566,-79.5100394,0,0
USGS-395000082593400,13,0,39.83339689,-82.9926828,0,0
USGS-09306042,67,0,39.8335843,-108.2206398,0,0
USGS-01467359,140,10,39.83444444,-75.0669444,7.142857143,1
USGS-05573625,6,0,39.83448177,-89.0070238,0,0
USGS-395007079302901,2,0,39.8353534,-79.507817,0,0
USGS-09306045,4,0,39.8355287,-108.2211954,0,0
USGS-01409055,7,0,39.8361111,-74.19638889,0,0
USGS-01467130,47,0,39.8361111,-75.00138889,0,0
USGS-09306058,185,0,39.8371952,-108.2442518,0,0
USGS-01409040,6,1,39.83777778,-74.2630556,16.66666667,1
USGS-395031079493201,3,0,39.84202096,-79.825328,0,0
USGS-05576500,178,0,39.8431053,-89.5473197,0,0
USGS-01467369,26,5,39.84555556,-75.095,19.23076923,1
USGS-09022000,200,0,39.8458204,-105.7519507,0,0
USGS-0146587190,4,0,39.84694444,-74.8566667,0,0
USGS-03230450,257,0,39.8478333,-83.1573333,0,0
USGS-395054079293401,2,0,39.84840887,-79.4925386,0,0
USGS-01409675,5,3,39.8486111,-74.52388889,60,1
USGS-09306061,185,0,39.85052839,-108.2589747,0,0
USGS-395108079295701,2,0,39.85229767,-79.4989277,0,0
USGS-395111105064100,46,0,39.85304174,-105.1119293,0,0
USGS-03072859,61,0,39.85318056,-80.3308917,0,0
USGS-395119105090600,19,0,39.8552641,-105.1522084,0,0
USGS-11393000,1,0,39.85683989,-120.7191126,0,0
USGS-01409050,8,0,39.8575,-74.2222222,0,0
USGS-01467155,13,2,39.85916667,-74.92888889,15.38461538,1
USGS-01465808,8,0,39.85944444,-74.5986111,0,0
USGS-01465861,8,0,39.85944444,-74.90527778,0,0
USGS-395151079294301,12,0,39.864242,-79.4950385,0,0
USGS-01477010,46,1,39.8642788,-75.3971375,2.173913043,0
USGS-05590420,146,0,39.86475425,-88.3644975,0,0
USGS-01409000,8,0,39.8675,-74.1691667,0,0
USGS-01477000,3,0,39.8690009,-75.4082494,0,0
USGS-01481000,1435,0,39.8698328,-75.5932623,0,0
USGS-01467140,96,8,39.87055556,-75.0161111,8.333333333,1
USGS-01465807,10,0,39.8708333,-74.6930556,0,0
USGS-395216105084500,21,0,39.87109727,-105.1463748,0,0
USGS-01476510,3,0,39.87455658,-75.3818588,0,0
USGS-09307900,20,0,39.876354,-109.7040262,0,0
USGS-05585275,137,0,39.8772222,-90.375,0,0
USGS-03111687,25,0,39.8785972,-80.4286694,0,0
USGS-01465865,8,0,39.8786111,-74.86027778,0,0
USGS-05590400,13,0,39.8789209,-88.3764427,0,0
USGS-01465810,6,0,39.8811111,-74.595,0,0
USGS-03072850,16,0,39.8834094,-80.31617938,0,0
USGS-01408820,4,0,39.8836111,-74.33527778,0,0
USGS-01465878,10,0,39.885,-74.8316667,0,0
USGS-01466500,452,151,39.885,-74.50527778,33.40707965,1
USGS-01408870,6,0,39.8861111,-74.2144444,0,0
USGS-09023560,45,0,39.8865583,-105.7618222,0,0
USGS-01408821,1,0,39.88666667,-74.3211111,0,0
USGS-01574520,37,7,39.88732148,-76.8355286,18.91891892,1
USGS-01408800,6,0,39.88805556,-74.3791667,0,0
USGS-09306240,22,0,39.8883067,-108.5284292,0,0
USGS-01465857,8,0,39.8897222,-74.8833333,0,0
USGS-09023750,493,0,39.89302778,-105.76475,0,0
USGS-01576789,25,0,39.8942676,-76.3591272,0,0
USGS-01476030,28,0,39.89511225,-75.3382448,0,0
USGS-05500000,444,2,39.89663889,-91.5801667,0.45045045,0
USGS-01408830,97,0,39.8972222,-74.31638889,0,0
USGS-01465893,90,0,39.89805556,-74.7883333,0,0
USGS-09024000,11,0,39.89998695,-105.7766741,0,0
USGS-01465855,8,1,39.90055556,-74.9166667,12.5,1
USGS-01467312,9,0,39.90138889,-75.0947222,0,0
USGS-01467150,221,4,39.90305556,-75.02138889,1.809954751,0
USGS-01465884,3,0,39.905,-74.8247222,0,0
USGS-01467075,9,0,39.9058333,-74.9522222,0,0
USGS-01576787,18,0,39.90593409,-76.32829298,0,0
USGS-09306235,74,0,39.90608459,-108.5328739,0,0
USGS-014806318,9,0,39.9073296,-75.8332776,0,0
USGS-01467181,24,0,39.9086111,-75.02527778,0,0
USGS-09060770,54,0,39.9122094,-106.7255937,0,0
USGS-09306241,1,0,39.91386136,-108.4853723,0,0
USGS-01408702,8,4,39.91527778,-74.2736111,50,1
USGS-01465991,4,0,39.91638889,-74.5147222,0,0
USGS-01475550,29,3,39.91733516,-75.2474047,10.34482759,1
USGS-01466040,4,1,39.91777778,-74.44527778,25,1
USGS-01466060,4,0,39.91944444,-74.4433333,0,0
USGS-09306242,220,0,39.9202502,-108.4728719,0,0
USGS-01575000,50,0,39.9206548,-76.7488574,0,0
USGS-09306200,299,0,39.9210833,-108.2975876,0,0
USGS-06720500,127,0,39.92192936,-104.868864,0,0
USGS-395521111451000,6,0,39.92245535,-111.7535423,0,0
USGS-01465835,57,0,39.92305556,-74.71777778,0,0
USGS-03073000,111,0,39.92313056,-80.072558,0,0
USGS-01466800,6,0,39.9236111,-74.5916667,0,0
USGS-09306700,23,0,39.9255223,-109.2923418,0,0
USGS-01480640,84,0,39.92622,-75.66271369,0,0
USGS-01467190,55,2,39.92638889,-75.08388889,3.636363636,0
USGS-01480950,78,0,39.9264979,-75.64799038,0,0
USGS-09025010,502,0,39.92776467,-105.786119,0,0
USGS-01466100,8,0,39.92888889,-74.5311111,0,0
USGS-01476848,18,0,39.92927656,-75.5329819,0,0
USGS-01465928,4,0,39.92941667,-74.8625833,0,0
USGS-01408709,6,5,39.9325,-74.23527778,83.33333333,1
USGS-09306244,20,0,39.93386118,-108.4270369,0,0
USGS-01465930,1,0,39.93388889,-74.8505556,0,0
USGS-01475470,6,0,39.9344722,-75.2999167,0,0
USGS-01408710,4,0,39.93527778,-74.2116667,0,0
USGS-01573750,34,0,39.93703707,-77.36581868,0,0
USGS-01467066,10,0,39.9375,-74.9494444,0,0
USGS-09308000,45,0,39.9388539,-109.648469,0,0
USGS-01480940,5,0,39.93899775,-75.636601,0,0
USGS-01465850,133,0,39.94,-74.7630556,0,0
USGS-01467080,8,0,39.94027778,-74.9816667,0,0
USGS-01408620,6,0,39.94138889,-74.2966667,0,0
USGS-03339147,168,0,39.94142585,-87.5514078,0,0
USGS-01467081,130,0,39.94166667,-75.0011111,0,0
USGS-395634105532401,122,0,39.94276426,-105.890568,0,0
USGS-01466130,14,4,39.94527778,-74.4808333,28.57142857,1
USGS-01576754,19,0,39.9464886,-76.3677388,0,0
USGS-01466200,12,0,39.94666667,-74.5558333,0,0
USGS-01465854,17,0,39.94694444,-74.7908333,0,0
USGS-01465900,30,0,39.94694444,-74.7991667,0,0
USGS-09306610,1,0,39.94718919,-109.235673,0,0
USGS-09032000,157,0,39.94998694,-105.7655627,0,0
ESP00012,71,0,39.95,-4.82,0,0
USGS-01467010,4,0,39.95138889,-74.8958333,0,0
USGS-05579500,187,1,39.95166667,-89.3855556,0.534759358,0
USGS-06899585,3,0,39.95168237,-93.5407706,0,0
USGS-01467069,129,0,39.95194444,-74.9691667,0,0
USGS-395708111555800,7,0,39.95217499,-111.9335509,0,0
USGS-09306430,51,0,39.9521902,-109.1592813,0,0
USGS-01467200,93,23,39.95400165,-75.1373987,24.7311828,1
USGS-0146708130,8,0,39.95416667,-75.0133333,0,0
USGS-01561000,21,0,39.9556402,-78.2539009,0,0
USGS-01466900,107,0,39.9561111,-74.62777778,0,0
USGS-01467068,4,0,39.9561111,-74.9411111,0,0
USGS-01480637,12,0,39.96009444,-75.7123333,0,0
USGS-01465980,4,0,39.96027778,-74.6291667,0,0
ESP00004,39,24,39.96111111,-3.738333333,61.53846154,1
USGS-01576600,67,0,39.96148829,-76.3657944,0,0
USGS-01408580,6,0,39.96305556,-74.3280556,0,0
USGS-01475540,28,0,39.96539045,-75.25823828,0,0
USGS-09306850,53,0,39.9655212,-109.4170707,0,0
USGS-09058030,71,0,39.96693085,-106.5233675,0,0
USGS-01408598,16,2,39.9675,-74.2422222,12.5,1
USGS-01465970,101,0,39.96777778,-74.5797222,0,0
USGS-0146708240,3,0,39.96777778,-75.0436111,0,0
USGS-01474500,255,0,39.9678905,-75.1885123,0,0
USGS-03111585,25,0,39.96840878,-80.4478466,0,0
USGS-01467000,158,0,39.97,-74.6844444,0,0
USGS-01475545,28,0,39.9703898,-75.3026864,0,0
USGS-06817800,224,2,39.97193898,-94.9963617,0.892857143,0
USGS-01475530,29,0,39.97483455,-75.2799067,0,0
USGS-395830120542501,1,0,39.975,-120.9069444,0,0
USGS-03072845,45,0,39.9750741,-80.0414437,0,0
USGS-01408505,49,0,39.97638889,-74.2183333,0,0
USGS-01465965,8,0,39.97638889,-74.5766667,0,0
USGS-395840105472700,64,0,39.9777646,-105.7913972,0,0
USGS-09060550,67,0,39.9783206,-106.7100387,0,0
USGS-01465915,29,0,39.97888889,-74.8241667,0,0
USGS-01465950,13,0,39.97944444,-74.5247222,0,0
USGS-06884025,227,0,39.98027778,-97.0047222,0,0
USGS-01467003,26,0,39.98194444,-74.7361111,0,0
USGS-10148510,7,0,39.98273379,-111.5157462,0,0
USGS-395901105550800,103,0,39.9835974,-105.9194582,0,0
USGS-01408500,244,0,39.98638889,-74.2233333,0,0
USGS-01467006,29,0,39.98944444,-74.7847222,0,0
USGS-09027100,502,0,39.9903333,-105.8297778,0,0
USGS-395927105505700,161,0,39.9908199,-105.849733,0,0
USGS-395930105510700,123,0,39.9916532,-105.852511,0,0
USGS-0146700510,96,0,39.99305556,-74.7816667,0,0
USGS-03227050,1,0,39.9931198,-83.03379559,0,0
USGS-015765195,157,1,39.9959361,-76.26403889,0.636942675,0
USGS-395947105481000,9,0,39.99637564,-105.8033422,0,0
USGS-05499900,30,0,39.99782058,-91.8437788,0,0
USGS-09033100,161,0,39.9990861,-105.8265583,0,0
USGS-01408320,8,0,40.00027778,-74.2322222,0,0
USGS-05572125,155,0,40.0022569,-88.63534529,0,0
USGS-03079639,59,0,40.0033333,-79.2386111,0,0
USGS-400014105545100,1,0,40.00387518,-105.9147359,0,0
USGS-01408495,8,0,40.00638889,-74.2472222,0,0
USGS-09033300,195,0,40.00689167,-105.8482722,0,0
USGS-01467089,28,1,40.00705667,-75.0921188,3.571428571,0
USGS-11403050,2,0,40.007386,-121.2494094,0,0
USGS-01408462,3,0,40.00805556,-74.2933333,0,0
USGS-01474010,133,0,40.0084457,-75.1974013,0,0
USGS-01408380,8,0,40.0086111,-74.33,0,0
USGS-01467016,52,0,40.00888889,-74.8891667,0,0
USGS-01576767,143,0,40.00916667,-76.1622222,0,0
USGS-01576540,51,0,40.0100985,-76.2771806,0,0
USGS-01575580,31,5,40.01037508,-76.7099662,16.12903226,1
USGS-01408460,16,0,40.0122222,-74.3025,0,0
USGS-400046074515900,8,0,40.01277778,-74.8661111,0,0
USGS-05578000,146,0,40.0133333,-89.8383333,0,0
USGS-09306395,62,0,40.01385727,-109.0806682,0,0
USGS-01474000,185,0,40.01539,-75.2068459,0,0
USGS-01467087,5,1,40.0159454,-75.0968411,20,1
USGS-03082500,12,0,40.01752778,-79.5932222,0,0
USGS-01575585,2,0,40.0187082,-76.6930218,0,0
USGS-05497150,68,0,40.0189337,-91.6221036,0,0
USGS-400111074514800,10,0,40.0197222,-74.8630556,0,0
GRC00004,47,0,40.02,21.78,0,0
USGS-01408492,7,0,40.0208333,-74.2736111,0,0
USGS-09304800,232,0,40.0225833,-108.1199444,0,0
USGS-01475300,34,0,40.0226093,-75.4218614,0,0
USGS-03226900,1,0,40.02367508,-83.0443517,0,0
USGS-01560510,11,0,40.02396996,-78.4772396,0,0
USGS-400129120580701,2,0,40.0247222,-120.968611,0,0
USGS-05585000,263,1,40.0247704,-90.6317947,0.380228137,0
USGS-01480878,8,0,40.0264954,-75.6360443,0,0
USGS-400138111301200,7,0,40.0271782,-111.5040782,0,0
USGS-01464280,10,1,40.0272222,-74.56,10,1
USGS-400141074521200,9,0,40.02805556,-74.8697222,0,0
USGS-01576003,34,0,40.0284308,-76.5177432,0,0
USGS-400147105562200,1,0,40.0297083,-105.9400149,0,0
USGS-400150105560000,1,0,40.03054167,-105.9339035,0,0
USGS-01467019,10,0,40.03138889,-74.8536111,0,0
USGS-400153074532200,10,0,40.03138889,-74.8891667,0,0
USGS-01408310,6,0,40.0325,-74.25138889,0,0
USGS-01467020,10,0,40.03277778,-74.8791667,0,0
USGS-400158074515900,10,0,40.03277778,-74.8661111,0,0
USGS-01464583,13,1,40.03277778,-74.6697222,7.692307692,1
USGS-06824500,109,0,40.03444444,-101.5427778,0,0
USGS-01480700,84,1,40.03482757,-75.7085488,1.19047619,0
USGS-400207105565900,20,0,40.0352638,-105.9502931,0,0
USGS-400207074515300,9,0,40.03527778,-74.8644444,0,0
USGS-06815000,205,0,40.0355577,-95.5960957,0,0
USGS-01467021,19,0,40.0358333,-74.8936111,0,0
USGS-01464290,27,0,40.0361111,-74.5361111,0,0
USGS-03226890,8,0,40.03617475,-83.0682416,0,0
USGS-09058000,145,0,40.03665248,-106.4400324,0,0
USGS-01464375,4,0,40.03916667,-74.5886111,0,0
USGS-09060500,21,0,40.04109757,-106.6558716,0,0
ESP00011,71,0,40.04138889,-3.6,0,0
USGS-400230105560800,1,0,40.0416527,-105.9361259,0,0
USGS-01408175,7,0,40.04166667,-74.1425,0,0
USGS-01464585,4,0,40.04166667,-74.7669444,0,0
USGS-400233105560700,1,0,40.04248606,-105.9358481,0,0
USGS-01467086,28,0,40.04261157,-75.1121191,0,0
USGS-01467053,7,0,40.04400035,-75.0204486,0,0
USGS-06882000,152,1,40.0447222,-96.5872222,0.657894737,0
USGS-01576520,2,0,40.0475989,-76.1449535,0,0
USGS-01464380,8,0,40.04944444,-74.56277778,0,0
USGS-01576500,33,0,40.05009748,-76.2771798,0,0
USGS-01467048,28,0,40.05011137,-75.0326713,0,0
USGS-03226885,12,0,40.05173049,-83.0304623,0,0
USGS-01575598,127,0,40.0522222,-76.6544444,0,0
USGS-01576000,59,0,40.0545413,-76.5307992,0,0
USGS-01575990,49,1,40.05481908,-76.5277436,2.040816327,0
USGS-01464578,4,0,40.05527778,-74.7019444,0,0
USGS-01467050,10,0,40.05538905,-75.022393,0,0
USGS-01464580,33,0,40.05694444,-74.72388889,0,0
USGS-01465798,28,0,40.05705567,-74.9851694,0,0
USGS-09041500,135,0,40.0602633,-106.3980869,0,0
USGS-03079448,15,0,40.0603526,-79.22780929,0,0
USGS-01408480,4,0,40.0608333,-74.44027778,0,0
USGS-01408300,8,0,40.06166667,-74.2744444,0,0
USGS-01575900,104,0,40.0628745,-76.5155214,0,0
USGS-01576515,38,0,40.06287605,-76.1566199,0,0
USGS-06853020,48,0,40.06416667,-98.3308333,0,0
USGS-400352105550700,60,0,40.06443047,-105.9191809,0,0
USGS-09306900,142,1,40.0649641,-109.6356923,0.704225352,0
USGS-03075001,155,0,40.06868445,-79.9042146,0,0
USGS-01408290,8,0,40.06888889,-74.2916667,0,0
USGS-06853000,146,0,40.06888889,-98.3736111,0,0
USGS-400408099121901,2,0,40.06890066,-99.2056468,0,0
USGS-01560000,8,1,40.07174679,-78.4925172,12.5,1
USGS-01464590,52,0,40.07194444,-74.79888889,0,0
USGS-01480300,33,0,40.07287916,-75.8607744,0,0
USGS-0146452755,8,0,40.0736111,-74.62888889,0,0
USGS-400433105560600,45,0,40.07581927,-105.9355705,0,0
USGS-01467049,18,0,40.07677758,-75.0215594,0,0
USGS-09306222,281,0,40.0780264,-108.2364753,0,0
USGS-01408152,17,1,40.0783333,-74.1566667,5.882352941,1
USGS-03039410,62,0,40.07840969,-79.1016952,0,0
USGS-01473950,28,0,40.07983304,-75.2260117,0,0
USGS-01574000,67,0,40.0809008,-76.7180813,0,0
USGS-01408285,4,1,40.0811111,-74.3266667,25,1
USGS-400453105554200,137,0,40.0813748,-105.9289036,0,0
USGS-01473170,113,0,40.0814959,-75.4565809,0,0
USGS-03228900,1,0,40.0817303,-82.926847,0,0
USGS-01467084,17,0,40.08177746,-75.1504532,0,0
USGS-01465790,28,0,40.08177749,-74.9821135,0,0
USGS-03338097,180,0,40.0822581,-87.7814149,0,0
USGS-09307200,31,0,40.08274069,-109.8734784,0,0
USGS-09034500,156,0,40.08331887,-106.0880765,0,0
USGS-01569320,17,1,40.08342217,-77.5427653,5.882352941,1
USGS-01464420,4,0,40.08416667,-74.5408333,0,0
USGS-05590075,1,0,40.08447616,-88.3331092,0,0
USGS-01408140,1,0,40.08666667,-74.2122222,0,0
USGS-01464424,3,0,40.08838889,-74.55838889,0,0
USGS-01408280,4,0,40.08944444,-74.315,0,0
USGS-01467042,28,0,40.08983289,-75.0690611,0,0
USGS-01408120,7,0,40.09166667,-74.1525,0,0
USGS-01569195,63,0,40.0939764,-77.7205472,0,0
USGS-05583915,141,1,40.0969915,-90.404569,0.709219858,0
USGS-01480675,11,0,40.09787927,-75.74159878,0,0
USGS-01464454,7,0,40.10027778,-74.4972222,0,0
USGS-01464540,35,0,40.10027778,-74.7561111,0,0
USGS-400601099270608,2,0,40.100288,-99.4520466,0,0
USGS-03339000,178,2,40.10087009,-87.5972419,1.123595506,0
USGS-01464455,1,0,40.1011111,-74.4997222,0,0
USGS-0146452670,4,1,40.10138889,-74.61527778,25,1
USGS-06899580,247,1,40.10529268,-93.4916052,0.4048583,0
USGS-01464460,19,0,40.10694444,-74.53638889,0,0
USGS-09306300,72,0,40.1071983,-108.7128822,0,0
USGS-01464529,8,0,40.1075,-74.6847222,0,0
USGS-09034250,71,0,40.108319,-106.0041847,0,0
USGS-09041400,281,0,40.10859628,-106.4139212,0,0
USGS-01408118,10,0,40.10944444,-74.1616667,0,0
USGS-01464527,78,1,40.10944444,-74.6416667,1.282051282,0
USGS-01408100,94,0,40.1097222,-74.2191667,0,0
USGS-01408260,6,0,40.1097222,-74.3736111,0,0
USGS-0140813760,8,0,40.11169444,-74.24763889,0,0
USGS-09016500,86,0,40.1124861,-105.7497297,0,0
USGS-0146453250,5,0,40.11305556,-74.72277778,0,0
USGS-400651111473100,6,0,40.1141201,-111.7927099,0,0
USGS-05578500,157,0,40.11503787,-89.049251,0,0
USGS-01408137,2,0,40.1158333,-74.265,0,0
USGS-0146453015,8,0,40.12055556,-74.6941667,0,0
USGS-01467041,4,0,40.12066565,-75.0721163,0,0
USGS-09019500,7,0,40.12081915,-105.9005694,0,0
USGS-01473900,102,0,40.1239987,-75.2198992,0,0
USGS-05583000,209,1,40.12416667,-89.985,0.4784689,0
USGS-06844500,325,0,40.13166667,-99.5025,0,0
USGS-05582000,153,0,40.1319901,-89.7356639,0,0
USGS-01465770,28,0,40.13205445,-74.99405798,0,0
USGS-0146453090,4,0,40.1325,-74.705,0,0
USGS-03337700,178,1,40.1330889,-88.1042084,0.561797753,0
USGS-01464440,6,0,40.13388889,-74.46138889,0,0
USGS-01408132,2,0,40.13444444,-74.29527778,0,0
USGS-400806106245000,1,0,40.13498496,-106.414477,0,0
USGS-0146450240,4,0,40.1358333,-74.6180556,0,0
USGS-400812106254800,20,0,40.1366516,-106.4305887,0,0
USGS-03336645,182,0,40.1369806,-87.74585779,0,0
USGS-01464531,39,0,40.1372222,-74.71138889,0,0
USGS-01464500,178,1,40.1372222,-74.6,0.561797753,0
USGS-0140813340,8,0,40.13944444,-74.28638889,0,0
USGS-01464532,8,0,40.14194444,-74.7169444,0,0
USGS-05496000,70,0,40.1421111,-91.5656944,0,0
USGS-05495500,136,0,40.1428237,-91.33737,0,0
USGS-01407806,16,0,40.1433333,-74.0533333,0,0
USGS-09019000,85,0,40.1441524,-105.8672348,0,0
USGS-01571197,11,0,40.14453418,-77.1774813,0,0
USGS-01408076,8,0,40.14480556,-74.2636944,0,0
USGS-01408110,8,0,40.14638889,-74.1994444,0,0
USGS-01559920,12,0,40.14757866,-78.554184,0,0
PRT00009,54,0,40.14833333,-8.68,0,0
USGS-03039815,131,0,40.1484112,-78.8172439,0,0
USGS-01573710,177,1,40.14930556,-76.68775,0.564971751,0
USGS-03336900,168,0,40.14944444,-88.0341667,0,0
USGS-03075000,36,0,40.14951635,-79.901437,0,0
USGS-01473140,6,0,40.150383,-75.4457407,0,0
USGS-01472157,217,0,40.15149064,-75.601305,0,0
USGS-01473030,106,0,40.15316667,-75.4558722,0,0
USGS-01473895,4,0,40.15816458,-75.23267648,0,0
USGS-0146450330,7,0,40.15944444,-74.6572222,0,0
USGS-01464503,4,0,40.16,-74.65527778,0,0
USGS-06905725,239,3,40.16057978,-92.8904798,1.255230126,0
USGS-01408000,224,0,40.16138889,-74.1547222,0,0
USGS-01464512,8,1,40.16138889,-74.4686111,12.5,1
USGS-09306224,44,0,40.1625,-108.345,0,0
USGS-01408125,3,0,40.16277778,-74.3497222,0,0
USGS-01407997,131,0,40.16694444,-74.15888889,0,0
USGS-0146452410,1,0,40.16694444,-74.7036111,0,0
USGS-01464504,95,0,40.1672222,-74.6775,0,0
USGS-09306255,200,0,40.1685813,-108.4012046,0,0
USGS-01472150,34,0,40.1712098,-75.6901972,0,0
USGS-01464505,50,0,40.17388889,-74.6797222,0,0
USGS-01465500,182,1,40.1739982,-74.9568342,0.549450549,0
USGS-014721369,70,0,40.17426509,-75.6957528,0,0
USGS-01464513,7,0,40.175,-74.5022222,0,0
USGS-01464522,52,0,40.17527778,-74.6755556,0,0
USGS-01464515,218,4,40.17694444,-74.59888889,1.834862385,0
USGS-01567795,99,0,40.1775,-77.1861111,0,0
USGS-401043110095500,5,0,40.1785705,-110.1651523,0,0
USGS-09306290,202,0,40.17969335,-108.5653775,0,0
USGS-01408070,34,0,40.1811111,-74.28777778,0,0
USGS-09018000,31,0,40.18804106,-105.895014,0,0
USGS-401143096134301,13,0,40.18943889,-96.2239806,0,0
USGS-01573610,59,0,40.19120315,-76.7308027,0,0
USGS-05571000,11,0,40.19169944,-88.4000566,0,0
USGS-05580500,152,0,40.19170945,-89.3612071,0,0
USGS-01407900,14,0,40.19277778,-74.19527778,0,0
USGS-01573695,165,1,40.19527778,-76.56777778,0.606060606,0
USGS-01407706,3,0,40.19791667,-74.06925,0,0
USGS-01407705,86,0,40.1986111,-74.07,0,0
USGS-09295000,7,0,40.20023757,-110.0637613,0,0
USGS-06817700,217,0,40.2024722,-95.0695556,0,0
USGS-09041090,296,0,40.2024844,-106.4225335,0,0
USGS-01407760,164,0,40.2033333,-74.0658333,0,0
USGS-01407874,4,0,40.20488889,-74.2543056,0,0
USGS-09018300,204,5,40.20665207,-105.8494567,2.450980392,0
USGS-01407810,37,18,40.2075,-74.32888889,48.64864865,1
USGS-01463517,8,2,40.2083333,-74.4686111,25,1
USGS-09294500,8,0,40.2088481,-110.1170958,0,0
USGS-01407868,19,0,40.20916667,-74.2633333,0,0
USGS-01407830,45,0,40.21,-74.27777778,0,0
USGS-09302000,389,0,40.21027778,-109.7813889,0,0
USGS-01407821,36,0,40.21166667,-74.2958333,0,0
USGS-01463520,16,0,40.21194444,-74.4769444,0,0
USGS-01408009,109,1,40.2125,-74.1683333,0.917431193,0
USGS-01564500,36,0,40.21258144,-77.9252764,0,0
USGS-01407988,20,0,40.21444444,-74.1816667,0,0
USGS-01463920,8,0,40.21527778,-74.69027778,0,0
USGS-01562000,108,0,40.21591249,-78.2652901,0,0
USGS-01463587,8,0,40.21666667,-74.5608333,0,0
USGS-01464020,118,0,40.2172222,-74.7686111,0,0
USGS-01463568,36,0,40.21805556,-74.56027778,0,0
USGS-09011000,123,0,40.2188742,-105.8575127,0,0
USA00008,532,0,40.22166667,-74.77833333,0,0
USGS-01463500,529,0,40.22166667,-74.7780556,0,0
USGS-05581500,161,0,40.2222651,-89.4034313,0,0
USGS-01464000,93,2,40.22416667,-74.7491667,2.150537634,0
USGS-01571505,328,0,40.224257,-76.8602506,0,0
USGS-01400585,9,0,40.2272222,-74.4391667,0,0
USGS-01407817,8,0,40.22805556,-74.31138889,0,0
USGS-01473000,49,0,40.22954725,-75.451567,0,0
USGS-09301500,14,0,40.23357228,-109.8037549,0,0
USGS-01463900,8,0,40.23555556,-74.7383333,0,0
USGS-01407720,4,0,40.2361111,-74.0819444,0,0
USGS-401418106562200,5,0,40.23831495,-106.9400487,0,0
USGS-01464985,1,0,40.24010799,-75.05378088,0,0
USGS-03083500,217,0,40.2402222,-79.8066944,0,0
USGS-01400530,9,0,40.2411111,-74.4016667,0,0
USGS-01471677,48,0,40.2411111,-75.7772222,0,0
USGS-01472000,135,0,40.2417631,-75.6515752,0,0
USGS-01571104,11,0,40.24258985,-76.8563617,0,0
USGS-01407636,4,0,40.2433333,-74.01388889,0,0
USGS-01407713,2,0,40.2433611,-74.0916944,0,0
USGS-01463200,8,0,40.24416667,-74.8208333,0,0
USGS-01460400,2,0,40.2447222,-74.8191667,0,0
USGS-09014000,79,0,40.24474444,-105.82615,0,0
USGS-09014050,4,0,40.2461111,-105.8288333,0,0
USGS-01463850,91,2,40.24694444,-74.6866667,2.197802198,0
USGS-03044838,122,0,40.2517398,-79.1550306,0,0
USGS-01570000,120,0,40.2522222,-77.0211111,0,0
USGS-401509095314901,8,0,40.2525,-95.5302778,0,0
USGS-05580000,173,0,40.254761,-89.129253,0,0
USGS-01570500,511,0,40.25481164,-76.8860846,0,0
USGS-01463810,42,1,40.25527778,-74.73777778,2.380952381,0
USGS-01407630,8,0,40.25638889,-73.9961111,0,0
USGS-06881500,76,0,40.25666667,-96.7469444,0,0
USGS-01463610,9,0,40.25777778,-74.61777778,0,0
USGS-01472820,3,0,40.2579722,-75.4413611,0,0
USGS-01569900,59,0,40.26008776,-77.1027567,0,0
USGS-01400540,92,0,40.2622222,-74.42,0,0
USGS-03075070,103,0,40.26229225,-79.9011597,0,0
USGS-0155979602,156,0,40.26285435,-78.5908505,0,0
USGS-11377200,77,0,40.26404377,-122.2230542,0,0
USGS-09237450,76,0,40.2642611,-106.8917667,0,0
USGS-03338780,163,1,40.26531416,-87.6427989,0.613496933,0
USGS-01463625,26,0,40.2683333,-74.7016667,0,0
USGS-01463620,107,0,40.2697222,-74.6719444,0,0
USGS-01570400,16,0,40.27138889,-76.9141667,0,0
USGS-01463670,23,0,40.27388889,-74.7025,0,0
USGS-01400560,42,0,40.27444444,-74.4725,0,0
USGS-01407617,8,0,40.27527778,-74.0097222,0,0
USGS-401634106502200,20,0,40.27609276,-106.8400466,0,0
USGS-01407360,5,0,40.2761111,-74.2183333,0,0
USGS-01570280,20,1,40.2773109,-76.9496972,5,1
USGS-01400775,8,0,40.27805556,-74.5772222,0,0
USGS-01462800,18,0,40.2783333,-74.8536111,0,0
USGS-01463685,8,0,40.27888889,-74.7175,0,0
USGS-0140056410,7,2,40.2797222,-74.4861111,28.57142857,1
USGS-05570520,137,0,40.28032098,-90.0815066,0,0
USGS-09237500,77,2,40.28654444,-106.8290556,2.597402597,0
USGS-01464743,7,0,40.28677324,-75.1601724,0,0
USGS-11377100,74,0,40.28848836,-122.1866645,0,0
USGS-01570200,1,0,40.289255,-76.9760868,0,0
USGS-01407517,8,0,40.2897222,-74.12138889,0,0
USGS-01570180,1,0,40.2898105,-76.9813647,0,0
USGS-09250400,28,0,40.29025077,-107.7900712,0,0
USGS-01570100,1,0,40.29092156,-76.9935873,0,0
USGS-01407450,8,0,40.29138889,-74.1694444,0,0
USGS-01400673,8,0,40.29466667,-74.4575556,0,0
USGS-01462500,91,0,40.295,-74.8680556,0,0
USGS-01570230,1,0,40.2956438,-76.9649755,0,0
USGS-01405340,206,0,40.2961111,-74.39777778,0,0
USGS-01463661,8,0,40.29613889,-74.7048333,0,0
USGS-01407400,37,0,40.29638889,-74.1708333,0,0
USGS-01570260,1,0,40.29647716,-76.9638643,0,0
USGS-01573560,17,0,40.29842358,-76.6677469,0,0
USGS-01570300,1,0,40.30147714,-76.948864,0,0
USGS-01405180,8,0,40.30166667,-74.3569444,0,0
USGS-01407520,17,0,40.30416667,-74.1011111,0,0
USGS-01460440,2,0,40.30444444,-74.685,0,0
USGS-01400690,4,0,40.30527778,-74.4730556,0,0
USGS-01407550,10,0,40.30638889,-74.0616667,0,0
USGS-01401200,5,0,40.30666667,-74.6680556,0,0
USGS-01462739,4,0,40.3072222,-74.8336111,0,0
USGS-01462750,8,0,40.3075,-74.82638889,0,0
USGS-06899950,251,0,40.30890268,-93.337715,0,0
USGS-09293700,4,0,40.31051058,-110.294045,0,0
USGS-05570910,164,0,40.31058887,-88.3222753,0,0
USGS-01462400,8,0,40.3108333,-74.885,0,0
USGS-01400640,89,0,40.3133333,-74.5891667,0,0
USGS-01405195,5,0,40.31444444,-74.36138889,0,0
USGS-01400806,20,0,40.3147222,-74.6086111,0,0
USGS-01463630,7,0,40.3158333,-74.7241667,0,0
USGS-06900100,263,0,40.3172354,-93.3813273,0,0
USGS-01400808,16,2,40.31805556,-74.6122222,12.5,1
USGS-01400949,7,0,40.3186111,-74.7647222,0,0
USGS-01407330,3,0,40.31916667,-74.1605556,0,0
USGS-01407500,25,0,40.3197222,-74.1155556,0,0
USGS-01400650,126,4,40.32194444,-74.6083333,3.174603175,0
USGS-01405240,34,0,40.3225,-74.3594444,0,0
USGS-01407280,8,0,40.32388889,-74.2444444,0,0
USGS-01462200,26,0,40.32388889,-74.9169444,0,0
USGS-01471530,51,0,40.3253704,-75.9329865,0,0
USGS-09010500,65,0,40.32581784,-105.8566791,0,0
USGS-01400725,22,0,40.3261111,-74.60277778,0,0
USGS-09013000,485,0,40.32776195,-105.5780567,0,0
USGS-01405245,8,0,40.32777778,-74.38777778,0,0
USGS-01407210,8,0,40.3297222,-74.1722222,0,0
USGS-01407253,45,0,40.3297222,-74.1736111,0,0
USGS-05584500,339,2,40.33032166,-90.8962451,0.589970501,0
USGS-01407340,4,0,40.3311111,-74.1525,0,0
USGS-01401230,21,0,40.3322222,-74.6536111,0,0
USGS-06883000,111,0,40.3325,-98.0669444,0,0
USGS-01401000,185,0,40.33305556,-74.6819444,0,0
USGS-01400831,20,0,40.3333333,-74.6119444,0,0
USGS-01564515,136,0,40.33480119,-77.8597187,0,0
USGS-06898100,136,0,40.3363333,-93.7685,0,0
USGS-01400834,22,0,40.3386111,-74.6294444,0,0
USGS-06813000,13,0,40.3391833,-95.4059056,0,0
USGS-01462730,9,0,40.3408333,-74.8383333,0,0
USGS-01573160,132,0,40.3426111,-76.56188889,0,0
USGS-01462195,18,0,40.34416667,-74.8861111,0,0
USGS-09243800,71,0,40.34581144,-107.085053,0,0
USGS-01405285,37,0,40.34805556,-74.3572222,0,0
USGS-01573205,7,0,40.3506456,-76.6141342,0,0
USGS-01400985,22,0,40.3525,-74.7105556,0,0
USGS-01407530,6,0,40.35277778,-74.085,0,0
USGS-402114105350101,256,0,40.3538729,-105.5841679,0,0
USGS-402123105370401,22,0,40.35645,-105.6176472,0,0
USGS-01462033,3,0,40.3567222,-74.9384722,0,0
USGS-01400978,4,0,40.35694444,-74.7308333,0,0
USGS-01407532,4,0,40.35694444,-74.0880556,0,0
USGS-01400823,8,1,40.36194444,-74.545,12.5,1
USGS-01462005,42,0,40.36416667,-74.9444444,0,0
USGS-01462000,37,0,40.3647222,-74.94888889,0,0
USGS-01405910,8,0,40.36555556,-74.245,0,0
USGS-01470982,12,0,40.3662038,-75.9943807,0,0
USGS-01471000,158,0,40.36898166,-75.9791015,0,0
USGS-01401400,134,0,40.36944444,-74.6161111,0,0
USGS-01401440,100,0,40.3733333,-74.6205556,0,0
USGS-06734900,449,0,40.3737643,-105.4737131,0,0
USGS-01405390,11,0,40.3747222,-74.41527778,0,0
USGS-06733000,261,0,40.37831704,-105.513887,0,0
USGS-01568200,16,0,40.38036349,-77.0819239,0,0
USGS-01461900,42,0,40.3808333,-74.9480556,0,0
USGS-01401520,9,0,40.38388889,-74.7408333,0,0
USGS-01407059,4,0,40.38452778,-74.1478611,0,0
USGS-01405468,8,1,40.3847222,-74.3494444,12.5,1
USGS-09243700,75,0,40.38553335,-106.993107,0,0
USGS-01407538,8,0,40.38580556,-74.07227778,0,0
USGS-01460340,2,0,40.38694444,-74.9572222,0,0
USGS-01407090,12,1,40.38888889,-74.1047222,8.333333333,1
USGS-01567350,12,0,40.3889749,-77.0319225,0,0
USGS-01405302,115,0,40.38944444,-74.3816667,0,0
USGS-01405400,34,0,40.38944444,-74.3905556,0,0
USGS-09243900,68,0,40.39025545,-106.9947738,0,0
USGS-03085000,429,0,40.39118024,-79.8581042,0,0
USGS-01400878,8,1,40.39138889,-74.7897222,12.5,1
USGS-01563500,52,0,40.39229876,-77.93499988,0,0
USGS-05495000,174,1,40.39241667,-91.5978889,0.574712644,0
USGS-06811500,214,0,40.39277778,-95.8127778,0,0
USGS-05474500,64,0,40.39365535,-91.374318,0,0
USGS-01406030,8,0,40.395,-74.3336111,0,0
USGS-01404240,8,0,40.39805556,-74.52527778,0,0
USGS-06898800,133,0,40.40084226,-93.6029993,0,0
USGS-01401460,7,1,40.40138889,-74.5925,14.28571429,1
USGS-01573490,4,0,40.402588,-76.7141353,0,0
USGS-01400870,7,0,40.4033333,-74.8016667,0,0
USGS-01461880,8,0,40.40388889,-74.9205556,0,0
USGS-014721986,68,0,40.40509676,-75.6135196,0,0
USGS-01405500,17,0,40.4061111,-74.3686111,0,0
USGS-01461840,8,0,40.4061111,-74.9197222,0,0
USGS-01573482,4,0,40.40675469,-76.7091351,0,0
USGS-01407012,9,0,40.4075,-74.2286111,0,0
USGS-01460820,166,0,40.40760498,-75.0373921,0,0
USGS-01460900,25,0,40.40777778,-75.0141667,0,0
USGS-01406040,9,0,40.40805556,-74.3430556,0,0
USGS-01471805,108,0,40.40944444,-75.735,0,0
USGS-01461300,95,0,40.41138889,-74.9866667,0,0
USGS-01404380,8,0,40.41166667,-74.5316667,0,0
USGS-01401595,9,0,40.41305556,-74.68388889,0,0
USGS-01401600,137,0,40.41444444,-74.65027778,0,0
USGS-01406050,11,1,40.415,-74.34888889,9.090909091,1
USGS-01407000,10,0,40.41555556,-74.2325,0,0
USGS-01404302,46,0,40.4161111,-74.4936111,0,0
USGS-01405700,35,0,40.41666667,-74.3616667,0,0
USGS-01400860,69,0,40.4183333,-74.7872222,0,0
USGS-01404400,8,0,40.4183611,-74.49777778,0,0
USGS-01401700,38,0,40.42,-74.6408333,0,0
USGS-01404470,4,0,40.42027778,-74.4844444,0,0
USGS-01401514,7,0,40.42388889,-74.7580556,0,0
USGS-01406520,5,0,40.42555556,-74.34,0,0
USGS-01563000,46,0,40.42646376,-78.0294482,0,0
USGS-01555859,105,0,40.43055556,-78.36388889,0,0
USGS-01555860,17,0,40.43173938,-78.3580686,0,0
USGS-01459500,62,0,40.4337151,-75.1165609,0,0
USGS-01460530,3,0,40.43805556,-74.6141667,0,0
USGS-01405005,8,0,40.43916667,-74.44638889,0,0
USGS-01401560,8,0,40.43944444,-74.7394444,0,0
USGS-10167001,24,0,40.4438384,-111.9221572,0,0
USGS-01461282,9,0,40.44388889,-74.9661111,0,0
USGS-05568005,157,0,40.44754009,-89.6912174,0,0
USGS-01405003,10,0,40.4486111,-74.4461111,0,0
USGS-03044000,110,0,40.4545117,-79.3908724,0,0
USGS-06896187,128,0,40.45471439,-94.4035694,0,0
USGS-01459182,6,0,40.45510227,-75.27906528,0,0
USGS-01398057,8,0,40.45805556,-74.7891667,0,0
USGS-05570370,195,0,40.4589294,-90.1334529,0,0
USGS-05579626,1,0,40.46194444,-88.8775,0,0
USGS-06617500,20,0,40.46248127,-106.1769682,0,0
USGS-01398060,9,0,40.46388889,-74.7858333,0,0
USGS-01461270,8,0,40.46944444,-74.9566667,0,0
USGS-01401870,24,0,40.47,-74.5447222,0,0
USGS-01458900,33,0,40.4706587,-75.1365616,0,0
USGS-01460870,11,0,40.4711111,-75.0211111,0,0
USGS-01556009,217,0,40.47194444,-78.1869444,0,0
USGS-06900900,247,0,40.47306926,-93.1271539,0,0
USGS-01398000,225,0,40.4733333,-74.82777778,0,0
USGS-05570380,186,0,40.47337368,-90.143731,0,0
USGS-01397950,8,1,40.4747222,-74.8630556,12.5,1
USGS-01402000,149,2,40.475,-74.5758333,1.342281879,0
USGS-01556010,56,7,40.47618368,-78.1772312,12.5,1
USGS-01572200,69,0,40.47731149,-76.5235747,0,0
USGS-01567000,166,0,40.47841677,-77.1291484,0,0
USGS-06881200,201,0,40.48000398,-97.0122523,0,0
USGS-06896320,38,0,40.48138208,-94.3185678,0,0
USGS-09239500,118,0,40.4829861,-106.8324306,0,0
USGS-01405030,39,0,40.48305556,-74.41277778,0,0
USGS-01397435,8,1,40.48416667,-74.8761111,12.5,1
USGS-01559000,51,0,40.4847958,-78.01889269,0,0
USGS-01461250,20,0,40.4858333,-74.9705556,0,0
USGS-09244410,79,0,40.48830779,-107.1597784,0,0
USGS-05570000,151,0,40.49004077,-90.3404025,0,0
USGS-01461262,3,0,40.49027778,-74.93888889,0,0
USGS-09247500,5,0,40.4958048,-107.5533986,0,0
USGS-01402560,8,0,40.4958333,-74.6780556,0,0
USGS-09251000,382,0,40.50274666,-108.0334152,0,0
USGS-01460555,8,0,40.50277778,-74.5830556,0,0
USGS-01460595,14,0,40.50777778,-74.4641667,0,0
USGS-01404170,7,0,40.5086111,-74.46388889,0,0
USGS-01398070,4,0,40.50944444,-74.7266667,0,0
USGS-01461220,3,0,40.5097222,-74.93027778,0,0
USGS-01458709,8,0,40.51027778,-75.0422222,0,0
USGS-01458710,12,0,40.5108333,-75.045,0,0
USGS-09292500,7,0,40.51189299,-110.3415491,0,0
USGS-01397400,125,0,40.51694444,-74.8025,0,0
USGS-01460860,8,0,40.51694444,-74.9916667,0,0
USGS-01398090,8,0,40.5197222,-74.73527778,0,0
USGS-01397380,43,0,40.5208333,-74.8275,0,0
USGS-01397376,7,0,40.52166667,-74.83638889,0,0
USGS-01470500,156,0,40.5225932,-75.99826819,0,0
USGS-01458600,20,0,40.52416667,-75.06138889,0,0
USGS-01572030,20,0,40.52481166,-76.4563488,0,0
USGS-01398100,4,0,40.52555556,-74.7058333,0,0
USGS-01458500,33,0,40.5261111,-75.065,0,0
USGS-03049652,188,0,40.52756794,-79.8472722,0,0
USGS-01397330,7,0,40.5286111,-74.8419444,0,0
USGS-01402540,100,2,40.5297222,-74.5883333,2,0
USGS-03049642,33,0,40.53090119,-79.8364386,0,0
USGS-01572025,44,0,40.53258999,-76.4021793,0,0
CHN00006,98,1,40.53333333,117.45,1.020408163,0
USGS-01402730,20,0,40.53666667,-74.5897222,0,0
USGS-01572010,37,0,40.536757,-76.36606629,0,0
USGS-01555600,46,1,40.53730675,-76.9605325,2.173913043,0
USGS-01404100,132,2,40.54056667,-74.5138083,1.515151515,0
USGS-01460565,2,0,40.5408333,-74.5686111,0,0
USGS-01402900,72,0,40.5422222,-74.56777778,0,0
USGS-01400510,69,0,40.54277778,-74.5672222,0,0
USGS-01458570,92,0,40.54416667,-75.04638889,0,0
USGS-01566005,66,0,40.54674226,-77.52749159,0,0
USGS-01398102,138,0,40.54694444,-74.69638889,0,0
USGS-01458400,41,0,40.54805556,-75.06888889,0,0
USGS-09260000,159,0,40.54901667,-108.4243222,0,0
USGS-03086000,271,0,40.5492342,-80.2056148,0,0
USGS-01398110,17,0,40.55305556,-74.7005556,0,0
USGS-01458550,3,0,40.5550833,-75.01775,0,0
USGS-01400500,130,0,40.55555556,-74.58277778,0,0
USGS-09291000,5,0,40.55633555,-110.4846056,0,0
USGS-03042228,107,0,40.55645704,-79.0058636,0,0
USGS-01400010,12,0,40.55666667,-74.6875,0,0
USGS-01403300,345,0,40.55944444,-74.52777778,0,0
USGS-01404080,1,0,40.56027778,-74.52527778,0,0
USGS-01397230,7,0,40.5608333,-74.9019444,0,0
USGS-403343105042900,10,0,40.5619269,-105.0752562,0,0
USGS-400908105054100,10,0,40.56248249,-105.0958125,0,0
USGS-01571827,20,0,40.56314518,-76.397734,0,0
USGS-03322500,49,0,40.56393526,-84.802741,0,0
USGS-01400120,87,0,40.56444444,-74.6358333,0,0
USGS-03049625,230,0,40.5645116,-79.7725485,0,0
USGS-403355105032200,10,0,40.56526025,-105.0566444,0,0
USGS-01400395,4,0,40.5661111,-74.6047222,0,0
USGS-01403190,8,0,40.56805556,-74.5536111,0,0
USGS-01458100,39,0,40.5683333,-75.09527778,0,0
USGS-01555527,18,0,40.56944444,-76.6986111,0,0
USGS-01555541,18,0,40.5697222,-76.70027778,0,0
USGS-01555540,41,0,40.5697333,-76.6986722,0,0
USGS-01400000,149,0,40.57055556,-74.6791667,0,0
USGS-01397000,155,0,40.5722222,-74.8680556,0,0
USGS-05563800,166,0,40.57309426,-89.654825,0,0
USGS-01555539,43,0,40.57943056,-76.69966389,0,0
USGS-01571820,116,0,40.58064485,-76.4046785,0,0
USGS-01403385,93,0,40.5808333,-74.4991667,0,0
USGS-01457790,35,0,40.5822222,-75.2055556,0,0
USGS-01451500,46,0,40.5823197,-75.48296088,0,0
USGS-01396030,15,0,40.5825,-74.3008333,0,0
USGS-01565515,16,0,40.5842403,-77.55721489,0,0
USGS-01397157,5,0,40.5843333,-74.8476667,0,0
USGS-01555537,41,6,40.58465556,-76.6996083,14.63414634,1
USGS-403505094464601,1,0,40.5847105,-94.7796922,0,0
USGS-0157177790,69,1,40.5853667,-76.4296796,1.449275362,0
USGS-403508106270601,8,0,40.5855346,-106.4522547,0,0
USGS-0157177780,60,0,40.5862,-76.431902,0,0
USGS-01571777,66,0,40.58647778,-76.4316242,0,0
USGS-05567510,160,0,40.58670427,-89.2784203,0,0
USGS-10167230,26,0,40.58744798,-111.9127133,0,0
USGS-01571778,73,0,40.5875889,-76.4260683,0,0
USGS-10167240,1,0,40.58772575,-111.9124355,0,0
USGS-01571798,67,0,40.5883333,-76.41027778,0,0
USGS-01571780,82,0,40.58897799,-76.4116231,0,0
USGS-01403171,7,0,40.58916667,-74.5633333,0,0
USGS-01458080,4,0,40.58925,-75.1146111,0,0
USGS-01571760,72,0,40.5895335,-76.4113453,0,0
USGS-01458315,9,0,40.5911111,-75.05027778,0,0
USGS-09296800,17,0,40.5913396,-110.1143226,0,0
USGS-01571776,73,0,40.59175539,-76.4394022,0,0
USGS-01399900,17,0,40.5922222,-74.6830556,0,0
USGS-01571774,71,0,40.5922222,-76.4394444,0,0
USGS-01457400,219,0,40.5925,-75.1861111,0,0
USGS-01571758,67,0,40.5928668,-76.4107897,0,0
USGS-09299500,7,0,40.5935653,-109.9323739,0,0
USGS-01457500,195,0,40.5947222,-75.1897222,0,0
USGS-06881000,136,0,40.59666667,-96.9605556,0,0
USGS-01395310,8,0,40.59744444,-74.35588889,0,0
USGS-01458300,8,0,40.60027778,-75.0308333,0,0
USGS-403603095384301,1,0,40.60083475,-95.6455483,0,0
USGS-11370500,259,0,40.6009835,-122.4444553,0,0
USGS-01452040,104,0,40.6018,-75.46208889,0,0
USGS-01565510,53,0,40.60618375,-77.5649932,0,0
USGS-01396900,9,0,40.60777778,-74.9158333,0,0
USGS-01397100,38,0,40.60777778,-74.8480556,0,0
USGS-01558001,54,0,40.6092334,-78.1361199,0,0
USGS-01396003,9,0,40.60944444,-74.2880556,0,0
USGS-01557990,64,0,40.61089959,-78.1877884,0,0
USGS-01555500,44,0,40.61119589,-76.9119198,0,0
USGS-01558000,227,0,40.61256655,-78.1405645,0,0
USGS-06616500,8,0,40.6127575,-106.0850192,0,0
USGS-01403575,8,0,40.61416667,-74.4461111,0,0
USGS-01452150,51,0,40.61454275,-75.3843471,0,0
USGS-01395500,10,1,40.61527778,-74.33888889,10,1
USGS-03049500,2,0,40.615344,-79.71838129,0,0
USGS-01452600,46,0,40.61704276,-75.3807359,0,0
USGS-01395000,200,1,40.61888889,-74.2833333,0.5,0
USGS-01571552,50,0,40.61897789,-76.3855102,0,0
USGS-03109670,120,0,40.6195088,-80.58979338,0,0
USGS-01454653,50,0,40.61982099,-75.3360125,0,0
USGS-01399680,5,0,40.62041667,-74.7726111,0,0
USGS-01399760,10,0,40.6222222,-74.70027778,0,0
USGS-01396840,8,0,40.62305556,-74.965,0,0
USGS-01452000,50,0,40.62315267,-75.4824053,0,0
USGS-01399690,15,0,40.6233333,-74.7666667,0,0
USGS-01399720,4,0,40.6233333,-74.7211111,0,0
USGS-01399820,8,0,40.62388889,-74.6630556,0,0
USGS-01395700,8,0,40.625,-74.32777778,0,0
USGS-01455300,44,0,40.625,-75.1858333,0,0
USGS-01399695,5,0,40.62527778,-74.7566667,0,0
USGS-01395200,4,0,40.62555556,-74.3466667,0,0
USGS-01571593,60,0,40.62647777,-76.3871768,0,0
USGS-01556480,49,0,40.62756507,-78.29473628,0,0
USGS-0157156521,19,0,40.62758808,-76.45106878,0,0
USGS-03108000,109,0,40.62784405,-80.337563,0,0
USGS-0157156520,20,0,40.62786584,-76.4521799,0,0
USGS-0157156212,22,0,40.62805556,-76.4522222,0,0
USGS-05490550,4,0,40.62808877,-91.847669,0,0
USGS-0157156209,6,6,40.6289769,-76.4549578,100,1
USGS-0157156210,7,0,40.62916667,-76.4533333,0,0
PRT00008,54,2,40.63,-8.480555556,3.703703704,0
USGS-05525500,323,0,40.6300362,-87.72391809,0,0
USGS-01399700,130,0,40.63027778,-74.7361111,0,0
USGS-01565300,13,0,40.63118268,-77.5666604,0,0
USGS-01455295,8,0,40.63166667,-75.17277778,0,0
USGS-01571585,9,0,40.63342218,-76.3824542,0,0
USGS-01399550,4,0,40.63388889,-74.7269444,0,0
USGS-01467950,50,1,40.63425737,-76.1916108,2,0
USGS-01399600,32,0,40.6347222,-74.8325,0,0
USGS-01399780,224,0,40.6347222,-74.6866667,0,0
USGS-01399120,120,0,40.6358333,-74.6819444,0,0
USGS-01403470,4,0,40.6375,-74.415,0,0
USGS-0157156012,22,0,40.6375,-76.405,0,0
USGS-0157156014,29,0,40.63777778,-76.40527778,0,0
USGS-01571553,8,0,40.63786628,-76.4049553,0,0
USGS-01571549,4,0,40.6386996,-76.4049552,0,0
USGS-0157156010,26,0,40.6386996,-76.4049552,0,0
USGS-0157158018,1,0,40.6397222,-76.3794444,0,0
USGS-01396800,137,0,40.64,-74.9155556,0,0
USGS-0157158016,1,0,40.64055556,-76.3794444,0,0
USGS-0157158014,18,0,40.64231098,-76.37912059,0,0
USGS-0157158010,13,0,40.64258875,-76.37939838,0,0
USGS-01399575,4,0,40.6433333,-74.76027778,0,0
USGS-10167300,175,0,40.64522505,-111.9224362,0,0
USGS-01399585,8,0,40.6461111,-74.77388889,0,0
USGS-0157157010,17,1,40.64666667,-76.3716667,5.882352941,1
USGS-01396660,220,0,40.6475,-74.96888889,0,0
USGS-01399100,4,0,40.64944444,-74.6816667,0,0
USGS-01379200,95,1,40.6497222,-74.5241667,1.052631579,0
USGS-01393590,8,0,40.6547222,-74.2791667,0,0
USGS-05563525,147,0,40.65503797,-89.6478786,0,0
USGS-01457120,8,0,40.65555556,-75.08888889,0,0
USGS-06803000,10,0,40.65777778,-96.6655556,0,0
USGS-01571533,14,0,40.65786674,-76.344952,0,0
USGS-0157155014,97,1,40.65786674,-76.344952,1.030927835,0
USGS-0157155012,80,2,40.65870005,-76.3460632,2.5,0
USGS-01571529,12,0,40.65953336,-76.3468965,0,0
USGS-0157155010,86,0,40.65953336,-76.3468965,0,0
USGS-06898470,4,0,40.6600028,-93.7499448,0,0
USGS-01399545,41,0,40.66055556,-74.7291667,0,0
USGS-01399570,10,0,40.66166667,-74.7658333,0,0
USGS-01564995,10,0,40.66229208,-77.59416128,0,0
USGS-01403391,3,0,40.6632222,-74.42813889,0,0
USGS-01396535,123,0,40.6636111,-74.8975,0,0
USGS-01311500,5,1,40.6636111,-73.7044444,20,1
USGS-10168000,327,0,40.66430556,-111.898861,0,0
USGS-01379010,8,0,40.6647222,-74.53,0,0
USGS-0154133098,50,0,40.6650656,-78.5897442,0,0
USGS-01310500,112,0,40.66555556,-73.5697222,0,0
USGS-01311000,63,0,40.66638889,-73.6591667,0,0
USGS-01379160,7,0,40.66638889,-74.5541667,0,0
USGS-01396645,8,0,40.6675,-74.98638889,0,0
USGS-0146784348,14,0,40.66758914,-76.319395,0,0
USGS-01393500,35,1,40.6683333,-74.2194444,2.857142857,0
USGS-0146784350,31,0,40.66870025,-76.3182839,0,0
USGS-404008096354701,3,0,40.6688083,-96.5965056,0,0
USGS-01454700,134,0,40.6692656,-75.23628808,0,0
USGS-01557550,42,0,40.6706184,-78.2372355,0,0
USGS-05562010,141,0,40.67114898,-89.58009769,0,0
USGS-01379280,8,1,40.67194444,-74.4983333,12.5,1
USGS-01457000,91,0,40.6722222,-75.0608333,0,0
USGS-01396520,12,0,40.6725,-74.88777778,0,0
USGS-0157154980,41,1,40.6728663,-76.3610636,2.43902439,0
USGS-01571520,10,1,40.6728663,-76.3610636,10,1
USGS-01571522,4,0,40.67286635,-76.360508,0,0
USGS-0157154982,9,0,40.67286635,-76.360508,0,0
USGS-0157154984,76,0,40.67286636,-76.3596747,0,0
USGS-01396590,19,0,40.67388889,-74.9175,0,0
USGS-01393450,107,0,40.675,-74.2219444,0,0
USGS-0157154970,86,51,40.67555556,-76.3741667,59.30232558,1
USGS-0157154972,81,0,40.675644,-76.3660638,0,0
USGS-0157154960,81,0,40.67619957,-76.3655082,0,0
USGS-01393440,8,0,40.67694444,-74.22638889,0,0
USGS-01399568,2,0,40.6772222,-74.7961111,0,0
USGS-01455099,8,0,40.6772222,-75.1669444,0,0
USGS-01396500,51,0,40.67777778,-74.8791667,0,0
USGS-01396588,178,0,40.67805556,-74.9180556,0,0
USGS-01309950,77,0,40.67871226,-73.5156816,0,0
USGS-01309990,14,0,40.6798233,-73.5123481,0,0
USGS-01379000,176,9,40.68,-74.52888889,5.113636364,1
USGS-10169500,1,0,40.68078027,-111.9038248,0,0
USGS-06807000,46,0,40.681946,-95.846946,0,0
USGS-01455240,8,0,40.6822222,-75.1080556,0,0
USGS-01398950,13,0,40.6825,-74.63527778,0,0
USGS-06768000,219,0,40.6825,-99.5405556,0,0
USGS-01398900,14,0,40.68277778,-74.6383333,0,0
USGS-06612500,8,0,40.68303238,-106.460588,0,0
USGS-01467500,50,0,40.68370115,-76.1863318,0,0
USGS-404108106030701,6,0,40.6855344,-106.0525171,0,0
USGS-404109106030501,6,0,40.68581218,-106.0519615,0,0
USGS-01454720,56,0,40.68676549,-75.2085098,0,0
USGS-01452400,8,0,40.68704218,-75.3401797,0,0
USGS-05490540,3,0,40.687251,-91.9962853,0,0
USGS-01394500,201,1,40.6875,-74.3116667,0.497512438,0
USGS-01309500,112,0,40.68888889,-73.4547222,0,0
USGS-01379340,5,0,40.68944444,-74.4397222,0,0
USGS-01399565,7,0,40.69,-74.8111111,0,0
USGS-01309000,88,0,40.69166667,-73.355,0,0
ESP00010,72,0,40.69166667,-2.58,0,0
USGS-01447000,118,0,40.6917654,-75.2037875,0,0
USGS-01393350,14,1,40.6922222,-74.2436111,7.142857143,1
USGS-01399537,8,0,40.6925,-74.77027778,0,0
USGS-01446990,53,0,40.695932,-75.2054542,0,0
USGS-404151106362501,6,0,40.6974754,-106.6075385,0,0
USGS-01399522,6,0,40.69916667,-74.72138889,0,0
USGS-05490536,3,0,40.7011387,-92.0443424,0,0
USGS-01308000,91,3,40.70416667,-73.31388889,3.296703297,0
USGS-01467688,72,0,40.70422839,-76.2493078,0,0
USGS-01399520,8,0,40.70666667,-74.7166667,0,0
USGS-05569500,158,0,40.70777778,-90.28,0,0
USGS-01394200,8,0,40.70805556,-74.3019444,0,0
USGS-01398500,86,0,40.7083333,-74.6361111,0,0
USGS-10170250,1,0,40.70855767,-111.9199366,0,0
USGS-01308500,99,0,40.7086111,-73.3283333,0,0
USGS-01456610,8,0,40.71027778,-74.97388889,0,0
USGS-01456600,20,0,40.71166667,-74.9680556,0,0
USGS-0146748730,5,0,40.71397854,-76.1766083,0,0
USGS-01455200,104,0,40.7158333,-75.0719444,0,0
USGS-404302096421301,2,0,40.71712778,-96.7035389,0,0
USGS-404318073082301,6,3,40.7217653,-73.1392799,50,1
USGS-01456590,8,0,40.72277778,-74.96,0,0
USGS-06897950,136,0,40.72444235,-93.9382816,0,0
USGS-01396550,28,0,40.7247222,-74.9091667,0,0
USGS-11525500,90,0,40.7247222,-122.801111,0,0
USGS-01378770,8,0,40.725,-74.4741667,0,0
USGS-05559900,295,2,40.72503739,-89.5495396,0.677966102,0
USGS-01379500,167,2,40.7261111,-74.3897222,1.19760479,0
USGS-01555252,41,0,40.72619566,-76.8374716,0,0
USGS-06618500,8,0,40.72636556,-106.2905819,0,0
USGS-01307500,91,0,40.72694444,-73.2441667,0,0
USGS-01399500,123,0,40.7275,-74.73027778,0,0
USGS-013104725,4,0,40.7278787,-73.58290518,0,0
USGS-01467456,5,0,40.72842299,-76.1241045,0,0
USGS-01467455,1,1,40.72842299,-76.1235489,100,1
USGS-01310472,8,0,40.7289898,-73.5837385,0,0
USGS-06880800,238,0,40.7311177,-97.1775413,0,0
USGS-404400096420501,3,0,40.73343889,-96.7013278,0,0
USGS-10171000,419,0,40.73355737,-111.9232703,0,0
USGS-01310470,11,0,40.73371197,-73.5845718,0,0
USGS-01451070,96,0,40.73436667,-75.5413333,0,0
USGS-01378855,10,0,40.73694444,-74.4225,0,0
USGS-01307000,87,1,40.73694444,-73.2016667,1.149425287,0
USGS-404413096431401,10,2,40.737,-96.7205833,20,1
USGS-06613500,8,0,40.73997537,-106.4869776,0,0
USGS-06617100,7,0,40.7410876,-106.2794704,0,0
USGS-01378676,8,0,40.74138889,-74.5811111,0,0
USGS-01378671,4,0,40.74152778,-74.54902778,0,0
USGS-01379530,4,0,40.74444444,-74.3536111,0,0
USGS-404448093090012,2,0,40.7466742,-93.1502073,0,0
USGS-06803082,1,0,40.7497232,-96.6447377,0,0
USGS-06898465,4,0,40.7500011,-93.7752222,0,0
USGS-01306495,45,0,40.7500982,-73.1476133,0,0
USGS-01451001,50,0,40.75120634,-75.602686,0,0
USGS-04181050,29,1,40.75199176,-84.79329619,3.448275862,0
USGS-0146742500,27,0,40.7533333,-76.05027778,0,0
USGS-0146742496,5,0,40.75342289,-76.0490989,0,0
USGS-0146742498,28,0,40.7539784,-76.0488211,0,0
USGS-01469710,54,0,40.75453515,-75.9463142,0,0
USGS-01399410,8,0,40.7547222,-74.7319444,0,0
USGS-01379550,9,0,40.7558333,-74.3616667,0,0
USGS-01396280,117,0,40.7611111,-74.82138889,0,0
USGS-09235450,27,0,40.76190829,-108.7264995,0,0
USGS-03107500,239,1,40.76339848,-80.3150629,0.418410042,0
USGS-01378780,97,0,40.765,-74.5297222,0,0
USGS-01306000,87,0,40.76555556,-73.0205556,0,0
USGS-01305500,89,0,40.76694444,-72.9936111,0,0
USGS-06803093,4,0,40.7675026,-96.796965,0,0
USGS-06818750,15,0,40.7691566,-94.4052368,0,0
USGS-06803197,1,0,40.7694453,-96.6347371,0,0
USGS-01393960,13,0,40.7697222,-74.2830556,0,0
USGS-06803080,183,0,40.77027778,-96.7188889,0,0
USGS-01554482,1,0,40.7707583,-76.6256222,0,0
USGS-01398260,120,0,40.7711111,-74.6258333,0,0
USGS-01378660,12,0,40.77138889,-74.5697222,0,0
USGS-01378760,8,0,40.77166667,-74.4605556,0,0
USGS-01446568,8,0,40.77166667,-75.1311111,0,0
USGS-01554481,4,0,40.77281944,-76.6128806,0,0
USGS-01555210,149,0,40.77480686,-76.86941709,0,0
USGS-01554469,5,0,40.77675237,-76.53940249,0,0
USGS-01446655,46,0,40.77843087,-75.1762877,0,0
USGS-10172200,312,0,40.77994627,-111.806045,0,0
USGS-10172550,26,0,40.7802235,-111.938549,0,0
USGS-01554460,5,0,40.78349444,-76.522075,0,0
USGS-01554465,4,0,40.78371667,-76.5223944,0,0
USGS-06803097,4,0,40.78472398,-96.7366844,0,0
USGS-01399300,13,0,40.78694444,-74.72,0,0
USGS-06751490,146,0,40.7874815,-105.2522047,0,0
USGS-01399295,8,0,40.78805556,-74.7255556,0,0
USGS-06903970,1,0,40.78834607,-92.8582534,0,0
USGS-01555205,7,0,40.7886945,-77.04386919,0,0
USGS-01446550,177,0,40.7889868,-75.1160085,0,0
USGS-01554479,2,0,40.7892833,-76.56288889,0,0
USGS-01554489,4,0,40.7892833,-76.56288889,0,0
USGS-01554300,1,0,40.7913861,-76.4407806,0,0
USGS-01554471,3,0,40.7915833,-76.5531556,0,0
USGS-01554478,3,0,40.7915833,-76.5531556,0,0
USGS-06803100,4,0,40.7919461,-96.7244617,0,0
USGS-03109320,102,0,40.7925627,-80.5220125,0,0
USGS-01450600,57,0,40.7934272,-75.6121312,0,0
USGS-404746083492400,2,0,40.7961111,-83.8233333,0,0
USGS-01381330,8,0,40.79666667,-74.53,0,0
USGS-01393930,8,0,40.79666667,-74.2658333,0,0
USGS-01554280,6,0,40.7987583,-76.4365972,0,0
USGS-06903700,8,0,40.80056114,-93.1924303,0,0
USGS-01381498,8,0,40.8011111,-74.4658333,0,0
USGS-01554492,2,0,40.8022222,-76.5675,0,0
USGS-01398300,4,0,40.80416667,-74.6280556,0,0
USGS-01456210,8,0,40.8047222,-74.86027778,0,0
USGS-01396219,4,0,40.80527778,-74.7505556,0,0
USGS-06803182,4,0,40.8055573,-96.7352952,0,0
USGS-03105810,105,0,40.80589829,-79.965058,0,0
USGS-01554271,1,0,40.80592,-76.4277298,0,0
USGS-01381500,171,0,40.8072222,-74.4569444,0,0
USGS-01554500,7,0,40.81036345,-76.5841252,0,0
USGS-01381580,8,2,40.81055556,-74.3947222,25,1
USGS-06803170,4,0,40.81080556,-96.8060833,0,0
USGS-01381260,8,0,40.81194444,-74.5691667,0,0
USGS-01396180,13,0,40.81194444,-74.72888889,0,0
USGS-01381440,8,0,40.8125,-74.4975,0,0
USGS-01456200,123,0,40.8133333,-74.8419444,0,0
USGS-068035008,1,0,40.81333386,-96.6175137,0,0
USGS-06803185,7,0,40.813335,-96.7227948,0,0
USGS-03106000,162,0,40.8170092,-80.2422837,0,0
USGS-01381515,8,0,40.81888889,-74.4408333,0,0
USGS-03036500,112,0,40.82034197,-79.531434,0,0
USGS-404917073555501,2,0,40.8215,-73.932,0,0
USGS-01554220,3,2,40.8220611,-76.3735083,66.66666667,1
USGS-05525000,242,2,40.8228134,-87.5814187,0.826446281,0
USGS-05469720,47,0,40.8228166,-91.0979229,0,0
USGS-06898460,4,0,40.82499996,-93.766888,0,0
USGS-06803405,44,0,40.8288903,-96.6997383,0,0
USGS-01444800,141,1,40.82898664,-75.0846193,0.709219858,0
USGS-01446400,136,0,40.82916667,-75.0786111,0,0
USGS-01305000,220,0,40.83027778,-72.9061111,0,0
USGS-01445500,95,0,40.83055556,-74.97777778,0,0
USGS-05554490,165,0,40.83058927,-88.5747815,0,0
USGS-01445532,9,0,40.83166667,-75.0005556,0,0
USGS-01381720,5,1,40.8323611,-74.4074444,20,1
USGS-01445530,2,0,40.8333333,-74.9983333,0,0
USGS-01392150,8,0,40.8336111,-74.1797222,0,0
USGS-06803190,48,0,40.8341681,-96.7011272,0,0
USGS-01554000,123,0,40.8345293,-76.8266349,0,0
USGS-01399200,98,4,40.83527778,-74.6441667,4.081632653,0
USGS-06803493,45,1,40.83611255,-96.7011271,2.222222222,0
USGS-01455120,8,0,40.8386111,-74.9,0,0
USGS-06803495,6,0,40.8386111,-96.6913889,0,0
USGS-01381830,8,0,40.83944444,-74.3030556,0,0
USGS-405030099444001,1,0,40.8416583,-99.744375,0,0
USGS-10172600,120,4,40.84188958,-111.9510503,3.333333333,0
USGS-06803503,23,0,40.84250115,-96.6780708,0,0
USGS-01446000,42,0,40.8433333,-75.04638889,0,0
USGS-11365000,89,0,40.84376636,-122.0024986,0,0
USGS-01381800,271,17,40.845,-74.3472222,6.273062731,1
USGS-01396149,7,0,40.84555556,-74.6930556,0,0
USGS-06803500,124,1,40.84666667,-96.6816667,0.806451613,0
USGS-06803487,1,0,40.8475026,-96.7800188,0,0
USGS-03036240,101,0,40.84756467,-79.36198569,0,0
USGS-405057078351701,4,0,40.84922805,-78.587803,0,0
USGS-01304000,189,1,40.84944444,-73.2241667,0.529100529,0
USGS-01542000,3,0,40.8495025,-78.2677928,0,0
USGS-06772000,55,0,40.8522222,-98.4744444,0,0
USGS-01553990,195,0,40.8528628,-76.8024666,0,0
USGS-01445520,8,0,40.85305556,-74.9855556,0,0
USGS-01379864,8,0,40.8558333,-74.5566667,0,0
USGS-01303500,28,1,40.8572222,-73.4633333,3.571428571,0
USGS-06803505,3,0,40.85750096,-96.6650146,0,0
USGS-03109390,8,0,40.8578403,-80.4406218,0,0
USGS-01381200,169,5,40.85805556,-74.34777778,2.958579882,0
USGS-01554578,5,0,40.8581407,-76.775243,0,0
USGS-405132078350401,4,0,40.85895004,-78.5841918,0,0
USGS-01396090,44,2,40.86055556,-74.76,4.545454545,0
USGS-01302500,69,0,40.8633333,-73.6341667,0,0
USGS-01391550,8,0,40.86388889,-74.0997222,0,0
USGS-01554600,18,0,40.8658333,-77.6097222,0,0
USGS-01445400,8,0,40.8661111,-74.90527778,0,0
USGS-405159078342301,4,0,40.8664497,-78.5728026,0,0
USGS-01555000,17,0,40.86674917,-77.0483088,0,0
USGS-01391540,10,0,40.86777778,-74.0947222,0,0
ESP00021,72,0,40.87,0.508888889,0,0
USGS-405219078341601,4,0,40.87200515,-78.5708582,0,0
USGS-01456030,20,0,40.8733333,-74.8061111,0,0
USGS-06770500,271,1,40.8744567,-98.2820044,0.36900369,0
USGS-01540823,8,0,40.87561888,-78.729474,0,0
USGS-01379813,8,0,40.8761111,-74.5886111,0,0
USGS-06803523,37,0,40.87638895,-96.6047346,0,0
USGS-06803511,3,0,40.87777866,-96.6625143,0,0
USGS-068035108,1,0,40.87833425,-96.6647365,0,0
USGS-01379870,8,0,40.8786111,-74.52527778,0,0
USGS-06803480,13,0,40.8797249,-96.7766849,0,0
USGS-405255078351801,4,0,40.88200527,-78.588081,0,0
USGS-01445360,6,0,40.8825,-74.8716667,0,0
USGS-01381660,8,0,40.88305556,-74.4444444,0,0
USGS-03106500,114,0,40.8839524,-80.2336726,0,0
USGS-01389500,327,0,40.8847222,-74.2261111,0,0
USGS-01379853,4,0,40.88527778,-74.5469444,0,0
USGS-068035135,1,0,40.885278,-96.6194572,0,0
USGS-06803514,3,0,40.8855557,-96.6141792,0,0
USGS-06803513,5,0,40.8861114,-96.6241795,0,0
USGS-01389138,4,0,40.88638889,-74.27277778,0,0
USGS-01389140,8,0,40.8872222,-74.26638889,0,0
USGS-01303000,108,0,40.8875,-73.5636111,0,0
USGS-405316078374201,4,0,40.88783919,-78.62808218,0,0
USGS-03105500,123,0,40.88867389,-80.3370083,0,0
USGS-01546500,116,1,40.88978334,-77.794168,0.862068966,0
USGS-01391500,273,3,40.89027778,-74.0805556,1.098901099,0
USGS-405328078345101,4,0,40.89117166,-78.5805808,0,0
USGS-01389600,5,0,40.8922222,-74.21138889,0,0
USGS-01389110,137,1,40.8922222,-74.2658333,0.729927007,0
USGS-01445900,8,0,40.8925,-74.9780556,0,0
USGS-06803510,19,0,40.89305556,-96.6816667,0,0
USGS-01389880,163,1,40.8936111,-74.1291667,0.613496933,0
USGS-405338078322201,4,0,40.89394868,-78.5391907,0,0
USGS-405338078322401,4,0,40.89394869,-78.5397463,0,0
USGS-01541000,108,0,40.89700655,-78.6769726,0,0
USGS-01382000,395,48,40.8972222,-74.27277778,12.15189873,1
USGS-01389000,83,0,40.89777778,-74.2725,0,0
USGS-405358078351501,4,0,40.89950496,-78.5872477,0,0
USGS-01391490,4,0,40.90027778,-74.0811111,0,0
USGS-01389710,4,0,40.90055556,-74.18277778,0,0
USGS-01444518,8,0,40.90055556,-75.0661111,0,0
USGS-01380100,95,0,40.9022222,-74.50138889,0,0
USGS-405408096362301,2,0,40.90225556,-96.6062556,0,0
USGS-01380500,113,0,40.90277778,-74.4097222,0,0
USGS-06880500,137,0,40.90305556,-97.1116667,0,0
USGS-01379800,6,0,40.90416667,-74.5680556,0,0
USGS-06803525,603,4,40.9049996,-96.5861224,0.663349917,0
USGS-01380098,8,0,40.9058333,-74.4969444,0,0
USGS-01378583,8,0,40.90655556,-73.9689722,0,0
USGS-01455880,5,0,40.9086111,-74.7719444,0,0
USGS-05568915,152,0,40.9092042,-90.0867839,0,0
USGS-01378560,88,0,40.9111111,-74.04027778,0,0
USGS-405441078320301,4,0,40.91144828,-78.5339129,0,0
USGS-01304500,171,0,40.9136111,-72.6866667,0,0
USGS-01389080,4,0,40.915,-74.2425,0,0
USGS-405457078302601,4,0,40.91589217,-78.5069677,0,0
USGS-06880000,202,0,40.9161111,-97.1455556,0,0
USGS-405458078301501,4,0,40.91616989,-78.50391209,0,0
USGS-01455500,92,0,40.9172222,-74.6655556,0,0
USGS-01455840,8,0,40.9175,-74.7605556,0,0
USGS-05468359,4,0,40.91864927,-90.5640226,0,0
USGS-05468316,4,0,40.9186493,-90.499299,0,0
USGS-01455801,88,0,40.9195833,-74.7353611,0,0
USGS-01455700,8,0,40.92,-74.7308333,0,0
USGS-01444100,48,0,40.92055556,-75.0880556,0,0
USGS-014488005,10,0,40.92055556,-75.8858333,0,0
USGS-0138013550,3,0,40.92091667,-74.4600556,0,0
USGS-01445100,8,0,40.9211111,-74.84027778,0,0
USGS-05468308,5,0,40.92114929,-90.4981879,0,0
USGS-05468293,4,0,40.9217048,-90.4442973,0,0
USGS-01445600,8,0,40.9222222,-74.9605556,0,0
USGS-05468325,6,0,40.92226038,-90.5176328,0,0
USGS-05468300,6,0,40.92226039,-90.4692981,0,0
USGS-05468305,6,0,40.92226039,-90.4865209,0,0
USGS-05468333,6,0,40.92337147,-90.5370777,0,0
USGS-01554665,66,0,40.92340055,-77.47749129,0,0
USGS-01443000,166,0,40.9239854,-75.0957319,0,0
USGS-05468349,4,0,40.9250381,-90.5543003,0,0
USGS-05468341,2,0,40.92559366,-90.5529114,0,0
USGS-01388720,79,0,40.92638889,-74.29277778,0,0
USGS-01455780,6,0,40.92666667,-74.71888889,0,0
USGS-03036000,69,0,40.9275653,-79.2911508,0,0
USGS-05468260,3,0,40.92837145,-90.4276301,0,0
USGS-05468265,5,0,40.9286492,-90.4412417,0,0
USGS-01380320,24,0,40.92888889,-74.4375,0,0
USGS-01445090,8,0,40.93,-74.81888889,0,0
USGS-01445210,8,0,40.93027778,-74.885,0,0
USGS-01380075,8,0,40.93055556,-74.4869444,0,0
USGS-05468367,6,0,40.9305936,-90.5731896,0,0
USGS-01379700,18,0,40.9308333,-74.5947222,0,0
USGS-01455785,8,0,40.9308333,-74.7716667,0,0
USGS-405552078275201,3,0,40.93116937,-78.4641886,0,0
USGS-01388850,8,0,40.93277778,-74.25277778,0,0
USGS-05468280,4,0,40.93281587,-90.4442974,0,0
USGS-05468250,6,0,40.9336492,-90.42263,0,0
USGS-06772200,98,1,40.93473444,-98.2825604,1.020408163,0
USGS-01388640,8,0,40.935,-74.3369444,0,0
USGS-405608078274201,4,0,40.9356137,-78.4614107,0,0
USGS-06803507,1,0,40.93750144,-96.7005703,0,0
USGS-01389850,12,0,40.93888889,-74.1630556,0,0
USGS-03034000,151,0,40.93923105,-79.00836738,0,0
USGS-11342000,127,0,40.93959397,-122.4172351,0,0
USGS-01449375,81,0,40.94013889,-75.5844611,0,0
USGS-05468375,6,0,40.94031574,-90.586801,0,0
USGS-05468245,4,0,40.9403158,-90.4131853,0,0
USGS-05468240,5,0,40.94198248,-90.409574,0,0
USGS-01445030,8,0,40.9425,-74.83027778,0,0
USGS-05468230,4,0,40.942538,-90.4029072,0,0
USGS-05468225,6,2,40.94309358,-90.3956847,33.33333333,1
USGS-01388600,195,0,40.9433333,-74.2794444,0,0
USGS-09227000,1,0,40.9443936,-110.1618207,0,0
USGS-01448860,4,0,40.94592084,-75.7479694,0,0
USGS-05468220,4,1,40.9461491,-90.3837399,25,1
USGS-01391110,11,0,40.94638889,-74.0986111,0,0
USGS-01378500,66,1,40.9483333,-74.0266667,1.515151515,0
USGS-01442798,5,0,40.94916667,-75.0986111,0,0
MKD00018,29,0,40.95,21.56,0,0
USGS-405700084113600,2,0,40.95005105,-84.1932802,0,0
USGS-01380295,3,0,40.9511111,-74.4130556,0,0
USGS-05468215,2,0,40.95281576,-90.3623503,0,0
USGS-01379680,8,0,40.95388889,-74.5711111,0,0
USGS-04187995,3,0,40.95449558,-84.1791133,0,0
USGS-05468210,4,0,40.95476019,-90.3534612,0,0
USGS-01391100,22,0,40.95527778,-74.1005556,0,0
USGS-05489620,4,0,40.95723895,-92.3424057,0,0
USGS-05468400,4,0,40.9575378,-90.6206908,0,0
USGS-01540500,254,2,40.95814218,-76.6191222,0.787401575,0
USGS-11368000,96,0,40.9582079,-122.2197275,0,0
USGS-405730078255301,4,0,40.958391,-78.4311319,0,0
USGS-01541200,9,0,40.9614471,-78.5191906,0,0
USGS-01390518,14,0,40.9622222,-74.0941667,0,0
USGS-05468205,2,0,40.96226016,-90.3473499,0,0
USGS-01389020,3,0,40.96302778,-74.2124722,0,0
USGS-06803555,142,0,40.96555556,-96.4544444,0,0
USGS-01391050,14,0,40.9672222,-74.1097222,0,0
USGS-01553500,189,0,40.96758498,-76.8763543,0,0
USGS-405804078252301,4,0,40.96783528,-78.4227983,0,0
USGS-05468200,2,0,40.968649,-90.3451276,0,0
USGS-405810078243501,15,0,40.96950188,-78.4094645,0,0
USGS-01388500,94,0,40.9697222,-74.2819444,0,0
MKD00016,29,7,40.97,21.64,24.13793103,1
USGS-01442760,96,0,40.9708333,-75.1266667,0,0
USGS-01541500,100,0,40.97172406,-78.4058533,0,0
USGS-01390510,14,0,40.9725,-74.0922222,0,0
USGS-01553850,130,0,40.97444444,-76.8,0,0
USGS-06764000,168,2,40.97499276,-102.2518517,1.19047619,0
USGS-01445160,78,0,40.975,-74.84888889,0,0
USGS-01541248,2,0,40.97533597,-78.5303022,0,0
USGS-01547400,116,0,40.97533846,-77.7427797,0,0
USGS-01378400,66,0,40.97666667,-73.9341667,0,0
USGS-01442750,42,0,40.97787306,-75.1357339,0,0
USGS-01378387,17,0,40.9786111,-73.9666667,0,0
USGS-01445155,8,0,40.97916667,-74.8416667,0,0
USGS-01443492,8,0,40.98,-74.9247222,0,0
GRC00003,42,0,40.98,22.62,0,0
USGS-01443500,217,0,40.9808333,-74.9533333,0,0
USGS-01445000,4,0,40.9808333,-74.77638889,0,0
USGS-09255000,3,0,40.9824657,-107.3828391,0,0
USGS-01300000,5,0,40.9833333,-73.6869444,0,0
USGS-405901084124600,2,0,40.9836621,-84.2127243,0,0
USGS-01548038,67,0,40.9836769,-77.5166593,0,0
USGS-01444990,8,0,40.98527778,-74.7647222,0,0
USGS-01388100,4,0,40.98555556,-74.2794444,0,0
USGS-01541510,3,0,40.9858905,-78.4058533,0,0
USGS-405913084123300,2,0,40.98699549,-84.209113,0,0
USGS-01378475,9,0,40.9872222,-73.9747222,0,0
USGS-01443600,4,0,40.9875,-74.9783333,0,0
USGS-01444984,8,0,40.9875,-74.7405556,0,0
USGS-405916080412400,22,0,40.98777778,-80.69,0,0
ESP00003,28,0,40.98861111,-3.186111111,0,0
USGS-01376273,9,0,40.9897222,-73.93527778,0,0
USGS-01377850,3,0,40.99,-74.0080556,0,0
USGS-01387968,2,0,40.9900833,-74.2564722,0,0
USGS-04188100,5,0,40.9903287,-84.2266132,0,0
USGS-06903340,1,0,40.9908335,-93.3068761,0,0
USGS-01377499,16,0,40.9922222,-74.0230556,0,0
USGS-01387041,5,0,40.9925,-74.29027778,0,0
USGS-01377500,13,0,40.99277778,-74.0211111,0,0
USGS-015400021,102,0,40.9936111,-76.4758333,0,0
USGS-03032500,124,0,40.9945093,-79.3942088,0,0
USGS-01443890,8,0,40.99527778,-75.0322222,0,0
USGS-01377463,8,0,40.99638889,-74.0255556,0,0
USGS-01391000,24,1,40.99777778,-74.1119444,4.166666667,0
USGS-01382800,5,0,40.9986111,-74.2980556,0,0
USGS-01442500,111,0,40.998706,-75.1426788,0,0
USGS-01444980,8,0,40.99888889,-74.7355556,0,0
USGS-01377000,260,1,40.99916667,-73.9891667,0.384615385,0
USGS-03104500,114,0,41.0000608,-80.3503425,0,0
USGS-0137627350,8,0,41.00055556,-73.9272222,0,0
USGS-06805600,36,0,41.0011104,-95.8666751,0,0
USGS-05469000,132,0,41.0014258,-90.8543072,0,0
USGS-410007074220601,8,0,41.0017222,-74.3696944,0,0
USGS-09259700,25,0,41.0030203,-107.9203562,0,0
USGS-09226000,9,0,41.00633678,-110.2709881,0,0
USGS-01387014,8,0,41.00694444,-74.2925,0,0
USGS-01376274,8,0,41.00805556,-73.94027778,0,0
USGS-05526000,324,3,41.0089215,-87.8233719,0.925925926,0
USGS-01390946,15,0,41.00944444,-74.1272222,0,0
USGS-01444978,6,0,41.0095,-74.7104167,0,0
USGS-01376970,9,0,41.0122222,-74.00777778,0,0
USGS-410048080422700,22,0,41.0133333,-80.7075,0,0
USGS-01541800,2,0,41.01394577,-78.1994566,0,0
USGS-01444970,4,0,41.01444444,-74.7669444,0,0
USGS-09235300,66,0,41.0149619,-108.644831,0,0
USGS-09251900,3,0,41.01524406,-107.022829,0,0
USGS-06805500,640,1,41.01527778,-96.1577778,0.15625,0
USA00305,639,1,41.01527778,-96.15777778,0.156494523,0
USGS-06803530,46,0,41.0158333,-96.5441667,0,0
USGS-410100093183015,2,0,41.01666636,-93.3085428,0,0
USGS-05488600,8,0,41.01667325,-92.8835312,0,0
USGS-01382500,171,0,41.0183333,-74.4011111,0,0
USGS-03099600,144,0,41.0183934,-80.4406228,0,0
USGS-05568800,185,0,41.01888889,-89.8355556,0,0
USGS-01443570,7,0,41.02194444,-74.9841667,0,0
USGS-06623800,171,1,41.0235791,-106.824766,0.584795322,0
USGS-01390700,14,0,41.0236111,-74.16777778,0,0
USGS-01553430,32,0,41.02416667,-77.065,0,0
USGS-01299130,5,0,41.0245418,-73.69957388,0,0
USGS-09256500,2,0,41.0246872,-107.4445074,0,0
USGS-05558995,135,0,41.0250361,-89.417312,0,0
USGS-01382450,12,0,41.0258333,-74.4083333,0,0
USGS-06803565,98,0,41.02610915,-96.4063999,0,0
USGS-01390610,8,0,41.0261111,-74.1936111,0,0
USGS-01299030,5,0,41.02704176,-73.68929569,0,0
USGS-09257000,20,0,41.02852778,-107.5488611,0,0
USGS-01376280,5,0,41.02888889,-73.9255556,0,0
USGS-01390900,4,0,41.02888889,-74.135,0,0
USGS-01387884,8,0,41.02944444,-74.2366667,0,0
PRT00006,34,0,41.03,-6.98,0,0
USGS-01390800,7,0,41.03138889,-74.1525,0,0
USGS-03099510,57,16,41.03144837,-80.5192364,28.07017544,1
USGS-410154107464801,1,0,41.031631,-107.780629,0,0
USGS-01390470,4,0,41.03194444,-74.0997222,0,0
USGS-01367620,37,0,41.03305556,-74.6430556,0,0
USGS-01447650,67,0,41.0345336,-75.4593526,0,0
USGS-01440650,109,0,41.0362044,-75.2090697,0,0
USGS-01387811,8,0,41.03666667,-74.24138889,0,0
USGS-03099500,25,1,41.03672598,-80.5361815,4,0
USGS-01387010,4,0,41.0372222,-74.2855556,0,0
USGS-01390670,8,0,41.03805556,-74.1675,0,0
USGS-06783500,134,0,41.03805556,-98.9927778,0,0
USGS-01379615,8,0,41.0386111,-74.53138889,0,0
USGS-01443550,4,0,41.03916667,-74.9647222,0,0
USGS-01367625,90,0,41.04027778,-74.6297222,0,0
USGS-01390630,8,0,41.04027778,-74.18777778,0,0
USGS-01443476,8,0,41.0411111,-74.8683333,0,0
USGS-410229107521601,1,0,41.0413531,-107.8717435,0,0
USGS-410231107520001,1,0,41.04190868,-107.8672988,0,0
USGS-01387000,132,0,41.04416667,-74.2930556,0,0
USGS-03031505,30,0,41.0442294,-79.7764395,0,0
USGS-01440090,128,0,41.0445405,-75.0279524,0,0
USGS-03098406,23,0,41.0447222,-80.6833333,0,0
USGS-410247080405200,23,0,41.04638889,-80.6811111,0,0
USGS-01538600,111,0,41.04702926,-76.221045,0,0
USGS-01382410,15,0,41.04777778,-74.4066667,0,0
USGS-410302073564600,1,0,41.05065239,-73.9456928,0,0
USGS-410304073564600,4,0,41.0512079,-73.9456928,0,0
USGS-01387765,11,0,41.0533333,-74.2244444,0,0
USGS-05487810,6,0,41.05722096,-93.4116006,0,0
USGS-06805570,36,0,41.0578611,-95.928,0,0
USGS-410333095530101,111,0,41.05935278,-95.8836694,0,0
USGS-06897795,4,0,41.0611016,-94.2030088,0,0
USGS-410345107303701,1,0,41.06246445,-107.5108982,0,0
USGS-05568775,141,0,41.06309257,-89.7953809,0,0
USGS-01387700,12,0,41.06638889,-74.2094444,0,0
USGS-01443276,12,0,41.06666667,-74.68777778,0,0
USGS-01386350,7,0,41.06944444,-74.3222222,0,0
PRT00005,45,0,41.07,-8.43,0,0
USGS-01390400,8,0,41.0711111,-74.0883333,0,0
USGS-03098500,24,0,41.07200276,-80.69035408,0,0
USGS-01440097,8,0,41.07277778,-74.9625,0,0
USGS-01390445,4,0,41.0733333,-74.0983333,0,0
USGS-01553145,13,0,41.07381944,-76.903,0,0
USGS-01547980,100,0,41.0747875,-77.5913806,0,0
USGS-01553150,49,0,41.0748057,-76.8724636,0,0
USGS-01548075,107,0,41.0753453,-77.4774864,0,0
USGS-01387610,10,0,41.0775,-74.1922222,0,0
USGS-01382170,7,0,41.07777778,-74.4897222,0,0
USGS-410440080415900,19,0,41.07777778,-80.6997222,0,0
USGS-01539000,3,0,41.07814118,-76.4313333,0,0
USGS-01548077,65,0,41.0795119,-77.48332,0,0
USGS-410447080371900,19,0,41.0797222,-80.6219444,0,0
USGS-410505107101801,1,0,41.08468684,-107.1722776,0,0
USGS-01447720,117,0,41.0848082,-75.6054666,0,0
USGS-01443466,17,0,41.08488546,-74.826562,0,0
USGS-01443250,8,1,41.08555556,-74.6991667,12.5,1
USGS-0144347170,5,0,41.0863333,-74.8612222,0,0
USGS-01385800,8,0,41.08694444,-74.3372222,0,0
USGS-410514080404700,24,0,41.0872222,-80.6797222,0,0
USGS-01439500,165,0,41.08815078,-75.03767469,0,0
USGS-410547108582301,4,0,41.0963492,-108.9737296,0,0
USGS-09256000,70,0,41.09777778,-107.3819444,0,0
USGS-03031690,10,0,41.0978404,-78.8872547,0,0
USGS-01439680,164,0,41.09787335,-75.00378459,0,0
USGS-01387500,262,0,41.09805556,-74.16277778,0,0
USGS-03031500,38,0,41.10061789,-79.68116,0,0
USGS-03098513,24,0,41.10138889,-80.6719444,0,0
USGS-0138749205,8,0,41.10388889,-74.15527778,0,0
USGS-03098600,15,0,41.10505807,-80.6625755,0,0
USGS-01443440,103,0,41.10555556,-74.755,0,0
USGS-01443293,7,0,41.1058333,-74.6822222,0,0
USGS-01440000,173,0,41.1061111,-74.9525,0,0
USGS-01382280,6,0,41.10694444,-74.4344444,0,0
USGS-01382830,8,0,41.11,-74.3916667,0,0
USGS-03098000,26,0,41.1111691,-80.6728537,0,0
USGS-03098700,24,0,41.11172469,-80.6353523,0,0
USGS-01547950,53,0,41.1117307,-77.7022159,0,0
USGS-01367700,94,1,41.11194444,-74.58888889,1.063829787,0
USGS-05488700,8,0,41.11667028,-92.9335332,0,0
USGS-01542500,11,0,41.11755906,-78.108896,0,0
USGS-06610795,21,0,41.1178333,-95.9376667,0,0
USGS-06897790,4,0,41.11943414,-94.2613443,0,0
PRT00013,42,0,41.12,-7.086388889,0,0
USGS-01211350,1,0,41.12176275,-73.7101305,0,0
USGS-01382278,8,0,41.12194444,-74.4261111,0,0
USGS-01211300,1,0,41.1242627,-73.7048525,0,0
USGS-01548085,16,0,41.12479117,-77.43553718,0,0
USGS-06764880,102,0,41.1261111,-101.5766667,0,0
USGS-01387415,17,0,41.12666667,-74.16527778,0,0
USGS-01384500,8,0,41.1272222,-74.2658333,0,0
USGS-01542508,56,0,41.12922587,-78.1327855,0,0
USGS-03030852,98,0,41.1297847,-79.5542134,0,0
USGS-01447500,115,0,41.1303626,-75.625467,0,0
USGS-09258900,2,0,41.13190766,-107.646458,0,0
USGS-01367715,18,0,41.1333333,-74.5786111,0,0
USGS-04206000,37,0,41.1356112,-81.5470622,0,0
USGS-01382090,8,0,41.13638889,-74.4725,0,0
USGS-410816107202901,1,0,41.13774136,-107.3420045,0,0
USGS-01443408,8,0,41.145,-74.7480556,0,0
USGS-01367785,8,0,41.14694444,-74.70277778,0,0
USGS-03031000,13,0,41.1492285,-79.6600487,0,0
MKD00008,29,0,41.15,22.53,0,0
USGS-410904079463401,4,0,41.1511725,-79.7758843,0,0
USGS-01382960,8,0,41.1525,-74.3591667,0,0
USGS-01208950,201,0,41.15287436,-73.3059495,0,0
USGS-01439960,23,0,41.15694444,-74.8772222,0,0
USGS-410932079472801,4,0,41.1589501,-79.7908848,0,0
USGS-410934079472501,4,0,41.15950567,-79.7900514,0,0
USGS-05520500,310,0,41.16003338,-87.6686483,0,0
USGS-01447300,34,0,41.1611956,-75.60241088,0,0
USGS-01368823,3,0,41.16180556,-74.42263889,0,0
USGS-01367800,82,0,41.16277778,-74.67527778,0,0
USGS-01383505,6,0,41.1636111,-74.3180556,0,0
USGS-01539350,34,0,41.1661957,-76.5035595,0,0
USGS-01367780,12,0,41.16666667,-74.7269444,0,0
USGS-01443370,4,0,41.1683333,-74.73638889,0,0
USGS-05488895,7,0,41.16944476,-93.0565922,0,0
USGS-411011081345100,2,0,41.1697776,-81.5806753,0,0
USGS-01367805,10,0,41.17,-74.6566222,0,0
USGS-03030515,59,0,41.1700625,-79.4722678,0,0
USGS-01368940,8,0,41.1725,-74.5419444,0,0
USGS-411032079491901,3,0,41.1756164,-79.821719,0,0
USGS-411034079492001,3,0,41.17617197,-79.8219968,0,0
USGS-411038109042101,3,0,41.17718335,-109.073178,0,0
USGS-411042079470501,4,0,41.17839435,-79.7844958,0,0
USGS-01367750,8,0,41.18105556,-74.5903056,0,0
USGS-411055079491301,3,0,41.1820052,-79.8200523,0,0
USGS-411105095532301,7,0,41.1849722,-95.8897778,0,0
USGS-05488750,1,0,41.18611338,-92.9321447,0,0
USGS-01368721,9,0,41.18638889,-74.3705556,0,0
USGS-411111079483001,4,0,41.18644968,-79.8081076,0,0
USGS-01439805,3,0,41.1865,-74.79477778,0,0
USGS-01368820,93,0,41.18694444,-74.42,0,0
USGS-05466500,133,0,41.18697738,-90.9673663,0,0
USGS-411118079462401,3,0,41.18839428,-79.7731066,0,0
USGS-411119079470901,2,0,41.18867199,-79.7856069,0,0
USGS-01537700,179,0,41.1886937,-76.0865935,0,0
USGS-411120079471101,3,0,41.18894976,-79.7861625,0,0
USGS-06610505,112,0,41.18916667,-95.8625,0,0
USGS-411127079471101,3,0,41.19089418,-79.7861625,0,0
USGS-01368825,8,0,41.19191667,-74.4161111,0,0
USGS-01367770,220,0,41.19388889,-74.57527778,0,0
USGS-01367860,4,0,41.19416667,-74.6211111,0,0
USGS-411140079475101,4,0,41.19450518,-79.797274,0,0
USGS-01374983,1,0,41.19453948,-73.7329096,0,0
USGS-01367850,12,0,41.19694444,-74.6316667,0,0
USGS-04183500,96,1,41.19893889,-84.7444033,1.041666667,0
USGS-09216574,3,0,41.19912797,-109.0512327,0,0
USGS-01439830,89,0,41.2,-74.81527778,0,0
USGS-01367910,122,1,41.20055556,-74.5994444,0.819672131,0
USGS-01210000,1,0,41.201762,-73.6326281,0,0
USGS-411214079465801,15,0,41.20394959,-79.7825514,0,0
USGS-01553005,101,0,41.20758197,-76.7521806,0,0
USGS-01367902,8,0,41.20777778,-74.6091667,0,0
USGS-05555300,245,0,41.20836786,-88.93091189,0,0
USGS-411240079475101,4,0,41.2111716,-79.797274,0,0
USGS-05488990,8,0,41.212224,-92.9307559,0,0
USGS-01374988,1,0,41.21452778,-73.77077778,0,0
USGS-06610665,4,0,41.21555396,-95.7800094,0,0
USGS-01374908,1,0,41.2159285,-73.6320727,0,0
USGS-09255500,6,0,41.21801805,-107.3722831,0,0
USGS-05489000,9,0,41.2190021,-92.9085332,0,0
USGS-01368950,129,3,41.2225,-74.4755556,2.325581395,0
USGS-06610663,4,0,41.2274982,-95.7463975,0,0
USGS-01374987,7,0,41.22875,-73.7436111,0,0
USGS-11345500,40,0,41.2307286,-120.4371726,0,0
USGS-411359081330400,8,0,41.2331112,-81.5509508,0,0
USGS-01367950,5,0,41.2344722,-74.5726111,0,0
USGS-01551500,103,0,41.23618985,-76.996634,0,0
USGS-01439902,8,0,41.23916667,-74.8036111,0,0
USGS-01374390,1,0,41.2395386,-73.898193,0,0
USGS-01438760,34,0,41.23953888,-74.8668353,0,0
USGS-04206400,6,0,41.24144457,-81.5498396,0,0
USGS-05487980,8,0,41.24663889,-93.2901667,0,0
USGS-01374917,1,0,41.2483611,-73.6700833,0,0
GRC00001,36,0,41.25,24.53,0,0
USGS-01374919,1,0,41.25166667,-73.6758333,0,0
USGS-05489030,8,0,41.2550025,-92.857421,0,0
USGS-05556200,162,0,41.2572588,-89.3459225,0,0
USGS-01374880,1,0,41.25815068,-73.5659594,0,0
USGS-01368000,167,0,41.26009487,-74.5484934,0,0
USGS-01374890,5,0,41.2602222,-73.6018611,0,0
USGS-01544149,97,0,41.26117544,-77.90721679,0,0
USGS-01367880,8,0,41.26138889,-74.62388889,0,0
USGS-01439766,7,0,41.26277778,-74.7386111,0,0
USGS-03026175,142,0,41.2642262,-79.84116449,0,0
USGS-03103500,112,0,41.2661668,-80.4725697,0,0
USGS-411607107213401,1,0,41.26857305,-107.3600604,0,0
GRC00002,39,0,41.27,23.32,0,0
USGS-411618108574001,5,0,41.2716285,-108.961785,0,0
USGS-01549700,229,0,41.273683,-77.32414028,0,0
USGS-11346000,1,0,41.2740606,-120.575511,0,0
USGS-411636095535401,117,0,41.27677778,-95.8985833,0,0
USGS-411639107165301,1,0,41.2774618,-107.2820023,0,0
USGS-01431554,68,0,41.28036776,-75.24156878,0,0
USGS-01374993,1,0,41.28037177,-73.8337465,0,0
USGS-01374948,1,1,41.2812051,-73.792634,100,1
USGS-01374976,1,0,41.28252778,-73.7254444,0,0
USGS-04206420,1,0,41.28588847,-81.5620635,0,0
USGS-05542000,270,0,41.2861433,-88.3597871,0,0
USGS-411711107410001,1,0,41.28635016,-107.6839592,0,0
USGS-04206425,21,1,41.28894396,-81.56511929,4.761904762,0
USGS-01374992,1,0,41.29163889,-73.8323611,0,0
USGS-06800500,564,4,41.2933333,-96.2838889,0.709219858,0
USA00304,559,4,41.29361111,-96.28333333,0.715563506,0
USGS-05488200,4,0,41.30055336,-93.0454805,0,0
USGS-01438517,8,0,41.3008333,-74.795,0,0
USGS-04199000,47,0,41.3008852,-82.6082326,0,0
USGS-01374830,1,0,41.30453879,-73.6706853,0,0
USGS-01367867,8,0,41.305,-74.67,0,0
USGS-01538709,66,0,41.3056369,-76.4304995,0,0
USGS-01438500,127,0,41.30916667,-74.79527778,0,0
USGS-01549600,111,0,41.30951558,-77.36219779,0,0
USGS-05472010,1,0,41.31111958,-92.513522,0,0
USGS-04207100,110,0,41.3114441,-81.4367794,0,0
USGS-01438075,7,0,41.3158333,-74.6911111,0,0
USGS-411901081350700,2,0,41.31699898,-81.5851212,0,0
USGS-01543500,3,0,41.31728467,-78.1030596,0,0
USGS-01374099,1,0,41.3181494,-73.93013829,0,0
USGS-01545000,100,0,41.31950954,-77.873882,0,0
USGS-01544100,3,0,41.32006266,-78.0805586,0,0
USGS-01374860,1,0,41.32225,-73.7109444,0,0
USGS-01374788,1,0,41.32352778,-73.5971667,0,0
USGS-01545500,8,0,41.32367797,-77.7499869,0,0
USGS-01552000,110,0,41.32507836,-76.91246379,0,0
USGS-01374780,1,0,41.32575,-73.5903333,0,0
USGS-05543500,274,0,41.32697786,-88.7175739,0,0
USGS-01374937,1,0,41.32703837,-73.7390209,0,0
USGS-01374840,1,0,41.32703859,-73.6929082,0,0
USGS-01550300,107,0,41.32888889,-77.1305556,0,0
USGS-03029500,119,0,41.3306189,-79.2089298,0,0
USGS-01374260,1,0,41.33148275,-73.8204125,0,0
CHN00005,103,12,41.33333333,122.6333333,11.65048544,1
USGS-05555950,153,0,41.33336787,-89.080916,0,0
USGS-01195399,10,0,41.3335583,-72.8148861,0,0
USGS-01542790,100,0,41.3339512,-78.1358388,0,0
USGS-01374268,1,0,41.3342605,-73.8256904,0,0
USGS-01431600,110,0,41.3361984,-75.3399036,0,0
USGS-01543400,2,0,41.3381179,-78.135561,0,0
USGS-01374930,10,2,41.33813889,-73.7686944,20,1
USGS-06609800,36,0,41.34360795,-95.9575136,0,0
USGS-05527500,274,0,41.34669805,-88.1864487,0,0
USGS-01374705,1,0,41.34870527,-73.6670739,0,0
USGS-01534135,9,0,41.35007964,-75.80102748,0,0
USGS-05471500,1,0,41.3556987,-92.65735889,0,0
USGS-01552500,31,0,41.35702418,-76.5346708,0,0
USGS-01374545,1,0,41.3570386,-73.6556846,0,0
USGS-412126095565201,118,0,41.3574722,-95.9477778,0,0
USGS-01536000,113,0,41.35924619,-75.744359,0,0
USGS-01438000,40,0,41.361205,-74.6848851,0,0
USGS-03029170,5,0,41.36478366,-78.8225306,0,0
USGS-05557000,136,0,41.36503634,-89.5689842,0,0
USGS-04207300,112,0,41.36505369,-81.6087348,0,0
USGS-05556500,251,0,41.3672222,-89.4977778,0,0
USGS-011277905,66,0,41.3686111,-72.2022222,0,0
USGS-04198005,21,0,41.37005236,-83.1026963,0,0
USGS-01434000,115,0,41.3706493,-74.6973853,0,0
USGS-412226081344500,4,0,41.37394275,-81.5790112,0,0
USGS-04178100,30,0,41.37505049,-84.8113486,0,0
USGS-04199500,166,1,41.38199,-82.3168273,0.602409639,0
USGS-01118500,464,0,41.38371065,-71.8331247,0,0
USGS-05552500,188,0,41.38447735,-88.7892423,0,0
USGS-03025500,12,0,41.3895027,-79.8203322,0,0
USGS-01545600,272,0,41.38951168,-77.6908191,0,0
USGS-412325107244101,2,0,41.3902391,-107.4120058,0,0
USGS-04208000,319,0,41.39533087,-81.6298478,0,0
MKD00007,29,0,41.4,22.27,0,0
MKD00019,19,2,41.4,22.87,10.52631579,1
USGS-03025490,97,0,41.4017246,-79.8314437,0,0
USGS-01544000,17,0,41.4017305,-78.0241674,0,0
USGS-01535060,5,0,41.40313569,-75.6640789,0,0
USGS-01118030,17,0,41.40741944,-71.7481694,0,0
USGS-05465000,17,0,41.40919179,-91.2904335,0,0
USGS-01118400,17,0,41.4100993,-71.8447922,0,0
USGS-04200550,20,0,41.4117109,-82.0957034,0,0
USGS-01543000,104,0,41.4133959,-78.1969524,0,0
USGS-412456098052001,1,0,41.41565556,-98.0889667,0,0
USGS-05541710,252,1,41.4172533,-88.347566,0.396825397,0
USGS-01550000,178,0,41.41813179,-77.0330238,0,0
USGS-03029000,11,0,41.4208946,-78.7358612,0,0
USGS-01432088,9,0,41.421201,-75.1032285,0,0
USGS-03102500,107,0,41.42199889,-80.376178,0,0
USGS-01118360,17,0,41.42343288,-71.7917351,0,0
USGS-05455700,7,0,41.42377778,-91.4785278,0,0
USGS-03028900,10,0,41.42533907,-78.72697208,0,0
USGS-01117240,2,0,41.4334352,-71.5020024,0,0
USGS-03021050,5,0,41.43394839,-79.7094969,0,0
USGS-01118009,18,0,41.43621107,-71.7208996,0,0
USGS-03024000,39,0,41.43755525,-79.9558912,0,0
USGS-01437500,35,0,41.4411111,-74.6019444,0,0
USGS-06794000,133,1,41.4414021,-97.7347745,0.751879699,0
USGS-01208500,518,0,41.4423,-73.0622833,0,0
USGS-01118356,17,0,41.44326389,-71.79625,0,0
USGS-01534850,6,0,41.44480218,-75.6440782,0,0
USGS-412647071373701,15,4,41.4464722,-71.6272222,26.66666667,1
USGS-04208503,27,0,41.4475518,-81.684574,0,0
USGS-04195600,14,1,41.449496,-83.3579821,7.142857143,1
USGS-01196500,593,0,41.45026389,-72.841275,0,0
USGS-06796000,196,0,41.45277778,-96.7755556,0,0
USGS-01551835,58,0,41.45618799,-76.6896759,0,0
USGS-011180067,2,0,41.4600998,-71.7186777,0,0
USGS-01432097,56,0,41.46092286,-75.0873939,0,0
USGS-01433500,23,0,41.4612222,-74.75877778,0,0
USGS-01534090,143,0,41.46174428,-75.85380729,0,0
USGS-01117351,17,1,41.46311389,-71.55465,5.882352941,1
USGS-01117471,18,0,41.4642672,-71.62784109,0,0
USGS-01117230,2,0,41.4648239,-71.49089149,0,0
USGS-01201487,288,0,41.4658222,-73.40320278,0,0
USGS-05485990,4,0,41.4694342,-93.9085596,0,0
USGS-04201555,26,0,41.46949236,-81.8315253,0,0
USGS-05455500,2,0,41.4697387,-91.7146129,0,0
USGS-01549500,57,0,41.47368336,-77.230809,0,0
USGS-05485985,4,0,41.47498956,-93.9474498,0,0
USGS-01543830,64,0,41.4758976,-78.0502796,0,0
USGS-01544500,89,0,41.4758994,-77.8258251,0,0
USGS-04193490,49,0,41.47616368,-83.7388261,0,0
USGS-01431500,25,0,41.4762002,-75.1721186,0,0
USGS-01117420,20,0,41.4767673,-71.6047849,0,0
ESP00008,59,1,41.48,-4.97,1.694915254,0
PRT00007,43,2,41.48,-6.3,4.651162791,0
MKD00001,27,9,41.48,20.5,33.33333333,1
USGS-01117424,4,0,41.48037868,-71.5733949,0,0
USGS-03020500,96,0,41.4817261,-79.6953304,0,0
USGS-01117350,17,2,41.4823233,-71.5511719,11.76470588,1
USGS-01544480,23,0,41.48250278,-77.8163306,0,0
USGS-03020003,4,0,41.4850622,-79.4497686,0,0
USGS-03028500,14,0,41.48617269,-78.6783595,0,0
USGS-01432119,104,0,41.48675616,-74.9915572,0,0
USGS-04208506,16,3,41.4881068,-81.6851303,18.75,1
USGS-06686000,339,0,41.4886111,-102.6258333,0,0
USGS-05447500,221,0,41.48892309,-90.1576186,0,0
USGS-01534520,6,1,41.48980377,-75.5424079,16.66666667,1
USGS-09216545,80,0,41.49301777,-108.5137159,0,0
USGS-09217010,238,0,41.496076,-109.4387455,0,0
USGS-03101500,106,0,41.49810898,-80.46006929,0,0
USA00219,448,0,41.5,-83.71277778,0,0
USGS-04193500,451,0,41.5000526,-83.7127145,0,0
USGS-11530500,252,1,41.5109543,-123.9795164,0.396825397,0
USGS-05539000,153,0,41.515031,-88.0733913,0,0
USGS-09217000,408,0,41.51635366,-109.4490234,0,0
USGS-01548500,56,0,41.52173586,-77.4474798,0,0
USGS-05540500,234,0,41.5222527,-88.1925623,0,0
USGS-01430200,4,1,41.52592215,-75.204619,25,1
USGS-05537980,173,8,41.53638889,-88.0825,4.624277457,0
USGS-09222400,63,0,41.5380078,-110.2293209,0,0
MKD00017,29,0,41.54,21.97,0,0
USGS-01117877,2,0,41.54065528,-71.6961777,0,0
USGS-01543693,53,0,41.54138889,-77.9802778,0,0
USGS-03027545,8,0,41.5433953,-78.6136352,0,0
USGS-05551995,149,0,41.5436419,-88.6867418,0,0
USGS-09224700,170,0,41.54607224,-109.6934746,0,0
USGS-09216880,73,0,41.54996458,-109.3048524,0,0
MKD00002,27,1,41.55,20.6,3.703703704,0
USGS-05485520,80,0,41.550823,-93.5249368,0,0
USGS-01193500,529,0,41.55232124,-72.44925287,0,0
USGS-01548476,67,0,41.55534716,-77.4597022,0,0
USGS-05446500,284,1,41.5561111,-90.1852778,0.352112676,0
USGS-01534000,231,0,41.55841008,-75.89464168,0,0
ESP00009,72,4,41.56,-6.13,5.555555556,1
USGS-01533992,4,0,41.56285457,-75.8746409,0,0
USGS-01433005,22,0,41.56727778,-74.78327778,0,0
USGS-05536275,195,0,41.56836818,-87.60782209,0,0
ESP00007,72,0,41.57,-3.22,0,0
USGS-05537000,207,41,41.57027778,-88.0794444,19.80676329,1
USGS-03016000,98,0,41.5708949,-79.4078243,0,0
USGS-04208690,9,0,41.5744942,-81.5473444,0,0
USGS-03028000,28,0,41.57533955,-78.69224919,0,0
USGS-05536195,55,21,41.5775,-87.5222222,38.18181818,1
USGS-09222300,58,0,41.5816153,-110.5623905,0,0
USGS-413507107255601,2,0,41.5852382,-107.4328386,0,0
USGS-03023330,102,0,41.58922097,-80.15006029,0,0
USGS-01200600,421,0,41.5931499,-73.4495669,0,0
USGS-01117855,4,0,41.5931554,-71.6675658,0,0
USGS-05447100,133,0,41.5939222,-89.6895466,0,0
USGS-05534050,181,0,41.59638889,-88.0686111,0,0
USGS-03017500,99,0,41.60200599,-79.0500392,0,0
USGS-01195490,18,0,41.6034722,-72.8832,0,0
USGS-05455100,59,0,41.60640518,-91.61572419,0,0
USGS-01116825,2,0,41.60676764,-71.4914482,0,0
USGS-413626087211101,2,0,41.6072584,-87.3530942,0,0
USGS-413627087194700,1,0,41.60753628,-87.3297603,0,0
USGS-413627087192801,1,0,41.6075363,-87.3244825,0,0
USGS-04092677,2,0,41.60781377,-87.3936506,0,0
USGS-413628087201401,1,0,41.607814,-87.3372605,0,0
USGS-413630087180401,4,0,41.60836974,-87.3011487,0,0
USGS-413632087221601,4,0,41.60892498,-87.3711501,0,0
USGS-413632087221900,1,0,41.60892498,-87.3717057,0,0
USGS-01427750,21,0,41.6095332,-75.06183579,0,0
USGS-413636087242601,2,0,41.6100359,-87.407262,0,0
USGS-413637087251301,1,0,41.61031365,-87.4203178,0,0
USGS-413643087263801,1,0,41.6119802,-87.4439294,0,0
USGS-413647087255700,3,0,41.61309137,-87.4325403,0,0
USGS-413650087274201,4,0,41.61392457,-87.4617076,0,0
USGS-413651087285001,4,0,41.61420227,-87.4805969,0,0
USGS-413658087292601,2,0,41.61614667,-87.4905971,0,0
USGS-413707087300300,2,0,41.6186466,-87.5008752,0,0
MKD00006,29,0,41.62,21.91,0,0
USGS-03017800,30,0,41.621125,-79.1531944,0,0
USGS-413716087281600,2,0,41.62114675,-87.4711524,0,0
USGS-05536357,4,1,41.6244798,-87.5180981,25,1
USGS-01116879,2,0,41.62593427,-71.4856147,0,0
USGS-01116890,4,0,41.62871206,-71.479781,0,0
USGS-01427740,2,0,41.63064425,-75.0490574,0,0
USGS-04209000,10,0,41.630881,-81.40344549,0,0
USGS-06629810,3,0,41.63107145,-107.5414537,0,0
USGS-09216525,3,0,41.63107145,-107.5414537,0,0
USGS-03023100,3,0,41.63255476,-80.1595043,0,0
USGS-413822087281601,4,0,41.63948008,-87.4711527,0,0
USGS-05536995,91,14,41.6408333,-88.0594444,15.38461538,1
USGS-03015795,83,0,41.64200548,-79.3381018,0,0
USGS-01533205,9,0,41.64285336,-76.1607633,0,0
USGS-413848087285201,2,0,41.64670226,-87.481153,0,0
USGS-03008899,63,0,41.64811899,-78.3622375,0,0
USGS-413857087280301,2,0,41.6492023,-87.4675417,0,0
USGS-01372500,52,0,41.65305556,-73.8725,0,0
USGS-01429301,30,0,41.65308889,-75.28205278,0,0
USGS-413919087273201,4,0,41.65531345,-87.4589306,0,0
USGS-04184500,67,0,41.6594951,-84.2491148,0,0
USGS-09216527,19,0,41.66051566,-107.5583987,0,0
USGS-01429290,104,0,41.6609722,-75.28838889,0,0
USGS-413952087264701,2,0,41.66448016,-87.4464305,0,0
USGS-03022515,62,0,41.66477838,-79.9645001,0,0
USGS-414003087263300,4,0,41.6675357,-87.4425415,0,0
USGS-01432900,23,0,41.66805556,-74.7805556,0,0
USGS-05551700,213,0,41.67166667,-88.44138889,0,0
USGS-414023087262301,2,0,41.67309128,-87.4397638,0,0
USGS-414023097403601,1,0,41.67310556,-97.67665,0,0
USGS-05454300,1,0,41.67668186,-91.5987812,0,0
USGS-05446100,129,0,41.67975284,-90.0262287,0,0
USGS-01534300,5,0,41.67980547,-75.47184988,0,0
ESP00020,60,0,41.68,0.92,0,0
USGS-04194022,346,57,41.68504827,-83.4763216,16.47398844,1
USGS-05483600,2,0,41.687209,-94.3710773,0,0
USGS-06629815,8,0,41.6894045,-107.533953,0,0
USGS-05540290,178,1,41.69,-88.16638889,0.561797753,0
USGS-03021600,3,0,41.69116848,-79.8731098,0,0
USGS-03020449,78,0,41.6944972,-79.5712056,0,0
USGS-04194030,381,40,41.696159,-83.4607658,10.49868766,1
USGS-05536700,195,51,41.69638889,-87.9416667,26.15384615,1
USGS-01532950,104,0,41.69701977,-76.23076609,0,0
USGS-01532000,103,0,41.70757505,-76.4849432,0,0
USGS-03022505,5,0,41.7078334,-80.1456139,0,0
USGS-03022600,2,0,41.7103335,-80.13922488,0,0
USGS-05540260,1,0,41.7111413,-88.12812,0,0
USGS-01548235,56,0,41.7122222,-77.6980556,0,0
USGS-01532005,6,1,41.71257506,-76.470498,16.66666667,1
USGS-03015554,10,0,41.71422655,-79.4553268,0,0
USGS-04212100,81,0,41.7189339,-81.2278789,0,0
USGS-05540275,268,1,41.7258333,-88.1636111,0.373134328,0
MKD00005,29,0,41.73,21.78,0,0
USGS-05551540,211,0,41.7336111,-88.3333333,0,0
USGS-04212200,113,1,41.73587688,-81.2662135,0.884955752,0
USGS-01548350,6,0,41.7375715,-77.43025679,0,0
USGS-01548240,8,0,41.7386804,-77.62581938,0,0
USGS-01372000,14,0,41.7472222,-74.09,0,0
USGS-01116500,247,26,41.75093399,-71.4450575,10.52631579,1
USGS-09224050,221,0,41.7516147,-110.5332245,0,0
USGS-03007000,3,0,41.75784318,-78.0527835,0,0
USGS-01116609,2,0,41.7598228,-71.4433908,0,0
USGS-01427500,25,0,41.76055556,-75.04838889,0,0
USGS-06682505,195,0,41.76163609,-103.417716,0,0
USGS-01531500,20,0,41.76535278,-76.4407743,0,0
USGS-01192370,75,0,41.76537689,-72.5028637,0,0
USGS-03011800,9,0,41.76645099,-78.71863999,0,0
USGS-05422000,155,0,41.76697439,-90.5348588,0,0
USGS-01116617,395,42,41.7676007,-71.4053335,10.63291139,1
USGS-05443500,219,0,41.7722222,-89.7455556,0,0
USGS-03022000,32,0,41.77644516,-80.1081124,0,0
USGS-06775900,305,0,41.7786111,-100.5252778,0,0
USGS-05420500,376,0,41.78058635,-90.252073,0,0
USGS-01531488,52,0,41.781186,-76.50244338,0,0
USGS-01532600,57,0,41.7861861,-76.38299409,0,0
USGS-01188000,414,0,41.786209,-72.9648261,0,0
USGS-01531490,50,0,41.7909082,-76.4621639,0,0
USGS-01516350,71,0,41.7970183,-77.0802457,0,0
MKD00014,29,0,41.8,22.21,0,0
USGS-05540210,172,2,41.8005854,-88.0814543,1.162790698,0
USGS-04099000,70,0,41.80088279,-85.7561047,0,0
USGS-01116605,2,0,41.80315545,-71.5100608,0,0
USGS-01533610,30,0,41.80844444,-75.58063889,0,0
USGS-01516750,11,0,41.811185,-77.0705233,0,0
USGS-05453100,61,0,41.81272566,-92.064792,0,0
USGS-01109280,4,0,41.8164895,-71.3356084,0,0
USGS-05540095,180,0,41.8175,-88.17138889,0,0
USGS-03007800,105,0,41.81867578,-78.29279129,0,0
USGS-01436000,24,0,41.82,-74.6355556,0,0
USGS-05532500,202,0,41.82166667,-87.8219444,0,0
USGS-01114800,2,0,41.82343329,-71.4603365,0,0
USGS-03012600,108,0,41.82450438,-79.1189322,0,0
USGS-05531500,346,1,41.8258333,-87.9002778,0.289017341,0
USGS-01109403,2,0,41.83093377,-71.3503315,0,0
USGS-06799350,106,0,41.8394441,-96.7275324,0,0
USGS-03015320,4,0,41.84061476,-79.25393668,0,0
USGS-03012550,34,0,41.84144917,-79.0119846,0,0
USGS-03009700,4,0,41.8414528,-78.4289075,0,0
USGS-05540066,2,0,41.84252886,-88.1989593,0,0
USGS-01367500,28,0,41.84305556,-74.0861111,0,0
USGS-01113994,2,0,41.84426665,-71.4183903,0,0
USGS-03015500,103,0,41.8525587,-79.3172708,0,0
USGS-04212500,1,0,41.8556092,-80.7620297,0,0
USGS-01125520,223,0,41.85843146,-71.9239617,0,0
USGS-06680100,6,0,41.86246757,-103.7235563,0,0
USGS-01365000,18,0,41.86638889,-74.4872222,0,0
USGS-415217121294901,9,3,41.8712674,-121.4980479,33.33333333,1
USGS-06630000,360,0,41.87218127,-107.0575465,0,0
USGS-01113970,2,0,41.87259979,-71.4083901,0,0
USGS-415223121323501,86,19,41.87293318,-121.54416,22.09302326,1
USGS-01109396,2,0,41.87398897,-71.3406094,0,0
USGS-01114450,2,0,41.87843265,-71.5014497,0,0
USGS-05532000,168,1,41.88169755,-87.86922759,0.595238095,0
USGS-415302088033801,5,0,41.88391816,-88.060623,0,0
USGS-415311088032903,3,0,41.88641815,-88.058123,0,0
USGS-415311088032902,3,1,41.88641815,-88.058123,33.33333333,1
USGS-01113895,156,0,41.8884331,-71.38144467,0,0
USGS-05442200,135,0,41.88975368,-89.4195481,0,0
USGS-01435000,48,0,41.89,-74.59,0,0
USGS-415400121294201,85,14,41.89987807,-121.4961032,16.47058824,1
PRT00003,45,0,41.9,-8.8,0,0
MKD00012,29,0,41.9,21.7,0,0
MKD00004,29,3,41.9,21.62,10.34482759,1
USGS-04212700,10,0,41.90005285,-80.7953651,0,0
USGS-04176540,86,0,41.9014342,-83.3640982,0,0
USGS-01518500,24,0,41.9022959,-77.148305,0,0
USGS-05444000,139,0,41.90280739,-89.696223,0,0
USGS-04212960,12,0,41.90394427,-80.5289614,0,0
USGS-01518000,65,0,41.90840709,-77.1294154,0,0
USGS-01125500,89,0,41.909475,-71.91386389,0,0
USGS-01518600,5,0,41.91062929,-77.1374713,0,0
USGS-05539900,159,0,41.91086169,-88.1789607,0,0
USGS-04101790,8,0,41.9158333,-86.1755556,0,0
USGS-04212945,94,0,41.9178335,-80.4689585,0,0
USGS-415526121335101,87,5,41.92376529,-121.5652713,5.747126437,1
USGS-05464765,8,0,41.9260603,-91.5510368,0,0
USGS-04213000,8,0,41.92699898,-80.6039659,0,0
USGS-11516530,161,0,41.92791865,-122.4441882,0,0
USGS-05464760,99,0,41.93389327,-91.5485092,0,0
USGS-01108000,47,0,41.9339903,-70.9564307,0,0
USGS-06630300,15,0,41.93523786,-106.8008698,0,0
USGS-415609121291301,1,0,41.9357109,-121.4880474,0,0
USGS-03015000,111,0,41.9381145,-79.133101,0,0
USGS-01111411,2,0,41.9423207,-71.6475658,0,0
USGS-06630330,7,1,41.9455156,-106.8022589,14.28571429,1
USGS-01420500,71,0,41.94641667,-74.9796667,0,0
USGS-09216050,58,0,41.94745505,-109.6881939,0,0
USGS-01111460,2,0,41.95065409,-71.6031199,0,0
USGS-01427000,30,0,41.95216667,-75.2909444,0,0
USGS-01421500,30,0,41.9522222,-75.2766667,0,0
USGS-01518700,221,0,41.95257385,-77.1152486,0,0
USGS-05451773,15,0,41.95283889,-92.6493611,0,0
USGS-05530590,173,0,41.9530861,-87.8542292,0,0
USGS-11488495,53,2,41.95388889,-121.5033333,3.773584906,0
USGS-05451785,23,0,41.95511389,-92.5974778,0,0
USGS-03021500,4,0,41.9564438,-79.8769962,0,0
MKD00015,29,0,41.96,21.3,0,0
USGS-03010500,94,0,41.963398,-78.3861287,0,0
USGS-01502771,179,0,41.9634112,-75.7421312,0,0
USGS-05451770,24,0,41.96425556,-92.63655,0,0
USGS-05451762,15,0,41.9646611,-92.6704917,0,0
USGS-03010527,9,0,41.9650647,-78.38585089,0,0
USGS-01111263,2,0,41.96787599,-71.716457,0,0
USGS-01112900,407,0,41.97120979,-71.4700599,0,0
USGS-01421000,58,0,41.97355556,-75.1751944,0,0
USGS-03010958,57,1,41.9770076,-78.62474909,1.754385965,0
USGS-05451765,8,0,41.97719444,-92.6436417,0,0
USGS-03010956,47,0,41.97791944,-78.62463889,0,0
USGS-01515050,32,0,41.9811853,-76.5068875,0,0
USGS-415900110050001,1,0,41.9832819,-110.0840436,0,0
USGS-05451750,23,0,41.9854972,-92.6988111,0,0
USGS-05451754,21,1,41.98555556,-92.6722222,4.761904762,0
USGS-05442020,138,0,41.98614067,-89.294826,0,0
USGS-01184000,827,0,41.9873186,-72.6053669,0,0
USGS-01519200,26,0,41.9875728,-77.3022014,0,0
USGS-01519997,6,0,41.98785156,-77.1480282,0,0
USGS-05464475,39,0,41.98941597,-91.7595985,0,0
USGS-04220350,96,0,41.9942342,-77.8702759,0,0
USGS-05551000,176,0,41.9961111,-88.295,0,0
USGS-01111500,393,0,41.99648716,-71.56200758,0,0
USGS-01520000,171,0,41.99674048,-77.1399724,0,0
USGS-05451753,20,1,41.99816667,-92.6713056,5,1
USGS-01531000,64,0,42.0022222,-76.6347222,0,0
USGS-01426500,61,0,42.00302778,-75.38352778,0,0
USGS-06799000,130,0,42.00377778,-97.4260278,0,0
USGS-06634990,30,0,42.00607336,-106.5089162,0,0
USGS-06635000,193,0,42.0096844,-106.513083,0,0
MKD00010,29,0,42.01,22.38,0,0
USGS-09216000,89,0,42.0102331,-109.58319,0,0
USGS-05464480,103,0,42.0116655,-91.704903,0,0
USGS-05536000,176,4,42.0122222,-87.7958333,2.272727273,0
USGS-04220371,4,0,42.01506767,-77.8769429,0,0
USGS-01530900,52,0,42.01729619,-76.7230078,0,0
USGS-04213085,5,0,42.0206119,-80.3611778,0,0
USGS-09211200,351,0,42.0209722,-110.0498056,0,0
USGS-01111230,364,1,42.0228757,-71.5722859,0.274725275,0
USGS-05550500,189,0,42.0261111,-88.2555556,0,0
USGS-01514937,31,0,42.02805556,-76.385,0,0
USGS-01520500,65,1,42.0286111,-77.1322222,1.538461538,0
USGS-04096600,8,0,42.0292142,-85.1063625,0,0
USGS-01112290,2,0,42.03343139,-71.4717271,0,0
USGS-01503000,18,0,42.03527778,-75.8030556,0,0
USGS-01364500,19,0,42.03777778,-73.9719444,0,0
USGS-01183750,56,0,42.04926185,-72.609256,0,0
USGS-05464450,66,0,42.0499973,-91.7751808,0,0
USGS-01426000,32,0,42.0586111,-75.4280556,0,0
USGS-05451490,2,0,42.06082097,-92.919922,0,0
USGS-01425642,6,0,42.0609168,-75.41989888,0,0
USGS-01425992,6,0,42.06147216,-75.4357327,0,0
USGS-04175120,105,0,42.06416667,-83.25388889,0,0
USGS-05464420,58,0,42.06916346,-91.7851803,0,0
USGS-04213150,3,0,42.0731132,-80.2345088,0,0
USGS-01425000,27,0,42.07491667,-75.3958056,0,0
USGS-01417000,23,0,42.075,-74.97638889,0,0
MKD00003,29,0,42.08,21.22,0,0
USGS-05418500,2,0,42.08335324,-90.6329124,0,0
USGS-05529000,178,0,42.0872222,-87.8872222,0,0
USGS-04102080,107,0,42.08920725,-86.4747444,0,0
USGS-05420100,137,0,42.09805556,-90.1266667,0,0
USGS-05440500,1,0,42.09888889,-89.0519444,0,0
PRT00004,44,0,42.1,-8.323611111,0,0
USGS-01512850,25,0,42.10305556,-75.915,0,0
USGS-01513107,52,0,42.1036862,-75.9690873,0,0
USGS-01530500,6,0,42.10444444,-76.7980556,0,0
USGS-01525650,17,0,42.1070181,-77.2338657,0,0
USGS-05439500,169,0,42.11058064,-88.9006527,0,0
USGS-04102533,32,0,42.11365077,-86.4853008,0,0
USGS-06799450,192,0,42.11388889,-96.7016667,0,0
USGS-01362198,203,0,42.11647855,-74.38848279,0,0
USGS-05440700,230,0,42.1230805,-89.2559395,0,0
USGS-041686401,43,0,42.1269862,-83.1752031,0,0
USGS-09215000,2,0,42.1283333,-109.3254444,0,0
USGS-01423010,22,0,42.1286111,-75.1611111,0,0
USGS-04220489,5,0,42.1295128,-77.91722289,0,0
USGS-01530278,5,0,42.13257449,-76.9371846,0,0
USGS-11509500,78,0,42.13319946,-121.9622313,0,0
USGS-01530276,2,0,42.1375745,-76.95274089,0,0
USGS-04108898,11,0,42.13888889,-84.3530556,0,0
MKD00013,29,0,42.14,22.11,0,0
USGS-01413500,24,0,42.1447222,-74.6536111,0,0
USGS-420848108070001,1,0,42.1466235,-108.1173124,0,0
USGS-01513790,6,0,42.14888889,-76.06638889,0,0
USGS-01362182,17,0,42.1522222,-73.84388889,0,0
USGS-05534500,174,11,42.15277778,-87.8186111,6.32183908,1
USGS-04220458,5,0,42.15284705,-77.7819393,0,0
USGS-01530274,5,0,42.1539634,-76.965797,0,0
USGS-01530444,6,0,42.15396348,-76.80995589,0,0
USGS-01422735,22,0,42.1550855,-75.10989,0,0
USGS-04175596,12,0,42.1558726,-84.143559,0,0
USGS-03011020,30,0,42.15638889,-78.7152778,0,0
USGS-04102810,8,0,42.15948787,-84.8052495,0,0
USGS-05440520,147,0,42.1600233,-89.0756585,0,0
USGS-05550000,193,1,42.16641339,-88.2903603,0.518134715,0
USGS-05464315,8,0,42.1708283,-92.0237917,0,0
USGS-03013000,68,0,42.1708333,-79.0691667,0,0
USGS-01530380,6,0,42.1722222,-76.7333333,0,0
USGS-01530390,6,0,42.173408,-76.7341188,0,0
USGS-01425675,62,0,42.17444444,-75.44,0,0
USGS-06636000,327,0,42.1782928,-106.876432,0,0
USGS-05438250,145,0,42.1825,-88.64138889,0,0
USGS-04102500,33,0,42.18642675,-86.3689124,0,0
USGS-0546431750,7,0,42.18674389,-91.8722617,0,0
USGS-01513755,5,0,42.1872966,-76.1221495,0,0
USGS-01530425,6,0,42.1875747,-76.78939919,0,0
USGS-09209400,268,0,42.19272157,-110.163214,0,0
USGS-05440000,248,0,42.19444444,-88.9988889,0,0
USGS-05438600,164,0,42.20168868,-88.97871309,0,0
USGS-05464137,9,0,42.20193276,-92.5624163,0,0
USGS-01513752,1,0,42.2020188,-76.1340945,0,0
USGS-04213273,30,0,42.20422405,-79.9125525,0,0
USGS-01529570,16,0,42.2064629,-77.1644177,0,0
USGS-10039500,187,0,42.21104338,-111.0538022,0,0
USGS-01172000,55,0,42.21398075,-72.6023116,0,0
USGS-04102186,1,0,42.21781706,-85.895847,0,0
USGS-01502701,31,0,42.2272222,-75.52388889,0,0
USGS-04232170,4,0,42.2322971,-76.8419017,0,0
USGS-04232163,4,0,42.23479717,-76.7938437,0,0
USGS-04102192,25,0,42.2350388,-85.8861251,0,0
USGS-421410096200401,8,0,42.23602778,-96.3345556,0,0
USGS-04213294,5,0,42.23644667,-79.833105,0,0
USGS-09214500,2,0,42.23662056,-109.3129036,0,0
USGS-03012850,6,0,42.23867136,-79.0542077,0,0
USGS-03012880,6,0,42.2489483,-79.1422652,0,0
USGS-04232182,4,0,42.25118605,-76.8357902,0,0
USGS-05464220,83,0,42.25152778,-92.2988889,0,0
USGS-01103500,145,0,42.256209,-71.2600558,0,0
USGS-01513720,5,0,42.2575745,-76.0102012,0,0
USGS-05438201,259,0,42.2611326,-88.716764,0,0
USGS-04232161,1,0,42.2686859,-76.774676,0,0
MKD00009,29,0,42.27,21.32,0,0
USGS-04232176,4,0,42.27896338,-76.890793,0,0
USGS-05435680,136,0,42.27918704,-89.5734484,0,0
USGS-05549600,153,0,42.27944444,-88.2269444,0,0
USGS-04168550,81,2,42.280594,-83.12881209,2.469135802,0
USGS-01513716,4,0,42.29146299,-76.00631239,0,0
USGS-05464302,7,0,42.2930474,-92.0596246,0,0
USGS-01349858,6,0,42.2953628,-74.2129194,0,0
USGS-04232190,3,0,42.2964632,-76.84662408,0,0
USGS-05464260,6,0,42.29749155,-92.1482378,0,0
USGS-05435500,222,0,42.30027778,-89.6152778,0,0
USGS-05437632,1,0,42.3097222,-88.9894444,0,0
MKD00011,29,0,42.31,21.87,0,0
USGS-05437630,1,0,42.31335264,-88.979827,0,0
USGS-01349855,6,0,42.31841757,-74.1954183,0,0
USGS-05418950,232,0,42.3186242,-90.2542951,0,0
USGS-03012815,6,0,42.320339,-78.9547596,0,0
USGS-01500500,55,0,42.3215,-75.31638889,0,0
USGS-04105707,76,0,42.32559639,-85.3588884,0,0
USGS-05463200,5,0,42.325819,-92.6149175,0,0
USGS-04232200,5,0,42.32827778,-76.8439167,0,0
USGS-01361000,19,0,42.33105556,-73.7444444,0,0
USGS-01523500,16,0,42.3347222,-77.6830556,0,0
USGS-05464090,8,0,42.335,-92.1644444,0,0
USGS-03012834,6,0,42.33672706,-79.04087269,0,0
USGS-05528000,186,0,42.34388889,-87.9411111,0,0
ESP00002,42,0,42.34527778,-7.869444444,0,0
USGS-04165700,288,0,42.34726017,-82.9585276,0,0
USGS-03012838,6,0,42.3708923,-79.1597636,0,0
USGS-01502500,16,0,42.37777778,-75.4061111,0,0
311384,4,0,42.38137399,2.618670821,0,0
USGS-01528000,62,0,42.3883333,-77.35777778,0,0
IT09S2323,6,0,42.39644,11.45287,0,0
USGS-03012831,6,2,42.39728307,-78.999482,33.33333333,1
311383,4,0,42.40627491,2.556452715,0,0
311366,7,0,42.40637119,2.414844535,0,0
311367,7,0,42.40646847,2.504945153,0,0
USGS-05463500,6,0,42.4077639,-92.4632451,0,0
USGS-05416000,235,0,42.41055556,-90.4308333,0,0
311365,25,0,42.41423508,2.385083517,0,0
311382,4,0,42.41437887,2.540359733,0,0
IT09S1571,3,1,42.41464,11.35383,33.33333333,1
USGS-05464020,112,0,42.41582235,-92.2187937,0,0
ESP00006,43,0,42.41666667,-2.205,0,0
311385,4,0,42.42291018,2.58994092,0,0
USGS-04166700,8,0,42.4258687,-83.4810469,0,0
USGS-05435800,151,0,42.4275152,-89.1956669,0,0
311369,7,0,42.43549192,2.59790039,0,0
311362,34,0,42.43557324,1.947834384,0,0
USGS-04222300,14,0,42.4372869,-78.12973089,0,0
USGS-05548280,175,0,42.4433333,-88.2475,0,0
USGS-05437500,246,0,42.45027778,-89.0725,0,0
USGS-01172800,15,0,42.4517566,-72.02952147,0,0
311364,3,0,42.45239825,1.906648685,0,0
311394,7,0,42.46097406,3.106196407,0,0
USGS-04213500,347,0,42.4633333,-78.9341667,0,0
USGS-05421000,7,0,42.46359796,-91.8951722,0,0
311386,4,0,42.4642052,2.8020711,0,0
USGS-01172750,9,0,42.4645343,-72.0131323,0,0
311371,7,0,42.46511371,2.643181305,0,0
311361,3,0,42.46801921,2.002154778,0,0
311373,21,0,42.46922828,2.607797272,0,0
USGS-06796985,24,1,42.4699722,-98.7945556,4.166666667,0
USGS-04171012,10,0,42.4714228,-83.7563307,0,0
USGS-01172700,9,0,42.47814527,-72.0234104,0,0
USGS-05546700,174,0,42.47918589,-88.1784206,0,0
USGS-01094700,4,0,42.4798138,-71.6839583,0,0
USGS-01497842,14,0,42.4850788,-74.9887715,0,0
USGS-06486000,151,0,42.4858276,-96.4139184,0,0
USGS-06796973,84,0,42.48602778,-98.9113333,0,0
USGS-05527800,212,2,42.4891868,-87.9264663,0.943396226,0
USGS-06639000,164,0,42.48995905,-107.1339449,0,0
USGS-422937094111301,1,0,42.4935806,-94.1871835,0,0
311379,4,1,42.49370892,2.823416862,25,1
311375,38,0,42.49462957,2.719030435,0,0
311378,7,0,42.49526374,2.752232796,0,0
USGS-01172680,15,0,42.49564509,-72.022855,0,0
USGS-01497500,2,0,42.4997222,-74.9808333,0,0
311399,22,0,42.50228946,2.147803411,0,0
311387,4,0,42.50236196,2.819088232,0,0
IT09S1218,5,0,42.51829,11.24057,0,0
311380,8,0,42.51847272,2.823287346,0,0
311398,5,0,42.51869305,2.093302466,0,0
USGS-05418731,6,0,42.5227823,-90.1340143,0,0
USGS-13085990,4,0,42.5268558,-114.0050273,0,0
311393,10,0,42.52787613,3.060889276,0,0
311381,7,0,42.53174703,2.847372256,0,0
311363,3,0,42.5328819,1.82204033,0,0
USGS-05414800,9,0,42.53389075,-90.481517,0,0
311388,4,0,42.53543065,2.960864529,0,0
IT09S1570,1,0,42.53586,11.4221,0,0
USGS-05463050,150,0,42.53756756,-92.4434929,0,0
USGS-423223113535000,1,0,42.5396325,-113.8980778,0,0
USGS-01359993,17,0,42.5400818,-73.39372,0,0
USGS-13082030,70,0,42.5446314,-113.7655714,0,0
311401,6,0,42.54759061,2.264432511,0,0
IT09S1255,6,0,42.5486,11.58062,0,0
311392,8,0,42.55253736,3.031082293,0,0
USGS-01095860,47,4,42.5528687,-71.6192349,8.510638298,1
USGS-01094340,52,0,42.55981165,-71.8667411,0,0
312027,19,0,42.56058329,2.902780386,0,0
311403,3,0,42.56058512,2.310819374,0,0
USGS-01505500,5,0,42.56388889,-75.5525,0,0
USGS-11502500,30,0,42.564375,-121.8797139,0,0
USGS-09205000,116,0,42.56716598,-109.930151,0,0
IT09S1215,4,0,42.56786,11.23325,0,0
USGS-01509030,17,0,42.56812619,-76.12131628,0,0
USGS-04214020,54,0,42.57005886,-79.11226129,0,0
USGS-04223000,5,0,42.57027778,-78.0422222,0,0
USGS-05463000,5,0,42.572,-92.6182778,0,0
311407,6,0,42.57306311,2.356234649,0,0
USGS-06642000,209,0,42.57412897,-106.69254,0,0
311391,14,0,42.57670088,3.013533637,0,0
311408,6,0,42.58141559,2.373207812,0,0
USGS-04165553,171,2,42.5839232,-82.8826973,1.169590643,0
USGS-11501000,29,0,42.58430556,-121.8483333,0,0
USGS-423523097522001,1,0,42.58964444,-97.8722167,0,0
311390,91,0,42.59339685,2.98600987,0,0
IT09S2315,4,0,42.59432,11.3028,0,0
USGS-05431486,66,0,42.5972222,-88.8291667,0,0
311476,10,0,42.60529216,2.125860314,0,0
USGS-01505050,4,0,42.6100697,-75.6610203,0,0
USGS-01167000,4,0,42.61119659,-72.5550888,0,0
USGS-05431017,36,2,42.6211265,-88.5826011,5.555555556,1
311389,4,0,42.62225378,2.947819286,0,0
311409,6,0,42.62287166,2.414938607,0,0
USGS-054310168,15,6,42.62501535,-88.58149,40,1
USGS-01501008,26,0,42.6261845,-75.35128319,0,0
311477,3,0,42.6267898,2.123492194,0,0
311415,8,0,42.62705131,2.502314037,0,0
USGS-054310166,15,7,42.6286264,-88.5781566,46.66666667,1
USGS-05458900,48,0,42.6294261,-92.54352199,0,0
USGS-054310163,14,3,42.62945979,-88.5731565,21.42857143,1
311410,14,0,42.63247669,2.422675641,0,0
IT09S1252,5,0,42.63371,11.65943,0,0
311478,10,0,42.63494192,2.056647708,0,0
311395,23,2,42.63592926,3.001538046,8.695652174,1
IT09S1574,6,0,42.63661,11.58213,0,0
USGS-01501004,26,0,42.63701766,-75.3515608,0,0
IT09S1217,5,0,42.63805,11.45667,0,0
USGS-01505125,4,0,42.6389586,-75.634352,0,0
USGS-01096550,218,1,42.6389799,-71.3708955,0.458715596,0
USGS-05431016,16,3,42.6408333,-88.5608333,18.75,1
311411,37,0,42.64414865,2.484284444,0,0
USGS-04108690,104,0,42.6472473,-86.1980934,0,0
USGS-01359525,18,0,42.64791667,-73.846,0,0
USGS-05458500,20,0,42.64831555,-92.4651859,0,0
USGS-04108660,360,0,42.65085976,-86.106703,0,0
USGS-06652000,198,0,42.65249599,-105.1591434,0,0
311397,1,1,42.65630703,2.989635334,100,1
USGS-09205500,1,0,42.6579935,-110.3462799,0,0
311412,3,0,42.67249532,2.614736211,0,0
312028,13,0,42.67702304,2.823561096,0,0
ESP00019,72,0,42.68,-3.02,0,0
USGS-04226000,5,0,42.6824722,-77.8286944,0,0
USGS-01161280,205,0,42.6833333,-72.4719444,0,0
311417,6,0,42.69019791,2.826286049,0,0
311416,3,0,42.69035712,2.727293153,0,0
311413,14,0,42.69746209,2.663444999,0,0
311419,7,0,42.69761844,2.889588179,0,0
311420,1,0,42.69866998,2.867606033,0,0
311418,5,0,42.70220985,2.885700023,0,0
311479,22,0,42.70893906,2.139651256,0,0
311423,91,1,42.71079954,3.024026479,1.098901099,0
USGS-05462000,20,0,42.7119245,-92.5829664,0,0
USGS-01161200,30,0,42.712306,-72.45342098,0,0
USGS-01096506,3,0,42.7125889,-71.54867887,0,0
311421,1,0,42.71459612,2.933308852,0,0
311422,1,1,42.71466243,2.974078391,100,1
USGS-05414213,15,0,42.7230489,-90.5281842,0,0
311427,11,0,42.72759354,2.301978271,0,0
USGS-06466500,12,0,42.7322222,-97.9225,0,0
USGS-04087242,2,0,42.7339086,-87.7845191,0,0
USGS-06465500,228,0,42.7397222,-98.2227778,0,0
USGS-01333300,52,0,42.741191,-73.2126072,0,0
USGS-04230380,5,0,42.74266667,-78.1376111,0,0
USGS-09204000,1,0,42.7436111,-109.5108333,0,0
IT09S2325,5,0,42.74483,11.7631,0,0
USGS-04087240,8,0,42.75138889,-87.8236111,0,0
USGS-01358000,145,0,42.7522222,-73.68888889,0,0
USA00017,72,0,42.75222222,-73.68944444,0,0
311433,3,0,42.75638366,2.519084334,0,0
311434,17,0,42.75638366,2.519084334,0,0
USGS-04235900,1,0,42.7597904,-76.2702079,0,0
311480,4,0,42.76065662,2.22591692,0,0
USGS-01096508,132,0,42.7634219,-71.4428432,0,0
USGS-01096507,47,0,42.7636996,-71.4547879,0,0
USGS-01333500,4,0,42.76388889,-73.3372222,0,0
311457,81,0,42.76423568,2.985663816,0,0
311454,3,0,42.76471167,2.915620876,0,0
USGS-04227500,5,0,42.76666667,-77.83888889,0,0
USGS-13077000,83,0,42.7675,-112.8794444,0,0
USGS-06643510,98,0,42.77163078,-106.5305907,0,0
USGS-04143701,8,1,42.77169506,-83.57883479,12.5,1
311455,8,0,42.77680535,2.861010257,0,0
USGS-04227510,32,0,42.77700705,-77.8416696,0,0
311435,11,0,42.77722048,2.681017279,0,0
311452,19,0,42.77733453,2.732525551,0,0
311481,4,0,42.7776061,2.218959567,0,0
IT09S1198,8,0,42.77936,11.18828,0,0
USGS-05413449,25,2,42.78026908,-90.9423494,8,1
USGS-13169500,93,0,42.785,-115.9833333,0,0
USGS-01357500,242,0,42.78538889,-73.70777778,0,0
311437,3,0,42.78583125,2.681290697,0,0
USGS-05413415,8,0,42.78610255,-90.8162378,0,0
USGS-01335770,130,1,42.7886889,-73.6740069,0.769230769,0
USGS-01356400,7,0,42.79035534,-73.783176,0,0
IT09S1209,5,0,42.79043,11.3673,0,0
USGS-054134435,7,0,42.7908243,-90.9573495,0,0
USGS-054134415,2,0,42.79138889,-90.9552778,0,0
USGS-05413443,2,0,42.7919353,-90.998183,0,0
IT09S2395,5,0,42.79277,11.8091,0,0
311482,39,0,42.79342351,2.223401923,0,0
USGS-05413447,11,0,42.79387985,-90.9359605,0,0
USGS-424740110264001,1,0,42.79437957,-110.445174,0,0
311451,18,0,42.79806332,2.72338599,0,0
USGS-01351500,33,0,42.8,-74.26277778,0,0
311436,17,0,42.80211288,2.642675072,0,0
USGS-05427570,52,0,42.80416667,-89.09,0,0
311429,3,0,42.80556657,2.491915587,0,0
USGS-01357000,50,0,42.8061111,-73.72277778,0,0
312029,22,0,42.80614942,2.482568116,0,0
311450,7,0,42.80617948,2.73416619,0,0
IT09S1216,4,0,42.80695,11.50906,0,0
USGS-05413407,2,0,42.80860218,-90.7629042,0,0
USGS-01333350,37,0,42.80888889,-73.2858333,0,0
311483,4,0,42.81039764,2.235584231,0,0
USGS-01100750,55,1,42.8106459,-71.0000561,1.818181818,0
USGS-05413269,2,0,42.8130463,-90.8381823,0,0
USGS-05436203,2,0,42.81333697,-89.4653975,0,0
311428,4,0,42.81454021,2.331349855,0,0
USGS-04087233,1,0,42.81555556,-87.9947222,0,0
311484,22,0,42.81870446,2.201367295,0,0
USGS-01354490,81,0,42.81979865,-73.9492912,0,0
USGS-424923076194801,1,0,42.82312356,-76.32965408,0,0
USGS-04237917,3,0,42.8249722,-76.1432222,0,0
USGS-04240150,4,0,42.8258333,-76.23527778,0,0
USGS-05430175,59,0,42.82638889,-89.1719444,0,0
311426,3,0,42.83320836,2.480677845,0,0
IT09S1208,5,0,42.83349,11.32458,0,0
USGS-05430123,2,0,42.8341706,-89.2503943,0,0
311485,4,0,42.84381183,2.202377814,0,0
USGS-05458150,5,0,42.84764485,-92.520907,0,0
USGS-04240152,3,0,42.84767838,-76.2518454,0,0
USGS-04230400,5,0,42.8483333,-78.06,0,0
USGS-0424015305,4,0,42.85194444,-76.25888889,0,0
311425,4,0,42.85289424,2.467157449,0,0
USGS-04214500,89,0,42.8547222,-78.755,0,0
311446,4,0,42.85620795,2.732118581,0,0
USGS-04237950,15,0,42.85867814,-76.1382587,0,0
USGS-06645000,430,1,42.85888889,-106.2113889,0.23255814,0
311445,4,0,42.85942807,2.715376314,0,0
USGS-04215790,25,1,42.8617248,-78.8675349,4,0
USGS-425144076213801,1,0,42.8622899,-76.3602106,0,0
USGS-04237952,3,0,42.86269444,-76.1359722,0,0
USGS-04237955,2,0,42.86302778,-76.14825,0,0
311441,4,0,42.86478039,2.589291261,0,0
311449,3,0,42.86522691,2.739921021,0,0
311444,4,0,42.86835595,2.669982417,0,0
311442,4,0,42.8684078,2.644492154,0,0
USGS-04237953,2,0,42.87173368,-76.2116774,0,0
USGS-04237956,1,0,42.87228916,-76.13853639,0,0
311438,4,0,42.87288846,2.501835106,0,0
USGS-04240158,2,0,42.87441667,-76.3252222,0,0
USGS-05436165,2,0,42.87527946,-89.461509,0,0
USGS-425233076224301,1,0,42.8759009,-76.3782667,0,0
311439,4,0,42.87731495,2.526523977,0,0
311440,4,0,42.88150009,2.556557481,0,0
311443,4,0,42.88150811,2.63915174,0,0
USGS-04164007,7,0,42.8836403,-83.0782686,0,0
311486,4,0,42.88907235,2.201586121,0,0
311448,4,0,42.89797466,2.722498571,0,0
311487,4,0,42.89849428,2.190056732,0,0
USGS-04237962,14,0,42.9,-76.1691667,0,0
USGS-05432055,11,2,42.9002711,-90.3731813,18.18181818,1
IT09S1576,3,0,42.90411,11.79099,0,0
311488,4,0,42.9064462,2.176780312,0,0
IT09S1567,6,0,42.91048,11.01387,0,0
311489,4,0,42.91502407,2.227036219,0,0
IT09S2278,7,0,42.91625,11.52788,0,0
IT09S2313,4,0,42.91701,11.10416,0,0
USGS-01354160,60,0,42.91813037,-74.1417957,0,0
USGS-04240180,2,0,42.9208333,-76.3294444,0,0
USGS-04240182,3,0,42.9275,-76.32638889,0,0
USGS-05427085,67,1,42.9275,-88.8427778,1.492537313,0
USGS-04238000,2,0,42.9278443,-76.2132602,0,0
USGS-040872015,38,7,42.93,-87.8897222,18.42105263,1
311490,4,0,42.93109121,2.206978351,0,0
311497,4,0,42.93125035,2.047916377,0,0
IT09S1196,6,0,42.93316,11.32138,0,0
USGS-425600123170000,17,0,42.9331738,-123.2845083,0,0
USGS-01331095,3,0,42.93555556,-73.6516667,0,0
USGS-01353995,6,0,42.93729628,-74.2801324,0,0
IT09S2280,5,0,42.93794,11.29069,0,0
IT09S1247,5,0,42.93827,10.80102,0,0
IT09S1580,6,0,42.93882,10.8381,0,0
311515,18,0,42.93927393,2.281086564,0,0
311491,4,0,42.93981127,2.235466779,0,0
USGS-04238550,1,0,42.94139978,-76.17036998,0,0
311492,4,0,42.9436795,2.256356316,0,0
311474,4,0,42.94409906,2.923504447,0,0
USGS-425640123201400,59,0,42.9442843,-123.3383989,0,0
USGS-04237995,2,0,42.94451085,-76.237983,0,0
USGS-01354000,61,0,42.9447222,-74.2880556,0,0
IT09S1211,5,0,42.9475,11.02635,0,0
311447,8,0,42.94753145,2.660741264,0,0
311460,4,0,42.94810911,2.827082209,0,0
IT09S2312,3,0,42.94866,11.04123,0,0
USGS-01349530,31,0,42.95035137,-74.3690239,0,0
USGS-01334805,36,0,42.95146665,-73.3906677,0,0
311496,4,0,42.95225325,1.989170927,0,0
USGS-040871475,18,0,42.95666667,-87.9069444,0,0
USGS-04229500,31,0,42.9572222,-77.58888889,0,0
USGS-0408714755,6,0,42.95794444,-87.9095556,0,0
IT09S1485,7,0,42.96249,11.52623,0,0
JPN00001,313,0,42.96333333,141.2727778,0,0
USGS-04235060,4,0,42.96423048,-77.05747108,0,0
311494,4,0,42.96471559,2.256339774,0,0
311501,31,0,42.96471559,2.256339774,0,0
USGS-04087148,23,0,42.9672222,-87.9291667,0,0
USGS-04235505,25,0,42.9672882,-76.5991104,0,0
IT09S1206,5,0,42.96925,11.37481,0,0
311465,4,0,42.96930317,2.844705627,0,0
USGS-425815123125600,34,0,42.97067389,-123.2167287,0,0
IT09S1569,5,0,42.97116,10.982,0,0
USGS-04116000,81,0,42.971977,-85.0691725,0,0
USGS-14308700,3,0,42.97289637,-123.1714496,0,0
IT09S1210,5,0,42.97302,10.97617,0,0
IT09S1228,6,0,42.97483,11.92581,0,0
311495,4,0,42.97737983,2.014386716,0,0
USGS-04116025,8,0,42.97781019,-85.1155636,0,0
USGS-04230055,5,0,42.9783961,-77.6977802,0,0
311462,4,0,42.98178884,2.782122772,0,0
IT09S1207,5,0,42.98334,11.22707,0,0
311498,2,0,42.98550521,2.023733016,0,0
USGS-04159130,297,0,42.98697429,-82.4246369,0,0
311459,4,0,42.98968326,2.756982643,0,0
USGS-040871488,19,0,42.9897222,-87.9519444,0,0
USGS-06479000,2,0,42.9902983,-96.9636576,0,0
311466,4,0,42.99328675,2.826866828,0,0
311463,4,0,42.99339737,2.788887961,0,0
311493,4,0,42.99400521,2.002127971,0,0
USGS-04160075,20,0,42.99444444,-82.445,0,0
SRB00031,47,0,42.9972,22.7783,0,0
USGS-05435935,26,1,42.9986086,-89.4987326,3.846153846,0
ITA00015,70,1,43,12.4,1.428571429,0
USGS-05435934,26,0,43.00110855,-89.4990104,0,0
311654,12,5,43.00121142,2.965024943,41.66666667,1
USGS-13154500,476,0,43.0022222,-115.2025,0,0
311502,4,0,43.0025145,2.251616803,0,0
USGS-040871608,1,0,43.00580556,-87.9141944,0,0
311625,19,0,43.00601956,2.521526759,0,0
311464,4,0,43.0062571,2.827109418,0,0
USGS-01348002,6,0,43.0072936,-74.7407023,0,0
SRB00030,47,0,43.0075,22.8169,0,0
USGS-04230500,42,0,43.01,-77.79138889,0,0
311469,4,0,43.01347938,2.843603434,0,0
311467,4,0,43.01471874,2.830949812,0,0
USGS-04145923,12,0,43.01558319,-83.259665,0,0
IT09S1579,6,0,43.01682,10.8123,0,0
USGS-04160055,48,0,43.0175293,-82.45297228,0,0
USGS-09188500,113,0,43.0190833,-110.1188611,0,0
USGS-04119400,316,0,43.0241884,-86.0264354,0,0
USGS-04087170,57,0,43.02444444,-87.8983333,0,0
USGS-06453252,78,1,43.02555006,-98.1678539,1.282051282,0
USGS-06464500,1,0,43.0270872,-99.780921,0,0
IT09S1205,6,0,43.02886,11.62677,0,0
USGS-04236970,4,0,43.03395494,-76.45215829,0,0
311504,4,0,43.0350014,2.236244464,0,0
311503,4,0,43.03520928,2.271215191,0,0
USGS-04240200,2,0,43.03916667,-76.3080556,0,0
USGS-04087119,36,0,43.0438333,-88.0051111,0,0
311470,4,0,43.04389171,2.827523589,0,0
USGS-04087120,24,0,43.04555556,-87.9997222,0,0
311468,4,0,43.04747518,2.798550118,0,0
311505,4,0,43.04790898,2.235210192,0,0
USGS-430253077283600,9,0,43.0481187,-77.4763836,0,0
USGS-131610556,12,6,43.05027778,-115.8944444,50,1
311471,22,0,43.05203099,2.897741802,0,0
HR40155,11,0,43.05231,17.66033,0,0
HR40155,11,0,43.05231,17.66033,0,0
HRV00003,45,0,43.05231,17.66033,0,0
HR40155,11,0,43.05231,17.66033,0,0
HRV00003,45,0,43.05231,17.66033,0,0
USGS-430315077292800,1,0,43.0542298,-77.49082889,0,0
USGS-430315077292801,2,0,43.0542298,-77.49082889,0,0
USGS-430315077292802,1,0,43.0542298,-77.49082889,0,0
USGS-04087088,25,0,43.0547222,-88.0461111,0,0
311506,4,0,43.05605353,2.211137566,0,0
311669,4,0,43.05605353,2.211137566,0,0
311472,4,0,43.05606893,2.964856927,0,0
IT09S1651,6,0,43.05718,11.55256,0,0
USGS-04240253,12,0,43.05728877,-76.233816,0,0
USGS-04120250,46,0,43.0602954,-86.2403311,0,0
IT09S2276,6,0,43.06135,11.88657,0,0
USGS-06453000,93,0,43.0649947,-98.5534157,0,0
USGS-0424011445,1,0,43.0730113,-76.0881169,0,0
IT09S1242,5,0,43.07475,10.75142,0,0
USGS-430449077294201,96,0,43.0803408,-77.4947182,0,0
311509,4,0,43.08046134,1.961116488,0,0
USGS-04240300,21,0,43.0808333,-76.22638889,0,0
311507,4,0,43.08172834,2.227238806,0,0
USGS-01155050,60,0,43.0842454,-72.43286589,0,0
IT09S1204,6,0,43.08487,11.30457,0,0
USGS-04218030,11,0,43.0861687,-78.6969757,0,0
USGS-430526077315201,47,0,43.0906184,-77.5308308,0,0
USGS-430526077315202,61,0,43.0906184,-77.5308308,0,0
USGS-430526077315203,51,0,43.0906184,-77.5308308,0,0
USGS-05428668,12,0,43.09194027,-89.3331732,0,0
USGS-04230650,1,0,43.0922222,-77.68027778,0,0
USGS-01342602,45,0,43.09369444,-75.1579167,0,0
311626,7,0,43.09384675,2.59418497,0,0
IT09S2396,2,0,43.09401,10.88948,0,0
USGS-040869415,183,0,43.09695587,-87.9723094,0,0
IT09S1203,4,0,43.09713,11.32695,0,0
311512,4,0,43.09733827,2.209794656,0,0
311513,4,0,43.0975212,2.247087129,0,0
USGS-06453200,45,6,43.0977708,-98.2878563,13.33333333,1
USGS-01329650,15,0,43.09840888,-73.57317119,0,0
USGS-04237410,33,0,43.09867785,-76.4229907,0,0
USGS-430557077344401,86,0,43.0992293,-77.5786105,0,0
USGS-430557077344402,88,0,43.0992293,-77.5786105,0,0
USGS-430557077344403,64,0,43.0992293,-77.5786105,0,0
USGS-05426000,66,1,43.1,-88.8494444,1.515151515,0
USGS-04087000,299,0,43.10001159,-87.9089745,0,0
USGS-04237020,4,0,43.10013889,-76.4981667,0,0
USGS-04231000,79,0,43.10055556,-77.8822222,0,0
USGS-06449100,33,0,43.10069918,-101.232234,0,0
USGS-430605077262201,70,0,43.10145195,-77.43916,0,0
311517,4,0,43.10173858,2.35982453,0,0
USGS-05427948,121,5,43.1033333,-89.5116667,4.132231405,0
311636,18,0,43.10533812,2.627070798,0,0
USGS-430623077274301,1,0,43.1064519,-77.4616612,0,0
USGS-05406457,1,0,43.1097222,-89.6408333,0,0
311629,8,1,43.11013732,2.71438258,12.5,1
311511,17,0,43.11027137,2.18247903,0,0
USGS-05406491,1,0,43.11027186,-89.6795668,0,0
USGS-05406460,6,0,43.11054978,-89.6456776,0,0
312672,6,1,43.11441468,5.981334332,16.66666667,1
311508,4,0,43.11486758,2.073223754,0,0
311516,38,0,43.11866202,2.285439382,0,0
USGS-05406470,1,0,43.11916068,-89.6403997,0,0
IT09S1202,6,0,43.12105,11.05751,0,0
JPN00017,251,0,43.12111111,141.5463889,0,0
USGS-04218592,4,0,43.12311279,-78.73003279,0,0
IT09S1243,1,0,43.12537,10.71785,0,0
312054,4,3,43.12728015,6.043444742,75,1
USGS-04232050,17,0,43.12802778,-77.527,0,0
USGS-06236100,216,0,43.1289722,-108.2248333,0,0
IT09S1647,4,0,43.13099,11.45994,0,0
311843,89,9,43.13141404,6.164273319,10.11235955,1
USGS-14312001,38,0,43.134005,-123.4003498,0,0
311628,8,0,43.13502564,2.700792397,0,0
311986,4,0,43.13502564,2.700792397,0,0
IT09S1194,6,0,43.13539,11.47614,0,0
USGS-05427930,12,4,43.14027778,-89.4423056,33.33333333,1
USGS-04231600,185,0,43.1417222,-77.6163056,0,0
311847,5,0,43.14297698,6.09053029,0,0
311848,4,0,43.14297698,6.09053029,0,0
312673,8,0,43.14423476,5.910468228,0,0
USGS-0423205010,62,0,43.145,-77.5119444,0,0
IT09S1201,7,0,43.1456,11.47513,0,0
USGS-430850077304601,1,0,43.14728498,-77.5124973,0,0
USGS-430850077304604,2,0,43.14728498,-77.5124973,0,0
312051,9,1,43.14803319,6.109605216,11.11111111,1
311518,19,0,43.15652661,2.310110071,0,0
312055,4,0,43.15659685,6.127525361,0,0
USGS-04219501,54,0,43.16230556,-79.0465556,0,0
USGS-05406528,2,0,43.16443665,-89.7401228,0,0
311630,8,0,43.16964066,2.748134522,0,0
USGS-04087030,24,0,43.17277778,-88.10388889,0,0
USGS-04220045,65,1,43.17430556,-78.38638889,1.538461538,0
USGS-431034077313701,1,0,43.17617369,-77.5266648,0,0
311519,4,0,43.17685637,2.306431165,0,0
311632,4,0,43.18080782,2.840288677,0,0
USGS-06478500,188,2,43.1858255,-97.635622,1.063829787,0
USGS-05425500,59,0,43.18805556,-88.7261111,0,0
311633,8,0,43.18960996,2.832422296,0,0
USGS-06452389,5,0,43.1902702,-98.4661914,0,0
USGS-04232076,28,0,43.1916111,-76.9124167,0,0
USGS-431132077475301,27,0,43.19228338,-77.797786,0,0
USGS-431133077474901,29,0,43.19256116,-77.7966748,0,0
USGS-04159482,8,0,43.1936373,-82.622148,0,0
IT09S2428,4,0,43.19382,10.54066,0,0
USGS-04219735,14,0,43.19394586,-78.70919959,0,0
311499,4,0,43.19411114,1.747997221,0,0
USGS-431142077473401,30,0,43.19506117,-77.792508,0,0
IT09S1278,5,0,43.19548,11.80716,0,0
311614,4,0,43.19908468,2.459328539,0,0
311520,8,0,43.20174492,2.12262284,0,0
311615,4,0,43.2022998,2.600075434,0,0
USGS-431216077470901,29,0,43.2045056,-77.78556349,0,0
USGS-05406320,2,0,43.206102,-89.7565118,0,0
USGS-04087050,11,0,43.20667408,-88.0384231,0,0
USGS-06452386,11,0,43.2119364,-98.446191,0,0
311536,4,0,43.21445226,2.418927763,0,0
311537,71,0,43.21445226,2.418927763,0,0
311613,8,0,43.21495418,2.44008404,0,0
IT09S1643,4,0,43.21763,11.26831,0,0
IT09S1584,4,0,43.21813,11.27,0,0
USGS-06253000,72,0,43.22191667,-108.2196944,0,0
311500,4,0,43.2221564,1.727342996,0,0
USGS-06365300,30,0,43.22246718,-105.6672173,0,0
311617,4,0,43.22294058,2.646513106,0,0
USGS-04232006,132,0,43.2239508,-77.616113,0,0
311634,44,0,43.22646396,2.889253499,0,0
311662,4,0,43.22681743,3.211213559,0,0
311616,8,0,43.22693056,2.619324882,0,0
IT09S1230,6,0,43.22772,11.01549,0,0
311842,10,0,43.23111241,6.143808262,0,0
USGS-04122150,26,0,43.23112457,-86.3297831,0,0
311532,8,3,43.23140473,2.322845587,37.5,1
IT09S1665,2,0,43.23334,10.54035,0,0
311624,8,4,43.23481796,2.819099077,50,1
USGS-0423205040,6,0,43.23488889,-77.5338611,0,0
311521,4,0,43.23523228,2.385551663,0,0
311592,8,0,43.23530923,2.155859845,0,0
312056,8,1,43.23544084,6.168574162,12.5,1
IT09S2319,6,0,43.23719,11.83037,0,0
311845,4,0,43.23934408,6.006603355,0,0
312046,29,0,43.23934408,6.006603355,0,0
311533,41,0,43.23940992,2.363903765,0,0
311627,4,0,43.23978003,2.855837368,0,0
IT09S1193,6,0,43.24,11.55347,0,0
USGS-14312261,59,0,43.24039318,-123.4139648,0,0
311619,17,0,43.2433618,2.665150039,0,0
311655,4,0,43.24381637,3.042376653,0,0
311612,10,0,43.24420418,2.435290101,0,0
311849,5,0,43.24708593,6.168767816,0,0
311646,48,0,43.24755654,2.961150901,0,0
311647,4,0,43.24755654,2.961150901,0,0
312050,4,1,43.24815186,6.54384545,25,1
311534,10,0,43.24821612,2.393360693,0,0
311535,4,0,43.24821612,2.393360693,0,0
311644,8,0,43.248404,2.939756442,0,0
USGS-01325420,32,0,43.2486111,-73.8319444,0,0
USGS-10401500,2,0,43.25126396,-118.8579831,0,0
311623,8,0,43.25151968,2.664941884,0,0
311575,8,0,43.25153569,2.203257878,0,0
311578,16,0,43.25198277,2.158489432,0,0
311609,34,0,43.25241328,2.41036533,0,0
USGS-04219765,43,8,43.2525567,-78.6975332,18.60465116,1
311570,8,0,43.25307902,2.301490623,0,0
IT09S1234,2,0,43.25348,10.94351,0,0
USGS-0422026250,54,0,43.2536111,-77.7422222,0,0
USGS-04145000,96,0,43.2547478,-84.1055324,0,0
311643,17,0,43.25549238,2.936023685,0,0
311659,87,0,43.25579428,3.111664752,0,0
311579,16,0,43.25599747,2.114614559,0,0
USGS-06452380,24,1,43.25637995,-98.4025792,4.166666667,0
USGS-06452383,10,0,43.2563801,-98.4331351,0,0
IT09S2316,8,0,43.25727,11.37701,0,0
311530,8,0,43.2576292,2.230531169,0,0
IT09S1590,3,0,43.25854,10.8918,0,0
USGS-06449300,98,0,43.26305967,-100.9176459,0,0
USGS-01327755,7,0,43.2645175,-73.5906711,0,0
311590,8,0,43.2646716,2.186080538,0,0
311622,17,0,43.26475462,2.631664725,0,0
311881,35,9,43.26490407,6.548391016,25.71428571,1
312049,4,1,43.26888121,6.516038035,25,1
311771,4,0,43.26920688,2.73979941,0,0
311665,4,0,43.2692546,2.739949296,0,0
USGS-01327750,1,0,43.26944444,-73.5958333,0,0
USGS-04219640,140,0,43.2694988,-79.064214,0,0
IT09S2320,2,0,43.27086,11.88861,0,0
IT09S1238,1,0,43.27197,10.70548,0,0
USGS-14319501,50,0,43.27317107,-123.4142439,0,0
311837,58,0,43.27325126,5.406474698,0,0
311528,8,0,43.2768073,2.097068394,0,0
311844,5,0,43.27712601,5.915036371,0,0
311666,7,1,43.27738092,2.735762047,14.28571429,1
USGS-04086600,35,0,43.28027778,-87.9425,0,0
311589,8,0,43.28122409,2.144094877,0,0
311571,8,0,43.28129587,2.223160476,0,0
USGS-04247038,5,0,43.28229078,-76.3124314,0,0
ITA00014,70,0,43.28333333,12.33333333,0,0
USGS-04086540,4,0,43.2840111,-87.97151389,0,0
USGS-06258000,75,0,43.2860692,-108.2756554,0,0
311641,8,0,43.28907015,2.884514899,0,0
311584,8,0,43.28949118,2.01101168,0,0
IT09S1646,6,0,43.29037,11.38553,0,0
311524,39,0,43.29425023,1.979971621,0,0
SRB00027,46,0,43.2972,20.6194,0,0
USGS-0422016550,88,0,43.301169,-78.3102734,0,0
311836,18,0,43.30198078,5.589788235,0,0
USGS-06395000,58,1,43.3055286,-103.8210312,1.724137931,0
311621,3,0,43.3063522,2.546839852,0,0
311526,35,0,43.30649577,2.01465712,0,0
311583,8,0,43.30649577,2.01465712,0,0
USGS-04086443,5,0,43.3077812,-88.1814821,0,0
IT09S1577,6,0,43.3078,11.5871,0,0
USGS-04149000,78,0,43.3083594,-83.9535826,0,0
USGS-04220252,4,0,43.30839378,-77.7747308,0,0
USGS-04219720,35,0,43.30855556,-78.8333056,0,0
311745,94,0,43.31034396,3.252078703,0,0
311748,15,1,43.31140296,3.401695819,6.666666667,1
IT09S1235,1,0,43.3122,10.91026,0,0
USGS-04219768,66,0,43.31380556,-78.7154167,0,0
311585,8,0,43.3142391,1.922552477,0,0
USGS-04122030,296,0,43.3180728,-86.0364445,0,0
311523,4,0,43.31858286,2.010874146,0,0
311527,4,0,43.31899217,2.126608349,0,0
311576,8,0,43.31899217,2.126608349,0,0
311637,3,0,43.31899546,2.606511176,0,0
IT09S1274,7,0,43.32031,11.83572,0,0
USGS-04086500,8,0,43.32305556,-87.9786111,0,0
311593,4,0,43.32309589,1.760211804,0,0
311635,5,0,43.32346893,6.62351794,0,0
IT09S2279,2,0,43.32508,10.74679,0,0
USGS-04232100,28,0,43.32527778,-76.6472222,0,0
SRB00032,47,2,43.3267,21.9083,4.255319149,0
311838,8,0,43.32670263,5.596949325,0,0
311640,8,0,43.32734927,2.876742471,0,0
IT09S1232,5,0,43.33363,10.74003,0,0
311594,4,0,43.33478453,1.778084114,0,0
311522,3,0,43.33516781,1.989452355,0,0
311719,8,0,43.33536057,3.456103589,0,0
311603,5,0,43.3362338,6.565021389,0,0
312047,4,0,43.33835995,6.145338323,0,0
USGS-04220223,55,0,43.3390833,-77.9152222,0,0
311867,18,0,43.33956533,6.130748493,0,0
311741,4,0,43.33973437,3.198241973,0,0
311639,4,0,43.34383413,2.866327069,0,0
USGS-04219775,37,1,43.34605556,-78.65325,2.702702703,0
IT09S1479,1,0,43.34692,10.58518,0,0
311551,23,0,43.34762338,3.166306673,0,0
311587,8,0,43.35144276,1.872789844,0,0
USGS-06386000,78,0,43.35524978,-104.2713317,0,0
IT09S1236,1,0,43.35748,10.81963,0,0
311788,2,0,43.35994706,2.743519144,0,0
311599,4,1,43.3605301,3.053344844,25,1
USGS-04219915,64,0,43.3608333,-78.2645278,0,0
IT09S1563,6,0,43.36088,11.37134,0,0
311591,8,0,43.36444702,2.20753954,0,0
USGS-04152002,77,0,43.36502579,-83.95497259,0,0
311606,8,0,43.36814819,2.373191289,0,0
311586,16,0,43.36831399,1.901065395,0,0
USGS-432207123281000,50,0,43.36844888,-123.47064,0,0
311550,14,0,43.36884266,3.172746633,0,0
311581,8,0,43.37005669,2.060861447,0,0
311839,6,0,43.37255893,5.655913844,0,0
311611,8,0,43.37262263,2.460703052,0,0
311572,8,0,43.37304186,2.302012932,0,0
IT09S1248,7,0,43.37392,10.46471,0,0
311770,4,0,43.37672958,3.250648753,0,0
311709,4,0,43.37683022,2.643637367,0,0
SRB00019,48,0,43.3825,19.6433,0,0
311718,93,0,43.38453336,3.443930588,0,0
311605,11,0,43.38525068,2.393908394,0,0
311758,4,1,43.38558106,3.53968748,25,1
311577,8,0,43.38597166,2.13820957,0,0
IT09S1200,10,0,43.39131,11.40915,0,0
USGS-04156510,83,0,43.39363718,-84.0149754,0,0
311757,2,0,43.39392635,3.522361516,0,0
USGS-04150869,8,0,43.3944672,-83.47606568,0,0
311716,26,0,43.39800174,3.410110171,0,0
USGS-04248250,33,0,43.4003462,-76.4732727,0,0
311607,4,0,43.40196425,2.226115796,0,0
311825,4,0,43.40228178,5.368624083,0,0
311597,4,0,43.40282161,3.140037095,0,0
311708,4,0,43.405601,2.627699265,0,0
311833,8,0,43.40601896,5.277633958,0,0
311618,8,0,43.40606062,2.543287337,0,0
311834,7,0,43.40633936,5.223684188,0,0
311874,7,0,43.40710639,6.47274531,0,0
311988,4,0,43.41050247,5.209677282,0,0
311759,5,0,43.41081741,3.568434982,0,0
311531,4,0,43.41388279,2.277733158,0,0
311740,10,1,43.41411284,3.143885394,10,1
311835,90,0,43.41464884,5.223247474,0,0
311829,15,0,43.41849382,5.252594246,0,0
USGS-06386500,148,2,43.42108409,-104.1316022,1.351351351,0
IT09S1453,6,0,43.42155,11.66753,0,0
311714,6,0,43.42331414,3.427289205,0,0
311830,15,0,43.42335078,5.243629304,0,0
311831,14,0,43.42335078,5.243629304,0,0
USGS-06259000,328,0,43.4249575,-108.1789858,0,0
USGS-04086265,5,0,43.4250004,-88.0809261,0,0
311547,6,0,43.42700065,2.922797507,0,0
311548,14,0,43.43050597,2.973698072,0,0
HR40502,11,0,43.43128,17.19543,0,0
HR40502,11,0,43.43128,17.19543,0,0
HRV00038,46,0,43.43128,17.19543,0,0
HR40502,11,0,43.43128,17.19543,0,0
HRV00038,46,0,43.43128,17.19543,0,0
311879,4,0,43.43170767,6.718337529,0,0
312044,4,0,43.43193291,6.510393821,0,0
IT09S1299,4,0,43.43257,10.86297,0,0
IT09S1650,4,0,43.43531,10.48305,0,0
311762,21,0,43.43532709,3.610332561,0,0
311859,4,0,43.43534941,6.511702329,0,0
311861,42,0,43.43563418,6.168981958,0,0
312076,4,0,43.43563418,6.168981958,0,0
USGS-04121992,11,0,43.43613245,-85.76143859,0,0
HR40111,10,0,43.43679,16.75835,0,0
HR40111,10,0,43.43679,16.75835,0,0
HR40111,10,0,43.43679,16.75835,0,0
USGS-04250997,24,0,43.4389577,-75.2043333,0,0
311739,28,0,43.43907147,3.087559547,0,0
311549,2,0,43.43930245,3.101236073,0,0
311715,6,1,43.44065984,3.313630035,16.66666667,1
311862,15,1,43.44343385,6.221701243,6.666666667,1
311858,4,0,43.44350167,6.460298821,0,0
USGS-05425912,61,0,43.44444444,-88.845,0,0
311543,11,0,43.44732994,2.91012091,0,0
311596,4,0,43.44831223,3.073096478,0,0
IT09S2452,5,0,43.44862,11.08533,0,0
USGS-05424057,55,2,43.45027778,-88.6322222,3.636363636,0
311713,8,0,43.45135185,3.435761083,0,0
USGS-04249000,284,0,43.45166667,-76.50527778,0,0
311880,78,0,43.45170475,6.639900229,0,0
HR40110,12,0,43.45177,16.69532,0,0
HR40110,12,0,43.45177,16.69532,0,0
HR40110,12,0,43.45177,16.69532,0,0
USGS-13018300,249,0,43.45215258,-110.7040913,0,0
311738,4,0,43.45220689,3.027625714,0,0
311878,11,0,43.45619823,6.656876189,0,0
311712,17,0,43.45632016,3.435671781,0,0
IT09S2317,7,0,43.45761,11.15867,0,0
311760,4,0,43.46240578,3.59693308,0,0
311875,4,0,43.4638907,6.56937952,0,0
USGS-04122200,27,0,43.46417856,-86.2325668,0,0
311765,6,2,43.46852737,3.690154173,33.33333333,1
311808,34,5,43.46892054,5.623031945,14.70588235,1
311873,13,0,43.46895155,6.305959098,0,0
312074,4,0,43.46895155,6.305959098,0,0
IT09S1436,5,0,43.46984,10.69043,0,0
USGS-04086360,1,0,43.4727772,-87.989814,0,0
311857,4,0,43.4728918,6.189649888,0,0
311856,4,0,43.4730493,6.173242403,0,0
USGS-01319000,45,0,43.4736111,-74.2230556,0,0
311761,8,0,43.476707,3.597886298,0,0
311546,6,0,43.4768891,3.044660466,0,0
IT09S1627,6,0,43.4769,11.62603,0,0
311710,5,0,43.4773502,3.448217007,0,0
USGS-432852119010900,1,0,43.4809828,-119.0202117,0,0
312073,18,0,43.48109258,6.267177558,0,0
311810,90,0,43.48111567,5.143850682,0,0
311807,78,0,43.4811726,5.422993127,0,0
311763,5,0,43.48180377,3.697871826,0,0
311764,4,0,43.48180377,3.697871826,0,0
USGS-04086340,1,0,43.4827765,-88.0609264,0,0
IT09S1452,6,0,43.48321,12.12498,0,0
USGS-432900118535600,1,0,43.48341667,-118.8995,0,0
IT09S1500,4,0,43.48349,10.754,0,0
IT09S1623,5,0,43.48459,11.85968,0,0
311769,12,0,43.48507148,3.20127169,0,0
311872,4,0,43.48561917,6.235778471,0,0
311870,4,0,43.48610358,6.22322503,0,0
311877,36,0,43.48991986,6.513955424,0,0
312075,4,0,43.4899759,5.952191631,0,0
IT09S1275,6,0,43.49128,11.81191,0,0
311860,4,0,43.49307749,6.046107534,0,0
312014,4,0,43.49348782,2.7903568,0,0
311850,4,0,43.49388118,5.908812285,0,0
311851,4,0,43.49472037,5.943553342,0,0
311711,7,0,43.49744102,3.336156372,0,0
311707,8,0,43.50215924,3.460710053,0,0
311854,16,0,43.50238379,6.027104414,0,0
IT09S1226,5,0,43.50505,12.08265,0,0
311809,76,0,43.50570982,5.348455195,0,0
311717,10,0,43.50995262,3.44806444,0,0
USGS-04252500,10,0,43.51166667,-75.3066667,0,0
USGS-04249062,4,0,43.5125694,-76.2477073,0,0
311544,6,0,43.51463071,2.807126315,0,0
311853,22,0,43.51881172,6.014445775,0,0
311852,25,0,43.51899861,6.006865818,0,0
311855,4,0,43.51899861,6.006865818,0,0
311987,4,0,43.519018,5.31470114,0,0
USGS-06402470,1,0,43.52220578,-103.356863,0,0
311706,7,0,43.52242926,3.476805867,0,0
312052,3,1,43.52325401,6.464718984,33.33333333,1
IT09S1223,7,0,43.5248,12.1576,0,0
USGS-04086149,1,0,43.527219,-88.2223184,0,0
USGS-04250200,53,0,43.53119444,-76.0376944,0,0
ITA00011,22,0,43.53333333,11.6,0,0
311545,6,0,43.53562888,2.985360264,0,0
311871,18,0,43.53573973,6.252083176,0,0
311735,6,0,43.53960535,2.864692479,0,0
311827,78,0,43.54030194,5.043528498,0,0
311778,4,0,43.54048219,3.898356072,0,0
311768,4,1,43.54048219,3.898356072,25,1
IT09S1618,7,0,43.54623,11.57899,0,0
USGS-13172850,102,0,43.5482138,-116.8001396,0,0
USGS-04086200,9,0,43.55027436,-88.1884293,0,0
311775,4,0,43.55145114,3.860725608,0,0
311898,94,1,43.55195757,6.952257712,1.063829787,0
USGS-433320123331300,16,0,43.55539434,-123.5548163,0,0
311776,12,0,43.55643452,3.80254307,0,0
311736,18,0,43.5603122,2.915116264,0,0
IT09S2275,5,0,43.56076,10.94716,0,0
310982,8,0,43.56081087,4.389456725,0,0
IT09S1591,3,1,43.56105,10.74887,33.33333333,1
312045,4,0,43.56425011,5.99305097,0,0
311737,6,0,43.56463762,2.951593208,0,0
311795,7,0,43.56467571,4.140241814,0,0
ITA00010,55,0,43.56666667,11.86666667,0,0
USGS-06482020,190,1,43.56700265,-96.7113274,0.526315789,0
311705,32,0,43.56811836,3.476834754,0,0
USGS-04250504,18,0,43.56979118,-76.1871493,0,0
311767,92,3,43.57254618,3.893608571,3.260869565,0
311813,23,0,43.57261872,5.385438383,0,0
311774,4,0,43.57273614,3.8105713,0,0
311733,6,0,43.57274942,2.999622319,0,0
311811,20,1,43.57679232,5.434233304,5,1
311812,4,0,43.57696179,5.422328861,0,0
311732,23,0,43.57702189,3.069098331,0,0
311704,4,0,43.58129115,3.476777204,0,0
311814,8,0,43.58131052,5.368394985,0,0
IT09S1592,3,0,43.58702,10.71248,0,0
IT09S1312,5,0,43.58866,10.46787,0,0
311897,8,0,43.58908105,6.927450793,0,0
IT09S2321,5,0,43.58943,10.98466,0,0
311876,10,0,43.58974704,6.43141146,0,0
311894,4,0,43.593197,6.923168705,0,0
311896,85,0,43.59323228,6.930538822,0,0
311755,4,0,43.59399789,3.906505505,0,0
311731,27,0,43.59722207,3.122785657,0,0
311730,6,0,43.59722638,3.134945225,0,0
311822,8,0,43.59798035,5.102550254,0,0
312008,4,0,43.60168993,3.148220308,0,0
311703,7,0,43.60184184,3.497690904,0,0
311893,4,0,43.60192111,6.913319146,0,0
311805,35,2,43.60252026,4.215037452,5.714285714,1
311888,4,0,43.60648587,6.843732156,0,0
312081,20,0,43.60677237,3.985234764,0,0
IT09S2314,2,0,43.6069,10.54175,0,0
USGS-01317000,1,0,43.60944444,-73.7375,0,0
311890,4,0,43.60993246,6.897939376,0,0
311895,4,0,43.61026987,6.939901578,0,0
312620,4,0,43.61026987,6.939901578,0,0
311912,23,0,43.61039766,7.119248068,0,0
312057,3,0,43.61051159,6.710215124,0,0
311754,4,0,43.61068259,3.898162115,0,0
311889,4,0,43.61415258,6.844432065,0,0
312053,4,0,43.6146355,6.685487776,0,0
311911,7,0,43.61478163,7.102402142,0,0
311892,4,0,43.61479076,6.923137046,0,0
312013,12,0,43.61516879,3.81779966,0,0
311820,19,0,43.61536349,5.126568596,0,0
IT09S1224,6,0,43.61568,12.01371,0,0
USGS-04086125,5,1,43.6161043,-88.3937125,20,1
311891,4,0,43.61802406,6.914053358,0,0
311909,23,0,43.61822294,7.061728294,0,0
311908,22,2,43.61822294,7.061728294,9.090909091,1
IT09S2432,3,0,43.61906,10.40571,0,0
USGS-05476000,7,0,43.6207916,-94.9851299,0,0
311887,30,0,43.62182279,6.830399592,0,0
USGS-06313400,323,6,43.62191829,-106.3683639,1.857585139,0
311701,5,0,43.62253566,3.502179729,0,0
311910,41,1,43.62273175,7.098218922,2.43902439,0
311815,19,0,43.62279922,5.268887234,0,0
311555,4,2,43.62293511,4.243184317,50,1
311786,15,5,43.62643834,3.964291689,33.33333333,1
311702,32,0,43.62680844,3.476869591,0,0
311907,23,0,43.62683193,7.068801197,0,0
311818,23,0,43.6271358,5.201665407,0,0
USGS-04157065,161,0,43.62807796,-83.8366418,0,0
USGS-433750123335700,50,0,43.6303951,-123.5670406,0,0
SRB00029,47,0,43.6306,21.4908,0,0
USGS-13118920,2,0,43.6308333,-113.1722222,0,0
311906,21,0,43.63111761,7.060821217,0,0
311541,6,0,43.63351858,3.164365729,0,0
USGS-05423510,7,0,43.63388889,-88.6844444,0,0
311819,19,0,43.63508583,5.180964159,0,0
311794,48,0,43.63905281,4.185696168,0,0
311905,24,0,43.63938562,7.011163438,0,0
311904,20,0,43.63958565,7.002549856,0,0
311753,4,0,43.63969906,3.893266596,0,0
IT09S1628,5,1,43.64139,10.83354,20,1
311773,4,0,43.6428036,3.798263015,0,0
311332,18,0,43.64347198,5.618788625,0,0
311886,21,0,43.6435807,6.789473639,0,0
311903,23,2,43.64403981,6.989775923,8.695652174,1
IT09S1632,4,0,43.64481,11.26544,0,0
311902,19,0,43.64775533,6.977075038,0,0
USGS-04086175,7,0,43.64777275,-88.1600968,0,0
311922,62,0,43.64839321,7.140007539,0,0
IT09S1222,6,0,43.64852,12.05373,0,0
311697,6,0,43.65121574,3.535419412,0,0
311742,3,0,43.65629252,3.698356452,0,0
311920,4,0,43.65672362,7.156225559,0,0
311542,6,0,43.65993522,3.056287834,0,0
311780,5,1,43.66089393,3.93154139,20,1
IT09S1637,3,0,43.66225,10.75158,0,0
311751,4,0,43.66377652,3.864694721,0,0
311696,14,0,43.6638903,3.55401148,0,0
IT09S1300,3,0,43.6641,10.64053,0,0
311743,4,1,43.66432146,3.723452682,25,1
311885,4,0,43.66452376,6.7562712,0,0
310979,26,0,43.66468073,4.452309768,0,0
311540,6,0,43.66503547,3.164274714,0,0
USGS-01141900,45,0,43.66757069,-72.3034244,0,0
311569,8,0,43.6679637,4.181618381,0,0
311333,4,0,43.66843444,5.497592206,0,0
311972,87,0,43.66856347,7.197955008,0,0
311883,4,0,43.66866641,6.760698864,0,0
312584,4,0,43.66909218,7.110928572,0,0
311700,7,0,43.66924879,3.414585132,0,0
311554,4,0,43.66989734,4.251616713,0,0
IT09S1310,3,0,43.67064,10.58117,0,0
USGS-13209450,2,0,43.6715532,-116.3756806,0,0
311919,4,0,43.6722246,7.147833592,0,0
311921,8,0,43.6722246,7.147833592,0,0
311335,4,0,43.67693554,5.48510531,0,0
311884,4,0,43.68096803,6.710417399,0,0
310978,87,0,43.68118033,4.622909808,0,0
312583,4,0,43.68119978,7.089554397,0,0
IT09S1272,3,0,43.68189,10.58328,0,0
IT09S1307,3,0,43.68207,10.64883,0,0
IT09S1263,6,0,43.68312,11.82485,0,0
ITA00009,15,0,43.68333333,12.75,0,0
FRA00013,209,0,43.68333333,1.366666667,0,0
ITA00013,58,1,43.68333333,10.5,1.724137931,0
311750,4,0,43.68476219,3.86044901,0,0
USGS-13210815,68,0,43.68738395,-116.5904116,0,0
311803,4,0,43.6880546,4.251229326,0,0
USGS-13211000,27,0,43.68888889,-116.6863889,0,0
311556,4,0,43.68917504,4.218757391,0,0
312582,26,0,43.68937115,7.068759989,0,0
311826,11,0,43.68962728,4.885917512,0,0
USGS-13206400,39,0,43.69166667,-116.3563889,0,0
USGS-13210990,2,0,43.69210549,-116.6665262,0,0
USGS-13210988,6,0,43.69571645,-116.6868049,0,0
USGS-13208000,6,0,43.6957199,-116.3690143,0,0
USGS-13210825,7,0,43.69726389,-116.6351972,0,0
311752,18,0,43.69734947,3.860606332,0,0
311330,73,0,43.69753485,5.72320418,0,0
312579,4,0,43.69761425,6.977743217,0,0
311699,18,0,43.69796884,3.339426283,0,0
312010,2,0,43.69796884,3.339426283,0,0
311918,3,0,43.69815119,7.144154427,0,0
311913,4,0,43.69821657,7.005814325,0,0
312580,4,0,43.69841915,7.013889747,0,0
IT09S2277,4,0,43.69945,10.95842,0,0
311334,12,0,43.70166368,5.51018958,0,0
311352,7,0,43.70166368,5.51018958,0,0
312578,4,0,43.70176868,7.001575,0,0
311729,4,0,43.70620635,3.185275984,0,0
USGS-13210835,43,0,43.7065503,-116.6306916,0,0
311327,43,0,43.70682223,5.838912296,0,0
311695,4,0,43.70997347,3.556290359,0,0
311336,73,0,43.71017459,5.365094805,0,0
312608,1,0,43.71064648,7.285454459,0,0
IT09S1297,4,0,43.71408,10.8783,0,0
IT09S2281,6,0,43.71421,12.19565,0,0
USGS-04072670,8,0,43.715256,-89.6062343,0,0
SRB00028,47,0,43.7183,20.6942,0,0
311915,4,0,43.71846704,7.140007876,0,0
311917,4,0,43.71846704,7.140007876,0,0
IT09S1633,10,0,43.71858,11.03595,0,0
312655,4,0,43.71902247,7.223099788,0,0
312576,4,0,43.71923418,6.993948341,0,0
312577,4,0,43.71923418,6.993948341,0,0
IT09S1271,7,0,43.71946,10.81196,0,0
USGS-04072675,2,0,43.7197003,-89.6120677,0,0
311882,4,0,43.72264839,6.810089359,0,0
311728,28,0,43.72301701,3.131511254,0,0
USGS-01064140,110,0,43.7245972,-70.3029333,0,0
USGS-06406500,2,0,43.72543145,-102.9061231,0,0
USGS-13212550,68,0,43.7265495,-116.8043114,0,0
312607,1,0,43.72677824,7.285020703,0,0
311568,8,0,43.72678106,4.148321682,0,0
311329,55,0,43.72746223,5.82490274,0,0
USGS-13212890,49,0,43.73071667,-116.8893167,0,0
USGS-04072680,2,0,43.7308112,-89.6176234,0,0
311293,3,0,43.73114227,5.79383134,0,0
USGS-13207500,12,0,43.73194444,-116.3041667,0,0
SRB00026,47,0,43.7339,20.7431,0,0
312654,4,0,43.73917967,7.222760525,0,0
USGS-04086000,28,0,43.74138889,-87.7521111,0,0
USGS-04073140,5,0,43.74247989,-89.2415063,0,0
311292,3,0,43.74341051,5.865239742,0,0
310809,18,0,43.74382685,6.502251445,0,0
311290,3,0,43.7438712,6.339520705,0,0
IT09S1270,6,0,43.74639,11.03215,0,0
311539,6,0,43.74704263,3.110837225,0,0
IT09S1221,6,0,43.74741,12.03027,0,0
IT09S1630,1,0,43.74791,10.6647,0,0
311694,6,0,43.74797263,3.597940686,0,0
310858,6,0,43.7481909,5.347645872,0,0
USGS-06452000,113,0,43.74832745,-99.5564948,0,0
USGS-040860041,36,0,43.74877778,-87.7034722,0,0
312605,7,0,43.75219707,7.318518764,0,0
312606,4,0,43.75219707,7.318518764,0,0
311291,3,0,43.75222726,5.927173262,0,0
USGS-06447000,12,0,43.7524949,-101.5248665,0,0
USGS-13057000,71,0,43.75277778,-111.9791667,0,0
IT09S1424,7,0,43.75471,11.82866,0,0
IT09S1285,6,0,43.75589,11.19215,0,0
311698,15,0,43.75600911,3.327005651,0,0
311914,4,0,43.75617488,7.122921444,0,0
311567,8,0,43.75632635,4.089548309,0,0
312604,4,0,43.75698151,7.318915232,0,0
311869,3,0,43.75702778,5.92714604,0,0
312588,4,0,43.76092824,7.280898671,0,0
IT09S1624,5,0,43.76256,11.46423,0,0
312602,4,0,43.76404872,7.345755531,0,0
312575,16,0,43.76418126,6.985273309,0,0
311802,67,9,43.76470601,4.302399114,13.43283582,1
311566,8,0,43.76836244,4.089635381,0,0
311793,9,0,43.76836244,4.089635381,0,0
312570,3,1,43.7690199,6.814909926,33.33333333,1
312603,3,0,43.76907552,7.335240526,0,0
312587,4,0,43.7691594,7.280904175,0,0
USGS-06402995,1,0,43.76943006,-103.5365825,0,0
IT09S1306,8,0,43.77251,10.80993,0,0
311328,17,0,43.77288294,5.956133138,0,0
312595,4,0,43.77301571,7.335217958,0,0
311319,61,0,43.77311563,5.798069809,0,0
310861,3,0,43.7741132,5.352534069,0,0
IT09S1292,8,1,43.77711,11.05961,12.5,1
USGS-13173630,3,0,43.77960556,-117.0118222,0,0
312574,4,0,43.78090557,6.976861912,0,0
311553,4,0,43.7811677,4.334963289,0,0
USGS-13213000,529,0,43.78166667,-116.9727778,0,0
IT09S1288,6,0,43.78269,11.10097,0,0
312594,4,0,43.7852789,7.335503568,0,0
312571,3,0,43.78546981,6.87277077,0,0
USGS-040857002,3,0,43.7869386,-87.9414815,0,0
USGS-040857001,2,0,43.7880497,-87.9414815,0,0
USGS-040857005,18,0,43.78888889,-87.92138889,0,0
USGS-040857003,3,0,43.7891608,-87.9370369,0,0
312572,4,0,43.78917513,6.949375251,0,0
USGS-040857004,2,0,43.7894386,-87.93287,0,0
USGS-06481000,157,0,43.79044595,-96.7456623,0,0
USGS-0408570038,2,0,43.7905497,-87.9334257,0,0
IT09S1289,7,0,43.7906,11.19655,0,0
312573,4,0,43.79335913,6.976732688,0,0
311866,3,0,43.79358264,6.377421044,0,0
312601,4,0,43.79363644,7.377090384,0,0
311325,2,0,43.79384802,6.714904469,0,0
311326,2,0,43.79384802,6.714904469,0,0
IT09S1308,7,0,43.79395,10.61348,0,0
312610,4,0,43.79731543,7.489623001,0,0
USGS-13173635,2,0,43.7973833,-117.0121028,0,0
311565,8,0,43.79738549,4.076739179,0,0
311323,3,0,43.79753505,6.805699709,0,0
311324,3,0,43.79753505,6.805699709,0,0
USGS-04085685,3,0,43.7988829,-87.9614821,0,0
USGS-04085690,3,0,43.79999405,-87.955093,0,0
ITA00012,48,5,43.8,11.4,10.41666667,1
IT09S1621,6,0,43.80017,11.13884,0,0
311801,8,0,43.80142948,4.376331734,0,0
311322,35,0,43.80163553,6.440027381,0,0
311693,4,0,43.80185079,3.668967344,0,0
312009,6,0,43.80185079,3.668967344,0,0
USGS-06404800,10,0,43.8020628,-103.4343143,0,0
HR40421,12,0,43.80217,15.96651,0,0
HR40421,12,0,43.80217,15.96651,0,0
HRV00037,30,0,43.80217,15.96651,0,0
HR40421,12,0,43.80217,15.96651,0,0
HRV00037,30,0,43.80217,15.96651,0,0
IT09S2307,6,0,43.80602,10.49226,0,0
312600,2,0,43.80613784,7.381282423,0,0
311538,6,0,43.80636462,3.139254427,0,0
IT09S1302,8,0,43.80663,10.75732,0,0
USGS-04085480,6,0,43.8091588,-88.2512122,0,0
310860,3,0,43.81018432,5.343420858,0,0
312593,2,0,43.81060545,7.313563828,0,0
IT09S1467,5,0,43.81315,11.71916,0,0
USGS-04250750,149,0,43.8133333,-76.0747222,0,0
311800,4,0,43.81422692,4.401952175,0,0
311564,8,0,43.81482676,4.06844699,0,0
311691,22,0,43.81490124,3.60649654,0,0
311692,4,0,43.81490124,3.60649654,0,0
USGS-04073345,2,0,43.81497966,-89.2056728,0,0
IT09S2308,8,0,43.8185,10.41485,0,0
311868,3,0,43.81872403,6.093708497,0,0
USGS-13213080,10,0,43.8212727,-117.0132134,0,0
HR40103,11,0,43.82207,16.54206,0,0
HR40103,11,0,43.82207,16.54206,0,0
HR40103,11,0,43.82207,16.54206,0,0
311689,11,0,43.82319924,3.798976791,0,0
312599,4,0,43.82652989,7.367648022,0,0
310859,3,0,43.8265916,5.389510634,0,0
311798,4,0,43.82669737,4.415524504,0,0
311970,4,0,43.82743557,7.181821799,0,0
312592,4,0,43.83121331,7.298207648,0,0
IT09S2304,9,0,43.83485,10.76413,0,0
312598,4,0,43.83520742,7.360775126,0,0
311289,3,0,43.83532384,6.493749022,0,0
HR40424,8,0,43.83786,16.04944,0,0
HR40424,8,0,43.83786,16.04944,0,0
HR40424,8,0,43.83786,16.04944,0,0
CAN00254,68,0,43.8381,-65.3694,0,0
311962,4,0,43.84339039,6.723012398,0,0
311288,3,0,43.84383188,6.50677237,0,0
311690,24,0,43.84406968,3.701323617,0,0
IT09S1304,5,0,43.84549,10.79658,0,0
USGS-04121621,79,0,43.8472222,-85.4322222,0,0
311963,4,0,43.84787844,6.73155804,0,0
311971,18,0,43.84794047,7.146984985,0,0
311969,18,0,43.847993,7.153799396,0,0
USGS-04279015,15,0,43.8497818,-73.4217864,0,0
USGS-04073365,5,0,43.8511111,-89.1333333,0,0
311351,3,0,43.85177583,5.059619899,0,0
312061,11,1,43.85187928,5.527217595,9.090909091,1
312591,4,0,43.85235169,7.298278587,0,0
IT09S1287,8,0,43.85344,11.12468,0,0
311343,7,0,43.85649157,5.206739054,0,0
312060,4,0,43.8566824,5.239133993,0,0
IT09S2309,6,0,43.85678,10.50692,0,0
311964,4,0,43.85711797,6.727641226,0,0
IT09S2394,6,0,43.85951,10.75692,0,0
311965,4,0,43.85982094,6.816596195,0,0
311340,11,0,43.86017045,5.564159799,0,0
311339,11,0,43.86031191,5.584526955,0,0
311353,61,0,43.86039264,5.00627385,0,0
311345,15,0,43.86048565,5.168719454,0,0
311344,15,2,43.86075466,5.135050877,13.33333333,1
311961,22,0,43.86083347,7.206644273,0,0
311338,6,0,43.8608674,5.597790691,0,0
USGS-04122330,10,0,43.8619566,-85.8814513,0,0
IT09S1291,11,0,43.86291,11.0187,0,0
USGS-435148103373500,1,0,43.86331718,-103.6268612,0,0
311342,62,3,43.86462907,5.306798868,4.838709677,0
311346,13,1,43.86476784,5.118990834,7.692307692,1
310972,4,0,43.86492181,4.605726761,0,0
312590,4,0,43.86496494,7.306411254,0,0
311350,11,0,43.86526548,5.23120503,0,0
311968,4,0,43.8683479,7.009466239,0,0
311337,17,0,43.86841905,5.57319373,0,0
311967,4,0,43.86856444,6.968578128,0,0
USGS-06404000,6,0,43.87164727,-103.3363029,0,0
312653,18,0,43.87253807,7.19482048,0,0
USGS-040734745,2,0,43.87275877,-88.9912253,0,0
311307,3,0,43.8728516,6.364756558,0,0
311966,4,0,43.87289317,6.868920646,0,0
311563,8,0,43.87295001,4.073268672,0,0
USGS-435224103203900,1,0,43.87332217,-103.3446335,0,0
USGS-435229103203600,3,0,43.87471106,-103.3438001,0,0
312568,3,0,43.87725975,7.460285055,0,0
312597,4,0,43.87742947,7.35228123,0,0
311310,17,0,43.87750665,5.909834119,0,0
USGS-435240103261800,1,0,43.8777655,-103.4388018,0,0
311561,8,0,43.88047033,4.015942629,0,0
312569,3,0,43.88125343,7.469543545,0,0
IT09S1619,6,0,43.88137,11.17866,0,0
311348,7,0,43.88143548,5.339890051,0,0
311683,6,0,43.88155059,3.614606937,0,0
311341,10,0,43.88162112,5.368326468,0,0
311688,5,0,43.88473994,3.731397988,0,0
311317,3,0,43.88561924,5.942920057,0,0
311349,4,0,43.88569214,5.426953771,0,0
312589,31,0,43.88930279,7.310456272,0,0
311354,78,0,43.8896393,4.918602465,0,0
311562,26,0,43.88984844,4.035577771,0,0
311682,9,0,43.89329233,3.509910011,0,0
USGS-040854496,17,0,43.89332718,-87.8570344,0,0
312565,46,0,43.89349917,7.531220345,0,0
311347,10,0,43.8941026,5.581311798,0,0
311318,8,0,43.89692693,5.828612673,0,0
311560,26,0,43.89749136,4.006466868,0,0
310925,75,0,43.8977549,4.702165487,0,0
311681,22,0,43.89797229,3.488509237,0,0
USGS-04258020,11,2,43.89840265,-75.4935198,18.18181818,1
IT09S2433,7,0,43.90889,10.97901,0,0
311946,25,0,43.91100894,7.189393029,0,0
311316,3,0,43.91130978,6.098007656,0,0
311687,6,0,43.91178035,3.736373395,0,0
USGS-04085455,4,0,43.91360505,-87.8086995,0,0
311960,4,0,43.91422507,7.265055927,0,0
IT09S1301,7,0,43.91458,10.64891,0,0
312619,18,0,43.91463555,5.885578226,0,0
311559,8,0,43.91466317,3.985595601,0,0
310916,29,0,43.91488369,5.072716263,0,0
USGS-06422000,2,0,43.91665544,-102.7004506,0,0
USGS-04073440,2,1,43.91748006,-89.0837274,50,1
311945,21,0,43.91890482,7.189672225,0,0
IT09S1433,6,0,43.92019,10.33381,0,0
USGS-04085454,16,0,43.9222161,-87.8125885,0,0
311686,17,0,43.92290256,3.718768408,0,0
CAN00253,69,0,43.9242,-65.8667,0,0
312567,3,0,43.92712172,7.414458546,0,0
311308,3,0,43.93116163,6.394012813,0,0
311944,22,0,43.93130682,7.176365479,0,0
311789,11,0,43.93136566,3.973414463,0,0
310975,82,0,43.93175842,4.563425548,0,0
311684,13,0,43.93597766,3.672548891,0,0
HR40102,12,0,43.93611,16.4425,0,0
HR40102,12,0,43.93611,16.4425,0,0
HRV00035,24,0,43.93611,16.4425,0,0
HR40102,12,0,43.93611,16.4425,0,0
HRV00035,24,0,43.93611,16.4425,0,0
USGS-04072793,2,0,43.9377539,-89.4456775,0,0
311685,6,0,43.93935434,3.694062361,0,0
USGS-04159010,90,0,43.9394586,-83.2416231,0,0
USGS-435628103324600,3,0,43.94109738,-103.5465812,0,0
USGS-04073450,8,1,43.9416466,-89.0798387,12.5,1
USGS-06421500,17,0,43.94210239,-102.8539247,0,0
311959,4,0,43.94362608,7.281442437,0,0
312617,14,0,43.94396713,7.001428939,0,0
310968,24,0,43.94398097,4.284952197,0,0
311558,7,0,43.94412698,3.952202419,0,0
USGS-04122500,127,0,43.9450063,-86.2786896,0,0
311315,3,0,43.94743038,6.172974729,0,0
USGS-04258710,24,0,43.9495131,-75.5632456,0,0
310974,11,0,43.95105696,4.477904815,0,0
310969,6,0,43.95175271,4.269243607,0,0
312616,4,0,43.95179366,6.989681043,0,0
311923,26,0,43.95202752,6.810920203,0,0
310924,8,0,43.95209679,4.802559302,0,0
311311,3,0,43.95222374,6.364220895,0,0
USGS-04073500,13,1,43.95388889,-88.9525,7.692307692,1
311671,10,0,43.95639086,3.601885662,0,0
311304,3,0,43.95985931,6.47242947,0,0
311305,3,0,43.96004036,6.460026203,0,0
312652,18,0,43.96024857,6.998046799,0,0
311312,3,0,43.96063539,6.351309166,0,0
USGS-06406920,14,0,43.96082089,-103.4888017,0,0
311320,29,0,43.9614035,6.514242355,0,0
USGS-06406960,7,0,43.96415437,-103.4601897,0,0
311306,3,0,43.96426741,6.389608302,0,0
312566,30,0,43.96476325,7.415113852,0,0
IT09S1282,8,0,43.96748,11.31844,0,0
311673,10,0,43.96840431,3.527129787,0,0
311958,4,0,43.96853418,7.310309463,0,0
312618,18,0,43.96864775,6.758855507,0,0
311865,3,0,43.97300339,6.510727893,0,0
IT09S1613,6,0,43.97308,11.33793,0,0
311314,3,0,43.97310257,6.189896664,0,0
SRB00020,48,0,43.975,19.5467,0,0
USGS-01075000,24,0,43.9761792,-71.6795244,0,0
311674,10,0,43.97708184,3.59823175,0,0
311672,10,0,43.97762804,3.502877723,0,0
311557,8,0,43.97772224,3.840047523,0,0
USGS-06406994,3,0,43.97859889,-103.4488002,0,0
IT09S1191,10,0,43.9808,10.17638,0,0
310973,39,0,43.98188872,4.439887154,0,0
USGS-06407000,7,0,43.98332117,-103.4337996,0,0
USGS-06425720,152,6,43.98442105,-105.388325,3.947368421,0
USGS-06406950,10,0,43.98470988,-103.4874125,0,0
USGS-04260500,295,0,43.98555556,-75.9247222,0,0
311933,4,0,43.9858571,7.135731679,0,0
310960,25,0,43.98902616,4.218821094,0,0
312615,4,0,43.98940834,7.001031483,0,0
311680,8,0,43.9901888,3.689461911,0,0
311668,7,0,43.99042101,3.609743987,0,0
USGS-13124030,7,0,43.9910252,-113.8655913,0,0
IT09S1190,9,0,43.99542,10.25188,0,0
USGS-04260505,24,0,43.99561577,-75.9332574,0,0
311957,4,0,43.99683624,7.315182041,0,0
311676,20,0,43.99768711,3.673500299,0,0
311675,10,0,43.99769467,3.644488533,0,0
310865,4,0,43.99800069,5.148875269,0,0
USGS-04258750,22,0,43.99812299,-75.6376941,0,0
311670,12,0,44.00115245,3.714644358,0,0
310914,10,0,44.00178158,4.852194303,0,0
312006,7,0,44.00179604,3.677434742,0,0
311667,10,0,44.00224156,3.652600862,0,0
USGS-0408543802,7,0,44.003883,-87.72203,0,0
IT09S1412,8,0,44.00464,10.56403,0,0
USGS-06266500,1,0,44.0049546,-108.4556657,0,0
IT09S1173,10,0,44.00523,10.56276,0,0
311952,4,0,44.00618013,7.310636412,0,0
311956,3,0,44.00691737,7.318713722,0,0
311309,34,0,44.01055804,6.25682826,0,0
311313,3,0,44.01055804,6.25682826,0,0
USGS-04259500,14,0,44.0122222,-75.79777778,0,0
USGS-06409000,198,0,44.01359238,-103.8304784,0,0
USGS-06268600,42,0,44.01467908,-107.9695392,0,0
USGS-05320300,97,0,44.01802106,-93.958564,0,0
IT09S1445,6,0,44.02092,10.48004,0,0
310939,3,0,44.02200163,4.14381426,0,0
312671,4,0,44.02296727,5.031939051,0,0
USGS-440124103054601,4,0,44.02332157,-103.0965663,0,0
IT09S1166,7,0,44.0238,10.51366,0,0
USGS-440126103054701,8,0,44.0238771,-103.096844,0,0
USGS-04085395,6,0,44.02471398,-88.1181548,0,0
USGS-06425780,64,0,44.02497745,-105.3269334,0,0
310971,2,0,44.02725649,4.110525909,0,0
312564,4,0,44.02743301,7.576220401,0,0
311955,3,0,44.02745624,7.339932566,0,0
312611,18,0,44.03088784,6.826179242,0,0
310938,9,0,44.03167048,4.135495287,0,0
312659,6,0,44.03186586,4.937946265,0,0
310937,7,0,44.03513591,4.124037669,0,0
HR40416,12,0,44.03522,16.18968,0,0
HR40416,12,0,44.03522,16.18968,0,0
HR40416,12,0,44.03522,16.18968,0,0
311303,83,0,44.03532955,5.964963423,0,0
311951,22,0,44.03546226,7.294015853,0,0
310956,36,0,44.03927734,3.999290059,0,0
311679,8,0,44.03962973,3.673269292,0,0
310912,31,0,44.03980396,5.010999983,0,0
311302,78,0,44.04036977,6.142454721,0,0
310970,9,0,44.04327055,4.460776429,0,0
311978,4,0,44.04392266,6.031282853,0,0
310907,6,0,44.04393459,4.927231347,0,0
USGS-440239103193001,1,0,44.04415446,-103.3254622,0,0
USGS-13118895,5,0,44.04434909,-113.2119524,0,0
USGS-05319500,24,0,44.04635215,-94.1955144,0,0
USGS-06412200,19,0,44.0465988,-103.3515742,0,0
310953,10,0,44.04731305,3.903154714,0,0
USGS-440259103235301,4,0,44.04970978,-103.3985202,0,0
IT09S2328,8,0,44.05043,10.77353,0,0
IT09S1635,6,0,44.05125,10.45656,0,0
312657,4,0,44.051618,5.152697001,0,0
311954,3,0,44.05176203,7.386123578,0,0
312614,3,0,44.05192094,6.981331119,0,0
312563,4,0,44.05213899,7.589551277,0,0
USGS-06412500,32,0,44.05276555,-103.3118507,0,0
312658,4,0,44.0553294,5.032432675,0,0
USGS-440321103181101,6,0,44.0558211,-103.303517,0,0
312656,3,0,44.05630399,5.189445646,0,0
311678,10,0,44.05636915,3.685211053,0,0
IT09S1187,10,0,44.05654,10.16581,0,0
USGS-440327103180401,18,0,44.05748777,-103.3015726,0,0
USGS-440330103175101,4,0,44.0583211,-103.2979614,0,0
USGS-06412700,2,0,44.05859888,-103.2993503,0,0
USGS-440331103175001,8,0,44.05859889,-103.2976836,0,0
USGS-06412600,6,0,44.05887666,-103.2987947,0,0
USGS-06412800,2,0,44.05887666,-103.2987947,0,0
USGS-06412810,6,0,44.05887667,-103.2974058,0,0
USGS-06412900,34,0,44.0591544,-103.2974058,0,0
USGS-06413200,37,0,44.05915448,-103.2843498,0,0
311950,3,0,44.05936536,7.257153218,0,0
USGS-440336103105801,3,0,44.0599879,-103.1832356,0,0
310864,4,0,44.06007868,5.360451568,0,0
IT09S2274,3,0,44.06019,10.65805,0,0
310911,34,0,44.06106255,5.081660983,0,0
USGS-06416300,31,2,44.06415458,-103.1926803,6.451612903,1
USGS-06416000,32,0,44.06726568,-103.18093,0,0
USGS-05318290,17,0,44.06829786,-94.1002346,0,0
SRB00024,45,0,44.0683,21.2033,0,0
312613,3,0,44.06873935,6.985599783,0,0
310863,12,0,44.06877076,5.365363909,0,0
312007,3,0,44.06926456,3.93562918,0,0
USGS-04142000,275,0,44.0725203,-84.0199939,0,0
310904,69,0,44.0727499,4.768764161,0,0
311948,4,0,44.07302614,7.252034931,0,0
310955,10,0,44.07308275,3.981059446,0,0
311953,3,0,44.07325721,7.401903755,0,0
310954,3,0,44.07352581,3.973029498,0,0
310952,18,0,44.07436998,3.93957966,0,0
USGS-440428103154901,4,0,44.0744322,-103.2640714,0,0
USGS-06413700,32,0,44.07471,-103.2599046,0,0
USGS-06413650,4,0,44.07498777,-103.267127,0,0
312562,4,0,44.07640525,7.598053492,0,0
USGS-06411500,13,0,44.07665378,-103.482134,0,0
311864,3,0,44.07676224,6.485571666,0,0
310936,46,0,44.0769044,4.102642443,0,0
USGS-06414700,33,0,44.07915449,-103.2037918,0,0
311932,4,0,44.08132957,7.105875141,0,0
310949,8,0,44.08133449,3.965003279,0,0
IT09S1484,5,0,44.08148,10.1168,0,0
USGS-440455103151901,4,0,44.0819322,-103.2557378,0,0
310951,14,0,44.08197222,3.922987078,0,0
USGS-440457103263301,4,0,44.08248719,-103.442966,0,0
USGS-06413800,4,0,44.0827655,-103.2565712,0,0
FRA00012,179,0,44.08333333,0.083333333,0,0
310934,11,0,44.08548126,4.118417476,0,0
USGS-06414000,30,0,44.08551554,-103.241843,0,0
311677,29,0,44.08562143,3.605289371,0,0
312663,4,0,44.0884299,5.094388967,0,0
USGS-13010200,5,0,44.08910426,-110.6946553,0,0
311931,4,0,44.08928681,7.105873208,0,0
312612,3,0,44.08978073,6.993778133,0,0
311949,4,0,44.08996686,7.322938995,0,0
USGS-05376000,194,0,44.09163075,-92.0659959,0,0
USGS-05378245,1,0,44.0924632,-91.7479292,0,0
312561,4,0,44.09348175,7.593942519,0,0
310935,42,0,44.094686,4.097883215,0,0
USGS-05320000,1,0,44.09552035,-94.1094019,0,0
312661,2,0,44.09789915,5.139184538,0,0
311301,8,0,44.09855166,6.11496607,0,0
IT09S1444,6,0,44.10049,11.43585,0,0
312662,4,0,44.10170032,5.123065285,0,0
312674,8,0,44.10170032,5.123065285,0,0
IT09S1447,1,0,44.10359,11.65892,0,0
USGS-06408860,10,0,44.10470685,-103.6435275,0,0
USGS-04152047,10,0,44.1047429,-84.38750819,0,0
311947,4,0,44.10598014,7.26855911,0,0
310950,10,0,44.10606087,3.826636841,0,0
USGS-04085427,85,0,44.10616667,-87.7160278,0,0
USGS-05320500,50,0,44.10968777,-94.0419002,0,0
311982,4,0,44.11036504,7.568799318,0,0
312665,4,0,44.11061364,5.102824484,0,0
USGS-05379530,11,0,44.11162966,-91.5187597,0,0
312668,4,0,44.11417405,5.01940635,0,0
310903,26,0,44.11433377,4.685735178,0,0
311287,3,0,44.11850755,6.581515034,0,0
312560,4,0,44.12239995,7.569645081,0,0
310870,7,0,44.12671418,4.851701431,0,0
USGS-05381388,8,0,44.1285744,-90.6984692,0,0
310933,10,0,44.12934928,4.134047566,0,0
USGS-04260712,2,0,44.13005205,-76.33577899,0,0
310871,4,0,44.13131325,4.834867789,0,0
310948,11,0,44.13132187,3.901984257,0,0
312667,4,0,44.13324106,5.044258789,0,0
311863,3,0,44.1349187,6.514663375,0,0
USGS-05381387,8,0,44.1352409,-90.665413,0,0
310872,7,0,44.13528489,4.814495617,0,0
USGS-440832110395001,1,0,44.14216049,-110.6646539,0,0
USGS-05381386,15,0,44.14329635,-90.6562463,0,0
USGS-05379465,18,0,44.14357427,-91.6115397,0,0
IT09S0972,8,0,44.14401,10.34633,0,0
311254,2,0,44.14412254,6.010660332,0,0
USGS-06422500,9,0,44.1443339,-103.4545385,0,0
USGS-05379472,24,0,44.14551868,-91.597373,0,0
310902,76,0,44.1473684,4.677231964,0,0
310932,10,0,44.14828659,4.064897699,0,0
IT09S1439,6,0,44.15112,11.43159,0,0
310856,7,0,44.15192704,4.722780711,0,0
310857,46,0,44.15193195,4.727000182,0,0
310931,10,0,44.15236888,4.057284916,0,0
312446,6,0,44.15242691,4.96002002,0,0
USGS-13293900,8,0,44.1554634,-114.9120257,0,0
312621,3,0,44.15597251,4.806374967,0,0
310945,12,0,44.1560801,3.848401047,0,0
USGS-05381389,14,0,44.15635176,-90.7126365,0,0
310930,10,0,44.15682718,4.022761189,0,0
310946,7,0,44.16055484,3.806683685,0,0
312354,18,0,44.16057571,5.944020929,0,0
HR40208,12,0,44.16197,15.85769,0,0
HR40208,12,0,44.16197,15.85769,0,0
HR40208,12,0,44.16197,15.85769,0,0
USGS-05322000,171,0,44.1632995,-94.0369007,0,0
USGS-13293800,17,0,44.16379727,-114.8870248,0,0
310868,4,0,44.16403821,4.893821737,0,0
USGS-05381391,14,0,44.1666293,-90.7701378,0,0
IT09S0973,7,0,44.16705,10.38597,0,0
310808,2,0,44.16819231,5.926703612,0,0
312064,4,0,44.16833052,4.968644096,0,0
310929,23,0,44.16839548,4.052456544,0,0
310807,2,0,44.16845645,5.877830498,0,0
USGS-05325000,94,0,44.1688553,-94.0032886,0,0
310806,2,0,44.16921558,5.745531953,0,0
IT09S1164,6,0,44.17232,10.31412,0,0
310944,12,0,44.17236452,3.844174013,0,0
310804,2,0,44.17260908,5.610080569,0,0
IT09S1179,3,0,44.17366,9.92566,0,0
311321,18,0,44.17388285,6.618300799,0,0
310805,2,0,44.17662312,5.648102173,0,0
311929,4,0,44.17684303,7.073117849,0,0
311930,4,0,44.17684303,7.073117849,0,0
310947,18,0,44.17687706,3.751746079,0,0
310848,3,0,44.17717614,4.85695002,0,0
310891,8,0,44.17718764,4.264218312,0,0
312634,6,0,44.17726089,4.972549764,0,0
USGS-05381392,15,0,44.18051789,-90.786805,0,0
310901,8,0,44.18077012,4.568794006,0,0
310900,18,0,44.18094535,4.464237703,0,0
310849,4,0,44.1813287,4.847624431,0,0
311253,2,0,44.18578411,6.043886435,0,0
USGS-040844128,1,0,44.1888749,-88.4595533,0,0
311981,22,0,44.18966656,7.032000833,0,0
IT09S2283,6,0,44.19116,10.00302,0,0
USGS-05325050,29,0,44.1913555,-94.0096779,0,0
312005,3,0,44.19353941,4.523172727,0,0
311928,4,0,44.19371588,7.135742963,0,0
USGS-04282636,26,1,44.1989436,-73.2120667,3.846153846,0
USGS-05317500,5,0,44.19996569,-94.1935726,0,0
FRA00014,1,0,44.2,0.53,0,0
311299,5,0,44.20130137,5.921614022,0,0
IT09S1489,3,0,44.20345,10.06933,0,0
USGS-04282634,26,0,44.2042214,-73.2034556,0,0
USGS-04084422,8,0,44.2047082,-88.4687198,0,0
IT09S1184,6,0,44.20631,9.97037,0,0
310898,8,0,44.20647359,4.472988402,0,0
310899,8,0,44.20647359,4.472988402,0,0
IT09S1653,1,0,44.20838,10.1821,0,0
USGS-05378185,11,0,44.20940798,-91.6784864,0,0
312623,26,0,44.21051372,5.277243828,0,0
312626,10,0,44.21071,5.10612286,0,0
USGS-05381381,14,0,44.21107316,-90.6151347,0,0
IT09S1472,4,0,44.21268,10.29858,0,0
USGS-05316866,19,0,44.21273455,-95.4969499,0,0
USGS-05379430,25,0,44.21357415,-91.56876399,0,0
USGS-05378183,17,0,44.2146857,-91.6651532,0,0
311256,82,0,44.21483868,5.935242399,0,0
312447,5,0,44.21502572,5.214236171,0,0
312633,5,0,44.21566577,4.993451224,0,0
IT09S1178,2,0,44.2163,9.96449,0,0
USGS-053781825,8,0,44.21746346,-91.657931,0,0
311286,3,0,44.2181635,6.635841946,0,0
310855,24,0,44.2196235,4.702090899,0,0
USGS-05378181,14,0,44.21968579,-91.67932,0,0
USGS-053813805,15,0,44.2224619,-90.6009678,0,0
IT09S1182,4,0,44.22395,9.96885,0,0
310892,23,0,44.22675915,4.264212384,0,0
311926,4,0,44.22758534,6.95607435,0,0
310890,8,0,44.22777224,4.148480356,0,0
USGS-13116990,8,0,44.22935299,-112.9758393,0,0
310928,9,0,44.23073879,3.994441842,0,0
USGS-05378182,8,0,44.2307967,-91.63709799,0,0
312445,27,0,44.23103488,5.089881126,0,0
312059,25,0,44.23114719,4.919209649,0,0
311298,3,0,44.23190242,5.932105404,0,0
USGS-053781805,8,0,44.23190806,-91.6812647,0,0
USGS-04266500,20,0,44.2347222,-74.5719444,0,0
310905,4,0,44.23582522,5.060904637,0,0
USGS-04085281,6,0,44.23777309,-87.6364725,0,0
312676,21,0,44.23905468,5.860424705,0,0
311251,2,0,44.23916925,6.135504497,0,0
312632,5,0,44.23967982,5.156027737,0,0
311252,2,0,44.23983286,6.122583228,0,0
USGS-13116980,8,0,44.2412977,-112.9716726,0,0
310906,14,0,44.2434176,5.017781047,0,0
310894,7,0,44.24384375,4.302289444,0,0
310893,8,0,44.24393506,4.2850659,0,0
USGS-13269000,181,0,44.24555556,-116.9808333,0,0
310897,8,0,44.24765093,4.447676447,0,0
310926,12,0,44.24790063,3.907037325,0,0
USGS-04084445,32,0,44.24805556,-88.4230556,0,0
311925,4,0,44.24923348,6.935924524,0,0
USGS-04126520,152,0,44.2505584,-86.319253,0,0
310927,12,0,44.25170351,3.969544411,0,0
311250,5,0,44.25213899,5.927276591,0,0
310889,36,0,44.2522375,4.210843769,0,0
310847,4,0,44.25245966,4.926534359,0,0
USGS-13116970,8,0,44.25379809,-112.9841733,0,0
312631,6,0,44.25623879,4.71081957,0,0
USGS-05317250,7,0,44.2577423,-94.341634,0,0
311248,2,0,44.25972996,5.972935217,0,0
311924,4,0,44.26385695,6.922941476,0,0
USGS-441650105203000,5,1,44.2638692,-105.3422136,20,1
USGS-04126010,78,0,44.2641694,-86.2953642,0,0
310896,8,0,44.26477649,4.389438169,0,0
USGS-441603110380401,1,0,44.26743816,-110.6352077,0,0
311297,3,0,44.2685695,5.819364174,0,0
310888,8,0,44.26914032,4.193614263,0,0
311980,4,0,44.27272563,5.822787181,0,0
311296,29,0,44.27283991,5.810262267,0,0
310854,9,0,44.27394117,4.723521677,0,0
USGS-441635103414500,1,0,44.27637375,-103.6963068,0,0
312495,12,0,44.27647104,5.276781188,0,0
311247,20,0,44.27686831,6.015121974,0,0
USGS-13296000,10,0,44.27888889,-114.7338889,0,0
USGS-441647103380300,1,0,44.27970726,-103.6346382,0,0
USGS-441650105233000,4,0,44.28053596,-105.3922158,0,0
USGS-04084475,26,0,44.28054316,-88.268717,0,0
310853,25,0,44.28160539,4.759507277,0,0
312058,3,0,44.28241369,4.747406063,0,0
310846,2,0,44.28599107,4.990094855,0,0
310886,16,0,44.28618923,4.114442364,0,0
310839,55,0,44.28641633,4.59887971,0,0
USGS-05317000,21,0,44.28939167,-94.4386056,0,0
310845,12,0,44.28997565,5.015813068,0,0
310887,5,0,44.29412801,4.126981427,0,0
310885,8,0,44.29450373,4.072922805,0,0
USGS-06424000,9,0,44.2947073,-103.5968592,0,0
USGS-06430770,10,0,44.29921736,-103.8681641,0,0
310851,10,0,44.30221812,4.852679629,0,0
310852,6,0,44.30221812,4.852679629,0,0
310883,8,0,44.3024373,4.027621541,0,0
310884,7,0,44.30304123,4.05916444,0,0
311294,26,0,44.30629323,5.826920529,0,0
311295,3,0,44.30629323,5.826920529,0,0
310882,8,0,44.30699031,3.988264039,0,0
USGS-05325300,7,0,44.3071887,-93.9599582,0,0
311255,4,0,44.3141227,5.930672778,0,0
USGS-05400970,8,0,44.3144091,-89.8884599,0,0
311282,3,0,44.31455357,5.713818874,0,0
311246,2,0,44.31488004,6.05656946,0,0
311245,2,0,44.31918688,6.099306586,0,0
USGS-441919103390800,1,0,44.3219292,-103.6526944,0,0
310879,24,0,44.32318466,3.959783344,0,0
311284,3,0,44.32322769,5.789750995,0,0
USGS-01132500,4,0,44.3256158,-72.00064879,0,0
USGS-04085000,104,0,44.3266562,-88.1651033,0,0
310844,4,0,44.32711643,5.089785149,0,0
USGS-06430800,27,0,44.32749778,-103.894532,0,0
311244,2,0,44.33061929,6.1446376,0,0
USGS-04262650,34,0,44.33506139,-75.4713266,0,0
311242,5,0,44.33550439,5.902636575,0,0
311243,3,0,44.33550439,5.902636575,0,0
USGS-06437020,23,0,44.3355403,-103.6354716,0,0
310881,7,0,44.33557501,3.96034111,0,0
311283,3,0,44.33925814,5.764444679,0,0
311249,12,0,44.34015117,6.168592846,0,0
IT09S1488,5,0,44.34096,9.92113,0,0
USGS-06436156,24,0,44.34331769,-103.7663095,0,0
311281,3,0,44.34367539,5.760614092,0,0
USGS-06430850,10,0,44.3496865,-103.9359118,0,0
311280,3,0,44.35154847,5.760401092,0,0
IT01028007,12,0,44.35257,7.89829,0,0
USGS-04085046,3,0,44.35498916,-88.1912149,0,0
USGS-442121098140001,7,0,44.35581788,-98.2337019,0,0
311279,3,0,44.3564182,5.655863666,0,0
310880,8,0,44.35701487,3.996826554,0,0
USGS-04276500,15,0,44.3583333,-73.3944444,0,0
USGS-442131103482000,1,0,44.35859529,-103.8060336,0,0
311985,4,0,44.35992823,4.455120108,0,0
312630,6,0,44.36015767,4.906026585,0,0
311979,4,0,44.36070273,6.327271986,0,0
USGS-05316760,11,0,44.3619068,-94.4974758,0,0
USGS-06320200,125,0,44.3621967,-106.654214,0,0
USGS-06476000,55,1,44.36359475,-98.199257,1.818181818,0
USGS-442150098120601,13,0,44.36387259,-98.2020348,0,0
USGS-442150098120602,18,0,44.36387259,-98.2020348,0,0
312629,5,0,44.36454428,4.890181318,0,0
IT09S1181,6,0,44.36486,9.88341,0,0
310814,12,0,44.36834255,4.647922226,0,0
310843,12,0,44.36964262,5.152462714,0,0
USGS-442213103443900,1,0,44.3702621,-103.744642,0,0
USGS-06440000,116,0,44.3730377,-100.3679114,0,0
USGS-06430865,9,0,44.3735949,-103.9190944,0,0
USGS-04085054,26,0,44.37915709,-88.1237138,0,0
USGS-442246103490300,1,0,44.3794285,-103.8179787,0,0
USGS-442250103485700,1,0,44.38053965,-103.8163119,0,0
USGS-442252103493800,1,0,44.38109518,-103.8277014,0,0
USGS-06430520,3,0,44.38248366,-104.0040983,0,0
USGS-06274300,156,0,44.3832907,-108.0362117,0,0
IT01584010,12,0,44.3835,7.65042,0,0
311216,16,0,44.38531926,6.62717402,0,0
311215,12,0,44.38555608,6.609476094,0,0
310837,27,0,44.38556122,4.406463314,0,0
311214,59,0,44.38896,6.585476173,0,0
311278,5,0,44.38897063,5.731382661,0,0
311213,12,0,44.38924102,6.668731247,0,0
USGS-01054200,244,0,44.39055556,-70.9797222,0,0
USGS-06432172,9,0,44.3910952,-103.7999223,0,0
311217,12,0,44.397564,6.485566189,0,0
USGS-01054250,12,0,44.3978397,-70.97257409,0,0
IT01047010,5,0,44.3984,8.18041,0,0
USGS-06430898,27,0,44.40077556,-103.8939183,0,0
USGS-06430900,15,0,44.40165056,-103.8949267,0,0
IT01028010,12,0,44.40518,7.9617,0,0
312442,12,0,44.40569301,4.218685883,0,0
310813,11,0,44.41399208,4.768122622,0,0
USGS-04085068,1,0,44.4141571,-88.1270474,0,0
310841,12,0,44.41419564,5.356087592,0,0
311239,3,0,44.41453975,5.994247922,0,0
311984,4,0,44.41515284,4.286933689,0,0
312628,6,0,44.41856164,5.072858031,0,0
311277,3,0,44.41882827,5.710223849,0,0
311240,3,0,44.41889149,6.019432195,0,0
USGS-06281000,30,0,44.41911816,-109.2579293,0,0
USGS-06429920,3,0,44.4205398,-104.0410442,0,0
311276,3,0,44.42275518,5.714956282,0,0
SRB00034,46,0,44.4228,22.1786,0,0
311219,18,0,44.42292079,6.443565551,0,0
310850,14,0,44.42318035,4.984506181,0,0
IT09S1177,5,0,44.42765,9.81601,0,0
310834,9,0,44.42766047,4.317223448,0,0
USGS-05315000,6,0,44.43016667,-95.8295556,0,0
USGS-05316685,4,0,44.4335731,-94.7172079,0,0
USGS-04137500,374,0,44.43640447,-83.4338609,0,0
311241,3,0,44.43979512,6.039544384,0,0
311275,3,0,44.44014525,5.710730526,0,0
IT01027010,9,0,44.44038,7.88244,0,0
312627,6,0,44.4437016,5.010313458,0,0
311274,23,0,44.44409309,5.714803824,0,0
CAN00288,75,0,44.4467,-64.5917,0,0
311273,3,0,44.44835342,5.726337203,0,0
312524,3,0,44.44860188,4.309379373,0,0
USGS-04085059,75,0,44.44943598,-88.0645473,0,0
310812,57,0,44.45196679,4.698774638,0,0
311218,21,0,44.451997,6.398566331,0,0
USGS-06432180,2,0,44.4524839,-103.8065895,0,0
311227,8,0,44.45586281,6.239370579,0,0
USGS-04282815,152,14,44.4578272,-73.219294,9.210526316,1
310836,9,0,44.45941441,4.443737922,0,0
311233,62,0,44.46011537,6.060473442,0,0
311226,71,0,44.46017722,6.194069649,0,0
312389,8,0,44.46378679,3.99801987,0,0
311225,3,0,44.46456774,6.239337617,0,0
USGS-05326189,14,0,44.46524278,-94.1502491,0,0
USGS-04085074,5,0,44.4663792,-88.1431588,0,0
USGS-06279940,30,0,44.46967158,-109.4304399,0,0
USGS-442811103205000,2,0,44.46970749,-103.3476854,0,0
USGS-05326180,9,0,44.47138889,-94.2697222,0,0
311228,5,0,44.47272942,6.114403334,0,0
310842,3,0,44.47400906,5.451939594,0,0
310828,4,0,44.47702594,3.864725162,0,0
311232,5,0,44.47717119,6.085166668,0,0
311983,4,0,44.47733544,4.352326426,0,0
311257,77,0,44.47759374,6.081036454,0,0
IT01021017,12,0,44.47863,7.2858,0,0
USGS-06437500,1,0,44.4808495,-103.2759863,0,0
USGS-04123912,7,0,44.4822255,-85.6203439,0,0
IT01021025,12,0,44.48295,7.44844,0,0
312343,14,0,44.48531863,4.239540296,0,0
311272,4,0,44.48553351,5.764704388,0,0
311231,3,0,44.48986289,6.126980488,0,0
312353,12,0,44.49348606,4.32315811,0,0
IT01056010,8,0,44.49819,8.31805,0,0
USGS-14076500,3,0,44.4987293,-121.3211558,0,0
USGS-05326400,10,0,44.4991307,-93.9052435,0,0
USGS-040851325,8,0,44.5011042,-87.9362121,0,0
311230,3,0,44.50210921,6.152573279,0,0
IT01020010,9,0,44.50223,7.58211,0,0
USGS-01055100,4,0,44.5025,-70.2244444,0,0
USGS-06324890,44,0,44.5047222,-105.4544444,0,0
311267,5,0,44.50579079,5.743488375,0,0
USGS-06437000,98,0,44.5130418,-103.1368464,0,0
USGS-06279795,119,0,44.51327817,-109.9735188,0,0
HR30052,16,0,44.51373,15.42234,0,0
HR30052,16,0,44.51373,15.42234,0,0
HRV00030,32,0,44.51373,15.42234,0,0
HR30052,16,0,44.51373,15.42234,0,0
HRV00030,32,0,44.51373,15.42234,0,0
311209,2,0,44.51414448,6.569586365,0,0
311235,3,0,44.51442916,6.039228727,0,0
310832,4,0,44.51443837,3.910462405,0,0
FRA00011,181,0,44.51666667,0.066666667,0,0
311212,36,0,44.51885166,6.764841842,0,0
311261,9,0,44.522892,6.06058065,0,0
311262,5,0,44.522892,6.06058065,0,0
312357,8,0,44.5229148,5.044598711,0,0
USGS-05316500,1,0,44.5235701,-95.1724992,0,0
USGS-040851385,52,0,44.5286111,-88.01,0,0
USGS-05326450,8,0,44.52940827,-93.9007992,0,0
USGS-06438500,12,0,44.5294304,-101.9301531,0,0
311224,3,0,44.53106341,6.289368334,0,0
USGS-443153101593300,195,1,44.5313752,-101.9929331,0.512820513,0
USGS-04072150,112,1,44.53338889,-88.1296944,0.892857143,0
310811,7,0,44.53471892,4.614226469,0,0
311229,3,0,44.53661467,6.190135443,0,0
USGS-04085139,128,0,44.53915916,-88.0057984,0,0
310831,4,0,44.53951492,3.834961763,0,0
IT01047030,5,0,44.54094,8.1413,0,0
311223,3,0,44.54104906,6.393710636,0,0
312003,4,0,44.54376629,4.806702209,0,0
311271,3,0,44.54435183,5.857303174,0,0
USGS-04072217,5,0,44.54471375,-88.1026035,0,0
USGS-05316580,6,0,44.5460717,-94.9963838,0,0
311210,3,0,44.54777012,6.4940757,0,0
312358,21,0,44.54785155,4.760072681,0,0
USGS-05316541,6,0,44.5507928,-95.1247207,0,0
310824,21,0,44.55131073,4.410028506,0,0
311211,3,0,44.55173358,6.485719529,0,0
311266,3,0,44.55217353,5.777777852,0,0
USGS-06320400,66,0,44.552476,-106.5356016,0,0
IT01026060,9,0,44.55614,7.74481,0,0
IT01022019,12,0,44.55619,7.33593,0,0
312355,21,0,44.55641868,4.761115394,0,0
311206,2,0,44.55710489,6.560614148,0,0
USGS-06279790,62,0,44.55805556,-109.9861111,0,0
311208,74,0,44.56028175,6.502696249,0,0
310830,4,0,44.56058102,3.769501715,0,0
311270,1,0,44.56077189,5.902150955,0,0
IT01822050,12,0,44.5637,8.59357,0,0
311259,3,0,44.56454745,6.089865085,0,0
311207,3,0,44.56504721,6.523218485,0,0
311258,3,0,44.5683276,6.107327498,0,0
310794,10,0,44.56844803,5.506312211,0,0
USGS-06430532,2,0,44.5705398,-104.0057655,0,0
USGS-05327000,7,0,44.5719079,-93.9219113,0,0
311269,18,0,44.57264456,5.98126241,0,0
IT01054015,6,0,44.57334,8.42135,0,0
IT01056027,9,0,44.57671,8.33988,0,0
310801,12,0,44.57761484,4.719008034,0,0
USGS-06432020,16,0,44.57998416,-103.8940939,0,0
SRB00025,47,0,44.5867,21.1383,0,0
USGS-04262895,20,0,44.5892279,-75.321047,0,0
311265,3,0,44.58928141,5.719322998,0,0
312520,6,0,44.58981003,4.879669279,0,0
310823,8,0,44.59027209,4.410516538,0,0
USGS-06324912,2,0,44.59303787,-105.3144371,0,0
310827,3,0,44.59808851,3.984801572,0,0
312004,12,0,44.60169657,4.997770925,0,0
311199,2,0,44.60572433,6.685168867,0,0
311200,3,0,44.60572433,6.685168867,0,0
USGS-06473750,4,0,44.60692629,-99.2320519,0,0
USGS-06324918,3,0,44.60831579,-105.2949917,0,0
312158,6,0,44.60966759,4.719767776,0,0
USGS-05311315,44,11,44.609963,-96.1653167,25,1
USGS-05344980,150,0,44.60996745,-92.6101938,0,0
311222,14,0,44.61489378,6.334762066,0,0
USGS-05314740,5,0,44.61968148,-95.1777793,0,0
USGS-06036905,8,0,44.6201833,-110.8635028,0,0
311103,11,0,44.62315694,6.18054064,0,0
312356,8,0,44.62626222,4.89805826,0,0
USGS-04126997,34,0,44.62778049,-85.504233,0,0
310816,15,0,44.63090598,4.160623852,0,0
USGS-05369500,139,0,44.631,-91.9713333,0,0
IT01020030,9,0,44.63488,7.66463,0,0
311220,6,0,44.63550011,6.368774603,0,0
IT01060015,12,0,44.63779,8.63611,0,0
311221,6,0,44.63922089,6.361082196,0,0
IT01056030,12,0,44.64301,8.35367,0,0
IT01054030,9,0,44.64581,8.42079,0,0
IT01047050,12,0,44.64676,8.32384,0,0
USGS-06324925,50,0,44.6475,-105.3102778,0,0
311205,5,0,44.64774556,6.585171764,0,0
310802,3,0,44.64809794,5.077330897,0,0
IT01021040,12,0,44.64821,7.65004,0,0
USGS-06037000,2,0,44.64910556,-110.7847361,0,0
IT01022030,9,0,44.64989,7.58794,0,0
IT01001018,12,0,44.65145,7.33282,0,0
311195,2,0,44.6522936,6.789851274,0,0
311264,3,0,44.65605785,5.705878061,0,0
311201,18,0,44.65646438,6.631100895,0,0
311202,5,0,44.65646438,6.631100895,0,0
USGS-04136590,10,0,44.658069,-84.0830582,0,0
USGS-05345100,14,0,44.65913365,-93.0079896,0,0
311104,11,0,44.66000501,6.207337561,0,0
IT01049025,12,0,44.66071,8.19119,0,0
311203,28,0,44.6684368,6.61854132,0,0
311196,3,0,44.66847637,6.753805363,0,0
310789,15,0,44.66909462,5.273261101,0,0
310819,12,0,44.67316111,4.364557941,0,0
USGS-04127200,74,0,44.67527949,-85.6309068,0,0
311102,3,0,44.67695612,6.256109408,0,0
311197,3,0,44.67696293,6.69785582,0,0
311180,5,0,44.67715469,6.606380926,0,0
IT01087010,6,0,44.68067,8.67058,0,0
312735,4,0,44.68140669,5.95199358,0,0
311194,5,0,44.68183185,6.698273702,0,0
311198,29,0,44.68183185,6.698273702,0,0
311101,3,0,44.68564684,6.269228726,0,0
311112,5,0,44.68632918,6.277856211,0,0
311263,3,0,44.68913902,5.773061781,0,0
311111,3,0,44.68966771,6.361075776,0,0
USGS-0531656290,36,0,44.69041667,-95.0353056,0,0
USGS-05330000,207,1,44.69301845,-93.641902,0.483091787,0
USGS-13303300,8,0,44.69353416,-113.366703,0,0
SRB00004,48,0,44.6936,20.9647,0,0
311185,3,0,44.69803713,6.860096757,0,0
311105,4,0,44.6984594,6.060827256,0,0
IT01065045,9,0,44.69982,8.53722,0,0
SRB00006,45,0,44.7,22.4242,0,0
IT01001015,12,0,44.7014,7.14991,0,0
312736,6,0,44.70248895,5.93123326,0,0
USGS-13304185,8,0,44.707979,-113.4050389,0,0
310800,8,0,44.71009536,4.776699311,0,0
311186,3,0,44.71058084,6.848374969,0,0
311099,6,0,44.71471774,6.222743282,0,0
311100,5,0,44.71471774,6.222743282,0,0
IT01049045,6,0,44.71529,8.27296,0,0
SRB00011,48,0,44.7167,21.5417,0,0
IT01005040,9,1,44.71678,8.24056,11.11111111,1
311110,3,0,44.72784248,5.898066861,0,0
USGS-05313510,5,0,44.72884656,-95.4439032,0,0
CAN00289,118,0,44.7303,-63.6631,0,0
310796,10,0,44.73077272,4.606552347,0,0
311098,21,0,44.73106556,6.252066742,0,0
312368,3,0,44.73149768,4.96879232,0,0
312518,8,0,44.73149768,4.96879232,0,0
310797,7,0,44.73159524,4.740473728,0,0
USGS-05314560,6,0,44.7316245,-95.4208468,0,0
SRB00036,24,0,44.7317,20.3172,0,0
USGS-444356093275200,3,2,44.7321855,-93.4646735,66.66666667,1
312737,18,0,44.7346902,5.893394344,0,0
USGS-06474000,23,0,44.7349779,-98.5862077,0,0
311107,35,0,44.73540778,6.006095001,0,0
311187,3,0,44.73561964,6.83539672,0,0
311179,2,0,44.73572876,6.573341016,0,0
USGS-05314550,5,0,44.7363467,-95.4227914,0,0
USGS-444412093281600,3,0,44.7366299,-93.4713404,0,0
USGS-444414093293400,3,0,44.7371853,-93.4930079,0,0
311176,6,0,44.73932902,6.440122587,0,0
311177,6,0,44.73932902,6.440122587,0,0
312312,12,0,44.74002778,5.123152069,0,0
USGS-05329890,2,1,44.7416291,-93.7346837,50,1
311193,3,0,44.74349807,6.768494329,0,0
311190,4,0,44.74372931,6.773453318,0,0
IT01048030,6,0,44.74389,8.85823,0,0
311178,2,0,44.74767708,6.556236473,0,0
USGS-06428500,82,0,44.74887406,-104.0516018,0,0
USGS-444458093282000,3,1,44.74940769,-93.4724517,33.33333333,1
USGS-444459093273000,3,0,44.74968556,-93.4585623,0,0
USGS-444504093272900,3,0,44.75107445,-93.4582845,0,0
310793,4,0,44.75243019,4.918731588,0,0
311175,7,0,44.75594412,6.573429786,0,0
311188,4,0,44.75621014,6.822611767,0,0
USGS-06279500,269,1,44.75856618,-108.1814972,0.371747212,0
311189,3,0,44.76017569,6.807947789,0,0
310798,4,0,44.7602353,4.734494916,0,0
312695,12,0,44.7602353,4.734494916,0,0
IT01061051,6,0,44.76235,8.68334,0,0
CAN00290,121,0,44.7636,-63.6889,0,0
USGS-06474300,20,0,44.7644217,-98.7039874,0,0
311191,1,0,44.76471897,6.739002337,0,0
311192,2,0,44.76471897,6.739002337,0,0
311181,3,0,44.76831266,6.976683709,0,0
310790,21,0,44.76834462,5.323365262,0,0
310795,51,0,44.76926817,4.825917185,0,0
SRB00018,45,0,44.7717,19.7033,0,0
311184,7,0,44.77296127,6.843783788,0,0
IT01004005,12,1,44.77626,8.00863,8.333333333,1
311113,3,0,44.77670516,5.99428795,0,0
312753,4,0,44.78066572,5.78095308,0,0
IT01001040,9,0,44.78086,7.51308,0,0
311182,3,0,44.78122705,6.938973223,0,0
311174,3,0,44.78131355,6.552456728,0,0
SRB00021,48,0,44.7847,19.3556,0,0
311109,3,0,44.78585635,6.064967084,0,0
312729,5,0,44.78603602,5.981646705,0,0
USGS-05330700,10,0,44.7885739,-93.6055126,0,0
USGS-05330706,10,0,44.7910739,-93.5980124,0,0
311173,3,0,44.79227687,6.561388671,0,0
311183,5,0,44.79388473,6.91032652,0,0
USGS-05330645,2,0,44.7963513,-93.7452402,0,0
IT01049070,12,0,44.79826,8.41884,0,0
IT01022040,12,0,44.80486,7.60102,0,0
311172,2,0,44.80569397,6.560288953,0,0
311165,3,0,44.80592498,6.564771871,0,0
311168,6,0,44.80596459,6.37309861,0,0
311169,6,0,44.80596459,6.37309861,0,0
IT01060045,7,0,44.80647,8.64052,0,0
IT01048055,9,0,44.80922,8.84946,0,0
312492,12,0,44.81079537,5.685057123,0,0
IT01030030,9,0,44.81463,7.55639,0,0
IT01030005,12,0,44.81576,7.22263,0,0
USGS-05299762,28,3,44.81663026,-96.4003278,10.71428571,1
IT01046080,12,0,44.81855,8.13487,0,0
310776,8,0,44.81876997,4.810436371,0,0
311108,3,0,44.8194602,6.18788426,0,0
IT01753002,9,0,44.82018,8.17467,0,0
USGS-06305500,313,0,44.82150278,-106.9616083,0,0
310785,4,0,44.82253775,4.608315875,0,0
310788,48,0,44.82310449,4.79842887,0,0
311106,5,0,44.82329132,6.234718288,0,0
SRB00005,44,0,44.8244,21.345,0,0
311118,8,0,44.8267017,5.913773872,0,0
311171,3,0,44.82715589,6.531821559,0,0
IT01030010,9,0,44.82935,7.36777,0,0
IT01050042,12,0,44.83024,8.36514,0,0
USGS-445002093265701,1,0,44.8338524,-93.4493962,0,0
USGS-04077400,44,0,44.83581639,-88.6251035,0,0
USGS-06285100,117,0,44.8385638,-108.4351186,0,0
USGS-04268000,112,0,44.83888889,-74.97888889,0,0
311170,3,0,44.83983864,6.486002944,0,0
310778,12,0,44.8398396,4.86468811,0,0
312002,4,0,44.8398396,4.86468811,0,0
USGS-05314510,14,0,44.83995979,-95.2391751,0,0
IT01029010,6,0,44.84369,7.38374,0,0
311096,6,0,44.84376372,6.281599029,0,0
311097,6,0,44.84376372,6.281599029,0,0
311167,3,0,44.84780237,6.489650339,0,0
310782,3,0,44.8485738,4.340967467,0,0
SRB00003,48,0,44.8489,20.4172,0,0
HR10100,15,0,44.85132,18.95954,0,0
HR10100,15,0,44.85132,18.95954,0,0
HR10100,15,0,44.85132,18.95954,0,0
310786,8,0,44.85155819,4.653131349,0,0
310775,64,0,44.85223647,4.839920189,0,0
311164,74,0,44.8605874,6.594577548,0,0
USGS-05314518,12,0,44.86162495,-95.4275162,0,0
USGS-04269000,154,0,44.8636111,-74.77888889,0,0
USGS-445149093365503,3,0,44.8636111,-93.6152778,0,0
311114,3,0,44.8682816,6.094031622,0,0
USGS-04296000,111,0,44.8689363,-72.2701041,0,0
USGS-06187950,1,0,44.86898889,-110.164775,0,0
USGS-05330920,89,2,44.8702432,-93.1924432,2.247191011,0
USGS-06324000,373,0,44.8716522,-106.0828016,0,0
SRB00010,46,0,44.8717,21.485,0,0
IT01065065,9,0,44.87268,8.60387,0,0
IT01006030,9,0,44.87274,8.11843,0,0
SRB00017,45,0,44.8781,19.0892,0,0
IT01046122,9,0,44.87941,8.3059,0,0
IT01049085,12,0,44.88092,8.50784,0,0
311119,8,0,44.88153792,5.801945454,0,0
USGS-04077100,30,0,44.88331556,-88.6348264,0,0
IT01029005,12,0,44.88529,7.28264,0,0
311163,5,0,44.88551484,6.623368747,0,0
ITA00008,39,0,44.8875,11.61666667,0,0
311162,3,0,44.88892889,6.631399428,0,0
310787,7,0,44.88912513,4.504380388,0,0
IT01002035,12,0,44.88958,8.26996,0,0
IT01046165,9,0,44.89042,8.43939,0,0
IT01004030,12,0,44.89231,8.19653,0,0
USGS-04269500,54,0,44.89277778,-74.6916667,0,0
311158,4,0,44.89397097,6.635162148,0,0
USGS-04071775,24,0,44.89527778,-87.8302778,0,0
311260,12,0,44.89767806,5.927097576,0,0
311161,3,0,44.89784134,6.63161884,0,0
USGS-04077630,36,0,44.8980311,-88.8442729,0,0
310784,15,0,44.8993667,4.48620062,0,0
311117,21,0,44.90212777,5.781105348,0,0
IT01001065,12,0,44.90868,7.69077,0,0
310783,4,0,44.90990649,4.427193939,0,0
ITA00006,26,0,44.91083333,10.38333333,0,0
IT01834010,9,0,44.91267,8.11328,0,0
311166,2,0,44.91447251,6.427361321,0,0
310781,12,0,44.91463729,4.419774267,0,0
USGS-04268230,15,0,44.91666667,-74.8883333,0,0
311157,4,0,44.91857614,6.674340518,0,0
IT01065090,9,0,44.91989,8.65389,0,0
USGS-445512092564403,2,0,44.92,-92.9455556,0,0
USGS-445516092563803,1,0,44.9211111,-92.9438889,0,0
USGS-06324970,372,0,44.9269288,-105.3533268,0,0
USGS-06188000,2,0,44.92817778,-110.3942694,0,0
311156,4,0,44.93114865,6.681508725,0,0
USGS-05311000,61,0,44.9332903,-95.7336374,0,0
USGS-04076500,5,0,44.9355358,-88.6703827,0,0
IT01046190,9,0,44.93672,8.62415,0,0
IT01235050,11,0,44.93746,6.86277,0,0
310780,4,0,44.93881345,4.387366912,0,0
311155,30,0,44.94014165,6.681530403,0,0
USGS-06479500,141,6,44.94246436,-97.1461856,4.255319149,0
311115,2,0,44.94304489,6.001661464,0,0
311116,2,0,44.94304489,6.001661464,0,0
IT01048075,7,0,44.94401,8.86494,0,0
USGS-14191000,9,0,44.9442863,-123.0428742,0,0
IT01089020,9,7,44.94532,8.70375,77.77777778,1
USGS-05305400,5,0,44.94801249,-95.7308596,0,0
IT01037010,9,0,44.94841,7.71821,0,0
USGS-06189000,1,0,44.94963889,-110.5865028,0,0
IT01303010,8,0,44.95262,7.75372,0,0
CAN00056,144,0,44.9536,-65.0025,0,0
USGS-04265446,24,0,44.9539382,-74.839082,0,0
IT01037005,9,5,44.95432,7.93293,55.55555556,1
310774,12,0,44.95656356,4.926900507,0,0
USGS-06473700,16,1,44.95914178,-98.5156502,6.25,1
311160,3,0,44.96487757,6.535744269,0,0
311122,26,0,44.96797917,6.15602272,0,0
USGS-04069530,22,0,44.9730452,-87.6551035,0,0
USGS-04132275,8,0,44.97417549,-84.0927801,0,0
311120,2,0,44.97658791,6.197933023,0,0
311121,2,0,44.97658791,6.197933023,0,0
IT01038001,6,0,44.98172,6.80571,0,0
IT01057030,4,0,44.98208,8.93174,0,0
IT01029001,6,0,44.9874,6.92177,0,0
IT01671050,6,0,44.98795,6.92041,0,0
311123,6,0,44.99058296,6.394796188,0,0
311124,6,0,44.99058296,6.394796188,0,0
USGS-06191000,2,0,44.9923444,-110.690975,0,0
IT01043010,9,0,44.99246,7.67269,0,0
SRB00009,47,0,44.9942,21.3564,0,0
USGS-06473000,55,3,44.99830768,-98.480927,5.454545455,1
ITA00004,58,0,45,7.683333333,0,0
USGS-05288840,1,0,45.00024267,-93.3277273,0,0
312360,15,0,45.00109739,5.435592957,0,0
CAN00248,70,0,45.0017,-64.8223,0,0
310763,8,0,45.00227445,4.598473742,0,0
USGS-04264331,271,0,45.0061111,-74.795,0,0
312066,4,0,45.00696093,4.615177011,0,0
311154,3,0,45.01412962,6.655853464,0,0
311159,2,0,45.01425885,6.45971923,0,0
310773,8,0,45.01518675,4.843777889,0,0
IT01032010,9,0,45.01755,7.67308,0,0
312731,12,0,45.01829413,5.69478512,0,0
311150,63,0,45.01862121,4.937285723,0,0
311153,2,0,45.0190505,6.602198519,0,0
312016,4,0,45.01912619,5.652695683,0,0
USGS-05301000,12,0,45.0213472,-95.8683648,0,0
IT01064040,9,0,45.02837,8.63306,0,0
IT01048100,9,0,45.02858,8.87643,0,0
USGS-450145093020701,15,0,45.0291324,-93.0354957,0,0
USGS-450149093054501,17,0,45.03024349,-93.0960533,0,0
IT01029002,12,0,45.03025,6.9602,0,0
310764,15,0,45.03137657,4.493925099,0,0
IT01032005,6,0,45.03493,7.45447,0,0
IT01255050,12,0,45.03895,7.31671,0,0
IT01236020,6,0,45.04166,6.82762,0,0
312072,4,0,45.04274197,5.69454407,0,0
IT01001280,12,0,45.04309,8.85141,0,0
312723,17,0,45.04346383,6.310205318,0,0
312864,10,0,45.04374804,4.927208131,0,0
USGS-450246093042501,18,0,45.04607695,-93.0738305,0,0
USGS-05368000,79,0,45.0477401,-91.9110104,0,0
ITA00007,39,0,45.05,10.75,0,0
IT01001270,9,0,45.05105,8.63204,0,0
IT01090025,8,0,45.05177,8.51896,0,0
USGS-05367500,81,1,45.05305556,-91.7119444,1.234567901,0
USGS-05292818,34,17,45.0546871,-96.6895057,50,1
USGS-06324500,507,0,45.0571972,-105.8783778,0,0
312493,12,0,45.05976438,4.956256432,0,0
310769,12,0,45.0601572,4.769245929,0,0
310576,2,0,45.06093988,5.631433051,0,0
USGS-04070720,6,0,45.06109296,-88.5234384,0,0
311141,26,0,45.06127897,5.28062433,0,0
CAN00249,105,0,45.0647,-64.6358,0,0
IT01001095,9,0,45.06507,7.69993,0,0
311140,12,0,45.06523888,5.393138561,0,0
312863,2,0,45.06896376,4.93127954,0,0
HR12002,16,0,45.06901,19.07129,0,0
HR12002,16,0,45.06901,19.07129,0,0
HR12002,16,0,45.06901,19.07129,0,0
HRV00010,48,1,45.06901,19.07129,2.083333333,0
HRV00010,48,1,45.06901,19.07129,2.083333333,0
USGS-06307560,7,0,45.0692444,-106.4102972,0,0
USGS-450412093030101,17,0,45.06996605,-93.0504967,0,0
USGS-04135020,88,0,45.07084609,-83.4377532,0,0
310768,20,0,45.07278106,4.80270912,0,0
USGS-04075350,1,0,45.0730307,-88.7084393,0,0
IT01038330,6,0,45.07306,6.89086,0,0
311152,2,0,45.07796866,6.510814204,0,0
311142,12,0,45.08498047,5.184082723,0,0
311138,10,0,45.08532909,5.531306678,0,0
311126,22,0,45.0858222,5.747023715,0,0
IT01038490,8,0,45.088,7.6411,0,0
IT01038430,6,0,45.08971,7.39946,0,0
311127,18,0,45.09021989,5.722563177,0,0
312511,12,0,45.09304045,5.693941029,0,0
311137,3,0,45.09353063,5.555478318,0,0
USGS-04067651,93,0,45.09388889,-87.5936111,0,0
HR31024,16,0,45.0954,14.02406,0,0
HR31024,16,0,45.0954,14.02406,0,0
HRV00032,50,0,45.0954,14.02406,0,0
HR31024,16,0,45.0954,14.02406,0,0
HRV00032,50,0,45.0954,14.02406,0,0
IT01044030,9,0,45.09823,7.72147,0,0
HR10007,22,0,45.09906,17.73786,0,0
HR10007,22,0,45.09906,17.73786,0,0
HRV00008,56,0,45.09906,17.73786,0,0
HR10007,22,0,45.09906,17.73786,0,0
HRV00008,56,0,45.09906,17.73786,0,0
USGS-450558093021001,16,0,45.09941076,-93.0363298,0,0
ITA00003,30,0,45.106,11.5,0,0
310771,3,0,45.10606551,4.88510972,0,0
USGS-04067648,98,0,45.10637358,-87.6356624,0,0
311125,55,0,45.11089008,6.006014762,0,0
312015,4,0,45.1113383,5.531356622,0,0
USGS-06191500,80,0,45.1121194,-110.7936667,0,0
IT01252050,12,0,45.11213,7.40262,0,0
USGS-05341510,1,0,45.12330019,-92.7454838,0,0
311136,12,0,45.12655049,5.331457183,0,0
310770,3,0,45.12666501,4.898331347,0,0
USGS-04075050,59,0,45.1271963,-88.6626059,0,0
311139,8,0,45.1319556,5.327161074,0,0
ITA00005,66,0,45.13333333,9.9825,0,0
IT01038004,12,0,45.13441,7.0734,0,0
311149,2,0,45.13476157,5.072570047,0,0
311042,3,0,45.13578083,6.419698529,0,0
IT01040010,11,0,45.13806,7.62751,0,0
IT01044015,9,0,45.13914,7.64115,0,0
IT01062045,12,1,45.13967,8.34598,8.333333333,1
312323,2,0,45.14398755,4.602257787,0,0
IT01001250,12,0,45.14416,8.54597,0,0
310684,6,0,45.14417738,4.747572998,0,0
312443,2,0,45.15632217,4.593661741,0,0
312326,2,0,45.15661286,4.697570374,0,0
312874,2,0,45.15709001,4.631212492,0,0
312324,2,1,45.15709001,4.631212492,50,1
312444,2,0,45.15956778,4.706093291,0,0
312875,2,0,45.15983056,4.567805199,0,0
312325,2,0,45.15986583,4.672422507,0,0
311148,2,0,45.16086642,5.102325596,0,0
USGS-450943092593903,4,0,45.16191149,-92.9943845,0,0
USGS-05287890,362,2,45.1632981,-93.4366212,0.552486188,0
IT01722010,12,0,45.16674,7.84029,0,0
CAN00200,85,0,45.1686,-67.3006,0,0
CAN00051,22,0,45.1694,-66.4681,0,0
CAN00052,106,1,45.16972,-67.29722,0.943396226,0
USGS-01021050,204,4,45.17,-67.2966667,1.960784314,0
RUS00016,287,0,45.17222222,38.22083333,0,0
310751,3,0,45.17230985,4.494643886,0,0
312441,2,0,45.17230985,4.494643886,0,0
IT01001160,12,0,45.17259,7.84901,0,0
311043,4,0,45.17264224,6.431574813,0,0
IT01019020,9,0,45.17358,8.54062,0,0
CAN00292,71,0,45.1739,-61.98,0,0
IT01001197,12,0,45.17488,7.99742,0,0
IT01001230,12,0,45.17519,8.29232,0,0
310762,10,0,45.17694083,4.831184867,0,0
312359,12,0,45.18129999,4.849401705,0,0
IT01045060,9,0,45.18278,7.8506,0,0
FRA00015,202,0,45.18333333,4.816666667,0,0
312327,2,0,45.18486821,4.743538896,0,0
310760,64,0,45.18538442,4.810714077,0,0
310752,2,0,45.18553229,4.519798563,0,0
312328,12,0,45.18950385,4.755900518,0,0
IT01034010,8,0,45.18961,7.86352,0,0
USGS-04074950,6,0,45.18997026,-88.7334398,0,0
311128,61,0,45.19018122,5.710516276,0,0
USGS-05283500,94,0,45.19163166,-93.394676,0,0
311039,4,0,45.19345095,6.643446346,0,0
312329,2,0,45.19366297,4.797624988,0,0
311040,26,0,45.1941616,6.630878526,0,0
311134,3,0,45.19458471,5.472702935,0,0
IT01014045,9,0,45.195,8.55203,0,0
SRB00014,47,0,45.1978,20.3186,0,0
311095,60,0,45.20199807,5.770332561,0,0
310758,2,0,45.2020282,4.73544229,0,0
311048,3,0,45.20207137,6.273400898,0,0
USGS-05340600,12,0,45.20274436,-92.7654864,0,0
IT01039025,8,0,45.20418,8.03029,0,0
310753,2,0,45.20616624,4.560620924,0,0
310759,29,0,45.20646006,4.785452935,0,0
312348,2,0,45.20661669,4.722759921,0,0
USGS-06307510,2,0,45.20775905,-106.7150549,0,0
311038,4,0,45.20983331,6.702502925,0,0
311094,3,0,45.21009042,5.938553516,0,0
311133,12,0,45.21074342,5.468631968,0,0
311047,6,0,45.21872645,6.227099994,0,0
310757,2,0,45.21895217,4.697953608,0,0
310756,43,0,45.22301418,4.689306278,0,0
311044,4,0,45.2235762,6.447751307,0,0
SRB00002,48,0,45.2244,19.8419,0,0
IT01017020,9,0,45.22652,8.50823,0,0
312000,4,0,45.22723993,4.96053596,0,0
311037,4,0,45.22754526,6.747728925,0,0
HR29020,24,0,45.2306,19.37897,0,0
HR29020,24,0,45.2306,19.37897,0,0
HRV00029,60,0,45.2306,19.37897,0,0
HR29020,24,0,45.2306,19.37897,0,0
HRV00029,60,0,45.2306,19.37897,0,0
311036,4,0,45.23106521,6.77357134,0,0
312347,2,0,45.23116238,4.676957045,0,0
312799,2,0,45.23116238,4.676957045,0,0
312523,3,0,45.23203411,5.151956659,0,0
311050,4,0,45.23225183,6.31505246,0,0
311093,12,0,45.23515233,5.977499341,0,0
310754,2,0,45.23516019,4.60994582,0,0
312344,5,0,45.23516019,4.60994582,0,0
USGS-01034500,109,1,45.2361111,-68.65138889,0.917431193,0
311045,4,0,45.23923685,6.431814043,0,0
310755,2,0,45.23988235,4.668890014,0,0
HRV00034,34,1,45.24018,13.92924,2.941176471,0
HRV00034,34,1,45.24018,13.92924,2.941176471,0
HR31071,14,1,45.24018,13.92924,7.142857143,1
HR31071,14,1,45.24018,13.92924,7.142857143,1
HR31071,14,1,45.24018,13.92924,7.142857143,1
312345,2,0,45.24029727,4.656660163,0,0
312346,13,0,45.24346398,4.66939622,0,0
311135,3,0,45.24373121,5.385009494,0,0
310750,1,0,45.24786948,4.830845981,0,0
311051,4,0,45.24789954,6.32308663,0,0
312798,2,0,45.24837304,4.677102303,0,0
HR16333,20,0,45.25251,15.54574,0,0
HR16333,20,0,45.25251,15.54574,0,0
HRV00018,50,0,45.25251,15.54574,0,0
HR16333,20,0,45.25251,15.54574,0,0
HRV00018,50,0,45.25251,15.54574,0,0
USGS-06360500,77,0,45.2558171,-100.8429214,0,0
HR14001,23,0,45.26159,16.91287,0,0
HR14001,23,0,45.26159,16.91287,0,0
HRV00012,59,0,45.26159,16.91287,0,0
HR14001,23,0,45.26159,16.91287,0,0
HRV00012,59,0,45.26159,16.91287,0,0
311046,4,0,45.26395509,6.385111733,0,0
USGS-01020000,7,0,45.2653472,-67.4757306,0,0
311035,4,0,45.26823215,6.814448538,0,0
HR10010,24,0,45.26881,16.91547,0,0
HR10010,24,0,45.26881,16.91547,0,0
HR10010,24,0,45.26881,16.91547,0,0
312797,2,0,45.26910025,4.665126817,0,0
311052,16,0,45.27341673,6.351856167,0,0
311075,2,0,45.27678133,6.077383639,0,0
311076,2,0,45.27718736,6.0689256,0,0
312352,2,0,45.27722177,4.643804174,0,0
311077,2,0,45.28108556,6.072848263,0,0
311034,21,0,45.2844259,6.810487587,0,0
311033,4,0,45.2844763,6.865473156,0,0
312350,2,0,45.28564554,4.635511855,0,0
311130,60,0,45.28891252,5.532337546,0,0
312351,2,0,45.28964638,4.600063931,0,0
311131,14,0,45.28973566,5.518615988,0,0
312739,45,0,45.29367026,4.618240204,0,0
311078,2,0,45.29444884,6.077124556,0,0
312679,8,0,45.30195163,4.823029585,0,0
IT01031050,6,0,45.30391,7.65621,0,0
311032,7,0,45.30968947,6.973053706,0,0
312796,28,0,45.31039976,4.552084838,0,0
310746,13,0,45.31130586,4.810804113,0,0
312349,2,0,45.31404905,4.634900775,0,0
312522,3,0,45.3145108,6.252475565,0,0
311053,4,0,45.31459948,6.330874681,0,0
312805,2,0,45.31467094,5.489433145,0,0
IT01100010,12,0,45.31798,8.69628,0,0
310745,2,0,45.31844366,4.827821742,0,0
310742,2,0,45.32211457,4.886818183,0,0
310744,2,0,45.32249802,4.832268211,0,0
310735,2,0,45.32341531,4.798192608,0,0
USGS-04067500,149,0,45.3258333,-87.6633333,0,0
HR30060,12,0,45.3265,14.4576,0,0
HR30060,12,0,45.3265,14.4576,0,0
HRV00001,48,0,45.3265,14.4576,0,0
HR30060,12,0,45.3265,14.4576,0,0
HRV00001,48,0,45.3265,14.4576,0,0
310743,2,0,45.32791301,4.850935454,0,0
SRB00008,47,0,45.3283,21.035,0,0
312490,2,0,45.33080834,5.531172725,0,0
HR31030,25,0,45.331,13.92255,0,0
HR31030,25,0,45.331,13.92255,0,0
HR31030,25,0,45.331,13.92255,0,0
311079,2,0,45.33322054,6.089993146,0,0
HR13004,24,0,45.33378,17.6523,0,0
HR13004,24,0,45.33378,17.6523,0,0
HRV00011,35,0,45.33378,17.6523,0,0
HR13004,24,0,45.33378,17.6523,0,0
HRV00011,35,0,45.33378,17.6523,0,0
312401,2,0,45.33541591,5.806222243,0,0
HR16221,11,0,45.33607,16.08273,0,0
HR16221,11,0,45.33607,16.08273,0,0
HRV00017,46,0,45.33607,16.08273,0,0
HR16221,11,0,45.33607,16.08273,0,0
HRV00017,46,0,45.33607,16.08273,0,0
312400,2,0,45.33934154,5.810528927,0,0
310739,1,0,45.33938821,4.977324876,0,0
USGS-14207600,945,0,45.3395648,-122.654537,0,0
312804,2,0,45.34331647,5.502295487,0,0
312485,2,0,45.34349889,5.568174408,0,0
312397,2,0,45.34405386,5.799292209,0,0
USGS-14207500,139,0,45.35067559,-122.6762044,0,0
311080,2,0,45.35158908,6.097507733,0,0
310734,2,0,45.35168035,4.822509136,0,0
312803,2,0,45.3519342,5.511041834,0,0
312978,6,0,45.35250616,4.758138153,0,0
USGS-452109122531101,317,0,45.3525222,-122.8863944,0,0
312484,2,0,45.35598111,5.593986604,0,0
HR31010,23,0,45.35755,13.73778,0,0
HR31010,23,0,45.35755,13.73778,0,0
HRV00031,58,0,45.35755,13.73778,0,0
HR31010,23,0,45.35755,13.73778,0,0
HRV00031,58,0,45.35755,13.73778,0,0
311081,2,0,45.36022514,6.098077854,0,0
310733,2,0,45.36026251,4.843476912,0,0
HR30110,16,0,45.36092,14.71644,0,0
HR30110,16,0,45.36092,14.71644,0,0
HR30110,16,0,45.36092,14.71644,0,0
USGS-05340552,2,0,45.3610744,-92.7013198,0,0
310558,15,0,45.36427559,5.752412572,0,0
311031,4,0,45.36448061,7.034916011,0,0
HRV00025,59,7,45.36497,18.79936,11.86440678,1
HRV00025,59,7,45.36497,18.79936,11.86440678,1
HR21027,24,6,45.36497,18.79936,25,1
HR21027,24,6,45.36497,18.79936,25,1
HR21027,24,6,45.36497,18.79936,25,1
IT01052060,9,0,45.36519,8.86027,0,0
USGS-452155122475801,48,0,45.36536389,-122.799561,0,0
USGS-14206748,26,0,45.367896,-122.8573209,0,0
310732,2,0,45.36863713,4.844193992,0,0
310738,2,0,45.36899961,4.994158621,0,0
USGS-452220122473401,107,0,45.37228056,-122.7928417,0,0
311030,4,0,45.37233236,7.060141923,0,0
312483,2,0,45.37261908,5.618885245,0,0
IT01014025,9,0,45.37269,8.39976,0,0
HR16572,21,0,45.37281,15.3556,0,0
HR16572,21,0,45.37281,15.3556,0,0
HRV00020,53,0,45.37281,15.3556,0,0
HR16572,21,0,45.37281,15.3556,0,0
HRV00020,53,0,45.37281,15.3556,0,0
311054,4,0,45.37291467,6.285127405,0,0
USGS-04129500,8,0,45.37445696,-84.5150313,0,0
USGS-14206750,894,0,45.3748404,-122.8564876,0,0
310737,2,0,45.37659416,5.006120331,0,0
312482,2,0,45.37707246,5.631866957,0,0
USGS-06307615,34,0,45.37749209,-106.4964221,0,0
IT01113010,9,0,45.37942,8.50762,0,0
USGS-14207050,1258,187,45.3795639,-122.6978721,14.86486486,1
311003,4,0,45.38133561,6.498228114,0,0
311004,8,0,45.38133561,6.498228114,0,0
USGS-14206760,56,0,45.38150726,-122.8267647,0,0
USGS-14206970,49,2,45.382619,-122.7403733,4.081632653,0
USGS-452301122442301,241,19,45.3836722,-122.7397639,7.883817427,1
312481,2,0,45.38453984,5.635611016,0,0
310731,2,0,45.38495087,4.880301218,0,0
310730,2,0,45.38574917,4.901851509,0,0
USGS-14206960,1200,0,45.38595217,-122.7573183,0,0
USGS-14206740,1107,2,45.38817368,-122.8517655,0.180668473,0
IT01112010,9,0,45.38842,8.56877,0,0
312795,6,0,45.38899132,4.747918711,0,0
311082,1,0,45.38999922,6.080324786,0,0
311091,14,0,45.38999922,6.080324786,0,0
IT01009060,12,1,45.3901,8.3654,8.333333333,1
HRV00026,46,1,45.39014,18.19419,2.173913043,0
HRV00026,46,1,45.39014,18.19419,2.173913043,0
HR21030,16,1,45.39014,18.19419,6.25,1
HR21030,16,1,45.39014,18.19419,6.25,1
HR21030,16,1,45.39014,18.19419,6.25,1
312802,10,0,45.39362393,5.52705871,0,0
USGS-14206700,16,0,45.3940066,-122.8987114,0,0
USGS-14206785,133,13,45.3942851,-122.7984307,9.77443609,1
IT01416015,12,0,45.39578,8.36588,0,0
IT01007030,8,0,45.39613,8.29372,0,0
USGS-452350122454101,53,0,45.3971583,-122.7613889,0,0
310736,2,0,45.39775856,5.068742695,0,0
310728,2,0,45.39788338,4.918288714,0,0
312398,2,0,45.39842352,5.739881845,0,0
USGS-452355122470500,116,0,45.3984861,-122.7847722,0,0
IT01058030,12,0,45.39925,8.81779,0,0
IT01053050,12,0,45.40085,8.60421,0,0
USGS-14206670,194,2,45.4012285,-122.9384349,1.030927835,0
USGS-14206680,60,0,45.4020619,-122.927879,0,0
USGS-14206950,1317,1,45.403452,-122.7548185,0.075930144,0
IT01033010,9,0,45.4055,7.90083,0,0
311083,2,0,45.41018295,6.085961219,0,0
312406,6,0,45.41102317,5.860201194,0,0
310997,24,0,45.41195402,6.706312503,0,0
IT01721010,12,0,45.41212,8.20626,0,0
USGS-452448122450801,2,0,45.41336389,-122.7521389,0,0
312741,30,0,45.41408507,4.736231918,0,0
312733,3,0,45.41477599,4.535137696,0,0
312399,4,0,45.41491794,5.752609037,0,0
USGS-452455122451501,65,0,45.41525278,-122.7542083,0,0
IT01034030,12,0,45.4154,7.55818,0,0
USGS-452501122453001,1,0,45.4170583,-122.7582389,0,0
USGS-14206690,1177,0,45.41789517,-122.9209346,0,0
312407,5,0,45.41831635,5.851814402,0,0
312801,2,0,45.4186718,5.521887953,0,0
312740,29,0,45.418914,4.647950123,0,0
IT01058020,9,0,45.42091,8.69736,0,0
310557,1,0,45.42298176,5.860381691,0,0
312405,2,0,45.42298176,5.860381691,0,0
312410,4,0,45.4230511,5.564444972,0,0
USGS-452525122455701,1,0,45.4237333,-122.7658139,0,0
USGS-14206650,56,1,45.4253948,-122.9609359,1.785714286,0
USGS-452536122462501,1,0,45.426725,-122.773736,0,0
311084,2,0,45.42732492,6.09388936,0,0
USGS-452541122453401,84,7,45.42807778,-122.7595278,8.333333333,1
USGS-452547122465900,190,0,45.42956268,-122.7842642,0,0
USGS-14206942,1,0,45.42956275,-122.7739861,0,0
311085,2,0,45.43048868,6.0981084,0,0
SRB00007,47,0,45.4319,20.8639,0,0
IT01034050,12,0,45.43234,7.40913,0,0
IT01804010,11,1,45.43344,8.13849,9.090909091,1
USGS-452601122470901,53,0,45.43351389,-122.7858583,0,0
USGS-452601122470701,1,0,45.43367778,-122.7853417,0,0
USGS-14206938,226,2,45.4348403,-122.7998203,0.884955752,0
311089,2,0,45.43516303,6.024801174,0,0
311090,2,0,45.43516303,6.024801174,0,0
312408,16,0,45.43526987,5.757354707,0,0
USGS-452611122473501,1,0,45.43635278,-122.79315,0,0
USGS-14206600,55,44,45.4384502,-122.9753809,80,1
311087,2,0,45.43942422,6.0535032,0,0
312722,15,0,45.4397805,5.048268863,0,0
311092,54,0,45.44022811,6.006372025,0,0
USGS-14206935,54,1,45.4406737,-122.7792643,1.851851852,0
IT01415005,9,0,45.44118,8.34003,0,0
USGS-452631122463101,1,0,45.4417737,-122.7765475,0,0
USGS-452635122471801,2,0,45.4431444,-122.7882639,0,0
310563,2,0,45.443215,5.627328871,0,0
311086,2,0,45.44337529,6.080175961,0,0
USGS-452637123142501,228,0,45.44373889,-123.2402722,0,0
310998,4,0,45.44379985,6.660423032,0,0
310999,8,0,45.44393318,6.639055317,0,0
IT01034040,10,1,45.44472,7.20419,10,1
USGS-452648122473101,1,0,45.44663889,-122.7920139,0,0
312404,2,0,45.44724309,5.881440067,0,0
310996,4,0,45.44773739,6.689684444,0,0
311001,4,0,45.44786444,6.564324532,0,0
311007,8,0,45.44786444,6.564324532,0,0
311000,8,0,45.44810396,6.586175029,0,0
312391,8,0,45.44853918,5.73559719,0,0
USGS-14206500,376,0,45.44983918,-122.9512138,0,0
USGS-14206933,379,1,45.4498404,-122.7637084,0.263852243,0
310987,25,0,45.45215929,7.014505176,0,0
HR31040,22,0,45.45271,13.65463,0,0
HR31040,22,0,45.45271,13.65463,0,0
HRV00033,53,0,45.45271,13.65463,0,0
HR31040,22,0,45.45271,13.65463,0,0
HRV00033,53,0,45.45271,13.65463,0,0
USGS-452712122474901,2,0,45.4532611,-122.7969583,0,0
USGS-452712122474001,1,1,45.45339167,-122.7945583,100,1
USGS-14206928,457,1,45.4573401,-122.7964872,0.218818381,0
USGS-14203000,226,0,45.458725,-123.1556634,0,0
310995,3,0,45.46039889,6.747595751,0,0
312832,2,0,45.46062918,5.176639451,0,0
311002,4,0,45.46449714,6.531513133,0,0
312411,2,0,45.46489871,5.661102342,0,0
311061,8,0,45.46530138,6.160036293,0,0
USGS-452756122502501,223,0,45.46555278,-122.84015,0,0
HR16451,24,0,45.46592,15.55984,0,0
HR16451,24,0,45.46592,15.55984,0,0
HRV00019,56,0,45.46592,15.55984,0,0
HR16451,24,0,45.46592,15.55984,0,0
HRV00019,56,0,45.46592,15.55984,0,0
USGS-452758122472601,1,0,45.46608889,-122.7906139,0,0
USGS-452801122512501,15,0,45.4669194,-122.8569194,0,0
USGS-14202300,329,0,45.4673339,-123.2917776,0,0
310702,4,0,45.46787228,5.109026491,0,0
USGS-14202980,492,0,45.46927968,-123.200109,0,0
USGS-452811122471701,1,0,45.4697944,-122.7880194,0,0
USGS-01041900,1,0,45.4700487,-70.0645083,0,0
USGS-14206925,595,2,45.4709512,-122.7748202,0.336134454,0
USGS-452816122455501,1,0,45.4712361,-122.7651778,0,0
USGS-05274750,7,1,45.4713548,-93.6641329,14.28571429,1
USGS-452819122445501,2,0,45.471875,-122.7486444,0,0
USGS-14206490,48,3,45.472339,-122.947325,6.25,1
312785,3,0,45.47260757,4.776926485,0,0
310703,2,0,45.47278427,5.03499935,0,0
311074,4,0,45.47333813,6.055631225,0,0
USGS-14203500,866,0,45.4748365,-123.124274,0,0
USGS-14206372,291,1,45.4748397,-122.8323219,0.343642612,0
USGS-452832122452901,1,0,45.47548889,-122.7579722,0,0
USGS-06288200,113,0,45.47703889,-108.0079639,0,0
312363,8,0,45.47709892,5.689790234,0,0
311062,9,0,45.47789121,6.131175086,0,0
USGS-452842122450101,1,0,45.4781624,-122.751414,0,0
USGS-14206460,86,0,45.47817237,-122.9412139,0,0
USGS-452843122445001,2,0,45.4786722,-122.747236,0,0
USGS-452844122495001,245,47,45.47901389,-122.830636,19.18367347,1
USGS-04074548,14,1,45.4794072,-88.9978921,7.142857143,1
FRA00010,72,0,45.48,4.22,0,0
USGS-14206480,1,0,45.48095029,-122.9137132,0,0
311073,4,0,45.48106962,6.069496015,0,0
310689,12,0,45.48109352,4.527455869,0,0
USGS-452853122422701,1,0,45.4813083,-122.707575,0,0
311008,40,0,45.48133399,6.527021921,0,0
USGS-452855123142501,1,0,45.48190278,-123.2402972,0,0
USGS-452856122422701,1,0,45.48214167,-122.707436,0,0
311056,61,0,45.48229357,6.289244514,0,0
USGS-04074560,6,0,45.48385126,-89.0256706,0,0
USGS-452903122445101,1,0,45.4840472,-122.7473639,0,0
310704,4,0,45.48520208,4.994361522,0,0
310707,4,0,45.48520208,4.994361522,0,0
312836,2,0,45.48520208,4.994361522,0,0
312784,2,0,45.48549578,4.760652617,0,0
USGS-452908122444601,1,0,45.485525,-122.7460694,0,0
USGS-452908122435201,51,0,45.48555556,-122.7172222,0,0
USGS-452910122434601,1,0,45.48604167,-122.72945,0,0
USGS-14204840,1,1,45.48650459,-123.0389944,100,1
USGS-452912122444501,2,0,45.4867,-122.745775,0,0
USGS-452913122432301,1,0,45.48697778,-122.723125,0,0
USGS-452916122434901,1,0,45.48783889,-122.7302333,0,0
USGS-14206900,20,0,45.4878958,-122.7348194,0,0
USGS-04074538,15,1,45.48829647,-88.9637249,6.666666667,1
USGS-452918122431901,1,0,45.4883944,-122.7218222,0,0
USGS-452919122441701,1,0,45.48860278,-122.7379306,0,0
USGS-452920122440701,1,0,45.4890194,-122.7353,0,0
310706,3,0,45.4893074,5.167748524,0,0
311063,16,0,45.48972323,6.148609719,0,0
310705,2,0,45.4897806,5.19771524,0,0
USGS-14206295,899,0,45.49011666,-122.9514922,0,0
312392,2,0,45.49015085,5.718887408,0,0
USGS-452928122472301,72,0,45.49097778,-122.7897917,0,0
IT01182010,9,0,45.49288,8.57588,0,0
USGS-14204650,88,0,45.49289246,-123.092329,0,0
310994,4,0,45.49394815,6.551676789,0,0
USGS-452939122502301,56,4,45.49403889,-122.8396944,7.142857143,1
312412,3,0,45.49405992,5.71030562,0,0
IT01052043,9,0,45.49415,8.77461,0,0
310690,29,0,45.49416492,4.556425645,0,0
USGS-14204865,2,0,45.49511599,-123.0195496,0,0
USGS-452949122494500,9,2,45.496784,-122.8303777,22.22222222,1
310708,2,0,45.49734855,4.974215922,0,0
310710,2,0,45.49738247,5.143399037,0,0
310714,3,0,45.49762216,4.931631296,0,0
310570,8,0,45.49763467,5.485446721,0,0
USGS-04074520,14,0,45.4977415,-88.911224,0,0
311070,4,0,45.49861315,6.102400809,0,0
USGS-14206255,10,2,45.4995608,-122.9862155,20,1
USGS-14206270,12,7,45.49956086,-122.9806598,58.33333333,1
USGS-452959123145801,1,0,45.4996694,-123.2493972,0,0
USGS-14204660,102,0,45.5,-123.0891722,0,0
USGS-14206241,937,0,45.50011635,-122.9912157,0,0
USGS-453004122510301,497,8,45.5009505,-122.852045,1.609657948,0
312396,4,0,45.50183626,5.710930367,0,0
311068,8,0,45.50191914,6.043851562,0,0
311009,4,0,45.50200888,6.507109745,0,0
310712,4,0,45.50203567,5.069495159,0,0
USGS-14204670,5,3,45.50205919,-123.0842735,60,1
USGS-14204800,955,0,45.5020597,-123.0562173,0,0
310711,4,0,45.50220898,5.109361692,0,0
312829,2,0,45.5023148,5.155999328,0,0
USGS-14206450,535,0,45.5023388,-122.9478811,0,0
312450,27,0,45.50252073,4.572871461,0,0
310573,8,0,45.50253163,5.410643426,0,0
HR30011,15,0,45.50496,14.70061,0,0
HR30011,15,0,45.50496,14.70061,0,0
HR30011,15,0,45.50496,14.70061,0,0
USGS-14204860,1,1,45.50539356,-123.0259388,100,1
IT01033035,12,0,45.50543,7.74274,0,0
USGS-453020122501501,127,0,45.50564167,-122.8374444,0,0
310709,4,0,45.50624413,4.952493863,0,0
310717,4,0,45.50644906,5.065110267,0,0
311010,4,0,45.5066078,6.490271766,0,0
311067,4,0,45.5069841,6.024167564,0,0
USGS-453026123063401,233,0,45.5071472,-123.1093667,0,0
USGS-14204830,1,0,45.5076151,-123.0612174,0,0
USGS-453028122502901,9,0,45.5078472,-122.8413,0,0
USGS-453030122560101,440,0,45.5081944,-122.9335,0,0
312828,4,0,45.51036574,5.197732258,0,0
312827,4,0,45.51044496,4.939392359,0,0
310716,4,0,45.51046843,4.922641277,0,0
312459,3,0,45.51049814,5.95620855,0,0
USGS-14204530,678,0,45.51066967,-123.1156632,0,0
310713,4,0,45.51073774,4.998293971,0,0
USGS-04074542,9,0,45.5116294,-88.9673366,0,0
IT01008010,9,0,45.51222,8.03377,0,0
USGS-06307730,2,0,45.5127762,-106.1575107,0,0
310696,6,0,45.51414315,4.96475621,0,0
310715,2,0,45.51414315,4.96475621,0,0
312837,4,0,45.51433882,4.944080329,0,0
310988,4,0,45.51439543,6.914520366,0,0
USGS-453056122521801,9,0,45.51565,-122.8717389,0,0
USGS-14211720,564,0,45.5175,-122.6691667,0,0
311069,4,0,45.51831872,6.13096924,0,0
312320,4,0,45.51845034,5.960340075,0,0
IT01058005,11,0,45.51872,8.60998,0,0
USGS-14206200,987,0,45.5198381,-123.0106608,0,0
USGS-14206435,498,0,45.5206722,-122.8995466,0,0
USGS-453115122542701,262,0,45.52070278,-122.90745,0,0
USGS-453115122530801,324,0,45.52075278,-122.8855806,0,0
USGS-14206445,680,16,45.52372768,-122.9092692,2.352941176,0
USGS-14206443,460,0,45.5240053,-122.9348254,0,0
310724,25,0,45.52749871,4.880734348,0,0
310718,2,0,45.5276492,4.909981312,0,0
USGS-453145122535801,79,0,45.52921389,-122.899511,0,0
USGS-453146123012501,36,0,45.52941667,-123.0235889,0,0
USGS-14206426,252,5,45.5301167,-122.8728793,1.984126984,0
311006,55,0,45.53132657,6.598208154,0,0
312833,4,0,45.53149099,5.085413582,0,0
USGS-14206425,448,0,45.53233895,-122.8676014,0,0
USGS-453158123001701,260,0,45.5326833,-123.0046972,0,0
USGS-453202122514201,1,0,45.53382778,-122.8616583,0,0
310719,8,0,45.53467448,4.910238093,0,0
312826,2,0,45.53467448,4.910238093,0,0
310723,4,0,45.53471943,4.910240187,0,0
USGS-453208122513001,1,0,45.5355611,-122.8584667,0,0
312393,2,0,45.53578333,5.673050056,0,0
USGS-453209123061601,35,0,45.53581389,-123.1044528,0,0
312830,4,0,45.53602744,5.131291242,0,0
312834,2,0,45.53604597,5.085529467,0,0
312460,4,0,45.53606512,5.965104242,0,0
USGS-453214122512501,411,0,45.5371111,-122.856861,0,0
USGS-14206441,139,0,45.5381718,-122.9359367,0,0
USGS-14205850,329,0,45.53872627,-123.0417729,0,0
310701,2,0,45.53976697,4.876378936,0,0
310692,29,0,45.5398769,4.648291415,0,0
IT01009040,9,0,45.54062,8.17874,0,0
USGS-453229123101101,338,0,45.5413111,-123.1695889,0,0
USGS-05274700,7,0,45.5416335,-93.8141406,0,0
USGS-453232122553401,139,22,45.5420861,-122.9259972,15.82733813,1
USGS-14206180,305,1,45.5428935,-123.004272,0.327868852,0
310722,2,0,45.54347255,4.939469738,0,0
310559,1,0,45.54349186,5.677250119,0,0
312394,3,0,45.54349186,5.677250119,0,0
312461,4,0,45.54401259,5.881811053,0,0
USGS-14206421,238,2,45.54483899,-122.8395452,0.840336134,0
IT01053037,12,0,45.54602,8.55754,0,0
USGS-453248122495001,1,0,45.5466472,-122.8306528,0,0
USGS-453249122494701,214,20,45.5470222,-122.8296917,9.345794393,1
USGS-453249122471901,1,0,45.5470472,-122.788736,0,0
USGS-453250122494501,1,0,45.5473472,-122.8291417,0,0
HRV00016,33,0,45.54752,15.85785,0,0
HRV00016,33,0,45.54752,15.85785,0,0
310993,4,0,45.54849532,6.622897309,0,0
311065,4,0,45.5489381,6.152256872,0,0
USGS-453258122531701,24,4,45.5494333,-122.888,16.66666667,1
USGS-453302122473901,1,0,45.5504222,-122.7941167,0,0
USGS-453303122474301,1,0,45.5509361,-122.7952167,0,0
IT01011035,12,0,45.55108,8.18233,0,0
310720,2,0,45.55188633,5.039788044,0,0
310721,4,0,45.55250547,4.9685935,0,0
USGS-453317122483801,1,0,45.55470278,-122.8105306,0,0
USGS-14206419,494,3,45.55511685,-122.8081555,0.607287449,0
USGS-453320122483701,2,0,45.55561389,-122.810261,0,0
USGS-453321122483401,177,0,45.55585,-122.809436,0,0
311057,4,0,45.55594902,6.255409737,0,0
310551,2,0,45.55625871,5.981008191,0,0
312458,4,0,45.55629624,5.960869348,0,0
310554,2,0,45.55719673,5.884935247,0,0
CAN00251,67,0,45.5578,-61.9039,0,0
USGS-14206338,16,2,45.55928305,-122.876213,12.5,1
USGS-05270500,6,0,45.55968715,-94.2336033,0,0
312395,2,0,45.5598928,5.668320306,0,0
310556,2,0,45.56019406,6.026849177,0,0
311012,54,0,45.56077655,6.4644175,0,0
USGS-453339122481301,298,0,45.56089167,-122.803725,0,0
IT01016015,9,0,45.56337,8.17414,0,0
311011,8,0,45.56442412,6.743277068,0,0
310572,21,2,45.56460829,5.372901526,9.523809524,1
311058,4,0,45.5648527,6.197915809,0,0
310571,8,0,45.56767507,5.510824302,0,0
310700,4,0,45.56853438,4.872564829,0,0
310992,4,0,45.568827,6.715003218,0,0
312515,4,0,45.56882945,5.939320664,0,0
312521,8,0,45.56882945,5.939320664,0,0
USGS-14206070,90,0,45.5726155,-122.991772,0,0
312454,4,0,45.57264367,5.934579968,0,0
310548,1,0,45.57679349,5.797654525,0,0
310549,4,0,45.57679349,5.797654525,0,0
IT01416002,11,0,45.57692,8.32691,0,0
312514,4,0,45.57707268,5.90203127,0,0
IT01410005,12,0,45.57922,8.05045,0,0
SRB00016,47,0,45.58,20.76,0,0
310698,4,0,45.58021241,4.944644214,0,0
310695,7,0,45.58070618,4.985378076,0,0
310697,4,1,45.58070618,4.985378076,25,1
312455,4,0,45.58119169,5.906434014,0,0
310694,64,0,45.58126447,4.781413996,0,0
310699,2,0,45.58132097,4.905986586,0,0
312452,4,0,45.58164263,5.98555106,0,0
IT02016IRVA1,4,0,45.582,7.79821,0,0
FRA00020,60,0,45.58333333,4.778888889,0,0
SRB00013,46,0,45.585,20.1417,0,0
311028,55,0,45.5855595,6.269257546,0,0
310693,65,0,45.58582336,4.760629657,0,0
USGS-453510122593301,89,0,45.58607778,-122.9924194,0,0
USGS-14048000,127,0,45.5876278,-120.4094919,0,0
USGS-06307740,242,0,45.58838889,-106.2550556,0,0
IT01052022,12,0,45.58957,8.70386,0,0
310564,42,0,45.59001819,5.635387707,0,0
HRV00022,49,1,45.59097,18.73661,2.040816327,0
HRV00022,49,1,45.59097,18.73661,2.040816327,0
HR21001,16,1,45.59097,18.73661,6.25,1
HR21001,16,1,45.59097,18.73661,6.25,1
HR21001,16,1,45.59097,18.73661,6.25,1
IT0210411VA1,4,0,45.59152,7.79355,0,0
HR15223,19,0,45.59212,17.00003,0,0
HR15223,19,0,45.59212,17.00003,0,0
HRV00013,47,0,45.59212,17.00003,0,0
HR15223,19,0,45.59212,17.00003,0,0
HRV00013,47,0,45.59212,17.00003,0,0
USGS-453535123035001,92,0,45.593,-123.0639472,0,0
310991,12,0,45.59361549,6.751733849,0,0
312456,4,0,45.59382681,5.893938591,0,0
USGS-06192500,102,0,45.5972111,-110.5664972,0,0
310989,4,0,45.60205099,6.86516261,0,0
USGS-06471000,93,11,45.6035795,-98.3103756,11.82795699,1
310688,8,0,45.60581948,4.769532873,0,0
310561,4,0,45.60608661,5.659502493,0,0
IT01058002,4,0,45.60766,8.57407,0,0
USGS-14105700,37,0,45.60827778,-121.1899167,0,0
310575,51,0,45.61023527,5.222716181,0,0
HR21005,16,0,45.6119,18.80114,0,0
HR21005,16,0,45.6119,18.80114,0,0
HRV00023,38,0,45.6119,18.80114,0,0
HR21005,16,0,45.6119,18.80114,0,0
HRV00023,38,0,45.6119,18.80114,0,0
USGS-14128910,215,0,45.6123396,-122.0275838,0,0
310687,6,0,45.61432473,4.772930722,0,0
310562,5,0,45.61434814,5.643521381,0,0
312449,12,0,45.61448892,5.614122615,0,0
IT020434VA1,4,0,45.61467,7.34206,0,0
310990,26,0,45.6148689,6.827699004,0,0
312513,4,0,45.6186873,5.87697434,0,0
USGS-13331500,179,0,45.6198669,-117.7265892,0,0
USGS-14103000,126,0,45.6220678,-120.9056203,0,0
311005,8,0,45.62273977,6.78540869,0,0
312451,4,0,45.62363166,6.010238515,0,0
IT0210410VA1,4,0,45.62378,7.82144,0,0
HR15351,24,0,45.62653,16.55835,0,0
HR15351,24,0,45.62653,16.55835,0,0
HR15351,24,0,45.62653,16.55835,0,0
HRV00014,53,1,45.62653,16.55835,1.886792453,0
HRV00014,53,1,45.62653,16.55835,1.886792453,0
310565,12,0,45.62665775,5.61460799,0,0
310522,2,0,45.62688225,5.877007371,0,0
312457,4,0,45.62688225,5.877007371,0,0
310506,5,0,45.62721792,6.086299885,0,0
310671,4,0,45.62747256,4.894308161,0,0
311013,4,0,45.62747953,6.440542596,0,0
IT021040441VA1,2,0,45.62777,7.84247,0,0
310675,8,0,45.63196207,4.822645186,0,0
USGS-04132052,182,1,45.6339007,-84.4811465,0.549450549,0
310666,2,0,45.63484547,4.96863902,0,0
312466,4,0,45.63498962,5.91884115,0,0
310667,2,0,45.63544696,4.918143494,0,0
310668,2,0,45.63544696,4.918143494,0,0
IT020435VA1,4,0,45.63692,7.3079,0,0
IT021049VA1,4,0,45.63969,7.85223,0,0
312464,4,0,45.64278549,5.860625043,0,0
310501,13,0,45.64312795,6.188773876,0,0
310664,63,0,45.64370847,4.826671161,0,0
310665,46,0,45.64370847,4.826671161,0,0
HR16008,22,0,45.64526,15.35644,0,0
HR16008,22,0,45.64526,15.35644,0,0
HR16008,22,0,45.64526,15.35644,0,0
310523,64,0,45.6485,5.8728,0,0
SRB00015,47,3,45.65,20.8033,6.382978723,1
310503,1,0,45.65152762,6.164604119,0,0
IT021040402VA1,4,0,45.653,7.8628,0,0
IT020121VA1,2,0,45.6532,7.6731,0,0
310502,10,0,45.65657668,6.169383777,0,0
USGS-06357800,75,0,45.65777405,-100.8181933,0,0
IT020945VA1,4,0,45.66377,7.68408,0,0
CAN00205,87,0,45.6641,-67.7336,0,0
310566,8,0,45.66430619,5.614120309,0,0
312439,1,0,45.66485988,4.397466379,0,0
FRA00009,161,0,45.66666667,4.2,0,0
IT02015VA1,4,0,45.66775,7.67881,0,0
USGS-14144805,21,0,45.66872718,-122.7448214,0,0
310686,4,0,45.66882637,4.756080453,0,0
312467,4,0,45.6695082,5.906374812,0,0
310685,8,0,45.67001425,4.597391502,0,0
IT021048VA1,4,0,45.67254,7.85733,0,0
312871,4,0,45.67282289,6.161060818,0,0
310505,6,0,45.67291032,6.143968493,0,0
USGS-14211920,21,0,45.67511635,-122.6937094,0,0
312448,12,0,45.67724546,5.555757467,0,0
310580,4,0,45.6774992,6.136041109,0,0
310504,3,0,45.68163421,6.165666413,0,0
311027,4,0,45.68547186,6.39781524,0,0
310508,9,0,45.68611464,6.123355211,0,0
310513,8,0,45.68611464,6.123355211,0,0
310691,10,0,45.68911546,4.743572728,0,0
310507,10,0,45.68982028,6.115428258,0,0
IT020944VA1,4,0,45.69344,7.71613,0,0
310524,4,0,45.69386115,5.901243671,0,0
310525,8,0,45.69386115,5.901243671,0,0
310546,11,0,45.69789104,5.673227662,0,0
310397,1,0,45.69937541,4.461377866,0,0
310541,5,0,45.70184042,5.752584882,0,0
311022,61,0,45.7019,6.4069,0,0
312472,5,0,45.70209526,5.906670119,0,0
310540,5,0,45.70304635,5.781329684,0,0
USGS-14211955,31,0,45.7031714,-122.7206547,0,0
IT0209VA2,5,0,45.70337,7.21728,0,0
IT020456VA1,4,0,45.70369,7.16185,0,0
USGS-14301000,118,0,45.7039986,-123.755405,0,0
IT0208VA1,3,0,45.70402,7.1607,0,0
IT01052010,6,0,45.70436,8.65139,0,0
312682,12,0,45.70644663,5.910764963,0,0
HRV00024,56,4,45.70867,18.29429,7.142857143,1
HRV00024,56,4,45.70867,18.29429,7.142857143,1
HR21012,21,2,45.70867,18.29429,9.523809524,1
HR21012,21,2,45.70867,18.29429,9.523809524,1
HR21012,21,2,45.70867,18.29429,9.523809524,1
312332,8,0,45.7096399,5.547220081,0,0
IT020562VA1,3,0,45.7118,6.93985,0,0
311026,4,0,45.71415069,6.444364316,0,0
IT01081010,11,0,45.71426,8.44695,0,0
312838,1,0,45.71445011,5.260328854,0,0
310509,6,0,45.71471085,6.102739464,0,0
311023,4,0,45.71494645,6.568679103,0,0
310578,16,0,45.71539407,5.156302794,0,0
IT0207VA1,4,0,45.71675,7.10935,0,0
311025,20,0,45.71826718,6.507521118,0,0
312468,3,0,45.7189213,6.002090899,0,0
312469,4,0,45.7189213,6.002090899,0,0
IT02014VA1,3,0,45.72161,7.6659,0,0
312839,1,0,45.72264431,5.230941852,0,0
311024,4,0,45.72281152,6.551599794,0,0
310510,2,0,45.72322702,6.107473431,0,0
312471,4,0,45.72368485,5.927222206,0,0
USGS-14213050,21,0,45.72594887,-122.7350996,0,0
IT020711VA1,4,0,45.72685,7.25064,0,0
310511,4,0,45.72746333,6.09460444,0,0
312810,3,0,45.72746333,6.09460444,0,0
312475,12,0,45.72763699,5.923162093,0,0
310398,1,0,45.72809602,4.49823699,0,0
IT02010VA1,4,0,45.72895,7.33533,0,0
310663,6,0,45.73099361,4.77729168,0,0
312820,2,0,45.73126593,6.306220897,0,0
IT020752VA1,4,0,45.73166,7.28773,0,0
IT020766VA1,3,0,45.73173,7.34012,0,0
IT020563VA1,3,0,45.73419,6.95971,0,0
312470,4,0,45.73571292,5.965347969,0,0
IT02011VA1,4,0,45.73872,7.4221,0,0
IT02DBL105,3,0,45.73874,7.39291,0,0
312840,1,0,45.73941008,5.235289653,0,0
USGS-05270170,14,0,45.74024279,-94.950855,0,0
IT02013VA1,4,0,45.74107,7.64568,0,0
USGS-454433094581100,6,0,45.74246499,-94.9700223,0,0
IT021046VA1,4,0,45.74266,7.85094,0,0
IT020943VA1,3,0,45.74367,7.7466,0,0
IT020858VA1,3,0,45.74527,7.6121,0,0
IT0206VA1,4,0,45.74649,7.05434,0,0
IT01053010,12,0,45.74751,8.4587,0,0
311021,8,0,45.74771081,6.411097308,0,0
312512,4,0,45.74780368,5.931630189,0,0
312873,5,0,45.75155121,6.402591862,0,0
IT020765VA1,4,0,45.75372,7.32011,0,0
IT020552VA1,5,0,45.75562,7.03511,0,0
312818,2,0,45.75593838,6.223918437,0,0
310495,11,0,45.75601285,5.781538087,0,0
USGS-14113000,151,0,45.75651098,-121.2100714,0,0
IT020564VA1,4,0,45.76249,6.98872,0,0
USGS-04063700,422,1,45.7636111,-88.4636111,0.236966825,0
311019,4,0,45.76386052,6.477916414,0,0
312821,2,0,45.76399409,6.268369969,0,0
311020,4,0,45.76443147,6.368713512,0,0
312545,2,0,45.76443147,6.368713512,0,0
312544,2,0,45.76519875,6.357291395,0,0
FRA00016,105,0,45.76666667,4.8,0,0
USGS-06295250,95,0,45.76715,-106.5698583,0,0
IT021045VA1,4,0,45.76803,7.832,0,0
IT0204VA1,5,0,45.76874,6.98176,0,0
310579,51,0,45.7696,5.1859,0,0
310512,6,0,45.77325706,6.040767886,0,0
IT020800011VA1,3,0,45.7735,7.4419,0,0
312542,1,0,45.77702065,6.314763053,0,0
310399,1,0,45.77736983,4.572962181,0,0
USGS-05270150,13,0,45.77940928,-94.9814122,0,0
312474,4,0,45.78053583,5.935506526,0,0
312333,8,0,45.7808,5.4554,0,0
USGS-040590345,124,0,45.78107879,-87.0676365,0,0
310567,2,0,45.78129806,5.485112979,0,0
312819,2,0,45.78180492,6.227389663,0,0
HR29111,24,0,45.78311,18.20061,0,0
HR29111,24,0,45.78311,18.20061,0,0
HR29111,24,0,45.78311,18.20061,0,0
IT01106010,12,0,45.78381,8.39029,0,0
312822,2,0,45.78538665,6.235745903,0,0
312823,14,0,45.78538665,6.235745903,0,0
312743,2,0,45.78897726,6.714544592,0,0
IT020764VA1,4,0,45.79304,7.30885,0,0
310544,8,0,45.79405969,5.681056064,0,0
312688,8,0,45.79447042,5.444462829,0,0
311017,4,0,45.79784849,6.490142156,0,0
310417,64,0,45.79793895,4.831861362,0,0
IT021044VA1,4,0,45.799,7.82312,0,0
USGS-06214500,168,0,45.8001194,-108.4680306,0,0
312541,2,0,45.80188613,6.339314826,0,0
310514,3,0,45.80328184,6.026116194,0,0
312816,2,0,45.80490534,6.1445781,0,0
IT020570082VA1,5,0,45.80982,6.96235,0,0
310400,1,0,45.80992317,4.593547452,0,0
310659,64,0,45.81160917,5.089241013,0,0
IT020856VA1,4,0,45.81346,7.58984,0,0
310538,9,0,45.81350511,5.747984191,0,0
311016,4,0,45.81426463,6.51080254,0,0
310658,55,0,45.814679,5.213027266,0,0
310401,10,0,45.81507363,4.602830491,0,0
IT01053005,12,0,45.81534,8.46585,0,0
IT020850022VA1,4,0,45.82137,7.58725,0,0
IT020760043VA2,4,0,45.82239,7.32353,0,0
311015,24,0,45.82296774,6.535455778,0,0
310402,1,0,45.82736349,4.610537578,0,0
IT020763VA1,3,0,45.82962,7.35232,0,0
USGS-05270120,13,0,45.8316314,-94.9194664,0,0
312077,4,0,45.83260148,5.230681238,0,0
IT021042VA1,4,0,45.83321,7.8197,0,0
IT020850151VA1,2,0,45.83421,7.60569,0,0
312364,4,0,45.83561881,5.994604787,0,0
HRV00015,48,1,45.83885,16.82186,2.083333333,0
HRV00015,48,1,45.83885,16.82186,2.083333333,0
HR15353,22,1,45.83885,16.82186,4.545454545,0
HR15353,22,1,45.83885,16.82186,4.545454545,0
HR15353,22,1,45.83885,16.82186,4.545454545,0
310404,61,0,45.83953581,4.603378759,0,0
312817,2,0,45.83982416,6.160006311,0,0
USGS-06307830,206,0,45.8403861,-106.2234333,0,0
USGS-04057521,80,0,45.84080655,-86.6687522,0,0
310543,3,0,45.8434354,5.560511485,0,0
311018,8,0,45.84362037,6.506578477,0,0
311973,12,0,45.84377297,5.740243945,0,0
312848,3,0,45.84380918,6.410115661,0,0
310568,2,0,45.84446795,5.427008183,0,0
312812,3,0,45.84493973,5.973013397,0,0
310407,2,0,45.84764441,4.718720226,0,0
310515,2,0,45.84816056,5.964542393,0,0
312746,2,0,45.84876133,6.735428854,0,0
312744,2,0,45.85482659,6.730691154,0,0
SRB00001,47,0,45.855,18.8642,0,0
310520,64,0,45.8565,5.8021,0,0
310521,12,0,45.8565,5.8021,0,0
310405,6,0,45.85659815,4.652295119,0,0
SRB00033,45,0,45.8581,18.9078,0,0
312747,3,0,45.86009738,6.731695954,0,0
312849,3,0,45.86048217,6.335872305,0,0
312814,2,0,45.86056102,5.964698226,0,0
HR10017,23,0,45.86245,15.68806,0,0
HR10017,23,0,45.86245,15.68806,0,0
HR10017,23,0,45.86245,15.68806,0,0
IT021041VA1,4,0,45.86369,7.81165,0,0
310396,2,0,45.86373882,4.660164158,0,0
310535,2,0,45.8642,5.706,0,0
310536,8,0,45.8642,5.706,0,0
310406,2,0,45.86467266,4.69806847,0,0
312850,11,0,45.86479587,6.326914535,0,0
310516,4,0,45.8651946,5.944084312,0,0
312815,2,0,45.8651946,5.944084312,0,0
IT01101010,9,0,45.86629,8.39776,0,0
IT020570081VA1,2,0,45.86905,7.04696,0,0
310518,31,0,45.87305941,5.939756497,0,0
310517,4,0,45.87306587,5.939748798,0,0
312806,2,0,45.87341497,6.106534777,0,0
HR29010,24,0,45.87471,18.82924,0,0
HR29010,24,0,45.87471,18.82924,0,0
HR29010,24,0,45.87471,18.82924,0,0
310403,1,0,45.87669587,4.481637927,0,0
310531,3,0,45.8777,5.6775,0,0
IT020760041VA1,3,0,45.87797,7.3069,0,0
310533,2,0,45.8782343,5.689112553,0,0
IT01055010,12,0,45.88088,8.40492,0,0
310534,2,0,45.88110608,5.710070376,0,0
310569,64,0,45.88150822,5.347795315,0,0
312685,4,0,45.88166349,5.051778164,0,0
IT020941VA2,1,0,45.88489,7.74147,0,0
310409,2,0,45.88538588,4.727040068,0,0
312852,3,0,45.88587712,6.327186376,0,0
312977,8,0,45.88587712,6.327186376,0,0
312853,2,0,45.88967589,6.305907653,0,0
310395,2,0,45.89017531,4.598394772,0,0
USGS-06295400,42,0,45.8924987,-106.401404,0,0
USGS-06470980,33,2,45.89302277,-98.1706582,6.060606061,1
312860,2,0,45.89342533,6.119354887,0,0
310496,12,0,45.89440822,6.29778038,0,0
312809,2,0,45.89788005,5.922817079,0,0
310498,8,0,45.89788111,6.269175123,0,0
310415,2,0,45.89790712,4.818726114,0,0
312808,2,0,45.90142162,5.923096534,0,0
312976,8,0,45.90142162,5.923096534,0,0
312043,4,0,45.901644,5.973328674,0,0
310394,5,0,45.90215739,4.581439847,0,0
312681,8,0,45.90215739,4.581439847,0,0
310499,58,0,45.90218642,6.056723143,0,0
USGS-06217500,173,0,45.9042861,-108.3196972,0,0
310391,4,0,45.9060057,4.573751046,0,0
310420,4,0,45.90610393,6.838883418,0,0
310393,2,0,45.9064153,4.58990159,0,0
312854,2,0,45.90668551,6.206072097,0,0
310422,4,0,45.90675029,6.702422285,0,0
312979,11,0,45.90703308,6.105854819,0,0
312745,3,0,45.90758068,6.702275156,0,0
312421,3,0,45.91058702,6.089700985,0,0
310392,2,1,45.91064187,4.511114261,50,1
312748,3,0,45.91072674,6.668492056,0,0
310388,2,0,45.9107961,4.573869197,0,0
310410,59,0,45.9111728,4.727786978,0,0
310530,16,1,45.91124686,5.668792406,6.25,1
312752,2,0,45.91450081,6.607097674,0,0
310421,28,0,45.91477196,6.772948522,0,0
312071,4,0,45.91477196,6.772948522,0,0
310431,1,0,45.91487022,6.706664191,0,0
312684,4,0,45.91488551,5.231588102,0,0
312889,3,0,45.91489679,6.706664369,0,0
310413,2,0,45.91856404,4.876867704,0,0
310414,2,0,45.91856404,4.876867704,0,0
312367,8,0,45.9191,5.4016,0,0
310532,3,0,45.91910318,5.710323429,0,0
312316,4,0,45.91915347,6.672997247,0,0
310390,2,0,45.92246543,4.472593087,0,0
310654,12,0,45.92316978,5.223195364,0,0
312315,4,0,45.92741557,6.724619232,0,0
312887,2,0,45.92786989,6.768884352,0,0
312750,2,0,45.93076936,6.614903428,0,0
IT01070010,6,0,45.93215,8.57088,0,0
USGS-14019250,58,0,45.93235486,-119.3291842,0,0
IT01055020,6,0,45.93333,8.44386,0,0
312857,1,0,45.93496188,6.127341771,0,0
310519,63,0,45.93522065,5.847686871,0,0
310369,2,0,45.93524436,4.646654561,0,0
310412,4,0,45.9356717,4.723132404,0,0
IT01051060,6,0,45.93753,8.44379,0,0
311974,6,0,45.9394,5.5319,0,0
IT01069010,11,0,45.93954,8.57782,0,0
312418,2,0,45.94048593,6.164712544,0,0
312751,2,0,45.9433609,6.635483447,0,0
312419,5,0,45.94355358,6.160884698,0,0
312371,2,0,45.94378499,6.05143854,0,0
312888,3,0,45.94381476,6.714364124,0,0
312760,2,0,45.94382627,6.501812642,0,0
312763,3,0,45.94385299,6.49791043,0,0
HR29120,24,0,45.94547,17.46169,0,0
HR29120,24,0,45.94547,17.46169,0,0
HR29120,24,0,45.94547,17.46169,0,0
312764,2,0,45.94763987,6.435761387,0,0
USGS-06470875,90,6,45.94774725,-98.1751025,6.666666667,1
310411,6,0,45.94821697,4.747227824,0,0
310652,20,0,45.94871177,5.477419388,0,0
USGS-04057005,38,0,45.9516396,-86.2484744,0,0
310387,2,0,45.95184585,4.527192955,0,0
310370,2,0,45.95225662,4.665081927,0,0
310380,64,0,45.95258669,4.732286298,0,0
312765,3,0,45.95593992,6.38099723,0,0
310655,5,0,45.95661962,5.289144442,0,0
312705,4,0,45.95675294,4.338465011,0,0
312314,4,0,45.96401076,6.910047936,0,0
312855,5,0,45.96532972,6.28966851,0,0
312861,3,0,45.96881179,6.168872236,0,0
310374,2,0,45.96912983,4.686417955,0,0
312680,3,0,45.96933762,4.135798948,0,0
USGS-04057004,199,0,45.971639,-86.2431974,0,0
SRB00012,45,12,45.9717,20.3217,26.66666667,1
312724,4,0,45.97618473,4.168787553,0,0
310373,4,1,45.97619424,4.676436902,25,1
310497,3,0,45.97712096,5.473817737,0,0
310375,4,0,45.97732571,4.693741693,0,0
312714,4,0,45.97733231,4.155306199,0,0
310423,58,0,45.9775338,6.631449558,0,0
312761,1,0,45.977542,6.385504791,0,0
310363,2,0,45.98085594,4.638978686,0,0
310362,2,0,45.98149199,4.606837665,0,0
312920,2,0,45.98156851,6.02336827,0,0
310366,2,0,45.9853151,4.671552872,0,0
310364,5,0,45.98550527,4.665123069,0,0
310378,12,0,45.98590945,4.739446928,0,0
310528,4,0,45.98606984,5.684772065,0,0
310493,29,0,45.98639608,5.848421588,0,0
312703,4,0,45.98947891,4.343964221,0,0
312704,4,0,45.98947891,4.343964221,0,0
310419,4,0,45.98964549,6.930796838,0,0
310526,2,0,45.99348765,5.693066766,0,0
312930,2,0,45.99360392,5.848252005,0,0
312859,3,0,45.99368125,6.239082597,0,0
IT01051050,6,0,45.99643,8.31113,0,0
312710,4,0,45.99715629,4.290332376,0,0
310490,8,0,45.99730428,5.793426315,0,0
310360,6,0,45.99767006,4.694137682,0,0
312713,4,0,45.99767898,4.251976734,0,0
310359,2,0,46.00149942,4.659393252,0,0
312754,1,0,46.00189261,6.539306418,0,0
312856,4,0,46.00208031,6.194963243,0,0
312727,3,0,46.00210625,4.247949992,0,0
310358,2,0,46.0056763,4.6103732,0,0
312701,4,0,46.00627199,4.364857512,0,0
310357,2,0,46.00651813,4.589810783,0,0
IT01683050,2,0,46.00831,8.26566,0,0
312369,2,0,46.00953432,6.130615096,0,0
310386,4,0,46.00985858,4.496934989,0,0
310356,2,0,46.0101519,4.584524771,0,0
310432,3,0,46.01034637,6.530906557,0,0
312921,2,0,46.01041035,6.00195148,0,0
312922,2,0,46.01072074,5.981646433,0,0
312792,4,0,46.01097137,4.106542912,0,0
310361,4,0,46.01422341,4.724058674,0,0
312374,9,1,46.01423391,5.031476644,11.11111111,1
312914,2,0,46.01443707,6.102194847,0,0
312915,2,0,46.0146159,6.089717196,0,0
310657,8,1,46.01463304,5.589533531,12.5,1
312756,1,0,46.01468606,6.53995432,0,0
312926,2,0,46.01493201,5.947764885,0,0
312700,4,0,46.01497865,4.380472541,0,0
USGS-04057496,8,0,46.01524265,-86.6943134,0,0
312927,2,0,46.01844647,5.939270032,0,0
310492,6,0,46.01854523,5.872899375,0,0
310355,4,1,46.01869133,4.722525247,25,1
312372,3,0,46.01926382,6.393558166,0,0
310491,15,0,46.02194595,6.148029457,0,0
312928,2,0,46.02279218,5.909811109,0,0
310350,2,0,46.02333456,4.6414593,0,0
310489,8,0,46.0268095,5.802951142,0,0
312702,4,0,46.02683985,4.352330887,0,0
310385,4,0,46.0268554,4.49766774,0,0
312711,4,0,46.02736087,4.286174709,0,0
310353,2,0,46.03093275,4.681881082,0,0
310351,2,0,46.03121864,4.668642026,0,0
310352,4,0,46.03121864,4.668642026,0,0
312929,2,0,46.03153937,5.89002176,0,0
310467,1,0,46.03183039,6.931313571,0,0
312370,2,0,46.03548433,6.035502995,0,0
312390,2,0,46.03549582,6.077135566,0,0
310424,4,0,46.0356533,6.610440128,0,0
312918,2,0,46.03934,6.031386811,0,0
312917,2,0,46.03958735,6.06081148,0,0
312890,1,0,46.04357556,6.61073002,0,0
312686,8,4,46.04420988,5.381710265,50,1
310428,1,0,46.04755211,6.63177808,0,0
310651,8,0,46.04772974,5.327153415,0,0
310341,2,0,46.04776363,4.756519245,0,0
310469,1,0,46.04777649,6.94361964,0,0
312757,2,0,46.05169189,6.548040078,0,0
312925,2,0,46.05184313,5.985207635,0,0
312924,2,0,46.05218542,5.977081907,0,0
310345,2,0,46.05532122,4.655213902,0,0
310342,2,0,46.05618029,4.593736344,0,0
312699,4,0,46.05654784,4.398157464,0,0
USGS-04127925,70,0,46.0569591,-84.6569935,0,0
312728,4,0,46.05707693,4.319305128,0,0
HR18002,24,0,46.05929,15.71493,0,0
HR18002,24,0,46.05929,15.71493,0,0
HRV00021,58,0,46.05929,15.71493,0,0
HR18002,24,0,46.05929,15.71493,0,0
HRV00021,58,0,46.05929,15.71493,0,0
310346,5,0,46.06004944,4.668888104,0,0
312791,4,0,46.06009651,4.206085623,0,0
310343,2,0,46.06015491,4.618611224,0,0
312893,3,0,46.06084927,6.747777237,0,0
310347,9,0,46.06442504,4.71428297,0,0
312910,2,0,46.06469676,6.16093971,0,0
312378,2,1,46.06470658,4.902270173,50,1
312709,4,0,46.06472215,4.314783026,0,0
ITA00002,80,0,46.06666667,11.11333333,0,0
310433,4,0,46.06845962,6.49788114,0,0
312759,3,0,46.06857901,6.452408187,0,0
312435,2,0,46.06865309,5.323639194,0,0
312790,4,0,46.06879431,4.273613392,0,0
310348,2,0,46.06892106,4.740242583,0,0
312434,2,0,46.06908679,5.310119686,0,0
312758,3,0,46.06916803,6.539848262,0,0
312433,2,0,46.0694,5.3313,0,0
IT01835010,12,0,46.06997,8.57348,0,0
310438,16,0,46.0721828,6.468054332,0,0
310320,2,0,46.07268286,5.035356253,0,0
312898,3,0,46.0729456,6.489582596,0,0
312767,1,0,46.07327708,6.340547764,0,0
312892,3,0,46.07383998,6.822776265,0,0
310650,7,0,46.07652966,5.45648211,0,0
310439,12,0,46.07714912,6.429246603,0,0
312708,4,0,46.08123563,4.310786029,0,0
312432,14,0,46.0812365,5.343638796,0,0
312379,2,1,46.08189143,4.898234257,50,1
312894,3,0,46.08487587,6.697517408,0,0
312691,2,0,46.08518112,4.702062813,0,0
312698,4,0,46.08538064,4.385487829,0,0
312317,4,0,46.08560169,6.385708031,0,0
310443,4,0,46.08603557,6.356088075,0,0
310437,4,0,46.08946744,6.502824092,0,0
310440,8,0,46.08946744,6.502824092,0,0
310294,8,0,46.08953528,5.147476646,0,0
312768,1,0,46.08983701,6.359926652,0,0
USGS-460529118564400,1,0,46.09124526,-118.9466689,0,0
310649,30,0,46.0927,5.4067,0,0
312377,2,2,46.093017,4.956232648,100,1
312891,1,0,46.09324759,6.844327468,0,0
310435,15,0,46.09426116,6.665250425,0,0
310436,12,0,46.09440909,6.64559577,0,0
FRA00018,129,0,46.1,5.8925,0,0
USGS-460602118551800,1,0,46.10041209,-118.9227787,0,0
312431,2,0,46.10127758,5.377755315,0,0
312697,4,0,46.10204534,4.389658347,0,0
312902,3,0,46.10233574,6.585356568,0,0
310324,1,0,46.10604254,4.981357227,0,0
312318,4,0,46.1066712,6.352075195,0,0
312895,3,0,46.11010438,6.560612568,0,0
312375,2,0,46.1104407,4.968482839,0,0
310334,2,0,46.1105874,4.586055686,0,0
312382,2,0,46.11081265,4.77719298,0,0
USGS-06355310,87,0,46.1111169,-103.0393349,0,0
310429,1,0,46.1113658,6.594090296,0,0
USGS-06295500,32,0,46.11282778,-106.452925,0,0
310441,8,0,46.11420053,6.552184387,0,0
SRB00035,48,0,46.1144,20.0869,0,0
310381,2,0,46.11447831,4.493675099,0,0
312897,2,0,46.11449133,6.502314163,0,0
310340,2,0,46.11485531,4.764684608,0,0
310635,4,0,46.11494813,5.552007826,0,0
FRA00008,212,0,46.11666667,4.066666667,0,0
310335,2,0,46.11859827,4.634742282,0,0
312380,2,0,46.11912075,4.897586656,0,0
310298,8,0,46.11966882,5.193706599,0,0
312386,2,0,46.12323503,5.535737531,0,0
312696,4,0,46.12376133,4.388340932,0,0
310336,2,0,46.12376732,4.660168518,0,0
USGS-460731098053302,3,0,46.1252456,-98.0928795,0,0
USGS-460731098053817,22,0,46.1252456,-98.0942684,0,0
310337,2,0,46.12672409,4.68107329,0,0
312342,4,0,46.1268445,5.539636626,0,0
310331,5,0,46.12689368,4.635344114,0,0
310332,2,0,46.12689368,4.635344114,0,0
312896,3,0,46.12692535,6.498544098,0,0
310339,33,0,46.12693036,4.716455857,0,0
310487,6,0,46.12716912,5.822808863,0,0
310321,24,0,46.12724055,4.922902831,0,0
312908,3,0,46.1276668,6.489900831,0,0
310338,2,0,46.13119025,4.69368946,0,0
312381,2,0,46.13120477,4.797833693,0,0
310634,3,0,46.1347736,5.540395486,0,0
310330,2,0,46.13515837,4.622853667,0,0
312909,2,0,46.13543275,6.472134999,0,0
310636,2,0,46.13576966,5.54797041,0,0
312904,3,0,46.13599083,6.518261169,0,0
USGS-06470830,142,2,46.13885667,-98.1156571,1.408450704,0
312901,2,0,46.13948227,6.622944853,0,0
310472,8,0,46.14012442,5.960163171,0,0
312907,2,0,46.14040242,6.477467257,0,0
312900,3,0,46.14372188,6.652231831,0,0
310329,2,0,46.14397507,4.60580396,0,0
312715,2,0,46.14409921,5.61877288,0,0
313024,8,0,46.14428804,6.069100506,0,0
310307,8,0,46.14444693,5.135798142,0,0
312335,2,0,46.144449,5.543868571,0,0
310471,64,0,46.14468397,5.965091024,0,0
312885,2,0,46.14512177,6.389404945,0,0
USGS-14244200,154,0,46.1453901,-122.914278,0,0
312772,1,0,46.1455535,6.268243665,0,0
USGS-06054500,224,0,46.1465722,-111.4202778,0,0
310322,2,0,46.1484019,4.868481356,0,0
USGS-06355308,1,0,46.1494508,-103.0573908,0,0
310444,65,0,46.15169415,6.27283521,0,0
310486,8,0,46.15181377,5.799722702,0,0
IT01072010,11,0,46.15196,8.30076,0,0
310313,8,0,46.15196949,5.189688508,0,0
312903,3,0,46.15297501,6.532738346,0,0
312331,16,0,46.15554703,5.810487686,0,0
312385,1,0,46.15626154,5.597839979,0,0
312884,2,0,46.15669069,6.402311673,0,0
310327,2,0,46.1601755,4.556287152,0,0
310323,14,0,46.16060626,4.84028312,0,0
310637,7,0,46.16072144,5.551809115,0,0
310434,3,0,46.16089525,6.618615222,0,0
312776,1,0,46.16096117,6.239922198,0,0
CHE00006,556,0,46.16277778,5.977777778,0,0
310328,2,0,46.16440655,4.568043868,0,0
312693,4,0,46.16443904,4.718309149,0,0
CHE00007,262,0,46.16472222,8.911388889,0,0
312879,2,0,46.16556094,6.336291305,0,0
312502,2,0,46.16848308,6.715164564,0,0
312881,15,0,46.16916664,6.251995049,0,0
310445,4,0,46.16919195,6.273061818,0,0
310641,22,0,46.17296176,5.568884495,0,0
312336,8,0,46.17446929,5.547865987,0,0
312880,1,0,46.17629562,6.30189322,0,0
310484,1,0,46.17743716,5.736715498,0,0
310446,4,0,46.1778066,6.189688138,0,0
310449,2,0,46.18122001,6.72224764,0,0
312883,1,0,46.18124792,6.419431964,0,0
312376,2,0,46.18141988,4.809374862,0,0
312678,4,0,46.18141988,4.809374862,0,0
310304,4,0,46.18158588,4.989629607,0,0
310494,8,0,46.18508468,6.18547908,0,0
USGS-04058570,8,0,46.1852254,-87.566247,0,0
310643,4,0,46.18530826,5.544222893,0,0
312422,8,0,46.18544521,5.268312862,0,0
310450,2,0,46.18587833,6.673585484,0,0
312906,2,0,46.18603192,6.497538542,0,0
310326,2,0,46.18609393,4.531701938,0,0
310644,3,0,46.18925654,5.526955822,0,0
310485,2,0,46.18970305,5.822805374,0,0
310477,7,0,46.19390536,5.73973414,0,0
310478,2,0,46.19390536,5.73973414,0,0
311977,12,0,46.19462925,5.385381749,0,0
USGS-14247400,87,0,46.1956657,-123.4317959,0,0
312436,2,0,46.19755845,6.398512851,0,0
312878,1,0,46.19755845,6.398512851,0,0
312692,27,0,46.19792629,4.789752617,0,0
312503,2,0,46.19805028,6.68962152,0,0
312498,2,0,46.19859787,6.681484234,0,0
310476,4,0,46.20193132,5.748250127,0,0
312689,2,0,46.20193998,4.781573738,0,0
312504,2,0,46.20215137,6.690043127,0,0
310457,2,0,46.20217015,6.685296544,0,0
312505,2,0,46.2022285,6.677129967,0,0
312430,2,0,46.20270905,5.401784681,0,0
USGS-04127915,8,0,46.2047391,-84.6978316,0,0
312437,1,0,46.20603949,6.398378858,0,0
312337,12,0,46.20670065,5.535499213,0,0
312001,4,0,46.20989758,5.606860544,0,0
312516,6,0,46.20989758,5.606860544,0,0
310458,10,0,46.20994174,6.672295645,0,0
312553,2,0,46.2103366,6.576886443,0,0
310483,2,0,46.2103641,5.860293323,0,0
310451,1,0,46.21047236,6.723249738,0,0
310305,8,0,46.2118439,4.984923319,0,0
312510,2,0,46.21395135,6.762115759,0,0
312507,2,0,46.21433023,6.568478696,0,0
CAN00197,32,0,46.215983,-67.727978,0,0
USGS-13353200,175,0,46.2162458,-119.0238957,0,0
310319,5,0,46.21879992,4.744911224,0,0
310317,2,0,46.22253248,4.685570575,0,0
312554,2,0,46.22260138,6.543921775,0,0
310303,4,0,46.22267702,5.022481798,0,0
310308,8,0,46.22275744,5.009478829,0,0
310315,1,0,46.22749877,4.831839192,0,0
310318,2,0,46.22768608,4.723885033,0,0
310645,2,0,46.22781442,5.564852014,0,0
USGS-06308400,138,0,46.22835556,-105.6906083,0,0
USGS-04061100,10,0,46.229395,-88.70013399,0,0
310640,3,0,46.23045252,5.623398216,0,0
312383,3,0,46.23045252,5.623398216,0,0
310452,2,0,46.23134682,6.656779251,0,0
310453,2,0,46.23149036,6.648317839,0,0
310219,4,0,46.23178475,4.527674559,0,0
310106,2,0,46.23494167,4.444196783,0,0
313022,12,0,46.23541499,6.018889007,0,0
313029,8,0,46.23541499,6.018889007,0,0
312334,1,0,46.23608572,5.672865212,0,0
312339,8,0,46.236434,5.548147603,0,0
IT2111184,12,0,46.23709,11.18765,0,0
USGS-06294940,74,1,46.23858056,-107.1371472,1.351351351,0
310223,4,0,46.23968497,4.586177336,0,0
310224,2,0,46.24005373,4.581527903,0,0
310314,46,0,46.24084997,4.809686545,0,0
HR29130,24,0,46.24131,16.93828,0,0
HR29130,24,0,46.24131,16.93828,0,0
HR29130,24,0,46.24131,16.93828,0,0
310459,2,0,46.24345804,6.643572262,0,0
312877,1,0,46.2438275,6.460867887,0,0
310107,4,0,46.24386549,4.430124406,0,0
IT2111117,12,0,46.24408,11.20519,0,0
310475,15,0,46.24425544,5.796961973,0,0
312429,2,0,46.24431413,5.435567544,0,0
310316,2,0,46.24456021,4.765097015,0,0
312428,2,0,46.2479433,5.427307227,0,0
USGS-06294995,128,0,46.24973056,-106.8069472,0,0
IT01066010,12,0,46.25076,8.32875,0,0
312039,4,0,46.25185356,4.748237245,0,0
310454,2,0,46.25202942,6.63133396,0,0
IT2111190,12,0,46.25208,11.19516,0,0
310455,2,0,46.25208063,6.62311498,0,0
310104,2,0,46.25214194,4.401851496,0,0
312555,2,0,46.2522091,6.531624012,0,0
USGS-12510500,515,0,46.25346748,-119.4780794,0,0
310259,1,0,46.25584955,5.33999271,0,0
310280,56,0,46.25619285,5.193931065,0,0
310220,2,0,46.2567909,4.543777116,0,0
310447,3,0,46.25738912,6.723024154,0,0
IT2111189,12,0,46.25859,11.21168,0,0
USGS-06326300,74,0,46.26074167,-105.2934028,0,0
310105,2,0,46.26434531,4.397589249,0,0
312530,2,0,46.26444371,6.727289207,0,0
310225,2,0,46.26446986,4.584852244,0,0
USGS-06296003,141,0,46.26463056,-106.4752306,0,0
312526,2,0,46.26495791,6.835408025,0,0
312529,2,0,46.26504424,6.732468571,0,0
310647,24,0,46.26795748,5.534359647,0,0
310108,2,0,46.26914471,4.41477073,0,0
310648,4,0,46.27275504,5.517231642,0,0
310309,55,0,46.27320055,4.856502334,0,0
310217,2,0,46.27324239,4.492898244,0,0
310110,2,0,46.27340329,4.419173018,0,0
310261,1,0,46.27686518,5.306857347,0,0
312508,2,0,46.27725056,6.552350129,0,0
312497,2,0,46.27757935,6.722660778,0,0
312527,2,0,46.27766558,6.821605036,0,0
310629,2,0,46.28086952,5.668409237,0,0
310460,2,0,46.28159687,6.618192487,0,0
312506,12,0,46.28159687,6.618192487,0,0
312531,2,0,46.28177179,6.706909347,0,0
312427,2,0,46.28192857,5.430195057,0,0
312424,7,0,46.28204977,5.923647341,0,0
310263,1,0,46.285269,5.231807801,0,0
310287,48,0,46.2853112,4.781605307,0,0
312496,12,0,46.28531876,6.735450892,0,0
310221,2,0,46.28539835,4.559943215,0,0
312341,12,0,46.28999668,5.589705254,0,0
312973,4,0,46.29060448,6.256652826,0,0
312951,4,0,46.29061254,6.407006404,0,0
HR21085,24,0,46.291,16.73833,0,0
HR21085,24,0,46.291,16.73833,0,0
HRV00027,60,0,46.291,16.73833,0,0
HR21085,24,0,46.291,16.73833,0,0
HRV00027,60,0,46.291,16.73833,0,0
USGS-04032919,3,2,46.29161497,-89.1543067,66.66666667,1
310630,2,0,46.29207188,5.659944032,0,0
312528,2,0,46.29342559,6.776628371,0,0
312559,2,0,46.29356899,6.53997061,0,0
310448,12,0,46.29383982,6.760535731,0,0
312556,2,0,46.29401461,6.552077834,0,0
313021,24,0,46.29438476,5.527243448,0,0
312959,4,0,46.29717571,6.380742236,0,0
IT2111186,12,0,46.29781,11.22667,0,0
USGS-04032915,3,0,46.2980036,-89.1726403,0,0
312366,4,0,46.29854062,6.393331756,0,0
312067,6,0,46.30145985,4.765010279,0,0
312974,4,0,46.302852,6.247751419,0,0
312532,10,0,46.30725061,6.67829927,0,0
312426,2,0,46.31045512,5.45157315,0,0
310482,4,0,46.31052377,5.944025084,0,0
USGS-12506000,24,0,46.3109589,-120.788125,0,0
313004,2,0,46.3111,5.5355,0,0
312944,4,0,46.31177907,6.440247377,0,0
USGS-12473520,125,0,46.31263545,-119.2589057,0,0
312533,2,0,46.3139831,6.680567333,0,0
313025,4,0,46.31472311,6.123190079,0,0
312425,2,0,46.31492385,5.448167525,0,0
312945,4,0,46.31495231,6.423338069,0,0
310262,1,0,46.31568746,5.281238933,0,0
310631,2,0,46.31792178,5.659767606,0,0
310470,2,0,46.31862195,6.606000291,0,0
312946,4,0,46.32300571,6.435437078,0,0
312509,2,0,46.3230331,6.581546464,0,0
312547,2,0,46.32309059,6.593633574,0,0
312546,2,0,46.32344905,6.593353148,0,0
312534,2,0,46.32670694,6.664795271,0,0
312535,2,0,46.32670694,6.664795271,0,0
312501,2,0,46.32678142,6.597831746,0,0
310292,1,0,46.32698866,4.889083451,0,0
312311,2,0,46.33047101,5.444241983,0,0
310293,2,0,46.33089415,4.876595951,0,0
312548,2,0,46.3312562,6.580895184,0,0
310288,11,0,46.33212193,4.738767401,0,0
312041,4,0,46.33212193,4.738767401,0,0
USGS-06057000,48,0,46.33473889,-111.5313722,0,0
312962,4,0,46.33521431,6.348562808,0,0
312936,4,0,46.33531017,6.480686708,0,0
312536,2,0,46.33549921,6.631390057,0,0
312500,2,0,46.33885551,6.6262592,0,0
312308,2,0,46.33906638,5.435466254,0,0
311976,4,0,46.33919462,5.326531306,0,0
312539,2,0,46.33936683,6.627086318,0,0
312964,4,0,46.33977492,6.356420339,0,0
312310,2,0,46.34004111,5.443723993,0,0
312683,4,0,46.34061698,6.376043315,0,0
IT2111179,4,0,46.34252,11.30262,0,0
CAN00058,40,0,46.3455,-63.6328,0,0
310290,2,0,46.34866633,4.902096396,0,0
310291,1,0,46.34866633,4.902096396,0,0
312307,2,0,46.34886346,5.410304375,0,0
CHE00005,696,0,46.35083333,6.886111111,0,0
310481,4,0,46.35135328,5.977005756,0,0
312947,4,0,46.35206553,6.402569703,0,0
312309,2,0,46.35259311,5.455436468,0,0
313006,2,0,46.35265776,5.538865204,0,0
311975,4,0,46.35537019,5.273063336,0,0
312937,4,0,46.35544549,6.447391191,0,0
USGS-06470500,149,4,46.35552489,-98.3045433,2.684563758,0
312306,1,0,46.355587,5.430556829,0,0
310265,1,0,46.35565262,5.272934771,0,0
312549,2,0,46.35593372,6.52648928,0,0
312538,2,0,46.35666687,6.655070588,0,0
312537,2,0,46.35964444,6.676710492,0,0
312499,2,0,46.36009056,6.702249607,0,0
312938,4,0,46.36051149,6.443999657,0,0
IT2111185,12,0,46.36398,11.25744,0,0
312550,2,0,46.36402159,6.516483831,0,0
310626,48,0,46.36405348,5.714692686,0,0
CAN00057,94,0,46.3656,-60.975,0,0
310461,2,0,46.36860248,6.785740393,0,0
313010,2,0,46.36912721,5.531484822,0,0
310480,3,0,46.36921339,5.997742516,0,0
312025,4,0,46.3727,5.5394,0,0
USGS-04044840,8,0,46.37276487,-85.7820768,0,0
310227,33,0,46.37687895,4.606381562,0,0
312305,2,0,46.3775,5.4357,0,0
310473,40,0,46.38049957,6.506368167,0,0
312023,4,0,46.382,5.8518,0,0
USGS-06308500,284,0,46.3845944,-105.8455222,0,0
310625,4,0,46.38557686,5.86513261,0,0
312303,2,0,46.3856,5.4398,0,0
310646,14,0,46.3904,5.6556,0,0
312304,12,0,46.3932,5.4472,0,0
CAN00362,112,0,46.3933,-63.6586,0,0
313008,4,0,46.39346572,5.548923597,0,0
310462,2,0,46.39382229,6.801812514,0,0
310479,12,0,46.39686793,6.040242746,0,0
USGS-12324200,24,0,46.39765,-112.7425389,0,0
312423,6,0,46.39791843,5.114361821,0,0
USGS-06296120,185,0,46.3980582,-105.8955602,0,0
312108,4,0,46.3988,5.8647,0,0
310474,2,0,46.39949012,6.515019231,0,0
USGS-04047980,8,0,46.40025397,-86.0284819,0,0
310285,4,0,46.40232222,4.868929122,0,0
HR29160,24,0,46.40282,16.15485,0,0
HR29160,24,0,46.40282,16.15485,0,0
HR29160,24,0,46.40282,16.15485,0,0
312301,2,0,46.40315219,5.452291029,0,0
310286,3,0,46.40627099,4.855987122,0,0
310284,4,0,46.40638163,4.794363343,0,0
312302,2,0,46.4103904,5.456496491,0,0
IT2111115,12,0,46.41333,11.3143,0,0
310283,23,0,46.41549727,4.777106546,0,0
HR29210,23,0,46.42017,16.69367,0,0
HR29210,23,0,46.42017,16.69367,0,0
HR29210,23,0,46.42017,16.69367,0,0
313015,4,0,46.42232056,5.568361541,0,0
312299,2,0,46.4225785,5.468339431,0,0
310282,60,0,46.422587,4.968569117,0,0
313016,4,0,46.42304885,5.560561162,0,0
313018,4,0,46.42333089,5.576809674,0,0
310266,1,0,46.42681344,5.247926216,0,0
310281,12,0,46.42732519,5.065079258,0,0
USGS-13343500,11,0,46.42793735,-117.1651631,0,0
313013,8,0,46.43038314,5.547137111,0,0
310268,3,0,46.43039246,5.235259743,0,0
310269,8,1,46.43579975,5.277556674,12.5,1
CAN00195,73,0,46.4394,-67.7444,0,0
313003,8,0,46.43966506,5.560707566,0,0
313014,2,0,46.44026608,5.592866635,0,0
312298,1,0,46.44347184,5.456438828,0,0
310270,8,1,46.44414284,5.23961906,12.5,1
USGS-05058700,61,0,46.4469123,-97.6792652,0,0
CAN00059,86,0,46.453,-62.3825,0,0
313012,4,0,46.45624877,5.535590599,0,0
312296,2,0,46.45625735,5.460837012,0,0
312297,2,0,46.45625735,5.460837012,0,0
310278,90,0,46.45665929,4.906871107,0,0
USGS-06349930,86,3,46.4638955,-102.7393306,3.488372093,0
313002,2,0,46.46469901,5.568908162,0,0
312295,2,0,46.46537925,5.453123032,0,0
310229,8,0,46.46819478,4.6729054,0,0
USGS-05053000,15,0,46.4705168,-96.7823018,0,0
ITA00001,39,1,46.47722222,11.30777778,2.564102564,0
IT2111114,12,0,46.47784,11.30786,0,0
310277,42,0,46.47819167,4.858503685,0,0
IT2111212,12,0,46.47976,11.31912,0,0
313011,4,0,46.48196849,5.552053895,0,0
312020,4,0,46.48525729,5.464623224,0,0
312293,2,0,46.48525729,5.464623224,0,0
312294,2,0,46.48525729,5.464623224,0,0
USGS-041278852,40,0,46.4864105,-84.30198109,0,0
IT2111256,5,0,46.48983,11.39467,0,0
USGS-04045580,323,0,46.49141107,-84.4214323,0,0
310620,2,0,46.49346699,5.744233673,0,0
310273,1,0,46.50197402,5.098120074,0,0
313001,3,0,46.50223326,5.63928614,0,0
IT2111265,6,0,46.50548,11.34919,0,0
USGS-04034830,7,0,46.5054988,-88.948751,0,0
313007,4,0,46.50619894,5.622473131,0,0
USGS-04028100,38,0,46.50716955,-90.2298989,0,0
310276,82,0,46.51453689,4.94778263,0,0
310267,27,0,46.51822203,5.285698428,0,0
310622,4,0,46.52302814,5.723050492,0,0
IT2111266,4,0,46.53069,11.36415,0,0
310258,22,0,46.5317041,5.322958772,0,0
310624,18,0,46.53214019,6.014511027,0,0
USGS-12500450,111,0,46.53429376,-120.4672855,0,0
ATFW21531167,49,0,46.53695,13.64813,0,0
IT2111141,4,0,46.54089,10.50965,0,0
310232,4,0,46.5439062,4.651773327,0,0
310230,29,0,46.55302285,4.568456663,0,0
310274,13,0,46.55569556,5.113597973,0,0
310616,2,0,46.55574353,5.810584468,0,0
USGS-04045510,83,0,46.556409,-85.0386981,0,0
310228,4,0,46.55668537,4.668879987,0,0
IT2111161,12,0,46.55874,11.22915,0,0
310275,29,0,46.56067925,5.050623452,0,0
313009,2,0,46.56077649,5.619237812,0,0
USGS-12500500,20,0,46.56428845,-120.9170188,0,0
310590,2,0,46.5730915,5.972875573,0,0
310233,12,0,46.57414289,4.676949961,0,0
310237,23,0,46.57423556,4.7728627,0,0
USGS-04045500,132,0,46.5745833,-85.26963889,0,0
USGS-04040450,4,0,46.5754924,-88.3404127,0,0
IT2111244,4,0,46.57588,11.64424,0,0
310617,4,0,46.58514775,5.748147407,0,0
IT2111144,6,0,46.58736,10.81821,0,0
310619,18,0,46.5894,5.6981,0,0
310615,4,0,46.59367618,5.731447124,0,0
310271,17,0,46.59397764,5.227091922,0,0
ATFW21500306,47,0,46.59416,14.03551,0,0
310594,2,0,46.59791286,5.906330124,0,0
310621,24,0,46.59807014,5.701445446,0,0
IT2111246,5,0,46.59813,11.55385,0,0
310247,7,0,46.59855553,4.890486755,0,0
310591,3,0,46.5991817,5.960761063,0,0
310613,2,0,46.60219416,5.790220371,0,0
ATFW21550377,50,0,46.6052,14.44229,0,0
ATFW21551267,50,0,46.60627,14.40153,0,0
310593,2,0,46.60627337,5.964607974,0,0
310592,2,0,46.61061418,5.969199525,0,0
310614,4,0,46.61087965,5.731365563,0,0
IT2111121,12,0,46.61834,10.63607,0,0
310610,2,0,46.61999126,5.822413356,0,0
310238,4,0,46.62262419,4.806901089,0,0
310255,29,0,46.62733416,5.431429656,0,0
310252,4,0,46.62804862,5.610187963,0,0
IT2111260,4,0,46.62966,11.35782,0,0
USGS-05059000,221,0,46.63163288,-97.000643,0,0
USGS-06349215,3,0,46.63304455,-100.241778,0,0
USGS-04024430,87,0,46.6333333,-92.0938889,0,0
IT2111122,12,0,46.637,10.65348,0,0
USGS-05030270,11,0,46.6394043,-95.512817,0,0
USGS-12472900,227,0,46.6398562,-119.732814,0,0
ATFW21500097,96,0,46.6404,14.94296,0,0
USGS-05030150,34,2,46.6427373,-95.6044865,5.882352941,1
CAN00293,69,0,46.6428,-60.9439,0,0
310587,2,0,46.65247465,6.01463333,0,0
310588,13,0,46.65247465,6.01463333,0,0
IT2111241,4,0,46.6541,11.59691,0,0
312292,4,0,46.65637536,5.484998355,0,0
USGS-06349700,140,0,46.65638889,-100.7391667,0,0
310611,4,0,46.6564,5.7564,0,0
310618,2,0,46.6568,5.7444,0,0
USGS-05051522,145,3,46.65968548,-96.7959154,2.068965517,0
310595,2,0,46.66034877,5.948250503,0,0
IT2111109,12,0,46.66133,11.05157,0,0
ATFW21560297,49,0,46.6633,14.94478,0,0
310589,2,0,46.66420595,5.985541276,0,0
310254,57,0,46.66461205,5.484574145,0,0
310585,2,0,46.66506395,6.080657603,0,0
310586,2,0,46.66506395,6.080657603,0,0
IT2111208,12,0,46.6651,11.61313,0,0
310251,47,0,46.67393935,5.260159109,0,0
310253,4,0,46.67682676,5.517187013,0,0
310239,68,0,46.68167592,4.877159871,0,0
ATFW61400147,37,0,46.68375,15.98716,0,0
IT2111128,4,0,46.68467,11.06404,0,0
310596,4,0,46.6856151,5.940123342,0,0
IT2111258,4,0,46.68921,11.40427,0,0
USGS-06349275,1,0,46.69165615,-100.2865012,0,0
USGS-04024015,1,0,46.6938329,-92.5163016,0,0
310129,5,0,46.69720212,6.180708866,0,0
310597,8,0,46.70342659,5.943830793,0,0
ATFW61400137,78,0,46.7098,15.63399,0,0
312078,4,0,46.71025402,5.773268966,0,0
USGS-05053500,9,0,46.7169444,-96.8205556,0,0
IT2111104,6,0,46.71769,10.52978,0,0
310216,90,0,46.71877053,4.918024072,0,0
310133,30,0,46.71926314,6.209086864,0,0
USGS-04043126,7,0,46.72104347,-88.3301306,0,0
USGS-04043137,8,0,46.72493257,-88.3642974,0,0
310607,2,0,46.72722182,5.784246848,0,0
310598,2,0,46.73185247,5.919264909,0,0
IT2111404,12,0,46.73359,12.33742,0,0
310231,4,0,46.73904707,4.644089473,0,0
312290,13,0,46.73932154,5.630957698,0,0
310583,13,0,46.73980211,5.989703918,0,0
310584,12,0,46.73980211,5.989703918,0,0
310608,32,0,46.73998379,5.793660456,0,0
310599,18,0,46.74366068,5.872792447,0,0
CAN00361,56,0,46.7442,-64.1817,0,0
USGS-05059300,10,0,46.74638889,-96.9269444,0,0
310210,17,0,46.74828683,4.822962952,0,0
312287,4,0,46.74838972,5.89037695,0,0
310606,4,0,46.7484217,5.839432224,0,0
USGS-04023600,1,0,46.74855475,-92.4954667,0,0
IT2111132,4,0,46.74978,10.51817,0,0
USGS-04043140,7,0,46.75104286,-88.3617967,0,0
310143,5,0,46.75210204,6.301871501,0,0
310250,17,0,46.75267565,5.293872791,0,0
ATFW61400287,47,0,46.75497,15.54588,0,0
USGS-04043131,6,0,46.75548717,-88.3554076,0,0
RUS00008,177,0,46.75555556,47.81388889,0,0
312191,3,0,46.756134,6.306071505,0,0
310215,4,0,46.75663731,4.823375507,0,0
312286,4,0,46.76016744,6.023905931,0,0
310130,2,0,46.76047299,6.318587506,0,0
310214,4,0,46.76048501,4.843856051,0,0
IT2111103,4,0,46.76711,10.53102,0,0
310144,24,0,46.76847682,6.277002264,0,0
312194,5,0,46.76847682,6.277002264,0,0
310213,4,0,46.76951832,4.844514062,0,0
ATFW71500967,47,0,46.7795,12.89269,0,0
310605,2,0,46.78032677,5.897327131,0,0
310131,5,0,46.78117461,6.276840212,0,0
312193,2,0,46.78117461,6.276840212,0,0
312285,2,0,46.78126201,6.031443369,0,0
312284,2,0,46.78161571,6.039717087,0,0
IT2111259,4,0,46.78242,11.42309,0,0
312192,2,0,46.78529826,6.27714525,0,0
312040,4,0,46.79003238,4.781920635,0,0
310194,1,0,46.79360717,5.223347023,0,0
312022,4,0,46.79405498,5.906307157,0,0
USGS-06349500,84,0,46.79443787,-100.6573459,0,0
IT2111205,12,0,46.80171,11.58918,0,0
310196,23,0,46.80229207,4.569011256,0,0
USGS-04023150,1,0,46.8044444,-92.5136111,0,0
310581,2,0,46.80588501,6.077437878,0,0
USGS-06349600,9,0,46.8072156,-100.7340153,0,0
310604,15,0,46.81098388,5.922485455,0,0
312196,3,0,46.81100242,6.18502505,0,0
USGS-06342500,197,0,46.81416667,-100.8213889,0,0
IT2111308,12,0,46.81595,11.69972,0,0
310601,2,0,46.8201551,5.972229637,0,0
310138,2,0,46.82266499,6.226963275,0,0
USGS-12334550,29,0,46.8259111,-113.8140306,0,0
310603,2,0,46.82671354,5.930803215,0,0
312273,4,0,46.82796017,5.722458269,0,0
USGS-464947096540700,1,0,46.8297222,-96.9019444,0,0
310602,2,0,46.83502186,5.960301074,0,0
310204,4,0,46.83598308,4.614859755,0,0
USGS-465022096541900,1,0,46.8394444,-96.9052778,0,0
310139,2,0,46.83973855,6.202737667,0,0
USGS-465036096540800,1,0,46.8433333,-96.9022222,0,0
310249,7,0,46.8489767,5.435638044,0,0
310191,6,0,46.85154911,5.17826219,0,0
312276,2,0,46.85243561,5.693200288,0,0
USGS-05054000,164,0,46.861075,-96.7836924,0,0
USGS-04021530,1,0,46.8616093,-92.604915,0,0
USGS-04040018,70,0,46.8674415,-89.317086,0,0
USGS-12353000,117,0,46.8686333,-114.1277472,0,0
312197,7,0,46.86871215,6.222752917,0,0
312259,2,0,46.869199,5.603539656,0,0
310140,2,0,46.8771461,6.235445072,0,0
312042,4,0,46.87739795,4.7437695,0,0
310208,90,0,46.88050029,4.956345125,0,0
310146,59,0,46.88123161,6.368359311,0,0
312198,4,0,46.88166866,6.260391471,0,0
310192,15,1,46.88605985,5.185375877,6.666666667,1
ATFW61400267,45,0,46.88627,15.50421,0,0
310203,4,0,46.88915609,4.673361423,0,0
312250,13,0,46.88932539,5.802381838,0,0
USGS-06470000,82,4,46.8897222,-98.6816667,4.87804878,0
312270,2,0,46.8944456,5.610692784,0,0
312277,14,0,46.8944456,5.610692784,0,0
312260,4,0,46.89460231,5.589069528,0,0
312268,5,0,46.89754946,5.685925518,0,0
312017,4,0,46.89828462,5.797934181,0,0
USGS-04026190,2,0,46.89993138,-90.955744,0,0
312271,5,0,46.90279111,5.593863299,0,0
USGS-05060100,15,0,46.9052487,-97.052587,0,0
312269,2,0,46.90623887,5.660453237,0,0
310195,90,0,46.90643201,5.081027431,0,0
310205,4,0,46.92285459,4.768674928,0,0
310206,11,0,46.92285459,4.768674928,0,0
312251,16,0,46.92328486,5.747962271,0,0
312252,36,0,46.92687701,5.702778427,0,0
312261,2,0,46.92773612,5.543730041,0,0
USGS-05054020,121,2,46.93051956,-96.7850803,1.652892562,0
ATFW10000087,59,0,46.93264,16.17592,0,0
311993,4,0,46.93542671,4.83187117,0,0
USGS-12031000,339,0,46.93926375,-123.3143194,0,0
310207,83,0,46.93990582,5.022547106,0,0
310147,48,0,46.94345322,6.34390755,0,0
312262,4,0,46.94788497,5.514228903,0,0
310150,91,0,46.94800225,6.385860787,0,0
312024,4,0,46.9610038,5.85160908,0,0
ATFW10000227,49,0,46.96133,16.27015,0,0
312283,24,0,46.96136705,5.265429789,0,0
312989,4,0,46.96819693,5.785870345,0,0
USGS-04043004,60,0,46.9743735,-88.5226259,0,0
USGS-05054200,39,0,46.9769096,-96.8209139,0,0
USGS-05060400,32,0,46.97746739,-96.8917491,0,0
312018,4,0,46.97776876,5.389973453,0,0
312265,2,0,46.97776876,5.389973453,0,0
312266,9,0,46.97776876,5.389973453,0,0
312107,24,0,46.98128382,5.404975315,0,0
310201,39,0,46.98148968,4.993735932,0,0
312199,13,0,46.985414,6.523242089,0,0
312263,2,0,46.98568659,5.450091749,0,0
312991,4,0,46.9891611,5.777015256,0,0
312264,2,0,46.99377931,5.427905932,0,0
312997,24,0,46.99406803,5.852211962,0,0
310127,27,0,46.99696871,5.14411947,0,0
310132,2,0,46.99730987,6.473262672,0,0
310151,3,0,46.99730987,6.473262672,0,0
310199,4,0,46.9979612,4.881525878,0,0
312985,4,0,47.00303338,5.731363958,0,0
312986,34,0,47.00620025,5.704576179,0,0
310186,4,0,47.00625448,5.839880987,0,0
312982,4,0,47.00625448,5.839880987,0,0
312996,4,0,47.00628077,5.851932829,0,0
312253,10,0,47.00632771,5.573206533,0,0
310187,4,0,47.00655058,5.819185647,0,0
310200,4,0,47.00763507,4.927522417,0,0
310188,4,0,47.00967742,5.668828491,0,0
310183,6,0,47.01187294,6.298090376,0,0
312987,4,0,47.01443098,5.598283133,0,0
310189,66,0,47.02231539,5.494521936,0,0
312983,4,0,47.02326565,5.760520322,0,0
USGS-06344600,89,0,47.02779158,-103.0532355,0,0
312248,2,0,47.03155644,5.957596706,0,0
USGS-05058000,52,0,47.0338718,-98.0837077,0,0
312249,2,0,47.03389996,5.94787526,0,0
312244,30,0,47.03592154,5.540550207,0,0
310184,100,0,47.03936937,6.275720631,0,0
312984,1,0,47.03961103,6.21997696,0,0
310182,93,0,47.04010495,5.452426759,0,0
ATFW61300327,47,0,47.04019,16.10841,0,0
310152,88,0,47.04753337,6.641024654,0,0
312243,14,0,47.05241917,5.590407144,0,0
311999,4,0,47.06497211,6.2146627,0,0
312992,1,0,47.06826215,6.202647016,0,0
ATFW55010057,47,0,47.06961,13.88198,0,0
312981,13,0,47.07301988,6.005971995,0,0
310126,91,0,47.07374901,5.166229356,0,0
ATFW61300337,45,0,47.0764,16.08784,0,0
312993,2,0,47.08128971,6.197761838,0,0
312994,2,0,47.08181658,6.127024793,0,0
310090,14,0,47.08615509,4.673581511,0,0
310198,4,0,47.08630067,4.994098926,0,0
USGS-05062130,13,0,47.0926944,-96.8170556,0,0
312995,2,0,47.09348389,5.993869815,0,0
310124,4,0,47.11088405,5.252612257,0,0
312242,13,0,47.11896114,5.739665012,0,0
310091,5,0,47.12263791,4.673409405,0,0
312246,2,0,47.12763433,6.172939235,0,0
310145,4,0,47.12780699,5.234830571,0,0
312247,2,0,47.13091763,6.160132825,0,0
311994,4,0,47.13494255,4.952481751,0,0
310125,33,0,47.13500731,5.185455424,0,0
310118,5,0,47.13539305,5.043725713,0,0
310148,5,0,47.13889532,5.856267797,0,0
310185,18,0,47.13909773,5.960343396,0,0
310089,4,0,47.14023437,5.343932645,0,0
USGS-06468500,140,2,47.1416607,-98.7837168,1.428571429,0
ATFW73160967,48,0,47.14321,10.56164,0,0
USGS-470850098044500,1,0,47.1472222,-98.0791667,0,0
310117,8,0,47.14859094,5.011162219,0,0
USGS-470856098045800,1,0,47.14888889,-98.0827778,0,0
USGS-470856098050600,1,0,47.14888889,-98.085,0,0
310123,30,0,47.15205511,5.210723299,0,0
312245,12,0,47.15663608,5.623280212,0,0
310154,5,0,47.1598237,6.606498198,0,0
ATFW52120107,36,0,47.16323,13.10776,0,0
FRA00019,193,0,47.16666667,5.35,0,0
USGS-12098700,4,0,47.169824,-122.0026114,0,0
310137,5,0,47.17288594,5.800598962,0,0
310093,5,0,47.17300441,4.693668887,0,0
310180,23,0,47.17702852,5.906585669,0,0
USGS-06339560,130,1,47.1786181,-101.7851648,0.769230769,0
310088,85,0,47.18021478,5.302249525,0,0
310121,19,0,47.1804538,5.118644527,0,0
USGS-471123095132901,2,2,47.1897222,-95.2247222,100,1
CAN00324,57,0,47.1911,-53.3867,0,0
310062,90,0,47.19393759,5.381658692,0,0
USGS-12099060,4,0,47.1967679,-122.1406713,0,0
310158,5,0,47.19767103,6.575450341,0,0
310080,4,0,47.19791323,5.277425675,0,0
310157,5,0,47.19838562,6.614836559,0,0
310179,66,0,47.20175102,5.96399765,0,0
ATFW10000177,49,0,47.20362,16.41487,0,0
310159,13,0,47.20658349,6.636719886,0,0
USGS-12101500,268,0,47.20843358,-122.3270652,0,0
310094,35,0,47.20993546,4.726254785,0,0
310087,4,1,47.21153673,5.289547784,25,1
310141,5,0,47.21826127,6.689115178,0,0
312237,4,0,47.22204436,6.415593117,0,0
310092,5,0,47.22266133,4.626680104,0,0
USGS-05057200,94,1,47.2291562,-98.1248189,1.063829787,0
312238,4,0,47.23646146,6.393455065,0,0
USGS-12101100,6,0,47.2381564,-122.2281746,0,0
312239,4,0,47.24809731,6.385208391,0,0
310095,5,0,47.24838593,4.75677471,0,0
311990,4,0,47.24846751,4.756854393,0,0
310156,2,0,47.25256996,6.698087364,0,0
310160,5,0,47.26093984,6.727894082,0,0
310153,47,0,47.26384087,6.952045817,0,0
ATFW80404027,48,0,47.26777,9.5746,0,0
312181,24,0,47.26842681,5.752458531,0,0
311992,4,0,47.26844753,5.289924001,0,0
310115,70,2,47.26862433,5.118657873,2.857142857,0
310064,4,0,47.26884525,5.218689346,0,0
312182,4,0,47.26890024,5.705627179,0,0
USGS-06340780,53,0,47.2691636,-101.3098787,0,0
CAN00256,74,0,47.2731,-53.8403,0,0
310112,5,0,47.27704264,5.105375042,0,0
ATFW73200617,48,0,47.2795,11.53381,0,0
310077,30,0,47.28099807,5.214421695,0,0
310074,25,0,47.28113204,5.172924731,0,0
ATFW51110127,48,0,47.28474,12.87638,0,0
USGS-06340500,184,0,47.2852816,-101.6221093,0,0
310178,83,0,47.28556145,6.14968627,0,0
312180,28,1,47.28588786,5.807333066,3.571428571,0
USGS-06340000,124,0,47.2861188,-101.925726,0,0
310061,89,0,47.28911094,5.54776314,0,0
310073,4,0,47.29008024,5.156142013,0,0
310161,2,0,47.29366811,6.785694273,0,0
310155,3,0,47.29811261,6.793398704,0,0
312179,4,0,47.29853975,5.855574469,0,0
310111,41,0,47.30190128,5.040288967,0,0
USGS-06340905,45,0,47.30249459,-101.131539,0,0
310114,4,0,47.30614576,5.055980549,0,0
310098,4,0,47.31069081,4.874463536,0,0
310053,4,0,47.31079458,5.382178122,0,0
312183,4,0,47.31447301,5.518944327,0,0
310097,30,0,47.31492571,4.860183921,0,0
312187,4,0,47.31494072,5.932279175,0,0
310096,4,0,47.31563787,4.890658937,0,0
312235,4,0,47.31800812,6.381620397,0,0
312171,4,0,47.31816014,5.868305861,0,0
310163,69,0,47.31897604,6.810794216,0,0
312234,4,0,47.32242428,6.424938737,0,0
310142,4,0,47.32311901,6.84876935,0,0
310052,4,0,47.3233293,5.377156562,0,0
312236,8,0,47.32630207,6.369402752,0,0
312240,4,0,47.32736111,6.360370274,0,0
USGS-06340520,52,1,47.3352821,-101.6951674,1.923076923,0
310099,6,0,47.33539701,4.980951986,0,0
310100,5,0,47.33539701,4.980951986,0,0
312186,24,0,47.33549901,5.969022772,0,0
310059,11,0,47.33560085,6.01798522,0,0
310136,5,0,47.33893525,6.33535597,0,0
312241,33,0,47.33969574,6.373810919,0,0
USGS-06339800,49,1,47.3427902,-102.617962,2.040816327,0
310135,5,0,47.34382318,6.760795572,0,0
310051,24,0,47.34785249,5.352405838,0,0
310134,5,0,47.3481322,7.04845383,0,0
USGS-06131000,4,0,47.3494472,-106.3578167,0,0
USGS-05064500,199,3,47.351918,-96.843691,1.507537688,0
USGS-06340528,11,0,47.355839,-101.8548924,0,0
310075,8,0,47.36094322,5.156249437,0,0
310149,24,0,47.3684184,6.435821875,0,0
310076,4,0,47.36878917,5.190389555,0,0
ATFW80228287,35,0,47.37645,10.2071,0,0
312177,10,0,47.38169505,6.172143454,0,0
CHE00001,734,0,47.38444444,9.642222222,0,0
312185,14,0,47.38685438,6.081212233,0,0
USGS-06468250,177,7,47.3997189,-98.7976057,3.95480226,0
USGS-06468300,10,0,47.4013856,-98.8295509,0,0
ATFW73290907,47,0,47.4016,11.83785,0,0
310040,4,0,47.40267137,5.561651662,0,0
FRA00007,247,0,47.40333333,-0.915833333,0,0
ATFW61400597,36,0,47.40696,15.2614,0,0
USGS-05066500,114,0,47.40942385,-97.0611974,0,0
312184,4,0,47.41061976,6.240045126,0,0
310039,92,0,47.41081352,5.544006462,0,0
ATFW61400217,45,0,47.4122,15.27403,0,0
USGS-06177500,103,1,47.4139722,-105.5756444,0.970873786,0
311998,4,0,47.414481,6.890193301,0,0
312170,40,0,47.41859487,6.18106373,0,0
310113,4,0,47.41891635,4.922845775,0,0
310034,14,0,47.42282401,5.843432434,0,0
312031,4,0,47.42282401,5.843432434,0,0
310165,6,0,47.42346392,6.885736313,0,0
312175,4,0,47.42737392,6.264591008,0,0
310042,4,0,47.43137495,5.368535461,0,0
USGS-05057000,88,0,47.43277097,-98.0275954,0,0
312176,29,0,47.43555231,6.209754997,0,0
310050,4,0,47.43674324,5.305626256,0,0
310176,3,0,47.43960538,6.556787609,0,0
310038,4,0,47.43987083,5.547788918,0,0
310036,4,0,47.44380972,5.701661298,0,0
310037,30,0,47.45192628,5.656149314,0,0
310164,90,0,47.45196354,6.79397468,0,0
310035,4,0,47.45230841,5.756627499,0,0
USGS-472709101175100,2,0,47.45249798,-101.297935,0,0
ATFW80217097,36,0,47.45515,9.64957,0,0
310175,89,0,47.45599074,6.682605458,0,0
USGS-472727101175000,2,0,47.457498,-101.2976572,0,0
USGS-472730101174500,1,0,47.4583313,-101.2962683,0,0
USGS-472731101175500,2,2,47.45860915,-101.2990461,100,1
ATFW80224047,47,0,47.46275,9.68137,0,0
310047,4,0,47.46440268,5.373319669,0,0
312036,4,0,47.4687115,6.111621315,0,0
USGS-12413080,15,0,47.47076389,-115.7737693,0,0
311991,4,0,47.47276372,5.2729534,0,0
310166,48,0,47.47300745,6.844230054,0,0
312069,4,0,47.47326851,6.201197636,0,0
312174,4,0,47.47672198,6.338967451,0,0
ATFW80213067,48,0,47.47858,9.66989,0,0
312189,58,0,47.48157135,6.777319337,0,0
CHE00004,632,0,47.48388889,8.195833333,0,0
310174,72,0,47.48463698,6.77273243,0,0
312188,6,0,47.48546685,6.817525088,0,0
ATFW80207027,47,0,47.48693,9.72175,0,0
312212,4,0,47.48961784,7.085455664,0,0
312233,6,0,47.48968074,6.769042939,0,0
312206,2,0,47.49040413,6.977157352,0,0
USGS-04016500,14,0,47.49159248,-92.239067,0,0
CAN00334,59,0,47.4936,-52.8506,0,0
CAN00196,56,0,47.4958,-53.0175,0,0
312279,5,0,47.49791564,6.939949165,0,0
312070,4,0,47.49795341,6.202274625,0,0
312232,6,0,47.50104288,6.753284148,0,0
312204,5,0,47.50186697,6.773248017,0,0
USGS-06338490,254,0,47.5022218,-101.4309953,0,0
310167,4,0,47.50222897,7.010655971,0,0
312217,4,0,47.50294272,7.1153711,0,0
CAN00182,58,0,47.5047,-53.2911,0,0
312202,6,0,47.50572812,6.797020161,0,0
312065,4,0,47.50588868,7.001719986,0,0
312207,2,0,47.50618312,6.994320591,0,0
312203,6,0,47.50649777,6.789282695,0,0
312201,6,0,47.50653197,6.84350653,0,0
312169,28,0,47.50671874,6.352152546,0,0
312280,6,0,47.50685257,6.939904197,0,0
312218,2,0,47.5102824,7.106989642,0,0
312213,2,0,47.51128243,7.068168277,0,0
312214,2,0,47.51466694,7.058095145,0,0
310067,32,0,47.51477382,5.197594613,0,0
312219,2,0,47.51490954,7.073305805,0,0
310070,4,0,47.51502565,5.219407122,0,0
312200,6,0,47.51857697,6.859996433,0,0
CAN00380,59,0,47.5186,-52.8558,0,0
310173,90,0,47.51961154,6.843817283,0,0
CAN00230,42,0,47.5197,-52.9447,0,0
312215,2,0,47.51983208,7.031877012,0,0
USGS-04015490,12,0,47.5202026,-92.1910088,0,0
312231,6,1,47.52126603,6.801780829,16.66666667,1
CAN00382,68,0,47.5219,-52.8081,0,0
312216,4,0,47.52228243,7.002438054,0,0
312208,2,0,47.52289765,6.993438259,0,0
312209,4,0,47.52289765,6.993438259,0,0
CAN00381,67,0,47.5261,-52.7633,0,0
310169,6,0,47.52635839,6.898210668,0,0
USGS-04015475,4,0,47.52714617,-92.1226729,0,0
310066,12,0,47.52715113,5.148009057,0,0
USGS-473139098011800,1,0,47.5275,-98.0216667,0,0
CAN00336,56,0,47.5281,-52.7467,0,0
CAN00054,205,0,47.52916,-52.7428,0,0
USGS-04015461,10,0,47.52964465,-91.9982244,0,0
USGS-12119600,4,0,47.5298219,-122.201233,0,0
310065,4,0,47.53236441,4.847491842,0,0
USGS-473158098021400,1,0,47.53277778,-98.0372222,0,0
RUS00015,146,0,47.53416667,40.6475,0,0
310025,30,0,47.53498831,5.922703796,0,0
ATFW80218017,47,0,47.53503,9.73677,0,0
312230,6,0,47.53513336,6.789571023,0,0
USGS-12413810,129,0,47.5375,-116.4722222,0,0
USGS-12040500,84,0,47.5378588,-124.3157457,0,0
301505,430,0,47.5391464,7.707720681,0,0
312210,2,0,47.53958928,6.950790231,0,0
USGS-473222098024400,1,0,47.5396944,-98.0456389,0,0
310172,6,0,47.54361987,6.860562824,0,0
310032,42,0,47.54395843,5.689543157,0,0
310168,52,0,47.54803164,6.934646751,0,0
CAN00379,101,0,47.5481,-52.7192,0,0
312033,8,1,47.54827975,6.781582282,12.5,1
312229,6,1,47.54827975,6.781582282,16.66666667,1
312211,2,0,47.55186606,6.922148796,0,0
310171,6,0,47.55351031,6.860248908,0,0
310027,4,0,47.55676309,5.827375521,0,0
ATFW72100967,47,0,47.55712,10.68661,0,0
USGS-06468170,57,5,47.5580525,-98.862885,8.771929825,1
USGS-12413490,88,0,47.5596417,-116.2518357,0,0
310026,6,0,47.56395366,5.810059381,0,0
310069,4,0,47.56423548,5.21023742,0,0
CHE00003,697,0,47.56667,7.585,0,0
USGS-04015455,9,0,47.5674202,-91.9348876,0,0
312173,4,0,47.56910102,6.456087612,0,0
CHE00002,691,0,47.57055556,8.330833333,0,0
USGS-12413000,142,0,47.5722,-116.2528,0,0
301502,769,0,47.57242637,8.339874585,0,0
CAN00211,94,0,47.5725,-52.7392,0,0
311997,7,0,47.5731374,5.202103123,0,0
CAN00303,62,0,47.5744,-52.71,0,0
310046,24,0,47.5773458,5.402286111,0,0
312068,4,0,47.5773458,5.402286111,0,0
CAN00304,84,0,47.5778,-52.7008,0,0
301504,78,0,47.57806492,7.815416493,0,0
ATFW53110047,47,0,47.58084,13.1744,0,0
312080,30,0,47.58146468,6.743625603,0,0
310078,4,0,47.581714,5.097468971,0,0
CAN00296,78,0,47.5839,-52.6808,0,0
CAN00377,92,0,47.5839,-52.6914,0,0
ATFW53110037,48,0,47.58507,13.17595,0,0
301487,218,0,47.58548001,7.910184992,0,0
310058,4,0,47.58569233,6.434744513,0,0
301503,781,0,47.58584579,8.135443262,0,0
CAN00123,48,0,47.5872,-52.8814,0,0
ATFW60800376,45,0,47.58796,14.53681,0,0
301320,163,0,47.59027574,8.131652634,0,0
USGS-12389500,4,0,47.5918583,-115.229536,0,0
USGS-05064900,129,0,47.5947222,-97.7091667,0,0
USGS-12039300,153,0,47.59592118,-123.624344,0,0
CAN00375,67,0,47.5964,-52.7017,0,0
301506,47,0,47.59807095,7.59377325,0,0
CAN00374,56,0,47.5983,-52.7583,0,0
301488,202,0,47.59840152,7.652458404,0,0
CAN00376,67,0,47.5997,-52.7006,0,0
310029,27,0,47.60614297,5.793843681,0,0
310030,12,0,47.60631309,5.731329086,0,0
USGS-05128340,3,0,47.60881317,-92.3915656,0,0
310056,4,0,47.61386014,6.455814908,0,0
310068,29,0,47.61405188,5.156189058,0,0
310063,13,0,47.61851387,5.060519961,0,0
312037,4,0,47.61875446,5.706875667,0,0
301495,238,0,47.61939873,8.256591604,0,0
311989,4,0,47.62004852,5.015345317,0,0
310057,29,0,47.62238814,6.472672265,0,0
312226,24,0,47.62276815,6.955837889,0,0
312098,12,0,47.62372734,5.005873563,0,0
312164,12,0,47.6268918,6.176570319,0,0
310055,64,0,47.62697083,6.460755858,0,0
301493,76,0,47.62720728,8.331400395,0,0
310044,72,0,47.62743521,5.339326925,0,0
301331,306,0,47.62773023,9.602437303,0,0
USGS-06115200,127,0,47.63143056,-108.6877444,0,0
301386,37,0,47.63474636,7.585562599,0,0
310021,82,1,47.63560257,6.035648606,1.219512195,0
310028,4,0,47.63971105,5.776733238,0,0
312161,4,0,47.64303482,6.181264629,0,0
USGS-06467600,44,0,47.64605556,-99.8295278,0,0
310022,6,0,47.64753416,6.026489709,0,0
312032,4,0,47.64805535,6.281592684,0,0
USGS-05125950,6,0,47.64880486,-91.8490477,0,0
USGS-12389450,4,0,47.6499369,-115.173759,0,0
301330,22,0,47.65627904,9.935264461,0,0
301501,804,0,47.65653729,8.877565465,0,0
USGS-04017000,6,0,47.65658967,-92.1976689,0,0
301252,289,0,47.65673682,8.877890805,0,0
301494,35,0,47.66001119,8.431466278,0,0
310023,89,0,47.66053611,5.976731307,0,0
301341,309,0,47.66399501,9.489832057,0,0
312162,16,0,47.66457897,6.281279014,0,0
301500,67,0,47.66858834,9.152699796,0,0
312223,4,0,47.67296408,7.002053854,0,0
301479,306,0,47.67358712,9.535915778,0,0
312160,16,0,47.67684125,6.233099553,0,0
USGS-06329500,524,0,47.67741389,-104.1554111,0,0
USGS-12417598,11,0,47.6794444,-116.8005,0,0
312225,4,0,47.68196432,6.961148424,0,0
ATFW73390967,48,0,47.68845,12.39399,0,0
310031,71,0,47.68926861,5.463961037,0,0
310019,6,0,47.6911346,6.039854466,0,0
312167,33,0,47.69290355,5.456809767,0,0
312163,14,0,47.69377177,6.156330925,0,0
USGS-12424200,157,0,47.69655647,-117.4977183,0,0
USGS-05126000,12,0,47.69852609,-91.868212,0,0
ATFW73200987,95,0,47.70106,12.16326,0,0
USGS-12419000,227,0,47.70295737,-116.9779747,0,0
312166,4,0,47.70631232,5.49434822,0,0
310043,14,0,47.72210134,5.326932032,0,0
312980,4,0,47.72252334,6.85259526,0,0
USGS-05125730,6,0,47.72435716,-91.8140423,0,0
301332,259,0,47.73132912,9.244568258,0,0
USGS-05125650,12,0,47.73824436,-91.7698736,0,0
301334,258,0,47.74326827,8.839718167,0,0
312034,4,0,47.74329447,6.48541092,0,0
USGS-05125620,4,0,47.74435418,-91.7234826,0,0
312112,4,0,47.74782929,6.435896694,0,0
310041,4,0,47.75123659,5.289773942,0,0
310045,12,0,47.75160667,5.263372328,0,0
310018,60,0,47.75185055,6.067997979,0,0
ATFW54110017,48,0,47.752,13.07933,0,0
USGS-05124600,4,0,47.75425,-91.5303056,0,0
301492,12,0,47.75607206,8.46878291,0,0
312118,4,0,47.76014991,6.348267655,0,0
USGS-05124700,4,0,47.7601944,-91.597,0,0
USGS-05125039,12,0,47.7668611,-91.7495278,0,0
312116,4,0,47.76798784,6.365157329,0,0
312115,4,0,47.77269706,6.371870753,0,0
312227,14,0,47.77314582,6.827575104,0,0
USGS-474626094541001,1,0,47.77384485,-94.9030453,0,0
312119,4,0,47.7776615,6.340608861,0,0
USGS-06332515,272,0,47.7872369,-102.7685256,0,0
310017,4,0,47.78943783,6.302297746,0,0
312120,12,0,47.78943783,6.302297746,0,0
310015,6,0,47.79390778,6.060039295,0,0
312135,35,0,47.79427247,6.309068932,0,0
312114,4,0,47.79454206,6.427421518,0,0
USGS-05056000,59,1,47.8055534,-98.7162172,1.694915254,0
312165,12,1,47.80624031,5.460209392,8.333333333,1
312122,4,0,47.80624873,6.164280025,0,0
312121,12,0,47.8062557,6.206461844,0,0
312117,4,0,47.81074511,6.231633882,0,0
312026,4,1,47.81148323,5.451206086,25,1
301507,89,0,47.81544357,7.547246441,0,0
301342,306,0,47.81810313,8.964998664,0,0
312134,4,0,47.81864694,6.418403706,0,0
310016,4,0,47.81865099,6.418416587,0,0
USGS-05055400,8,0,47.82138889,-99.2761111,0,0
USGS-12416000,156,0,47.8225,-116.6547222,0,0
USGS-474922099170700,1,0,47.82277778,-99.2852778,0,0
310013,70,0,47.82337891,5.743504555,0,0
301478,13,0,47.82374517,9.623544426,0,0
USGS-474933099173200,1,0,47.8258333,-99.2922222,0,0
301477,87,0,47.82673379,9.614634087,0,0
312131,4,0,47.82743629,6.535568324,0,0
USGS-474941099180000,1,0,47.82805556,-99.3,0,0
USGS-05126500,6,0,47.8304631,-91.839036,0,0
310012,79,0,47.83084416,5.631032268,0,0
310054,48,0,47.83109992,6.710749059,0,0
USGS-05124990,13,0,47.8347222,-91.6741667,0,0
312138,4,0,47.83496546,6.6144177,0,0
312159,16,0,47.83645335,6.214510499,0,0
USGS-12433000,238,2,47.8365534,-117.8413478,0.840336134,0
312141,4,0,47.84018421,6.469995911,0,0
312030,4,0,47.84077446,6.461334782,0,0
ATFW54110117,49,0,47.84241,13.00323,0,0
312136,14,0,47.84316078,6.597702772,0,0
USGS-05073980,1,0,47.84551199,-95.2261149,0,0
310011,89,0,47.84654009,5.919733751,0,0
312137,4,0,47.85168211,6.572846799,0,0
310014,19,0,47.85616267,5.87286413,0,0
312157,4,0,47.85627447,6.193538125,0,0
312130,4,0,47.8610987,6.569160088,0,0
ATFW10000027,48,0,47.86355,16.65678,0,0
312140,4,0,47.86507655,6.494520977,0,0
USGS-04011150,8,0,47.8661111,-90.1761111,0,0
312035,4,0,47.86740193,6.218828406,0,0
301444,29,0,47.86932504,8.647554072,0,0
CAN00184,53,0,47.8694,-59.1181,0,0
312156,4,0,47.87717506,6.214889757,0,0
312139,4,0,47.87731161,6.527453322,0,0
312038,4,0,47.87739185,6.27753644,0,0
USGS-475254094541601,1,0,47.8816238,-94.9047113,0,0
FRA00006,176,0,47.88333333,1.916666667,0,0
312143,4,0,47.88495228,6.326383057,0,0
301491,57,0,47.89388623,8.243904645,0,0
USGS-12433561,17,0,47.8968272,-118.1358112,0,0
312154,4,0,47.89743558,6.227756357,0,0
USGS-475405099252700,1,0,47.90138889,-99.4241667,0,0
USGS-475420099252100,1,0,47.90555556,-99.4225,0,0
USGS-475422099251100,1,0,47.9061111,-99.4197222,0,0
USGS-05055300,8,0,47.90777778,-99.4155556,0,0
312153,4,0,47.91023767,6.197538135,0,0
312151,4,0,47.91472213,6.330756898,0,0
310211,4,0,47.9153102,5.987372955,0,0
301445,12,0,47.91857412,8.673522711,0,0
310008,46,0,47.91874669,5.99803925,0,0
312144,4,0,47.91887744,6.468587717,0,0
USGS-04001000,156,0,47.9212792,-89.1459197,0,0
USGS-05124480,94,0,47.9226749,-91.535126,0,0
USGS-12433558,17,0,47.92321708,-118.0899759,0,0
USGS-05078000,6,0,47.9232974,-96.0464226,0,0
312147,4,0,47.92362196,6.364996901,0,0
USGS-12433556,17,0,47.9240504,-118.0899759,0,0
USGS-12433542,17,0,47.9243282,-118.0894203,0,0
USGS-05082500,207,0,47.9269234,-97.0292435,0,0
301443,11,0,47.92727799,8.635744257,0,0
301446,100,0,47.92732955,8.482132459,0,0
USGS-475552108375501,1,0,47.9311048,-108.6326531,0,0
310001,77,0,47.93542012,5.864555229,0,0
USGS-06164590,1,0,47.93862778,-108.3912194,0,0
301375,124,0,47.93908902,10.08953047,0,0
310002,4,0,47.93938195,5.787324675,0,0
301448,263,0,47.93991449,8.539534413,0,0
301449,312,1,47.9399454,8.740143888,0.320512821,0
301447,65,0,47.94008977,8.506646374,0,0
310007,11,0,47.94044692,5.923655962,0,0
312146,30,0,47.94330407,6.422483782,0,0
ATFW10000077,49,0,47.95455,17.07872,0,0
ATFW54110087,94,0,47.95817,12.9028,0,0
USGS-06154410,73,0,47.96575556,-108.6606944,0,0
USGS-05127250,12,0,47.9679513,-91.7223551,0,0
310212,4,0,47.97302441,5.898588257,0,0
312145,4,0,47.9768909,6.472899097,0,0
301450,57,0,47.98586505,8.813947182,0,0
312148,4,0,47.98982036,6.402034635,0,0
301366,50,0,47.98990605,8.793691478,0,0
USGS-06164623,1,0,47.99523889,-108.3200528,0,0
USGS-06175540,42,1,47.998975,-105.8674111,2.380952381,0
USGS-480013094403501,1,0,48.0035705,-94.676639,0,0
301322,13,0,48.00600555,9.189996555,0,0
310004,16,0,48.01816335,5.911467978,0,0
310009,12,0,48.01934669,5.9436389,0,0
310010,4,0,48.01934669,5.9436389,0,0
301508,484,0,48.02303691,7.580940419,0,0
301509,622,0,48.02303691,7.580940419,0,0
USGS-06154430,19,0,48.0310972,-108.5326111,0,0
301451,445,1,48.03124213,8.926963546,0.224719101,0
301339,156,0,48.03565594,8.465137397,0,0
301335,52,0,48.03894374,8.939959891,0,0
310005,4,0,48.04338775,6.264712958,0,0
310003,12,0,48.0526898,6.27267479,0,0
USGS-12045500,102,0,48.0548114,-123.5832462,0,0
301323,153,0,48.06139687,9.335337818,0,0
USGS-480351100553800,2,0,48.06417528,-100.9276502,0,0
301555,123,0,48.06531458,8.56886445,0,0
301452,76,0,48.06891629,9.297274794,0,0
301419,204,0,48.0726608,9.268531939,0,0
301453,265,0,48.07320045,9.397527316,0,0
USGS-480430094351001,1,0,48.0749613,-94.5863518,0,0
USGS-05083000,127,6,48.078595,-97.1845207,4.724409449,0
USGS-480453100594700,6,1,48.08139838,-100.9968189,16.66666667,1
301471,224,0,48.08535916,9.156159266,0,0
ATFW40710047,48,0,48.08597,13.83805,0,0
301510,157,0,48.08978471,7.573048795,0,0
310006,66,0,48.09033083,6.102512572,0,0
USGS-480538100514200,6,0,48.09389735,-100.862092,0,0
ATFW30900037,48,0,48.10187,14.94072,0,0
301440,69,0,48.10590741,9.448379573,0,0
USGS-06330000,98,0,48.1080792,-103.7146446,0,0
ATFW31000187,36,0,48.11661,16.80332,0,0
ATFW31000177,48,0,48.12035,16.60938,0,0
USGS-06174500,170,0,48.13005278,-106.3643139,0,0
301529,11,0,48.13623513,8.631347075,0,0
USGS-05120500,110,6,48.13833739,-100.5398623,5.454545455,1
301530,181,0,48.14348958,8.648631609,0,0
ATFW31000137,48,0,48.1439,16.52945,0,0
USGS-480841101083000,2,0,48.1447322,-101.1421017,0,0
301528,62,0,48.15227612,8.547771688,0,0
301556,22,0,48.15584832,8.639843699,0,0
301442,193,1,48.15704413,9.52776317,0.518134715,0
USGS-05120000,335,14,48.15972928,-100.7295863,4.179104478,0
ATFW31000377,73,0,48.16339,16.99035,0,0
ATFW30900637,36,0,48.16434,14.66213,0,0
USGS-05056410,72,1,48.1666675,-98.9801277,1.388888889,0
USGS-481025101100800,3,0,48.1736212,-101.1693249,0,0
301554,400,0,48.17722078,8.622716184,0,0
301454,55,0,48.17728797,9.49795448,0,0
USGS-05056400,62,7,48.1777762,-99.2212455,11.29032258,1
301470,91,0,48.19762829,9.055844913,0,0
ATFW40713047,48,0,48.19949,14.26613,0,0
301463,96,0,48.20648921,9.831313003,0,0
301511,552,0,48.21474652,7.656710717,0,0
301436,12,0,48.2226173,9.689717512,0,0
USGS-06154400,1,0,48.2237333,-108.7140528,0,0
ATFW30800027,48,0,48.22718,14.53283,0,0
301347,109,0,48.23163063,7.735565059,0,0
ATFW40907057,36,0,48.23985,14.51108,0,0
301531,10,0,48.24368343,8.607066751,0,0
USGS-05117500,187,9,48.2458428,-101.3712745,4.812834225,0
ATFW40709117,48,0,48.24742,14.32475,0,0
301418,226,0,48.25613163,9.577169956,0,0
ATFW40502017,48,0,48.26102,13.03435,0,0
ATFW92001017,36,0,48.26126,16.36984,0,0
301455,86,0,48.26375307,9.726519686,0,0
ATFW40916017,48,0,48.26595,14.44966,0,0
301462,200,0,48.26921823,9.826805003,0,0
301435,189,0,48.27297647,9.722836771,0,0
301456,66,0,48.27812144,9.763898005,0,0
ATFW31100077,72,0,48.2801,16.91603,0,0
301457,242,0,48.28177515,9.803607912,0,0
USGS-481658101254700,4,0,48.28416667,-101.4275,0,0
USGS-05085000,140,3,48.286099,-97.3700763,2.142857143,0
CAN00218,61,0,48.3044,-57.7186,0,0
USGS-05056239,84,1,48.3205591,-98.9406851,1.19047619,0
301367,13,0,48.32320932,8.861082395,0,0
USGS-482000100264200,1,0,48.33333297,-100.4454125,0,0
USGS-05056200,84,2,48.33667157,-98.6603958,2.380952381,0
301393,11,0,48.3400193,7.843817109,0,0
USGS-482029100260000,1,0,48.34138829,-100.4337457,0,0
ATFW40505037,48,0,48.34667,13.40754,0,0
ATFW40619016,48,0,48.35795,13.9936,0,0
USGS-12363000,126,0,48.3618111,-114.18495,0,0
USGS-06154550,1,0,48.3636333,-108.3562389,0,0
301458,51,0,48.36624005,9.960870746,0,0
ATFW30900227,49,0,48.36702,15.77878,0,0
USGS-05116500,122,4,48.37056947,-101.5701633,3.278688525,0
USGS-482216100250600,1,0,48.3711097,-100.418745,0,0
USGS-05116000,168,5,48.3722357,-101.5054414,2.976190476,0
301374,123,0,48.37321859,8.576790079,0,0
301524,13,0,48.37732075,8.910459627,0,0
USGS-482239092491101,1,0,48.37740917,-92.8198794,0,0
301376,172,0,48.38104645,9.985220988,0,0
FRA00003,211,0,48.38333333,2.983333333,0,0
USGS-482308092483301,1,0,48.38546417,-92.8093236,0,0
ATFW30900217,36,0,48.38892,15.52308,0,0
CAN00257,63,0,48.3956,-54.1981,0,0
USGS-482347092494401,1,0,48.3962983,-92.829045,0,0
301389,229,0,48.39739684,8.368442011,0,0
USGS-482357100231300,1,0,48.39916456,-100.3873558,0,0
ATFW31000247,49,0,48.40232,15.99301,0,0
301338,142,0,48.40232126,9.951860035,0,0
301512,236,0,48.40277533,7.73576725,0,0
USGS-06155030,1,0,48.40277778,-108.2940944,0,0
301459,636,0,48.41059348,10.01871172,0,0
ATFW31000067,49,0,48.41189,15.70696,0,0
USGS-482451092471001,11,0,48.41407407,-92.7862666,0,0
301368,163,0,48.41451107,8.764616359,0,0
USGS-05090000,129,1,48.4247108,-97.412023,0.775193798,0
USGS-482621100273300,6,0,48.4391635,-100.4595766,0,0
301525,122,0,48.44360576,8.856398563,0,0
USGS-12200500,266,0,48.4448278,-122.3354369,0,0
301557,226,0,48.44495524,8.801200861,0,0
301392,97,0,48.4478882,7.951904795,0,0
USGS-05056100,86,2,48.4480588,-99.1026354,2.325581395,0
USGS-482721093003901,8,0,48.455749,-93.0109835,0,0
USGS-482855093032401,2,0,48.4818623,-93.0568154,0,0
USGS-06154100,1,0,48.48964167,-108.75895,0,0
FRA00004,201,2,48.50166667,3.9,0.995024876,0
USGS-05122000,100,9,48.50555109,-100.4348534,9,1
CAN00355,72,0,48.5075,-54.2117,0,0
301526,112,0,48.51047374,9.060499767,0,0
DEU00012,215,0,48.51666667,13.71666667,0,0
301558,56,0,48.51914363,9.082711904,0,0
ATFW40607017,37,0,48.52066,13.70222,0,0
301460,90,0,48.52271752,8.089501596,0,0
301328,138,0,48.52332886,9.052327567,0,0
USGS-06139500,17,0,48.52671389,-109.8415778,0,0
301522,211,0,48.53172045,9.139276375,0,0
FRA00002,174,0,48.53333333,2.55,0,0
301553,301,0,48.5358376,9.134479387,0,0
301394,4,0,48.53809958,7.847669008,0,0
USGS-06180400,82,1,48.55030076,-105.4288814,1.219512195,0
ATFW40502037,96,0,48.55699,13.43859,0,0
301340,162,0,48.57732525,10.27741667,0,0
301395,172,0,48.58493833,7.822533118,0,0
USGS-05123400,111,1,48.58777637,-100.441523,0.900900901,0
301523,178,0,48.58972815,9.239650614,0,0
ATFW31100057,37,0,48.60164,16.93384,0,0
USGS-483608100380000,6,1,48.602226,-100.6337484,16.66666667,1
USGS-05123760,16,3,48.60389879,-100.795142,18.75,1
ATFW31100127,49,0,48.60394,16.78833,0,0
USGS-483644101370400,4,1,48.6122426,-101.6182173,25,1
USGS-483713100434100,5,3,48.6202853,-100.7284732,60,1
USGS-05123770,2,0,48.63306746,-100.8193111,0,0
301324,123,0,48.63591809,9.326925885,0,0
CAN00354,69,0,48.6406,-54.0361,0,0
301370,21,0,48.65231275,9.785502548,0,0
301428,92,0,48.66506527,8.364897042,0,0
USGS-484031100474700,5,3,48.67528989,-100.7968116,60,1
301521,136,0,48.67704758,9.380553227,0,0
301552,311,0,48.6779009,9.368985392,0,0
USGS-05123500,30,0,48.6783424,-100.711531,0,0
301371,13,0,48.68127849,9.760599695,0,0
301513,271,1,48.68225393,7.914722757,0.36900369,0
301413,160,0,48.7059057,9.352183241,0,0
301372,21,0,48.70591151,9.592234266,0,0
301373,242,0,48.70617986,9.423265732,0,0
301355,31,0,48.71041186,8.91069623,0,0
301461,224,1,48.71045102,7.960644772,0.446428571,0
ATFW31100037,36,0,48.71619,16.88903,0,0
301551,850,1,48.71810527,9.387360816,0.117647059,0
ATFW31100187,45,1,48.71833,16.26886,2.222222222,0
ATFW31100167,41,0,48.73447,16.34141,0,0
CAN00167,71,0,48.7594,-56.5919,0,0
BC08HA0018,153,0,48.7726,-123.6633,0,0
CAN00152,195,0,48.7726,-123.6633,0,0
USGS-484635100524600,4,0,48.7764062,-100.8798738,0,0
301550,497,2,48.77721134,9.248282751,0.402414487,0
301429,48,0,48.78589001,8.339948093,0,0
301464,90,0,48.7899843,9.723240907,0,0
301465,87,0,48.79366487,9.593865591,0,0
CAN00278,101,0,48.7975,-58.0619,0,0
USGS-05014500,1,0,48.7988333,-113.6567306,0,0
ATFW31100027,49,0,48.80483,16.46219,0,0
301466,42,0,48.80635112,9.456489148,0,0
USGS-484829101492000,3,0,48.80807748,-101.822663,0,0
ATFW31000397,47,0,48.80995,14.93289,0,0
USGS-05123900,30,2,48.812795,-100.8632072,6.666666667,1
301353,96,0,48.8152476,8.719731189,0,0
USGS-12447390,160,0,48.8229245,-120.1459245,0,0
USGS-05137500,25,0,48.83027778,-94.705,0,0
301549,319,0,48.83868957,9.222838491,0,0
301489,126,0,48.83991046,10.39809646,0,0
301514,223,0,48.84330272,8.110989439,0,0
FRA00001,236,0,48.85,2.35,0,0
301520,21,0,48.85641691,9.239993763,0,0
301467,237,0,48.86443152,9.306228677,0,0
301548,722,27,48.86507637,9.255793176,3.739612188,0
301356,146,0,48.86578082,8.719680837,0,0
301468,401,1,48.86807115,9.277823634,0.249376559,0
301397,161,0,48.86907428,10.10231722,0,0
301354,134,0,48.87725958,8.68206375,0,0
301357,287,0,48.88925235,8.71453616,0,0
301430,225,0,48.88959581,8.193684014,0,0
301352,99,0,48.89038308,8.680401544,0,0
USGS-05105300,89,5,48.8910946,-95.7308182,5.617977528,1
301519,97,0,48.89439828,9.268896045,0,0
301325,13,8,48.89816792,8.343774679,61.53846154,1
USGS-05140515,23,0,48.90305556,-95.32,0,0
USGS-12318500,144,1,48.905,-116.4019444,0.694444444,0
USGS-485425100573400,3,0,48.90696377,-100.9598774,0,0
301547,531,0,48.91075847,9.251328645,0,0
USGS-12400520,190,0,48.91880008,-117.787484,0,0
301207,307,0,48.923,8.169,0,0
CAN00168,72,0,48.9306,-55.6669,0,0
301423,76,0,48.93113698,9.368533293,0,0
301361,11,0,48.93513374,9.052517012,0,0
301359,127,0,48.93532563,8.919070296,0,0
301360,12,0,48.93536877,9.043221484,0,0
CAN00171,50,0,48.9367,-55.6181,0,0
CAN00149,78,0,48.9392,-55.6631,0,0
301358,105,0,48.93971321,8.810523334,0,0
CAN00150,60,0,48.9444,-57.9367,0,0
CAN00170,65,0,48.9492,-55.9156,0,0
301424,25,0,48.95620379,9.256759907,0,0
301425,554,1,48.95620379,9.256759907,0.180505415,0
301545,502,17,48.96054379,9.194302451,3.386454183,0
301422,101,0,48.97329811,9.461040063,0,0
USGS-05102490,234,0,48.9735988,-97.2417314,0,0
CAN00384,57,0,48.9744,-57.8839,0,0
CAN00192,82,0,48.9836,-57.7611,0,0
301398,12,0,48.9853834,9.785942502,0,0
301400,11,0,48.98570162,9.777017687,0,0
USGS-05100000,129,2,48.9897138,-97.5570221,1.550387597,0
USGS-05114000,495,40,48.9900156,-101.9582209,8.080808081,1
USGS-06178000,224,0,48.9902861,-105.6969083,0,0
CAN00180,89,0,48.9944,-54.8675,0,0
USGS-05124000,366,29,48.9964079,-100.9584889,7.923497268,1
301544,402,16,48.9980747,9.197605737,3.980099502,0
USGS-12398600,60,0,48.99881409,-117.3535794,0,0
301362,171,0,49.00220401,9.140036358,0,0
CAN00353,421,0,49.0024,-122.2323,0,0
BC08MH0027,237,0,49.00244,-122.2323,0,0
301543,451,1,49.00636431,9.160206461,0.22172949,0
301432,13,0,49.00721341,8.52087987,0,0
301515,471,0,49.0104852,8.297954263,0,0
CAN00169,70,0,49.0231,-55.4481,0,0
301380,94,0,49.03075569,10.10171194,0,0
DEU00001,231,0,49.03333333,8.302777778,0,0
301269,97,0,49.0355692,8.302454245,0,0
301326,13,0,49.03644134,8.31497044,0,0
301401,105,0,49.05661218,9.56812625,0,0
301542,726,10,49.07333058,9.164993508,1.377410468,0
301559,67,0,49.07678294,9.151873929,0,0
CAN00030,299,0,49.08,-119.71,0,0
CAN00188,84,0,49.0897,-112.4017,0,0
CAN00006,155,3,49.09166667,-96.69166667,1.935483871,0
301472,13,0,49.11886006,8.618118218,0,0
301541,569,18,49.11924567,9.165441123,3.16344464,0
301480,13,0,49.11932506,9.194113937,0,0
CAN00189,95,0,49.1242,-110.8942,0,0
301923,15,0,49.12685881,7.281007622,0,0
301877,10,0,49.13160966,7.205593094,0,0
301855,156,0,49.13568873,7.181303074,0,0
301858,5,0,49.1357885,7.139573267,0,0
301878,18,0,49.13939589,7.201051597,0,0
301932,15,0,49.14771717,7.364547898,0,0
301852,5,0,49.14805205,7.214941513,0,0
CAN00175,74,0,49.1485,-123.0387,0,0
301931,15,2,49.15143909,7.352964222,13.33333333,1
301402,29,0,49.15279353,9.735572108,0,0
CAN00191,44,0,49.1661,-57.4156,0,0
301417,13,0,49.16868391,9.202035515,0,0
301408,13,0,49.17238405,9.785457039,0,0
301481,155,0,49.17689203,9.25245018,0,0
301843,3,2,49.17729246,6.731960508,66.66666667,1
301819,5,0,49.18971183,7.168690259,0,0
301924,26,0,49.19043972,7.322698874,0,0
301409,13,0,49.19258967,8.635887059,0,0
301777,5,0,49.19396897,7.119272636,0,0
301697,127,1,49.19743403,7.026752688,0.787401575,0
301778,10,0,49.19775506,7.065036365,0,0
301773,10,0,49.20656509,7.065396764,0,0
301808,5,0,49.20688421,7.048709832,0,0
301779,14,0,49.21096295,7.035488635,0,0
301776,10,0,49.21463067,7.139504328,0,0
301675,742,0,49.21469191,7.035347152,0,0
301540,924,5,49.21506362,9.210556797,0.541125541,0
301406,158,1,49.22686372,9.210346004,0.632911392,0
301844,10,0,49.22766945,6.819173743,0,0
301762,84,10,49.23520807,6.835492761,11.9047619,1
301474,110,0,49.23523521,8.47716698,0,0
301809,5,0,49.23535454,7.056367115,0,0
301385,157,0,49.23965217,9.18990054,0,0
301783,14,0,49.24014967,6.997519605,0,0
CAN00252,344,0,49.2421,-122.5961,0,0
301696,5,0,49.24328429,6.982056805,0,0
301908,5,0,49.24386491,7.197107228,0,0
301848,5,0,49.24820469,7.260547717,0,0
301407,13,0,49.24824783,9.456112972,0,0
301404,13,0,49.25191394,9.460591365,0,0
301934,84,0,49.25196516,6.698250273,0,0
301891,14,0,49.2562855,6.868623924,0,0
301842,5,0,49.26062299,7.252216626,0,0
301693,14,0,49.26074309,6.97650854,0,0
301828,70,0,49.26418138,7.320660211,0,0
301933,11,0,49.26520174,6.801839262,0,0
301676,229,0,49.26894193,7.085660347,0,0
301410,22,0,49.26927643,8.606986666,0,0
301884,5,0,49.27247081,6.877345182,0,0
301763,149,0,49.27302542,6.793839225,0,0
301827,68,0,49.27313251,7.306076785,0,0
301771,15,0,49.28070624,6.7805554,0,0
301539,832,1,49.28089541,9.152538148,0.120192308,0
301825,15,0,49.28552036,7.318928423,0,0
301677,527,0,49.28926387,7.139122726,0,0
301785,2,0,49.29045166,7.043809197,0,0
301853,10,1,49.29071379,6.782874529,10,1
301824,5,0,49.29798673,7.064333735,0,0
POL00018,35,0,49.29917,20.93083,0,0
301922,5,0,49.30174722,7.360390718,0,0
301793,14,0,49.30199012,7.313817274,0,0
301692,5,0,49.3064466,7.027912714,0,0
301365,13,0,49.30649091,8.822739776,0,0
301674,474,0,49.30986416,6.615601569,0,0
301854,10,0,49.31012678,6.781875499,0,0
301879,5,1,49.31071421,6.907005966,20,1
301873,5,0,49.31322887,7.331553631,0,0
301921,5,0,49.31449093,7.381404873,0,0
301794,5,0,49.31472575,7.278045887,0,0
301383,13,0,49.32309189,9.359612437,0,0
301382,13,0,49.32700113,9.368586748,0,0
301414,37,0,49.32719337,8.677028602,0,0
301788,5,0,49.32723468,7.281390877,0,0
301862,5,0,49.32758457,6.927727046,0,0
301691,4,0,49.32775395,7.056836929,0,0
301745,12,0,49.33036936,7.249489044,0,0
301800,14,0,49.33122451,6.756304793,0,0
301861,5,0,49.33137794,6.919016923,0,0
301796,5,0,49.33559053,6.576614312,0,0
301860,5,0,49.33579606,6.927522957,0,0
301840,5,3,49.33923907,7.154093211,60,1
301795,28,0,49.33961409,6.598137961,0,0
301709,5,0,49.33972693,7.239910475,0,0
301816,5,0,49.33996449,6.767099575,0,0
301631,149,0,49.33996996,6.72280022,0,0
301792,86,0,49.34323383,6.593611489,0,0
301369,55,0,49.34355612,9.110898896,0,0
301841,5,1,49.34376316,7.164872542,20,1
301821,5,0,49.34780961,6.98575732,0,0
301917,5,0,49.34781637,7.285233916,0,0
CAN00193,50,0,49.3483,-57.2353,0,0
301830,14,0,49.35142067,7.163422237,0,0
301754,10,0,49.3519244,6.804437451,0,0
301829,5,0,49.35222116,7.147810984,0,0
301412,165,0,49.35253013,8.52261118,0,0
301798,5,0,49.35261216,6.585382993,0,0
301656,68,0,49.35621904,7.177276765,0,0
301753,10,0,49.35669862,6.864930942,0,0
301364,152,0,49.36012615,8.785421088,0,0
301637,5,0,49.36050304,7.047896448,0,0
301919,5,0,49.36050333,7.322841497,0,0
301629,12,0,49.36860256,6.768638341,0,0
301667,326,7,49.37312187,6.58541929,2.147239264,0
301638,10,0,49.37323825,7.056169588,0,0
301650,10,0,49.37340037,7.077040219,0,0
301866,18,0,49.37676113,7.198294387,0,0
301871,56,0,49.37676113,7.198294387,0,0
301623,12,0,49.37687059,7.181635452,0,0
301668,1033,0,49.37733887,6.585685177,0,0
301538,534,1,49.38172517,9.077340047,0.187265918,0
301651,5,0,49.38544503,7.043490809,0,0
301791,34,0,49.38601407,6.665756861,0,0
CAN00176,383,0,49.3872,-121.4508,0,0
BC08MF0001,224,0,49.38722,-121.4508,0,0
CAN00007,89,1,49.3875,-121.45,1.123595506,0
301759,10,0,49.38962546,6.693149476,0,0
301415,234,4,49.38964719,8.546664448,1.709401709,0
POL00017,36,0,49.39361,20.40056,0,0
301901,5,0,49.39377942,7.218791623,0,0
301660,5,0,49.39787895,6.964895393,0,0
CAN00219,56,0,49.4019,-57.7303,0,0
301627,68,0,49.40193316,6.867484037,0,0
301904,10,0,49.4021164,7.222876007,0,0
301662,765,0,49.40617721,6.972601816,0,0
301661,10,0,49.40633823,6.964458256,0,0
301652,10,0,49.40669712,7.019134019,0,0
301654,21,0,49.41030204,6.950479488,0,0
301518,13,0,49.41035619,8.82773604,0,0
301713,149,0,49.41044794,6.648129466,0,0
301535,724,2,49.41091075,8.777361915,0.276243094,0
301659,5,0,49.41094741,6.914459662,0,0
301653,10,0,49.41450469,6.98115959,0,0
301626,62,0,49.41513401,6.853009921,0,0
301699,10,0,49.41856434,6.923062404,0,0
301664,426,0,49.41940465,7.018663632,0,0
301902,5,0,49.42284419,7.2646372,0,0
301649,10,0,49.42299927,7.076782344,0,0
301834,5,0,49.4270781,6.623387898,0,0
301835,15,0,49.4270781,6.623387898,0,0
301537,13,0,49.43192412,9.003169172,0,0
301820,10,0,49.43907957,7.234721743,0,0
301534,591,3,49.43960785,8.640299479,0.507614213,0
301872,5,0,49.44034961,7.139019532,0,0
301658,10,0,49.444024,6.965102809,0,0
301609,68,0,49.44410687,7.147736572,0,0
301804,5,0,49.44458642,7.04856148,0,0
301743,15,0,49.44784515,6.635689716,0,0
301757,15,0,49.4518018,6.743211382,0,0
CAN00328,301,0,49.4586,-120.504,0,0
301377,13,0,49.46857627,8.981966005,0,0
301700,10,0,49.46861327,6.997828904,0,0
301833,10,0,49.46861327,6.997828904,0,0
301738,15,0,49.46882406,6.590096196,0,0
POL00027,35,0,49.47111,19.69167,0,0
301920,14,0,49.47300891,7.173134336,0,0
301910,68,0,49.47376761,7.165048217,0,0
301813,17,0,49.47727287,7.261248565,0,0
301622,9,0,49.47742876,6.882545743,0,0
301533,489,0,49.4774386,8.535327563,0,0
301516,898,0,49.48189773,8.455900156,0,0
301742,5,0,49.48527561,6.69731633,0,0
301900,10,0,49.485524,7.247794,0,0
301899,5,0,49.48556508,7.25604465,0,0
301682,10,0,49.48563003,6.524306076,0,0
301732,5,0,49.48563755,6.560769026,0,0
301831,10,0,49.48574268,6.989466129,0,0
301621,68,0,49.48622036,6.860193572,0,0
301482,11,0,49.48947057,9.89801968,0,0
301892,5,0,49.49425728,7.163698391,0,0
301532,540,0,49.4944772,8.468880352,0,0
301636,10,0,49.49475423,6.815488675,0,0
301655,10,0,49.49482252,7.006629466,0,0
301642,14,0,49.49765432,6.82338482,0,0
301681,15,0,49.49777926,6.543739304,0,0
301812,10,0,49.50192865,7.268005646,0,0
301635,10,0,49.50208584,6.785857544,0,0
301270,59,0,49.50263033,8.439694656,0,0
301686,10,0,49.50543633,6.464542839,0,0
301895,12,0,49.50596628,7.077003662,0,0
301832,5,0,49.50599364,6.777500028,0,0
301670,844,0,49.50605731,6.789725916,0,0
301839,5,0,49.50632085,7.123295956,0,0
301863,27,0,49.50654005,7.276720749,0,0
301620,10,0,49.51015377,6.869197582,0,0
301897,5,0,49.51025653,7.223682836,0,0
301619,27,0,49.51058844,6.878824321,0,0
301714,25,0,49.51460269,6.606103269,0,0
301799,10,0,49.51478035,6.610479774,0,0
301483,22,0,49.5155687,9.748048131,0,0
301634,10,0,49.51893781,6.739713606,0,0
301893,5,0,49.51899664,7.14778508,0,0
301641,14,0,49.52288678,6.830046284,0,0
301690,10,1,49.52290157,6.490016585,10,1
301633,20,0,49.52327137,6.718853194,0,0
301618,10,0,49.52775323,6.889589902,0,0
301689,31,0,49.52790461,6.518745478,0,0
301617,10,0,49.53150002,6.901387892,0,0
301615,10,0,49.53959439,6.980760857,0,0
301701,10,0,49.5397163,6.993860043,0,0
301703,9,0,49.53985185,6.864733912,0,0
301640,15,0,49.54286059,6.83545235,0,0
301736,5,0,49.55242887,7.182627046,0,0
301614,62,0,49.55267958,6.97335558,0,0
301750,5,0,49.55623499,7.232206627,0,0
301710,5,0,49.55945973,6.893882618,0,0
301772,6,0,49.56429722,7.08159153,0,0
301718,5,0,49.56464196,6.922483095,0,0
DEU00004,182,0,49.56666667,6.366666667,0,0
301722,10,0,49.56823679,7.09712334,0,0
301484,13,0,49.57305344,9.710373741,0,0
301496,203,0,49.58135244,8.623041627,0,0
301729,10,0,49.58477041,7.148284134,0,0
301720,10,0,49.58576518,6.919006471,0,0
301613,10,0,49.58963212,6.993540794,0,0
301724,66,0,49.60233127,7.147111527,0,0
301764,5,0,49.60573308,7.048347012,0,0
301716,10,0,49.61096598,6.947230495,0,0
301789,75,0,49.61443367,6.976844986,0,0
301611,83,0,49.63953595,7.005978359,0,0
301485,22,0,49.64792002,9.652155128,0,0
301610,83,0,49.64821563,6.989451983,0,0
301486,227,0,49.75642054,9.518155746,0,0
CAN00229,59,0,49.7694,-56.9042,0,0
CAN00363,257,0,49.8128,-125.2028,0,0
CAN00383,63,0,49.8303,-57.8564,0,0
CAN00162,37,0,49.8315,-57.2868,0,0
BEL00013,155,0,49.85,5.716666667,0,0
BEL00041,62,0,49.8643,4.8841,0,0
POL00025,36,0,49.91103,18.4784,0,0
POL00004,370,0,49.91777778,18.32472222,0,0
POL00024,36,0,49.92007,18.32709,0,0
301271,86,14,49.9893,8.2979,16.27906977,1
DEU00002,183,0,50,8.23,0,0
POL00001,412,0,50.01666667,19.8,0,0
301272,81,3,50.03955813,8.218806459,3.703703704,0
BEL00040,39,0,50.0935,4.691,0,0
BEL00043,39,0,50.1151,5.2975,0,0
POL00016,9,0,50.13487,20.50031,0,0
BEL00011,180,0,50.16666667,4.833333333,0,0
CAN00286,47,0,50.1817,-57.6036,0,0
BEL00049,39,0,50.19894,6.1588,0,0
BEL00042,39,0,50.2255,4.9038,0,0
301273,86,6,50.23496936,7.5852,6.976744186,1
POL00015,8,0,50.23609,19.16063,0,0
DEU00003,207,0,50.25,7.647777778,0,0
313240,115,0,50.26898094,12.24811005,0,0
313269,254,0,50.29808452,11.14741683,0,0
BEL00010,181,10,50.3,4.116666667,5.524861878,1
CAN00085,189,0,50.30083333,-95.55555556,0,0
313241,39,0,50.30650439,12.25665283,0,0
313242,73,0,50.34003792,12.2474926,0,0
301213,1044,0,50.34796743,7.597856284,0,0
DEU00005,207,0,50.35,7.552777778,0,0
BEL00037,31,0,50.383,4.87,0,0
RUS00020,77,0,50.39138889,103.8919444,0,0
313244,108,0,50.39843399,12.18552667,0,0
313246,60,0,50.42745101,12.09446874,0,0
313201,18,0,50.44813491,12.42710085,0,0
BEL00036,62,0,50.4492,3.6813,0,0
313202,77,0,50.45233565,12.45951068,0,0
BEL00044,63,0,50.4643,4.8559,0,0
POL00023,8,0,50.46789,17.00875,0,0
313203,38,0,50.46887699,12.5022861,0,0
BEL00046,40,0,50.476,5.5784,0,0
313248,103,0,50.47779339,12.09846837,0,0
BEL00047,36,0,50.4818,5.591,0,0
313205,101,0,50.48916015,12.54336641,0,0
BEL00038,66,0,50.4939,5.0958,0,0
BEL00009,73,1,50.50861111,3.432222222,1.369863014,0
313208,96,0,50.51479841,12.62321027,0,0
BEL00001,131,20,50.51638889,3.423611111,15.26717557,1
313249,92,0,50.53614452,12.17335632,0,0
313209,6,0,50.5564762,12.67670525,0,0
POL00014,16,1,50.56126,23.15024,6.25,1
313268,208,0,50.57663814,10.41468864,0,0
313210,109,0,50.58158458,12.69446344,0,0
BEL00048,55,0,50.6,5.6332,0,0
313250,19,0,50.60247017,12.1603772,0,0
BEL00039,36,0,50.6209,5.5796,0,0
313251,114,0,50.62312917,12.17228786,0,0
301579,5196,0,50.63158261,7.210346049,0,0
313211,108,0,50.63535836,12.67248249,0,0
313212,42,0,50.65256844,12.56876838,0,0
BEL00034,55,5,50.6699,4.1572,9.090909091,1
301274,96,1,50.67320661,7.193296996,1.041666667,0
BEL00007,39,29,50.68333333,3.266666667,74.35897436,1
CAN00327,195,0,50.6848,-119.07,0,0
313213,115,0,50.68563831,12.50197434,0,0
CAN00029,350,0,50.69,-119.33,0,0
BC08LE0004,202,0,50.69139,-119.3289,0,0
BEL00056,77,0,50.7008305,3.35230277,0,0
BEL00088,59,0,50.70959,3.36074,0,0
BEL00102,59,0,50.70967,4.21761,0,0
BEL00066,76,4,50.710136,4.2177111,5.263157895,1
313272,343,0,50.71455531,11.33626394,0,0
BEL00115,59,4,50.72071,3.36442,6.779661017,1
BEL00072,77,2,50.72071389,3.3644222,2.597402597,0
313179,68,0,50.72275803,13.62751429,0,0
BEL00073,77,5,50.72796944,3.34663333,6.493506494,1
BEL00116,59,4,50.72797,3.34663,6.779661017,1
BEL00045,62,2,50.7286,3.3883,3.225806452,0
CAN00061,189,0,50.7375,-110.0956,0,0
BEL00033,38,0,50.7382,3.863,0,0
313180,32,0,50.73997713,13.53135405,0,0
313215,25,0,50.74020045,12.49365054,0,0
BEL00006,93,44,50.75,2.95,47.31182796,1
BEL00111,59,0,50.76183,3.8669,0,0
BEL00069,80,0,50.76183056,3.866897222,0,0
NLD00005,451,2,50.77,5.68,0.44345898,0
BEL00035,55,0,50.7763,4.6372,0,0
NL91_EIJSDPTN,207,0,50.7795,5.69911,0,0
NLD00128,207,0,50.7795,5.69911,0,0
BEL00012,239,0,50.78333333,5.683333333,0,0
313216,120,0,50.78964346,12.50190535,0,0
313182,18,0,50.79406334,13.45679415,0,0
BEL00070,77,0,50.80109722,3.18858888,0,0
BEL00112,57,0,50.8011,3.18859,0,0
313181,17,0,50.80235248,13.42716797,0,0
BEL00092,63,0,50.80278,4.64254,0,0
BEL00059,73,0,50.80278333,4.642541667,0,0
BEL00120,60,0,50.80926,5.6723,0,0
BEL00074,76,0,50.80926111,5.67230277,0,0
313217,74,0,50.81134284,12.51821131,0,0
BEL00101,59,2,50.81304,4.30208,3.389830508,0
BEL00064,67,5,50.81480833,4.302741667,7.462686567,1
313218,88,0,50.85615893,12.57750764,0,0
313183,111,0,50.85684744,13.39351762,0,0
313127,129,0,50.86172663,14.82328514,0,0
313219,55,0,50.86931313,12.609282,0,0
313128,119,0,50.87254931,14.82338756,0,0
BEL00083,49,0,50.8888,5.6823,0,0
DEU00020,61,0,50.89,14.23,0,0
303013,242,0,50.89064951,14.23146068,0,0
303014,321,0,50.89064951,14.23146068,0,0
313106,224,0,50.89064951,14.23146068,0,0
313107,310,0,50.89064951,14.23146068,0,0
BEL00087,58,0,50.89344,3.68,0,0
313184,114,0,50.89822282,13.38997617,0,0
313129,13,0,50.89871748,14.84012921,0,0
CAN00062,185,4,50.9028,-110.2972,2.162162162,0
313220,86,0,50.90318258,12.67008122,0,0
313266,445,5,50.90576707,12.4357419,1.123595506,0
BEL00063,69,2,50.90730278,4.412102778,2.898550725,0
301275,83,5,50.9106336,6.981377185,6.024096386,1
BEL00100,38,0,50.91129,4.41436,0,0
313185,113,0,50.91495045,13.38588751,0,0
BEL00076,69,0,50.92021944,2.622891667,0,0
BEL00125,56,1,50.92022,2.62289,1.785714286,0
BEL00026,94,40,50.9212,3.4137,42.55319149,1
BEL00108,57,0,50.92178,5.13462,0,0
313130,118,0,50.92260379,14.86873757,0,0
313264,622,33,50.93522074,12.02353657,5.305466238,1
313186,70,0,50.94342709,13.37272299,0,0
313221,67,0,50.94357197,12.76355192,0,0
BEL00068,71,0,50.94875278,5.120408333,0,0
BEL00109,58,0,50.95417,5.13017,0,0
304006,286,0,50.95621962,10.06880578,0,0
313265,273,0,50.95621962,10.06880578,0,0
BEL00024,200,6,50.9579,5.11631,3,0
BEL00106,59,0,50.95792,5.11631,0,0
313187,110,0,50.96028192,13.33592337,0,0
BEL00062,73,18,50.96046666,4.455736111,24.65753425,1
BEL00099,59,16,50.96047,4.45574,27.11864407,1
BEL00105,58,0,50.96109,5.13157,0,0
313109,68,0,50.9647717,13.94151175,0,0
313110,66,0,50.9647717,13.94151175,0,0
BEL00091,60,0,50.96616,4.69426,0,0
BEL00023,207,1,50.9699,4.7186,0.483091787,0
BEL00104,60,0,50.96996,4.71869,0,0
313222,90,0,50.981351,12.76940235,0,0
BEL00098,59,14,50.98879,4.47279,23.72881356,1
313188,85,0,50.99791098,13.31081548,0,0
313131,120,0,50.99833517,14.92263171,0,0
BEL00055,114,0,51.0016,3.724030556,0,0
BEL00086,59,0,51.0016,3.72403,0,0
BEL00019,223,6,51.00578,3.80358,2.69058296,0
313111,130,0,51.01026614,13.86442567,0,0
313112,130,0,51.01026614,13.86442567,0,0
313189,116,0,51.01874707,13.33516111,0,0
313190,5,0,51.01874707,13.33516111,0,0
313223,75,0,51.02274151,12.79011174,0,0
BEL00020,173,3,51.0233,4.49727,1.734104046,0
BEL00090,60,1,51.02332,4.49727,1.666666667,0
313191,106,0,51.03560446,13.31866736,0,0
BEL00032,98,20,51.03651,2.90773,20.40816327,1
BEL00025,221,2,51.0373,4.07721,0.904977376,0
BEL00110,59,0,51.03731,4.07721,0,0
BEL00054,82,0,51.04081667,4.123341667,0,0
BEL00084,61,0,51.04082,4.12334,0,0
313145,75,0,51.04406511,14.51342343,0,0
313147,45,0,51.04412051,14.4567756,0,0
BEL00061,80,29,51.0456694,4.4221,36.25,1
313393,354,0,51.05626625,12.14884417,0,0
313192,58,0,51.06489432,13.27693077,0,0
BEL00067,76,0,51.06714722,4.3651444,0,0
313193,54,0,51.06960618,13.21441825,0,0
BEL00057,76,1,51.07006389,4.423797222,1.315789474,0
313194,82,0,51.07228528,13.15654005,0,0
313270,254,0,51.07309498,11.58075669,0,0
313263,391,0,51.07311343,11.69363103,0,0
BEL00118,60,0,51.07366,3.56898,0,0
BEL00028,159,13,51.07366,3.56898,8.176100629,1
313148,65,0,51.08064027,14.43564365,0,0
313195,71,0,51.08904149,13.14140997,0,0
313133,141,0,51.09763342,14.98554159,0,0
313114,125,0,51.09794604,13.6440163,0,0
313115,121,0,51.09794604,13.6440163,0,0
BEL00021,229,0,51.1027,4.73611,0,0
BEL00093,59,0,51.1027,4.73611,0,0
313150,83,0,51.10658888,14.44823897,0,0
POL00005,411,0,51.11666667,17.05,0,0
313224,25,0,51.1185893,12.81117516,0,0
BEL00071,75,0,51.12143889,2.748241667,0,0
CAN00174,201,0,51.1228,-115.3867,0,0
304008,255,0,51.12283345,10.1965315,0,0
BEL00124,60,0,51.12675,2.80192,0,0
BEL00031,177,1,51.12675,2.80192,0.564971751,0
313116,125,0,51.12722045,13.53567089,0,0
313117,123,0,51.12722045,13.53567089,0,0
313382,359,0,51.12789887,11.71870946,0,0
BEL00082,42,0,51.1292,5.82388,0,0
BEL00052,82,0,51.12920556,5.823880556,0,0
313196,117,0,51.13151212,13.09809179,0,0
NL91_STEVWT,52,0,51.13211,5.84236,0,0
NLD00130,52,0,51.13211,5.84236,0,0
313197,66,0,51.1356394,13.02621534,0,0
301580,81,0,51.13973214,6.089620279,0,0
BEL00051,63,0,51.13976667,2.744633333,0,0
BEL00053,91,2,51.14311389,4.330575,2.197802198,0
313274,55,0,51.1477028,11.03517598,0,0
313198,13,0,51.14812173,13.01065754,0,0
313273,232,0,51.1519125,10.98595138,0,0
313200,133,0,51.15609872,12.80616746,0,0
313225,146,0,51.15619213,12.79419941,0,0
313253,123,0,51.15720504,12.2613198,0,0
301581,312,0,51.16047919,6.68954286,0,0
313199,57,0,51.1649854,12.92791757,0,0
313383,361,0,51.16574417,11.83573292,0,0
313152,96,0,51.16873202,14.41058783,0,0
313135,106,0,51.18095844,15.00604352,0,0
313227,82,1,51.18152266,12.78159003,1.219512195,0
301276,84,6,51.18526526,6.7401,7.142857143,1
301583,369,0,51.1853872,6.777245517,0,0
BEL00095,60,0,51.18642,4.83191,0,0
BEL00060,73,0,51.186425,4.83191111,0,0
BEL00022,132,0,51.1884,4.73873,0,0
BEL00094,118,0,51.18842,4.73873,0,0
313255,24,0,51.19315943,12.29801623,0,0
313153,24,0,51.19345193,14.42718385,0,0
BEL00014,425,87,51.2,3.8,20.47058824,1
BEL00096,58,0,51.20761,3.80311,0,0
303026,19,0,51.21016311,11.76865299,0,0
313395,448,0,51.21016311,11.76865299,0,0
303018,265,0,51.21094042,13.40697976,0,0
303019,242,0,51.21094042,13.40697976,0,0
313119,246,0,51.21094042,13.40697976,0,0
313120,223,0,51.21094042,13.40697976,0,0
313228,12,0,51.21099064,12.74825094,0,0
313155,96,0,51.21926526,14.48266665,0,0
BEL00119,61,0,51.22209,2.9494,0,0
BEL00029,148,0,51.2222,2.9494,0,0
BEL00075,76,3,51.2238444,2.961186111,3.947368421,0
301586,55,0,51.23115323,6.067185524,0,0
BEL00030,60,0,51.2369,4.4308,0,0
313229,39,0,51.23955568,12.73510622,0,0
313230,85,0,51.24857229,12.77315047,0,0
313170,105,0,51.25193751,14.12312136,0,0
313136,126,0,51.25615116,15.03578063,0,0
POL00026,35,0,51.25736,15.03177,0,0
301277,84,6,51.2598,6.7168,7.142857143,1
BEL00018,178,0,51.26785,5.4283,0,0
BEL00123,72,0,51.26785,5.42833,0,0
BEL00081,60,0,51.27218,3.71247,0,0
313399,39,0,51.27368766,11.49752249,0,0
BEL00016,202,1,51.2777,3.71426,0.495049505,0
313231,39,0,51.28965034,12.7650592,0,0
313384,439,0,51.29065988,12.06336949,0,0
BEL00122,59,0,51.29217,3.11866,0,0
313171,6,0,51.29817288,14.13925311,0,0
313157,69,0,51.30180763,14.5605747,0,0
313256,129,0,51.30227019,12.33958533,0,0
313271,197,0,51.30645495,11.18554851,0,0
313385,8,0,51.31134717,12.05631815,0,0
BEL00027,94,2,51.3143,3.2404,2.127659574,0
BEL00008,230,64,51.31666667,4.233333333,27.82608696,1
NL91_BELFBVN,52,0,51.3186,6.11333,0,0
NLD00127,52,0,51.3186,6.11333,0,0
BEL00117,59,0,51.32384,3.22988,0,0
BEL00077,56,0,51.32388889,3.23,0,0
BEL00015,151,6,51.325,3.22939,3.973509934,0
BEL00113,60,0,51.32546,3.2294,0,0
313172,89,0,51.32809352,14.15658523,0,0
313158,94,0,51.33217042,14.53219656,0,0
313257,64,0,51.33523739,12.35201075,0,0
304019,126,0,51.34369492,9.856607496,0,0
313121,126,0,51.34775617,13.24820273,0,0
313122,126,0,51.34775617,13.24820273,0,0
BEL00050,100,0,51.34833333,4.2525,0,0
313267,762,61,51.34883835,10.97373936,8.005249344,1
313386,377,0,51.35614932,12.01463143,0,0
313232,92,0,51.36071085,12.72302249,0,0
313160,7,0,51.36417172,14.51386555,0,0
313161,72,0,51.36417172,14.51386555,0,0
304018,684,0,51.36452416,9.568520569,0,0
313259,77,0,51.36870673,12.32305935,0,0
313398,246,2,51.36905747,12.15259727,0.81300813,0
313261,131,0,51.37732919,12.21894225,0,0
313174,52,0,51.37736709,14.26495287,0,0
313260,73,0,51.38096923,12.27432883,0,0
313387,368,0,51.38559,11.99827449,0,0
303027,19,0,51.38938624,12.00594728,0,0
313394,457,17,51.38938624,12.00594728,3.719912473,0
313233,41,0,51.40155193,12.6768167,0,0
304013,577,0,51.40608051,9.710436549,0,0
313175,102,1,51.4105325,14.23116255,0.980392157,0
313139,134,0,51.41529628,14.96924289,0,0
CAN00173,175,0,51.4433,-116.2117,0,0
313162,80,0,51.44367072,14.5188891,0,0
313235,93,0,51.4602938,12.64332601,0,0
313176,45,0,51.47743377,14.19845207,0,0
313123,9,0,51.48552685,13.13110883,0,0
313124,9,0,51.48552685,13.13110883,0,0
313140,41,0,51.48567199,14.87505864,0,0
301278,83,7,51.48972224,6.697583825,8.43373494,1
304010,641,1,51.49804559,9.606346107,0.15600624,0
313178,128,0,51.49852427,14.07254208,0,0
DEU00009,139,1,51.5,9.604722222,0.71942446,0
BEL00114,57,0,51.50255,4.78131,0,0
BEL00017,201,0,51.50506,4.78107,0,0
313163,86,0,51.50650035,14.40610606,0,0
313396,241,2,51.51036104,11.61941665,0.829875519,0
313388,443,0,51.51189573,11.95606071,0,0
313164,159,0,51.52348303,14.4020677,0,0
313236,39,0,51.5273256,12.61105751,0,0
301591,361,55,51.56406206,6.693019527,15.23545706,1
313142,156,0,51.58175477,14.73140063,0,0
313389,371,3,51.58185456,11.81492184,0.808625337,0
313237,136,0,51.5859662,12.58146567,0,0
313238,18,0,51.60219429,12.49898548,0,0
313239,1,0,51.60625108,12.53029988,0,0
313418,342,0,51.61005435,12.41885332,0,0
301595,382,6,51.64775853,6.645572753,1.570680628,0
303005,260,0,51.64777524,12.89780845,0,0
303006,234,0,51.64777524,12.89780845,0,0
313125,242,0,51.64777524,12.89780845,0,0
313126,215,0,51.64777524,12.89780845,0,0
313419,354,0,51.64816009,12.34829512,0,0
IRL00165,24,0,51.66051,-8.79293,0,0
301596,118,0,51.66475172,8.018372244,0,0
DEU00007,14,0,51.67638889,6.166666667,0,0
301594,319,0,51.68973776,7.839627427,0,0
NL94_BOVSS,51,0,51.69246,4.49338,0,0
NLD00145,51,0,51.69246,4.49338,0,0
313390,20,0,51.70281026,11.68418773,0,0
301585,72,1,51.71046664,6.072212301,1.388888889,0
NL94_KEIZVR,52,0,51.72019,4.89444,0,0
NLD00148,52,0,51.72019,4.89444,0,0
313420,302,0,51.72779842,12.2986511,0,0
301592,247,0,51.7396031,7.197786476,0,0
304001,461,0,51.75249681,9.381074752,0,0
303016,235,0,51.80182425,12.86927651,0,0
313422,375,0,51.80182425,12.86927651,0,0
NL94_PUTTHK,51,0,51.81165,4.56599,0,0
NLD00149,51,0,51.81165,4.56599,0,0
NL93_VURN,52,0,51.81549,5.04031,0,0
NLD00143,52,0,51.81549,5.04031,0,0
DEU00017,72,2,51.82,6.141666667,2.777777778,0
NLD00002,218,0,51.82583333,4.972777778,0,0
313408,24,0,51.83046422,11.75719866,0,0
313391,358,0,51.83140035,11.78135226,0,0
DEU00006,192,0,51.83972222,6.17,0,0
IRL00163,22,0,51.84566,-9.23927,0,0
313407,316,3,51.84802477,11.70677723,0.949367089,0
NLD00001,374,1,51.85,6.101666667,0.267379679,0
313404,13,0,51.85179293,11.60706308,0,0
NL93_LOBPTN,104,0,51.85421,6.09118,0,0
NLD00142,104,0,51.85421,6.09118,0,0
303011,248,0,51.8550827,12.26051794,0,0
313421,423,0,51.8550827,12.26051794,0,0
313406,38,4,51.8559416,11.65495583,10.52631579,1
303017,226,0,51.85632012,12.64718695,0,0
313405,13,0,51.85632144,11.61801437,0,0
313403,313,0,51.8606315,11.55639718,0,0
313392,58,0,51.86206519,11.76536152,0,0
301593,5203,0,51.86465551,6.067652385,0,0
301205,872,17,51.86465551,6.067652385,1.949541284,0
IRL00164,30,0,51.89691,-8.56797,0,0
303012,258,0,51.91489958,11.8761941,0,0
313409,415,0,51.91489958,11.8761941,0,0
313402,6,0,51.93104255,11.5237814,0,0
313401,182,0,51.95589743,11.43572601,0,0
301598,279,3,51.96065224,8.222474918,1.075268817,0
313417,209,0,51.96481123,11.93576653,0,0
301605,83,0,51.96878947,7.895373176,0,0
313437,110,0,51.99007202,13.09343391,0,0
NL93_HAGSN,52,0,51.99113,5.13655,0,0
NLD00140,52,0,51.99113,5.13655,0,0
NL94_GOUDVHVN,49,0,51.99672,4.69118,0,0
NLD00147,49,0,51.99672,4.69118,0,0
NLD00003,217,0,51.99833333,5.078055556,0,0
304007,431,0,52.0012323,9.431336824,0,0
CAN00178,201,0,52.0028,-116.4719,0,0
313438,111,0,52.01052836,13.11479933,0,0
313400,257,0,52.01474038,11.31890852,0,0
301606,410,1,52.01499397,7.697670035,0.243902439,0
313449,76,0,52.04333166,12.59401332,0,0
313448,76,0,52.04764368,12.56935998,0,0
305002,12,0,52.04874301,8.006355783,0,0
RUS00002,435,0,52.05638889,106.667,0,0
313439,111,0,52.06006883,13.15601029,0,0
303009,261,0,52.06643035,11.68135187,0,0
313450,76,0,52.06835421,12.65244349,0,0
DEU00018,59,0,52.07,11.68,0,0
CAN00139,257,0,52.072,-123.26137,0,0
305001,36,0,52.07243728,8.176173833,0,0
NL14_20001,24,0,52.07848,5.15011,0,0
IRL00161,21,0,52.08031,-8.17804,0,0
313430,76,0,52.08992412,12.86030325,0,0
301604,259,0,52.09388181,6.756301544,0,0
IRL00159,49,0,52.09466,-9.20778,0,0
313451,76,0,52.09792815,12.68521084,0,0
313431,76,0,52.10982786,12.88186366,0,0
313440,111,0,52.11868423,13.19811544,0,0
313452,76,0,52.12753588,12.69787605,0,0
IRL00160,24,0,52.14124,-7.93051,0,0
IRL00004,92,0,52.14888889,-8.516666667,0,0
NL05_01_026,31,0,52.15517,5.3872,0,0
NL05_01_037,31,0,52.15517,5.3872,0,0
NL05_02_006,32,0,52.15517,5.3872,0,0
NL05_02_037,31,0,52.15517,5.3872,0,0
NL05_02_039,31,0,52.15517,5.3872,0,0
NL05_02_046,32,0,52.15517,5.3872,0,0
NL05_02_049,34,0,52.15517,5.3872,0,0
NL05_02_203,48,0,52.15517,5.3872,0,0
NL05_03_003,32,0,52.15517,5.3872,0,0
NL05_03_022,32,0,52.15517,5.3872,0,0
NL05_06_020,32,0,52.15517,5.3872,0,0
NL05_06_024,32,0,52.15517,5.3872,0,0
NL05_06_304,31,0,52.15517,5.3872,0,0
NL05_07_301,31,0,52.15517,5.3872,0,0
NL05_14_003,36,0,52.15517,5.3872,0,0
NL05_14_222,36,0,52.15517,5.3872,0,0
NL05_15_016,32,0,52.15517,5.3872,0,0
NL05_15_023,32,0,52.15517,5.3872,0,0
NL05_15_026,32,0,52.15517,5.3872,0,0
NL05_15_401,32,0,52.15517,5.3872,0,0
NL05_16_005,32,0,52.15517,5.3872,0,0
NL05_16_019,32,0,52.15517,5.3872,0,0
NL05_16_020,32,0,52.15517,5.3872,0,0
NL05_20_017,36,0,52.15517,5.3872,0,0
NL05_20_020,31,0,52.15517,5.3872,0,0
NL05_20_038,83,0,52.15517,5.3872,0,0
NL05_20_074,36,0,52.15517,5.3872,0,0
NL05_20_090,32,0,52.15517,5.3872,0,0
NL05_20_215,32,0,52.15517,5.3872,0,0
NL05_20_246,31,0,52.15517,5.3872,0,0
NL05_20_401,32,0,52.15517,5.3872,0,0
NL05_32_200,36,0,52.15517,5.3872,0,0
NL05_34_001,31,0,52.15517,5.3872,0,0
NL05_36_004,32,0,52.15517,5.3872,0,0
NL05_36_200,36,0,52.15517,5.3872,0,0
NL05_38_001,33,0,52.15517,5.3872,0,0
NL05_39_002,32,0,52.15517,5.3872,0,0
NL05_40_003,48,0,52.15517,5.3872,0,0
NL05_40_035,44,0,52.15517,5.3872,0,0
NL05_40_220,32,0,52.15517,5.3872,0,0
NL05_14_004,36,1,52.15517,5.3872,2.777777778,0
NL05_20_212,36,1,52.15517,5.3872,2.777777778,0
NL05_02_302,32,1,52.15517,5.3872,3.125,0
NL05_09_015,31,1,52.15517,5.3872,3.225806452,0
NL05_10_002,36,2,52.15517,5.3872,5.555555556,1
NL05_01_009,32,2,52.15517,5.3872,6.25,1
NL05_20_092,30,2,52.15517,5.3872,6.666666667,1
NL05_40_009,32,3,52.15517,5.3872,9.375,1
NL05_34_305,32,4,52.15517,5.3872,12.5,1
NL05_34_003,32,7,52.15517,5.3872,21.875,1
304011,629,0,52.16004537,9.250142608,0,0
313432,76,0,52.17344565,12.93521134,0,0
301600,68,0,52.19404128,8.663680375,0,0
313435,76,0,52.21054696,13.0810886,0,0
305020,12,0,52.21478951,8.035490841,0,0
313441,111,0,52.21517339,13.20618944,0,0
NL05_20_037,60,0,52.21821,6.62646,0,0
NLD00040,60,0,52.21821,6.62646,0,0
301599,282,0,52.21871055,8.826863615,0,0
NL05_20_008,60,0,52.21923,6.58901,0,0
NLD00038,60,0,52.21923,6.58901,0,0
313433,76,0,52.23087001,12.97755331,0,0
313434,76,0,52.23099125,12.99415755,0,0
POL00002,401,0,52.23333333,21.03333333,0,0
NL05_40_004,60,0,52.2356,7.00394,0,0
NLD00047,60,0,52.2356,7.00394,0,0
305021,12,0,52.23976852,8.006429095,0,0
NL05_40_019,56,0,52.24028,6.992,0,0
NLD00048,56,0,52.24028,6.992,0,0
304016,733,0,52.24252624,8.91509798,0,0
NL05_20_010,65,0,52.2435,6.67653,0,0
NLD00039,65,0,52.2435,6.67653,0,0
NL05_41_001,60,0,52.24409,7.0385,0,0
NLD00050,60,0,52.24409,7.0385,0,0
301602,80,0,52.24428391,7.2937339,0,0
301597,204,0,52.24784538,8.918819842,0,0
301603,122,0,52.24821052,7.297937252,0,0
313413,293,0,52.2482589,11.66526091,0,0
NL05_20_235,60,0,52.2518,6.82918,0,0
NLD00041,60,0,52.2518,6.82918,0,0
313442,111,1,52.25634423,13.19359584,0.900900901,0
305016,37,0,52.26447555,8.106130485,0,0
NL05_40_219,60,0,52.27117,7.02917,0,0
NLD00049,60,0,52.27117,7.02917,0,0
313436,152,0,52.27215691,13.15624467,0,0
313443,148,1,52.27677979,13.16463025,0.675675676,0
313453,113,0,52.27724061,12.60191116,0,0
313444,111,0,52.2811501,13.15602649,0,0
305015,12,0,52.29331966,8.251343314,0,0
305019,36,0,52.30619556,8.001385183,0,0
301576,37,0,52.30621463,7.243773649,0,0
301607,502,0,52.30632771,7.419346479,0,0
NL05_03_001,60,0,52.30677,6.58573,0,0
NLD00024,60,0,52.30677,6.58573,0,0
313445,111,7,52.30688308,13.14349515,6.306306306,1
NL05_15_012,60,0,52.30705,6.7182,0,0
NLD00034,60,0,52.30705,6.7182,0,0
NL05_02_027,60,0,52.31423,6.56345,0,0
NLD00022,60,0,52.31423,6.56345,0,0
305018,36,0,52.31454299,8.068619827,0,0
NL05_16_003,60,0,52.31843,6.78968,0,0
NLD00037,60,0,52.31843,6.78968,0,0
NL05_10_023,60,0,52.31976,6.57945,0,0
NLD00032,60,0,52.31976,6.57945,0,0
313446,111,8,52.32370479,13.13162322,7.207207207,1
305023,36,0,52.32639086,7.952570301,0,0
NL05_15_099,67,0,52.33124,6.72909,0,0
NLD00035,67,0,52.33124,6.72909,0,0
313412,289,0,52.33185955,11.36487702,0,0
305004,37,0,52.33190425,7.357256756,0,0
NL05_02_202,60,0,52.33596,6.49326,0,0
NLD00023,60,0,52.33596,6.49326,0,0
NL05_16_001,60,1,52.33823,6.73477,1.666666667,0
NLD00036,60,1,52.33823,6.73477,1.666666667,0
NL05_14_002,61,0,52.34403,6.75176,0,0
NLD00033,61,0,52.34403,6.75176,0,0
NL05_32_302,48,0,52.35841,7.03989,0,0
NLD00043,48,0,52.35841,7.03989,0,0
IRL00158,21,0,52.36023,-7.58064,0,0
313447,111,0,52.36491253,13.11966404,0,0
RUS00009,90,0,52.36722222,140.4277778,0,0
NL05_09_002,48,1,52.37604,6.71269,2.083333333,0
NLD00031,48,1,52.37604,6.71269,2.083333333,0
304015,740,0,52.38045356,8.972798805,0,0
313454,76,0,52.38927139,12.53270233,0,0
NL05_37_300,60,0,52.39463,6.96401,0,0
NLD00046,60,0,52.39463,6.96401,0,0
313411,4,0,52.39770676,11.30669245,0,0
CAN00190,266,0,52.4033,-121.4342,0,0
NL05_02_004,65,0,52.4132,6.48585,0,0
NLD00021,65,0,52.4132,6.48585,0,0
305010,37,0,52.41505516,7.38129646,0,0
IRL00157,22,0,52.41715,-7.97524,0,0
NL05_30_001,60,0,52.42419,6.95853,0,0
NLD00042,60,0,52.42419,6.95853,0,0
NL05_06_003,51,1,52.43322,6.71583,1.960784314,0
NLD00025,51,1,52.43322,6.71583,1.960784314,0
IRL00166,55,0,52.43403,-9.4336,0,0
NL05_34_033,71,0,52.43414,6.94787,0,0
NLD00044,71,0,52.43414,6.94787,0,0
NL05_36_001,48,0,52.435,6.97208,0,0
NLD00045,48,0,52.435,6.97208,0,0
NL05_06_005,48,0,52.43587,6.70935,0,0
NLD00026,48,0,52.43587,6.70935,0,0
NL05_06_006,63,1,52.43931,6.70657,1.587301587,0
NLD00027,63,1,52.43931,6.70657,1.587301587,0
NL05_07_001,68,0,52.46692,6.4577,0,0
NLD00028,68,0,52.46692,6.4577,0,0
CAN00154,92,0,52.4676,-125.2936,0,0
NL05_01_004,59,0,52.46882,6.45168,0,0
NLD00019,60,0,52.46882,6.45168,0,0
305012,37,0,52.46914699,7.310718508,0,0
NL05_01_003,59,0,52.47285,6.47234,0,0
NLD00018,59,0,52.47285,6.47234,0,0
301577,37,0,52.49506992,6.977945194,0,0
IRL00156,24,0,52.50057,-7.09146,0,0
305026,36,0,52.50620228,8.023398611,0,0
NL05_01_300,68,0,52.51097,6.39154,0,0
NLD00020,68,0,52.51097,6.39154,0,0
NL04_LVE85,66,0,52.51818,6.21283,0,0
NLD00016,66,0,52.51818,6.21283,0,0
301601,78,0,52.51897577,8.681178435,0,0
NLD00004,253,0,52.52,6.02,0,0
305005,12,0,52.52292025,7.706655506,0,0
CAN00177,106,0,52.5296,-122.4423,0,0
BC08MC0001,206,0,52.52964,-122.44228,0,0
IRL00003,103,0,52.53333333,-6.9575,0,0
303025,12,0,52.53544768,13.23449586,0,0
IRL00167,24,0,52.54339,-8.76741,0,0
305014,37,0,52.54712144,7.269249074,0,0
NL36_OWM_011M,60,0,52.5512,6.62276,0,0
NLD00109,60,0,52.5512,6.62276,0,0
NL93_KAMPN,52,0,52.55382,5.92391,0,0
NLD00141,52,0,52.55382,5.92391,0,0
RUS00019,142,0,52.55583333,136.5,0,0
305029,37,0,52.56138737,7.956011857,0,0
313410,26,0,52.57758594,10.98559535,0,0
NL36_OWM_012M,59,0,52.57858,6.66897,0,0
NLD00110,59,0,52.57858,6.66897,0,0
POL00022,36,0,52.57913,14.62884,0,0
301578,74,0,52.60716623,6.735952646,0,0
NL36_OWM_014M,71,0,52.6116,6.73889,0,0
NLD00112,71,0,52.6116,6.73889,0,0
CAN00238,42,0,52.6147,-61.1864,0,0
CAN00295,91,0,52.6155,-121.57268,0,0
NL93_GENMDN,52,0,52.62972,6.03856,0,0
NLD00139,52,0,52.62972,6.03856,0,0
305045,37,0,52.6315736,7.497718928,0,0
NL36_OWM_002M,59,0,52.65169,6.77781,0,0
NLD00102,59,0,52.65169,6.77781,0,0
305044,37,0,52.65547681,7.53565888,0,0
IRL00155,63,0,52.65609,-6.6494,0,0
CAN00181,109,0,52.6644,-117.8808,0,0
NL36_OWM_004M,59,0,52.67203,6.79841,0,0
NLD00103,59,0,52.67203,6.79841,0,0
NL36_OWM_010M,50,0,52.67363,6.75322,0,0
NLD00108,50,0,52.67363,6.75322,0,0
305032,36,1,52.68119431,8.080904853,2.777777778,0
305042,37,0,52.68205091,7.606175569,0,0
NL36_OWM_009M,50,0,52.68545,6.73376,0,0
NLD00107,50,0,52.68545,6.73376,0,0
304004,641,14,52.68931286,9.218966842,2.184087363,0
305047,74,0,52.69373406,7.355885008,0,0
305036,37,0,52.7117107,8.00613239,0,0
305038,37,0,52.71964952,7.710508408,0,0
NL36_OWM_005M,45,0,52.73079,6.79971,0,0
NLD00104,46,0,52.73079,6.79971,0,0
305046,37,0,52.73102672,7.460892008,0,0
305050,37,0,52.75149157,7.364639877,0,0
305037,12,0,52.75596778,7.798075528,0,0
NL36_OWM_006M,60,0,52.7615,6.83937,0,0
NLD00105,60,0,52.7615,6.83937,0,0
305043,36,0,52.77281305,7.735162904,0,0
313416,312,0,52.79798235,11.76404865,0,0
313429,113,0,52.7981147,12.32293737,0,0
305052,37,0,52.83104512,7.264517575,0,0
DEU00019,145,0,52.8375,14.12444444,0,0
305051,37,0,52.83986615,7.122644307,0,0
CAN00294,107,0,52.84196,-122.22484,0,0
313428,151,0,52.84343505,12.24370613,0,0
313415,397,1,52.84370478,12.04358349,0.251889169,0
303007,245,1,52.84370478,12.04358349,0.408163265,0
IRL00169,56,0,52.84826,-8.97255,0,0
305070,12,0,52.85230458,8.077330528,0,0
CAN00068,126,0,52.8667,-102.1831,0,0
305071,36,0,52.8701997,7.948003703,0,0
313426,113,0,52.88519962,12.40615811,0,0
304017,359,0,52.92347591,9.222637746,0,0
305072,12,0,52.93789021,7.930801704,0,0
CAN00065,170,21,52.9403,-109.8733,12.35294118,1
304012,284,0,52.96465321,9.152656695,0,0
IRL00168,53,0,52.9662,-9.0853,0,0
DEU00010,128,0,52.96666667,9.133333333,0,0
313425,108,0,52.96862294,12.40202799,0,0
IRL00154,93,0,52.9846,-6.65711,0,0
CAN00027,233,0,52.99,-119.01,0,0
CAN00093,31,0,53.00169,-66.24162,0,0
313414,377,5,53.00240781,11.60650523,1.326259947,0
IRL00153,94,0,53.00582,-6.08451,0,0
305061,37,0,53.01023165,7.705945011,0,0
313424,111,0,53.01444796,12.36842368,0,0
DEU00008,159,0,53.03333333,7.316666667,0,0
305056,75,0,53.03336644,7.318655387,0,0
POL00006,424,0,53.035,14.31277778,0,0
303002,252,0,53.03537455,11.64384291,0,0
303015,205,0,53.03549902,11.58134383,0,0
CAN00081,102,0,53.04166667,-118.0872222,0,0
305075,37,0,53.05213746,7.823061242,0,0
304009,748,1,53.05628103,8.873119038,0.13368984,0
305074,12,0,53.06881259,7.903015822,0,0
305076,12,0,53.09392814,7.822297712,0,0
305058,37,1,53.10199722,7.351408144,2.702702703,0
305081,24,0,53.11056934,7.972410163,0,0
POL00013,12,0,53.11168,18.12191,0,0
305083,24,0,53.11944333,7.961199281,0,0
303004,127,0,53.12809043,11.26040847,0,0
305073,12,0,53.13171665,7.799583369,0,0
305082,24,0,53.14474827,7.868213338,0,0
IRL00152,77,0,53.17069,-6.2013,0,0
304005,402,9,53.17695876,8.571552234,2.23880597,0
305084,37,0,53.18174691,7.702389403,0,0
CAN00128,33,0,53.1925,-62.2031,0,0
IRL00151,56,0,53.20056,-6.12781,0,0
305078,12,0,53.20130133,8.0481608,0,0
305099,36,0,53.20269548,7.218905571,0,0
305067,36,0,53.21496256,7.530460987,0,0
305091,37,1,53.21539901,7.473669381,2.702702703,0
305092,36,0,53.21962328,7.426694463,0,0
305090,37,0,53.22681829,7.56900512,0,0
CAN00141,39,0,53.2478,-60.7892,0,0
305096,36,0,53.29426474,7.394001211,0,0
CAN00385,30,0,53.3092,-62.9197,0,0
IRL00150,94,0,53.31828,-6.23355,0,0
305098,37,0,53.32398858,7.312526134,0,0
304002,616,0,53.33630137,8.498042177,0,0
IRL00148,68,0,53.35739,-7.0454,0,0
303001,148,0,53.36878591,10.70553088,0,0
POL00020,36,0,53.39759,14.61443,0,0
DEU00015,207,0,53.43,10.07,0,0
DEU00011,150,0,53.43333333,10.36666667,0,0
CAN00163,29,0,53.4353,-63.2342,0,0
IRL00002,107,0,53.43783,-8.862569444,0,0
POL00021,32,0,53.46876,14.60208,0,0
CAN00091,29,0,53.4761,-59.9169,0,0
CAN00132,29,0,53.4978,-59.8736,0,0
CAN00114,32,0,53.5119,-60.2919,0,0
CAN00185,37,0,53.5217,-60.1419,0,0
CAN00055,25,0,53.534,-57.495,0,0
CAN00067,147,13,53.6,-102.1167,8.843537415,1
CAN00179,180,0,53.6014,-110.0083,0,0
CAN00064,151,0,53.66305556,-110.3502778,0,0
IRL00001,97,0,53.7,-6.533333333,0,0
IRL00149,88,0,53.70376,-6.54104,0,0
313460,208,0,53.8145929,10.41457136,0,0
POL00009,8,0,53.83038,18.81775,0,0
CAN00004,85,0,53.84166667,-101.335,0,0
IRL00147,71,0,53.84831,-6.59453,0,0
313461,75,0,53.84844032,10.63967242,0,0
IRL00170,25,0,53.87156,-8.98865,0,0
CAN00247,382,0,53.9272,-122.765,0,0
BC08KE0010,216,0,53.92722,-122.765,0,0
IRL00171,24,0,53.9511,-9.12472,0,0
LTR512,4,0,54.02263,24.3335,0,0
LTR1,57,0,54.03061,23.96839,0,0
UKGBNIF10918,12,0,54.05493,-6.55441,0,0
UKGBNIF10900,12,0,54.05873,-6.64668,0,0
UKGBNIF10649,12,0,54.07363,-6.38237,0,0
LTR1301,60,0,54.09057,24.29343,0,0
LTR151,4,0,54.09166,24.59476,0,0
UKGBNIF10644,10,0,54.10749,-6.18304,0,0
UKGBNIF10639,11,0,54.10911,-5.89967,0,0
LTR70,58,0,54.11057,24.28005,0,0
IRL00172,23,0,54.1124,-9.15273,0,0
LTR520,4,0,54.11793,24.77366,0,0
LTR1300,4,0,54.11918,24.30514,0,0
UKGBNIF10728,12,0,54.12964,-7.35015,0,0
LTR155,8,0,54.13648,23.85597,0,0
LTR830,4,0,54.14009,24.61314,0,0
LTR1296,4,0,54.14554,24.38732,0,0
UKGBNIF10981,11,0,54.1574,-6.0021,0,0
LTR556,8,0,54.17922,24.9496,0,0
UKGBNIF10250,12,0,54.18355,-6.11195,0,0
UKGBNIF11204,12,0,54.1938,-6.34478,0,0
LTR1299,8,0,54.20112,24.37129,0,0
LTR1608,4,0,54.20777,25.61843,0,0
UKGBNIF10636,11,0,54.22192,-5.92679,0,0
UKGBNIF10735,12,0,54.23006,-7.61263,0,0
UKGBNIF10286,12,0,54.23179,-6.11171,0,0
UKGBNIF10626,12,0,54.2368,-6.36812,0,0
LTR1639,4,0,54.25167,24.30792,0,0
POL00003,378,0,54.25638889,18.94638889,0,0
LTR837,8,0,54.26633,23.51171,0,0
UKGBNIF10715,12,0,54.27139,-7.4922,0,0
UKGBNIF10744,12,0,54.27888,-7.79753,0,0
LTR1482,8,0,54.28228,25.24758,0,0
UKGBNIF10737,12,0,54.28518,-7.73094,0,0
LTR73,4,0,54.29034,25.39424,0,0
UKGBNIF10606,12,0,54.29912,-5.80539,0,0
UKGBNIF10757,12,0,54.301,-7.87694,0,0
LTR1447,4,0,54.30827,24.66193,0,0
313459,62,0,54.31559116,8.955646683,0,0
UKGBNIF11421,11,0,54.32557,-7.65024,0,0
313455,263,1,54.33954503,9.139300066,0.380228137,0
UKGBNIF10743,12,0,54.34002,-7.97144,0,0
LTR1449,4,0,54.3414,24.88637,0,0
UKGBNIF10541,12,0,54.34485,-5.71301,0,0
UKGBNIF10669,12,0,54.34683,-7.64546,0,0
LTR163,8,0,54.3532,24.83007,0,0
CAN00063,158,26,54.3542,-110.2119,16.4556962,1
LTR26,61,0,54.35691,23.06361,0,0
UKGBNIF10542,12,0,54.36351,-5.77164,0,0
UKGBNIF10710,11,0,54.36366,-7.47608,0,0
LTR1636,4,0,54.36612,25.42711,0,0
LTR521,8,0,54.3668,24.4472,0,0
LTR161,60,0,54.36995,24.8748,0,0
UKGBNIF10748,12,0,54.37246,-7.80081,0,0
LTR1445,4,0,54.37269,24.50733,0,0
UKGBNIF10533,12,0,54.37655,-5.84824,0,0
313456,262,0,54.37797736,9.085103337,0,0
UKGBNIF10707,12,0,54.37958,-7.27056,0,0
UKGBNIF10271,10,0,54.39805,-6.39661,0,0
LTR1635,4,0,54.40166,24.87697,0,0
UKGBNIF10700,12,0,54.40472,-7.65013,0,0
UKGBNIF10657,11,0,54.40523,-8.09619,0,0
UKGBNIF10654,12,0,54.41558,-8.09036,0,0
UKGBNIF10527,12,0,54.42079,-6.26981,0,0
UKGBNIF10702,12,0,54.42504,-7.63709,0,0
LTR1577,8,0,54.43278,23.35849,0,0
LTR1355,4,0,54.44302,25.01333,0,0
LTR1465,8,0,54.4454,23.77473,0,0
LTR1633,4,0,54.44877,25.02436,0,0
LTR1634,4,0,54.45444,24.92538,0,0
UKGBNIF10328,12,0,54.46828,-6.65498,0,0
LTR1074,4,2,54.47423,23.28882,50,1
UKGBNIF10661,12,0,54.47597,-8.02151,0,0
UKGBNIF10910,12,0,54.48159,-6.6318,0,0
UKGBNIF10548,12,0,54.48743,-5.68212,0,0
LTR1054,4,0,54.50745,23.11314,0,0
LTR1302,8,0,54.51019,23.49239,0,0
LTR1070,8,0,54.51385,22.96784,0,0
LTR1292,4,0,54.5151,23.99206,0,0
UKGBNIF10663,12,0,54.51563,-7.98665,0,0
UKGBNIF10688,12,0,54.52338,-7.72297,0,0
UKGBNIF10665,12,0,54.53491,-7.86884,0,0
UKGBNIF10681,12,0,54.53658,-7.75036,0,0
UKGBNIF10693,12,0,54.5368,-7.64359,0,0
UKGBNIF10512,12,0,54.55229,-5.95294,0,0
LTR1453,4,0,54.55401,25.31287,0,0
LTR1460,4,0,54.5548,22.7499,0,0
UKGBNIF10550,12,0,54.55643,-5.74972,0,0
LTR1182,4,0,54.56128,23.69682,0,0
UKGBNIF10511,12,0,54.56669,-5.92831,0,0
CAN00386,126,0,54.5667,-109.8361,0,0
LTR750,7,1,54.56674,23.17901,14.28571429,1
UKGBNIF10115,12,0,54.58088,-7.21021,0,0
UKGBNIF10248,12,0,54.58823,-6.23931,0,0
LTR1451,8,2,54.58844,23.21655,25,1
LTR1494,4,0,54.58913,23.35666,0,0
LTR1643,4,0,54.59048,25.33746,0,0
LTR1294,4,0,54.5973,24.09149,0,0
UKGBNIF10128,12,0,54.60052,-7.29679,0,0
UKGBNIF10111,12,0,54.60314,-7.28306,0,0
LTR176,4,0,54.60835,25.53867,0,0
UKGBNIF10099,12,0,54.62076,-7.33587,0,0
UKGBNIF10244,12,0,54.62491,-6.2429,0,0
LTR204,8,0,54.6257,25.12135,0,0
LTR1617,4,0,54.63199,24.70475,0,0
UKGBNIF10441,12,0,54.6321,-6.19034,0,0
LTR1072,4,0,54.63543,23.05524,0,0
LTR428,4,1,54.63689,23.43422,25,1
LTR882,8,0,54.64171,25.73074,0,0
LTR1528,4,2,54.64708,23.05156,50,1
LTR150,4,0,54.65127,23.70144,0,0
LTR416,8,1,54.65666,22.74977,12.5,1
UKGBNIF10361,12,0,54.6578,-6.56393,0,0
LTR1303,4,0,54.65834,22.92412,0,0
UKGBNIF10089,12,0,54.6609,-7.32492,0,0
LTR401,61,3,54.66459,23.24197,4.918032787,0
UKGBNIF10574,12,0,54.66462,-5.64082,0,0
UKGBNIF10049,11,0,54.66469,-7.77522,0,0
LTR547,8,0,54.66514,24.65569,0,0
LTR418,8,0,54.67485,23.00986,0,0
LTR548,8,0,54.67935,25.29789,0,0
UKGBNIF10396,12,0,54.68083,-6.22391,0,0
313457,255,0,54.6854,8.8097,0,0
LTR1488,60,0,54.68824,25.07868,0,0
LTR1495,8,0,54.69142,23.35107,0,0
UKGBNIF10077,12,0,54.70711,-7.04867,0,0
LTR1395,8,0,54.709,23.32566,0,0
UKGBNIF10233,12,0,54.71645,-6.22581,0,0
313458,82,0,54.71867703,8.960165245,0,0
LTR1647,4,0,54.72018,25.04313,0,0
UKGBNIF10086,12,0,54.72106,-7.36316,0,0
LTR1342,4,0,54.7219,25.049,0,0
LTR164,12,0,54.72255,23.83126,0,0
UKGBNIF10076,12,0,54.72808,-7.06633,0,0
UKGBNIF10072,12,0,54.73197,-7.32044,0,0
LTR402,3,0,54.73362,23.2126,0,0
UKGBNIF10044,12,0,54.73587,-7.43404,0,0
LTR1459,8,0,54.73671,24.55227,0,0
UKGBNIF10212,12,0,54.74216,-6.31316,0,0
LTR1486,4,0,54.74562,23.40753,0,0
LTR587,4,0,54.74957,24.16486,0,0
UKGBNIF10223,12,0,54.74993,-5.99067,0,0
LTR1511,12,0,54.75217,22.78923,0,0
LTR1385,4,0,54.75546,24.95758,0,0
LTR411,8,0,54.75565,22.98737,0,0
LTR1527,4,0,54.76431,23.04429,0,0
UKGBNIF10079,12,0,54.76681,-7.1258,0,0
LTR1335,4,0,54.7721,23.98719,0,0
UKGBNIF10374,11,0,54.7776,-6.83242,0,0
UKGBNIF10025,12,0,54.79301,-7.54604,0,0
LTR1512,11,0,54.80076,23.41121,0,0
UKGBNIF10194,12,0,54.80659,-6.20967,0,0
LTR566,4,0,54.80792,24.28345,0,0
LTR1493,4,0,54.80885,24.38489,0,0
UKGBNIF10028,12,0,54.82456,-7.46396,0,0
UKGBNIF11289,11,0,54.82525,-6.73092,0,0
LTR1306,4,1,54.8338,23.14436,25,1
UKGBNIF10370,12,0,54.83734,-6.67997,0,0
UKGBNIF10020,12,0,54.83848,-7.28596,0,0
LTR43,60,0,54.83873,25.74204,0,0
LTR197,8,0,54.84806,25.53956,0,0
UKGBNIF11437,11,0,54.84991,-5.82298,0,0
UKGBNIF10014,12,0,54.8512,-7.4045,0,0
LTR742,4,0,54.85499,23.06247,0,0
LTR744,4,0,54.86896,22.89633,0,0
LTR738,2,0,54.87865,23.32361,0,0
LTR1304,4,1,54.88957,22.8942,25,1
UKGBNIF10022,12,0,54.88964,-7.41873,0,0
LTR1341,4,0,54.8938,25.2697,0,0
LTR1640,4,0,54.90133,25.48625,0,0
LTR611,8,0,54.90152,24.42825,0,0
LTR1336,4,0,54.90446,24.23384,0,0
UKGBNIF10188,12,0,54.91718,-6.12332,0,0
LTR136,62,0,54.93186,23.64693,0,0
LTR1347,4,0,54.93547,24.91048,0,0
LTR198,4,0,54.93578,25.0909,0,0
LTR1513,4,0,54.94651,25.63231,0,0
LTR1653,4,0,54.94723,25.7421,0,0
LTR40,60,0,54.95367,23.80095,0,0
LTR30,8,0,54.95509,22.99523,0,0
LTR50,60,0,54.95855,23.93992,0,0
LTR1509,8,0,54.9597,22.83777,0,0
LTR65,60,0,54.96064,25.71038,0,0
LTR137,60,0,54.96201,22.7276,0,0
RUS00003,112,0,54.96777778,55.98,0,0
RUS00030,103,0,54.96777778,55.98,0,0
RUS00038,150,0,54.96777778,55.98,0,0
LTR1485,4,0,54.98933,23.52942,0,0
UKGBNIF10898,12,0,54.99443,-6.68156,0,0
LTR1428,4,0,55.00488,23.01485,0,0
LTR551,4,0,55.01454,25.74665,0,0
UKGBNIF10469,12,0,55.02017,-6.12859,0,0
LTR175,60,0,55.02169,25.85752,0,0
LTR728,4,0,55.02209,22.769,0,0
LTR1481,12,0,55.02496,24.44812,0,0
UKGBNIF10948,12,0,55.02517,-7.23641,0,0
LTR56,8,0,55.0286,25.009,0,0
LTR1510,4,0,55.02904,22.96038,0,0
UKGBNIF10763,12,0,55.03648,-7.35868,0,0
UKGBNIF10171,12,0,55.04909,-6.95612,0,0
LTR1438,60,0,55.05256,25.87417,0,0
LTR1471,4,0,55.06649,23.92969,0,0
LTR11,61,0,55.07011,22.57799,0,0
LTR603,7,0,55.07254,23.35588,0,0
LTR871,8,0,55.07321,26.11704,0,0
LTR232,8,0,55.08079,22.74342,0,0
LTR193,4,0,55.08093,25.15802,0,0
UKGBNIF10458,11,0,55.0819,-6.08175,0,0
LTR33,61,0,55.08386,23.43148,0,0
LTR612,54,0,55.0839,21.90608,0,0
LTR922,4,0,55.08458,23.44407,0,0
UKGBNIF10409,12,0,55.08572,-6.45385,0,0
LTR133,61,0,55.09327,24.52988,0,0
LTR1394,4,0,55.10031,23.79511,0,0
UKGBNIF10465,11,0,55.10057,-6.15396,0,0
LTR265,55,0,55.10687,22.17151,0,0
UKGBNIF10170,12,0,55.10902,-6.94887,0,0
UKGBNIF10427,12,0,55.1115,-6.65639,0,0
UKGBNIF10475,11,0,55.12514,-6.05726,0,0
LTR1348,60,0,55.12949,25.84053,0,0
LTR1504,8,0,55.1336,25.96975,0,0
LTR1380,4,0,55.13363,23.79129,0,0
LTR610,4,0,55.1422,24.40542,0,0
LTR1388,7,0,55.14773,22.70521,0,0
LTR1526,4,0,55.15437,23.71961,0,0
UKGBNIF10416,10,0,55.15555,-6.76369,0,0
LTR268,57,0,55.16281,21.93851,0,0
LTR1391,8,0,55.16384,23.13406,0,0
LTR901,8,0,55.16719,24.14752,0,0
LTR41,60,0,55.17744,23.82806,0,0
LTR1576,4,0,55.18328,22.65033,0,0
LTR1329,4,0,55.18434,23.00654,0,0
LTR1521,4,0,55.19047,23.96794,0,0
UKGBNIF10466,11,0,55.19108,-6.15774,0,0
LTR192,60,0,55.1921,24.68902,0,0
LTR1525,4,0,55.19553,23.70894,0,0
LTR1499,12,0,55.19984,23.90712,0,0
RUS00040,1348,1,55.20277778,73.20555556,0.074183976,0
RUS00005,431,1,55.20277778,73.20555556,0.232018561,0
RUS00032,430,1,55.20277778,73.20555556,0.23255814,0
LTR1390,4,0,55.20382,23.03763,0,0
UKGBNIF10449,12,0,55.20585,-6.52593,0,0
LTR23,12,0,55.21443,22.28482,0,0
LTR582,12,0,55.21482,23.53392,0,0
LTR234,4,0,55.24062,24.15,0,0
LTR1358,3,0,55.24129,21.53535,0,0
LTR247,8,0,55.24598,23.9489,0,0
DNK00002,48,0,55.25,10.23944444,0,0
LTR337,8,0,55.25077,26.60076,0,0
LTR62,60,0,55.25266,25.99126,0,0
LTR586,8,0,55.26458,22.60665,0,0
LTR627,7,1,55.2661,21.4549,14.28571429,1
LTR584,4,0,55.26675,22.90513,0,0
LTR1442,4,0,55.26696,24.98078,0,0
LTR248,8,0,55.26859,23.97549,0,0
LTR13,54,0,55.27257,21.41056,0,0
LTR260,8,0,55.2755,23.8043,0,0
LTR1419,4,0,55.277,23.1408,0,0
LTR230,4,0,55.27979,24.24014,0,0
LTR1500,8,0,55.2833,24.1742,0,0
DNK00001,3,0,55.28333333,11.69472222,0,0
LTR105,60,0,55.2845,26.78493,0,0
LTR1474,12,0,55.28661,22.92512,0,0
LTR976,11,0,55.28684,21.79323,0,0
LTR1503,8,0,55.29015,24.86542,0,0
LTR127,54,0,55.29129,21.3772,0,0
DNK00005,111,0,55.29361111,11.68305556,0,0
LTR1331,4,1,55.29572,23.87592,25,1
LTR1520,4,0,55.29777,24.20101,0,0
LTR231,60,0,55.30308,23.01866,0,0
LTR941,4,0,55.304,21.9923,0,0
LTR592,4,0,55.3072,23.73902,0,0
LTR1532,4,0,55.31822,23.46434,0,0
LTR1225,8,0,55.32213,24.3695,0,0
LTR570,4,0,55.32223,23.89369,0,0
LTR1473,4,0,55.33442,22.99425,0,0
LTR1464,4,0,55.3353,26.3528,0,0
LTR1574,4,0,55.33532,25.37644,0,0
LTR581,4,0,55.337,23.58875,0,0
LTR290,12,0,55.33734,22.26934,0,0
LTR20,57,0,55.3385,21.43345,0,0
LTR217,8,0,55.34325,22.80728,0,0
LTR1311,8,1,55.34734,25.77222,12.5,1
LTR245,59,0,55.35102,23.90601,0,0
LTR1368,4,0,55.35343,22.2035,0,0
LTR325,60,0,55.35503,26.42575,0,0
LTR1444,4,0,55.3585,25.9509,0,0
LTR271,4,0,55.36625,22.22963,0,0
LTR525,8,0,55.36901,24.77943,0,0
LTR1322,12,0,55.37409,25.18066,0,0
LTR1487,4,0,55.37726,23.92517,0,0
LTR596,8,0,55.38492,23.08941,0,0
LTR1334,4,0,55.38686,23.49902,0,0
LTR956,4,0,55.387,22.654,0,0
LTR266,54,0,55.39807,21.28691,0,0
LTR354,8,0,55.40506,26.3958,0,0
LTR1418,4,0,55.40729,23.25702,0,0
LTR1324,4,0,55.41357,23.91643,0,0
LTR1575,8,0,55.41803,24.93474,0,0
LTR1320,8,0,55.42012,25.10494,0,0
LTR218,8,0,55.42178,23.2278,0,0
LTR284,8,0,55.43037,21.48593,0,0
LTR569,4,0,55.44257,23.34819,0,0
LTR908,8,0,55.45128,23.65226,0,0
LTR1506,4,0,55.4601,24.8976,0,0
LTR1038,4,0,55.4664,24.1478,0,0
LTR297,8,0,55.47953,22.15613,0,0
LTR591,12,0,55.48272,23.66292,0,0
LTR1252,4,0,55.48677,24.12685,0,0
LTR1462,56,0,55.50313,22.01955,0,0
LTR1516,4,0,55.5056,24.78264,0,0
LTR706,12,0,55.51239,23.96451,0,0
LTR1469,8,0,55.51629,24.07566,0,0
LTR377,12,0,55.51756,24.11858,0,0
LTR267,6,0,55.52746,21.25716,0,0
LTR1037,8,0,55.52992,24.28103,0,0
LTR699,7,0,55.53087,24.42226,0,0
LTR1192,4,0,55.53558,25.54669,0,0
LTR913,7,0,55.53585,23.77073,0,0
LTR1254,8,0,55.55136,24.46868,0,0
LTR294,4,0,55.55476,21.52205,0,0
LTR1089,8,0,55.55753,23.51998,0,0
LTR318,4,0,55.56616,21.48808,0,0
LTR373,8,0,55.5719,24.62627,0,0
LTR327,60,0,55.57432,25.0506,0,0
LTR376,8,0,55.58948,24.17952,0,0
LTR18,4,0,55.59412,21.59559,0,0
LTR779,8,0,55.60425,23.13161,0,0
CAN00014,88,0,55.60805556,-102.1955556,0,0
CAN00070,47,0,55.6081,-102.1956,0,0
LTR1517,4,0,55.61755,24.41398,0,0
LTR1241,4,0,55.61928,21.99727,0,0
LTR1319,60,0,55.62081,25.43543,0,0
LTR351,4,0,55.62191,25.56524,0,0
LTR459,4,0,55.62742,23.59142,0,0
LTR1021,4,0,55.6372,24.47654,0,0
LTR1087,4,0,55.6387,22.8419,0,0
LTR1318,4,0,55.64849,25.29212,0,0
LTR1314,4,0,55.65141,25.48575,0,0
LTR365,8,0,55.65326,24.63133,0,0
LTR1236,4,0,55.65555,21.82522,0,0
LTR1312,8,0,55.65631,25.8733,0,0
LTR42,8,0,55.65769,24.69333,0,0
LTR375,8,0,55.65966,24.43307,0,0
LTR310,4,0,55.6645,21.16477,0,0
LTR1282,60,0,55.66775,23.03577,0,0
LTR795,4,0,55.66977,24.06794,0,0
LTR380,12,0,55.68272,24.11541,0,0
LTR1398,4,1,55.68666,21.40542,25,1
LTR1249,12,0,55.68695,24.16229,0,0
LTR1256,8,0,55.68974,24.58868,0,0
LTR458,4,0,55.69048,23.34792,0,0
LTR1656,4,0,55.69205,25.09826,0,0
LTR387,60,0,55.70027,24.43332,0,0
LTR336,8,0,55.70135,26.13868,0,0
LTR664,4,0,55.7023,24.83918,0,0
LTR16,8,0,55.70346,21.40142,0,0
LTR77,57,0,55.7063,21.12457,0,0
LTR389,4,0,55.71473,24.25989,0,0
LTR1274,4,0,55.73813,23.59982,0,0
LTR334,12,0,55.73936,25.83431,0,0
LTR106,4,0,55.74212,26.29902,0,0
LTR1549,4,0,55.76561,24.86936,0,0
LTR1507,8,0,55.77329,24.26663,0,0
LTR1280,8,0,55.77348,23.17813,0,0
LTR386,8,0,55.77489,24.74462,0,0
LTR308,4,1,55.78019,21.25609,25,1
LTR1276,8,0,55.78037,23.49355,0,0
LTR495,8,0,55.7812,22.8179,0,0
LTR1477,4,0,55.78315,23.85676,0,0
LTR468,4,0,55.7871,22.66574,0,0
LTR385,40,0,55.7881,24.85294,0,0
LTR1032,4,0,55.8107,25.0746,0,0
LTR1544,4,0,55.81139,24.73954,0,0
LTR1505,12,0,55.82332,25.30387,0,0
LTR1519,4,0,55.82565,24.09022,0,0
LTR725,7,0,55.82575,24.06868,0,0
LTR787,60,0,55.83217,21.88178,0,0
LTR1559,4,0,55.83255,25.05977,0,0
LTR1558,4,0,55.83556,24.95825,0,0
LTR1557,4,0,55.84233,25.06076,0,0
LTR95,24,0,55.8437,24.9677,0,0
LTR75,11,0,55.85254,21.22437,0,0
LTR1397,4,1,55.8574,21.2162,25,1
LTR782,3,0,55.86235,23.71926,0,0
LTR370,8,0,55.87451,24.65133,0,0
LTR817,4,0,55.88095,23.62618,0,0
LTR277,4,0,55.8863,21.19139,0,0
LTR786,4,0,55.8868,23.5796,0,0
LTR727,4,0,55.8906,25.1998,0,0
LTR501,4,0,55.89086,23.96268,0,0
LTR305,7,0,55.8982,21.2445,0,0
LTR783,4,0,55.90923,22.47067,0,0
LTR1379,8,0,55.91262,21.78037,0,0
LTR1367,7,0,55.91292,21.08596,0,0
LTR398,4,0,55.92195,24.27472,0,0
LTR1502,8,0,55.92904,24.2917,0,0
LTR397,8,0,55.93618,24.34384,0,0
LTR1019,4,0,55.9396,24.56206,0,0
LTR1553,4,0,55.94828,23.56428,0,0
LTR499,7,0,55.94927,23.74777,0,0
LTR452,4,0,55.95216,23.94052,0,0
LTR460,4,0,55.9522,23.88567,0,0
DNK00004,31,0,55.95277778,8.724166667,0,0
LTR1565,4,0,55.95299,24.44326,0,0
LTR776,4,0,55.95579,21.8905,0,0
LTR1588,4,0,55.9567,22.26703,0,0
LTR1476,4,0,55.95888,23.7452,0,0
LTR1461,8,0,55.95984,25.43206,0,0
LTR1479,4,0,55.96651,25.4,0,0
LTR1545,4,0,55.96706,24.14736,0,0
LTR393,8,0,55.96927,25.42691,0,0
LTR1092,4,0,55.97389,22.56877,0,0
LTR1514,60,0,55.98028,22.95087,0,0
LTR703,4,0,55.9821,24.1173,0,0
LTR1049,8,0,55.98568,25.08714,0,0
LTR1044,4,0,55.98725,24.75074,0,0
LTR720,8,0,55.99333,24.50657,0,0
LTR1491,4,0,55.99643,22.52635,0,0
LTR498,6,0,55.99665,23.36423,0,0
LTR819,4,0,55.9993,21.66164,0,0
LTR1562,4,0,56.00297,24.27341,0,0
LTR1127,4,0,56.00379,23.11703,0,0
LTR816,8,0,56.01413,23.54177,0,0
LTR490,4,0,56.02096,22.90473,0,0
LTR1583,4,0,56.02171,24.70066,0,0
LTR1563,4,0,56.02369,24.35928,0,0
LTR500,8,0,56.02422,23.9263,0,0
LTR99,57,0,56.02558,23.96225,0,0
LTR360,4,0,56.02734,24.42911,0,0
LTR138,56,0,56.0293,21.06983,0,0
LTR1023,8,0,56.0331,25.43851,0,0
LTR1490,4,0,56.03755,22.06483,0,0
LTR810,8,0,56.04074,22.34375,0,0
LTR450,60,1,56.05035,22.97273,1.666666667,0
LTR448,7,0,56.05258,23.82655,0,0
LTR1475,8,0,56.057,23.52083,0,0
LTR1400,4,1,56.06663,21.37729,25,1
LTR781,4,0,56.06941,23.65907,0,0
LTR1492,8,0,56.07052,24.08607,0,0
LTR1480,12,0,56.07259,25.26293,0,0
LTR1043,8,0,56.08241,24.64074,0,0
LTR719,4,0,56.08602,24.52016,0,0
LTR503,8,0,56.09114,23.66652,0,0
LTR394,8,0,56.09129,25.58564,0,0
LTR689,4,0,56.09268,24.86403,0,0
LTR1496,4,0,56.09538,23.57408,0,0
LTR1566,4,0,56.1065,24.45238,0,0
LTR935,4,0,56.1189,21.3011,0,0
LTR1515,60,0,56.12144,23.49996,0,0
LTR1466,4,0,56.12419,21.26388,0,0
LTR1581,4,0,56.12492,24.47249,0,0
LTR1550,4,0,56.12559,24.789,0,0
CAN00267,152,0,56.1261,-120.0564,0,0
LTR1501,8,0,56.12843,24.45197,0,0
LTR1536,4,0,56.13972,21.5411,0,0
LTR449,8,0,56.15431,22.77531,0,0
LTR969,8,0,56.15924,21.68607,0,0
LTR464,8,0,56.16154,23.37257,0,0
LTR1567,4,0,56.16383,24.57826,0,0
LTR1013,8,0,56.16635,24.7579,0,0
LTR92,60,0,56.1721,24.6351,0,0
LTR395,8,0,56.17481,24.67142,0,0
LTR438,4,0,56.17942,24.01203,0,0
LTR378,8,0,56.18132,25.09123,0,0
LTR1580,4,0,56.18972,24.59298,0,0
LTR78,57,0,56.19993,21.57367,0,0
LTR1011,8,0,56.21029,24.40065,0,0
LTR86,60,0,56.22891,24.40752,0,0
LTR486,4,0,56.24411,22.085,0,0
LTR475,4,0,56.2445,22.72767,0,0
LTR778,4,0,56.24458,22.87013,0,0
LTR724,8,0,56.24471,24.17027,0,0
LTR1467,8,0,56.24498,24.73489,0,0
DNK00003,38,0,56.25,9.668611111,0,0
LTR1537,4,0,56.25612,21.62408,0,0
LTR462,4,0,56.25674,24.00463,0,0
LTR625,8,0,56.25698,21.64241,0,0
LTR1568,4,0,56.25954,24.2157,0,0
LTR1548,8,0,56.26707,24.493,0,0
LTR1570,3,0,56.26748,23.71637,0,0
LTR1489,8,0,56.27559,21.51443,0,0
LTR1569,3,0,56.27633,23.74721,0,0
LTR1607,4,0,56.28002,24.88818,0,0
LTR79,57,0,56.28625,21.50115,0,0
LTR1093,4,0,56.28891,22.96669,0,0
LTR281,8,0,56.29373,21.52707,0,0
LTR1118,8,0,56.30828,23.91651,0,0
LTR1478,4,0,56.32257,23.98837,0,0
LTR439,4,0,56.32268,23.73972,0,0
LTR1497,4,0,56.3266,23.4918,0,0
LTR431,60,4,56.34202,23.58638,6.666666667,1
LTR88,60,7,56.34215,23.61546,11.66666667,1
LTR379,4,0,56.35369,24.77389,0,0
LTR1124,4,0,56.36769,23.26757,0,0
LTR432,60,0,56.37207,22.3094,0,0
LTR369,8,0,56.37798,24.64516,0,0
LTR82,60,0,56.39526,22.23333,0,0
LTR357,60,0,56.41359,24.8508,0,0
LTR430,59,0,56.41569,22.20113,0,0
RUS00004,431,0,56.56861111,84.9,0,0
RUS00031,282,0,56.56861111,84.9,0,0
RUS00039,342,0,56.56861111,84.9,0,0
SWE00042,12,0,57.79353,14.26408,0,0
SWE00045,12,0,57.91463,14.07277,0,0
SWE00019,13,0,57.9412,14.096,0,0
SWE00020,12,0,57.995,14.4313,0,0
CAN00183,71,0,58.1725,-111.3703,0,0
SWE00021,12,0,58.224,14.6316,0,0
SWE00047,12,0,58.30349,14.28716,0,0
NOR00007,5,0,58.32833333,7.935277778,0,0
SWE00022,12,0,58.4314,14.8603,0,0
SWE00051,12,0,58.53371,15.04379,0,0
NOR00028,126,0,58.793,5.59791,0,0
NOR00046,126,0,58.793,5.59791,0,0
CAN00186,62,0,59.1139,-112.4264,0,0
NOR00001,7,0,59.58833333,11.09666667,0,0
SWE00059,12,0,59.78693,17.65985,0,0
SWE00060,12,0,59.83146,17.69159,0,0
RUS00014,233,0,59.83333333,30.5,0,0
RUS00036,77,0,59.83333333,30.5,0,0
CAN00187,91,0,59.8692,-111.5858,0,0
CAN00005,32,2,59.86944444,-111.5861111,6.25,1
SWE00061,12,0,59.88663,17.57858,0,0
CAN00316,45,0,60.0044,-116.9692,0,0
USGS-15266300,36,0,60.4769289,-151.0816675,0,0
FIN00002,197,1,60.50694444,26.93055556,0.507614213,0
CAN00389,105,2,60.5792,-134.6865,1.904761905,0
YT09AB0008,86,0,60.8352,-135.1802,0,0
CAN00390,95,0,60.8353,-135.1803,0,0
USGS-15274600,56,0,61.1388906,-149.9255337,0,0
USGS-15273900,29,0,61.1472256,-149.7221956,0,0
USGS-15274535,22,0,61.1525022,-149.8658092,0,0
USGS-15274550,53,0,61.1530576,-149.873865,0,0
USGS-15274548,22,0,61.15333559,-149.864976,0,0
USGS-610922149522800,8,0,61.1555577,-149.8760875,0,0
USGS-15274300,29,0,61.1688934,-149.7641416,0,0
USGS-611042149501000,9,0,61.1777811,-149.8383105,0,0
USGS-15276000,3,0,61.22500619,-149.6372008,0,0
FIN00003,120,0,61.28944444,25.60833333,0,0
FIN00008,35,0,61.45638889,21.87166667,0,0
USGS-15212000,45,0,61.46507857,-144.4579232,0,0
USGS-15304000,67,0,61.8687445,-158.1137848,0,0
USGS-15565447,194,30,61.9336866,-162.8829356,15.46391753,1
USGS-15292700,144,0,62.3464388,-150.019201,0,0
USGS-15292000,53,0,62.7672899,-149.6933794,0,0
USGS-15303600,1,0,62.9521517,-155.5887347,0,0
RUS00027,55,0,63.63055556,49.45277778,0,0
USGS-15518080,3,0,63.90426299,-148.9859325,0,0
USGS-635428148545900,3,0,63.9073197,-148.918711,0,0
RUS00013,121,0,64.14305556,41.92222222,0,0
RUS00035,102,0,64.14305556,41.92222222,0,0
RUS00043,115,0,64.14305556,41.92222222,0,0
USGS-15515500,119,0,64.5649444,-149.094,0,0
USGS-15564800,2,0,64.74050977,-155.4919074,0,0
USGS-15356000,34,0,64.789168,-141.2000892,0,0
FIN00009,33,0,65.02361111,25.46944444,0,0
RUS00011,141,1,66.61944444,66.55,0.709219858,0
RUS00042,118,1,66.61944444,66.55,0.847457627,0
RUS00034,116,2,66.61944444,66.55,1.724137931,0
FIN00001,68,0,66.72305556,23.90888889,0,0
USGS-15389000,31,0,66.9902637,-143.1404436,0,0
RUS00010,28,0,67.44666667,86.50194444,0,0
RUS00033,26,0,67.44666667,86.50194444,0,0
RUS00041,85,0,67.44666667,86.50194444,0,0
RUS00012,127,1,67.58333333,52.17527778,0.787401575,0
RUS00017,114,0,68.71888889,158.7988889,0,0
FIN00010,30,0,68.89972222,28.41694444,0,0
RUS00018,68,0,70.66666667,127.3333333,0,0
RUS00028,51,0,72.33333333,126.6666667,0,0
2098,1,2,40.363954,120.273091,0,0
2099,1,2,33.042398,106.264817,0,0
2100,1,2,30.84969,120.418512,0,0
2101,1,2,25.032207,106.140539,0,0
2102,1,2,41.1889225,122.1876454,1.676245211,1
2103,1,2,30.078912,106.433255,0,0
2104,1,2,44.069265,127.331612,0,0
2105,1,2,33.58455,113.403169,0,0
2106,1,2,30.388179,114.352698,0.474826251,1
2107,1,2,34.765515,113.753602,2.594175801,1
2108,1,2,30.402384,120.554155,0.540540541,1
2109,1,2,41.32954,124.19027,0,0
2110,1,2,41.274287,126.145747,0,0
2111,1,2,43.628448,126.308376,0,0
2112,1,2,31.264172,105.07645,0,0
2113,1,2,27.094325,109.614806,0,0
2114,1,2,34.889459,108.989429,0,0
2115,1,2,36.069564,110.444343,0,0
2118,1,2,45.787555,126.752056,-18.76344086,1
2119,1,2,30.700479,117.229669,0,0
2120,1,2,28.630018,108.50076,0,0
2121,1,2,45.552395,133.281365,0,0
2122,1,2,45.326365,130.973375,0,0
2123,1,2,31.620979,119.021234,0,0
2124,1,2,33.626572,114.680083,0.246548323,1
2125,1,2,23.366544,104.253525,0,0
2126,1,2,41.149403,121.813325,0,0
2127,1,2,45.90503,126.504213,4.671717172,1
2128,1,2,37.510809,111.163242,0,0
2129,1,2,33.686867,114.196677,0,0
2130,1,2,33.573434,106.064492,0,0
2131,1,2,20.009525,110.375224,0,0
2132,1,2,29.777166,112.014545,0,0
2133,1,2,33.22567,106.963432,0,0
2134,1,2,34.183074,108.187798,0,0
2135,1,2,35.909376,119.156486,0,0
2136,1,2,38.507579,110.896829,0,0
2137,1,2,25.860693,115.024412,0,0
2138,1,2,28.944771,106.741756,0,0
2139,1,2,24.3712,102.776866,0,0
2140,1,2,36.830163,101.080194,0,0
2141,1,2,24.242784,102.482485,0,0
2142,1,2,39.918966,119.631456,0,0
2144,1,2,41.879991,120.98351,0,0
2145,1,2,25.958516,100.124072,0,0
2146,1,2,46.934667,133.853376,0,0
2147,1,2,25.55634,103.820802,0,0
2148,1,2,27.840777,102.269485,0,0
2149,1,2,31.50139,117.270311,0,0
2151,1,2,36.276864,116.117321,-0.191411194,1
2152,1,2,28.369489,121.377984,0,0
2153,1,2,28.047798,113.201759,0,0
2155,1,2,33.22046,119.316931,0,0
2156,1,2,33.348079,111.90639,0,0
2157,1,2,30.471859,114.422632,0,0
2158,1,2,34.265472,108.954239,0,0
2159,1,2,34.749162,110.050793,0.574712644,1
2160,1,2,24.517107,98.286565,0,0
2161,1,2,30.168904,106.667907,0,0
2162,1,2,38.241967,110.484742,0,0
2163,1,2,37.02715,102.404068,0,0
2165,1,2,24.360423,117.93156,2.164858582,1
2166,1,2,25.3024,114.655597,0,0
2169,1,2,30.677431,111.799442,0,0
2171,1,2,34.177411,116.471647,2.217749247,1
2172,1,2,30.000985,121.325079,0,0
2173,1,2,27.878331,111.357444,0,0
2174,1,2,40.310107,97.737083,0,0
2175,1,2,27.0311,103.363742,0,0
2176,1,2,27.944155,102.917075,0,0
2177,1,2,33.352881,115.953353,0,0
2180,1,2,31.391125,113.98047,0,0
2181,1,2,45.618322,122.829592,6.92E-04,1
2182,1,2,28.950873,105.359266,0,0
2183,1,2,31.861184,117.284922,0,0
2184,1,2,34.879613,117.027314,0,0
2185,1,2,35.538668,116.84332,0.231481481,1
2186,1,2,24.047347,113.779963,0,0
2187,1,2,24.067389,116.364039,0.722543353,1
2188,1,2,33.731002,120.393063,4.195005692,1
2189,1,2,28.675696,115.909228,-1.075268817,1
2190,1,2,29.637542,117.303815,0,0
2191,1,2,28.675696,115.909228,0,0
2192,1,2,34.068636,116.25461,-1.144688645,1
2193,1,2,32.262114,115.392074,0,0
2194,1,2,30.280827,120.135191,0,0
2195,1,2,30.246073,109.493289,0,0
2196,1,2,31.579754,121.798307,0,0
2197,1,2,31.626252,121.384665,0,0
2198,1,2,31.193231,121.785769,0,0
2199,1,2,31.801399,121.194699,1.343436562,1
2200,1,2,31.013867,121.754522,3.258845438,1
2201,1,2,31.535298,121.6762,0.951531371,1
2202,1,2,31.362887,121.745275,0,0
2203,1,2,31.023111,121.041476,0,0
2204,1,2,31.1155091,120.9170361,0,0
2205,1,2,31.005464,121.12989,2.06043956,1
2206,1,2,30.949895,121.204222,3.187613843,1
2207,1,2,31.088307,120.985569,0,0
2208,1,2,31.40073,121.423992,1.373626374,1
2209,1,2,30.872458,121.541336,2.193792554,1
2210,1,2,30.96988,121.312408,0.683060109,1
2211,1,2,31.276424,121.225288,1.834381551,1
2212,1,2,24.951581,102.691559,1.675977654,1
2213,1,2,22.567284,102.274306,0,0
2215,1,2,23.001322,104.778803,0,0
2217,1,2,22.5092497,103.9569181,0,0
2225,1,2,40.81746,112.528279,0,0
2226,1,2,39.055305,106.075203,0,0
2227,1,2,38.342756,103.630837,0,0
2228,1,2,40.966814,106.948099,0,0
2229,1,2,46.097446,122.051897,0,0
2231,1,2,39.93045,115.520692,0.566893424,1
2235,1,2,44.7605131,125.9212005,0,0
2236,1,2,46.2972086,123.8481347,0,0
2239,1,2,32.78015,105.430637,0,0
2243,1,2,28.920485,104.264181,0,0
2244,1,2,30.632392,104.13284,0,0
2245,1,2,39.1393072,117.18897,-2.289695901,1
2246,1,2,38.871337,117.424182,0.284829835,1
2247,1,2,40.0214909,117.7155247,0,0
2248,1,2,37.4787797,105.1626375,0,0
2250,1,2,37.480632,105.297744,0,0
2252,1,2,33.4957895,115.4699245,0.555555556,1
2256,1,2,33.2640607,115.3390767,0,0
2257,1,2,32.6439828,116.9074973,-2.777777778,1
2258,1,2,32.9527884,117.2710932,2.734840359,1
2264,1,2,35.071916,118.229582,-0.733086027,1
2265,1,2,37.914529,117.683318,0,0
2266,1,2,37.280543,118.730288,1.407251603,1
2267,1,2,35.337055,116.619434,0,0
2270,1,2,35.651181,115.517942,0.277777778,1
2271,1,2,36.48392,116.990901,0,0
2272,1,2,35.80937,119.639585,0,0
2273,1,2,35.225111,116.513133,-0.416309597,1
2274,1,2,36.35474,120.524975,0.414078675,1
2275,1,2,38.010543,117.686232,-0.123585124,1
2276,1,2,37.701315,118.126414,-0.142857143,1
2277,1,2,38.063661,117.792787,0.69648994,1
2278,1,2,35.346292,116.765526,0,0
2279,1,2,36.868794,118.793639,0,0
2280,1,2,34.507991,118.195764,0,0
2281,1,2,34.862105,116.042865,-0.641025641,1
2282,1,2,35.431478,116.008235,-0.462962963,1
2283,1,2,36.937298,119.395341,0,0
2284,1,2,35.93722,116.313083,0,0
2285,1,2,35.03919,116.951152,0,0
2286,1,2,37.620396,117.327253,0,0
2287,1,2,37.255764,118.854524,-1.502174895,1
2288,1,2,37.44649,116.27445,0.225225225,1
2289,1,2,37.864919,117.885594,0,0
2290,1,2,34.638468,115.556362,0.460405157,1
2291,1,2,37.025299,116.233597,0,0
2292,1,2,35.373248,115.88739,-1.555018876,1
2293,1,2,36.66853,117.020359,-0.219298246,1
2294,1,2,37.10119,118.065234,0.462962963,1
2295,1,2,36.193418,117.455376,0,0
2296,1,2,36.508114,118.537078,0,0
2297,1,2,37.075474,120.471352,0,0
2298,1,2,39.5795193,111.4302725,0,0
2299,1,2,22.888331,113.267097,0,0
2300,1,2,24.063586,115.257782,0,0
2301,1,2,24.750105,113.790692,0,0
2302,1,2,24.858987,112.309585,1.310432025,1
2303,1,2,23.665131,117.003995,-1.265822785,1
2304,1,2,22.979087,115.832299,0,0
2305,1,2,24.59357,116.31529,0,0
2306,1,2,22.238874,112.720441,0,0
2307,1,2,23.241268,114.156364,0,0
2308,1,2,22.800286,114.92215,0,0
2309,1,2,23.447464,116.554572,-2.038202852,1
2310,1,2,25.435996,113.181084,0,0
2311,1,2,23.064736,113.512709,0.698324022,1
2312,1,2,22.341973,113.359214,0,0
2313,1,2,23.083921,111.396813,0,0
2314,1,2,23.023376,113.333231,0,0
2315,1,2,22.891775,113.47333,0.285714286,1
2316,1,2,23.43983,111.73678,0,0
2317,1,2,22.775054,115.038462,0,0
2318,1,2,23.028025,113.199715,-2.991452991,1
2319,1,2,24.347717,113.855428,0,0
2320,1,2,23.177386,114.458742,0,0
2321,1,2,23.296456,112.985654,0,0
2322,1,2,22.5278286,113.2008883,0,0
2323,1,2,22.885302,111.995442,0,0
2324,1,2,23.711524,113.217941,-0.714285714,1
2325,1,2,21.959607,111.675334,0.242248062,1
2326,1,2,22.693113,113.502012,0,0
2327,1,2,23.51581,113.556941,0,0
2328,1,2,22.718191,111.271433,0,0
2329,1,2,23.015018,114.4862,6.392350666,1
2330,1,2,22.992944,112.290777,0.490196078,1
2331,1,2,23.488427,116.777142,0,0
2332,1,2,22.800704,113.527502,0,0
2333,1,2,22.54716,112.97655,0,0
2334,1,2,23.686789,116.887764,0.008142438,1
2335,1,2,21.613011,110.266806,0,0
2336,1,2,23.072242,112.153685,0,0
2337,1,2,22.599575,112.128586,0,0
2338,1,2,22.930987,115.609849,0,0
2339,1,2,23.471058,113.183855,0,0
2340,1,2,22.997112,112.424484,-0.816501934,1
2341,1,2,22.335273,113.448344,1.601823318,1
2342,1,2,22.732501,112.224538,0,0
2343,1,2,22.529583,113.447543,0,0
2344,1,2,24.487936,115.497302,0,0
2345,1,2,23.572236,116.392179,-7.006659492,1
2346,1,2,21.66039,109.136571,0,0
2347,1,2,25.940862,109.873784,0,0
2350,1,2,23.494393,109.736549,0,0
2352,1,2,23.379547,106.180563,0,0
2354,1,2,23.556576,110.390755,0,0
2356,1,2,25.185404,109.414808,0,0
2357,1,2,24.507607,108.884472,0,0
2359,1,2,23.421211,110.539833,0,0
2360,1,2,24.902747,110.517916,0,0
2361,1,2,23.987209,106.6086,0,0
2362,1,2,23.787609,106.821007,0,0
2363,1,2,23.415838,111.174427,0,0
2364,1,2,23.850452,109.516111,0,0
2365,1,2,23.51852,108.129669,0,0
2367,1,2,25.304837,110.177191,0,0
2370,1,2,24.965173,107.548562,0,0
2371,1,2,25.414973,109.543408,0,0
2374,1,2,46.473199,82.814172,0,0
2375,1,2,43.797645,87.609015,0,0
2376,1,2,47.329765,87.819778,0,0
2377,1,2,34.060052,120.225024,3.171538886,1
2378,1,2,34.786621,116.916933,0,0
2379,1,2,34.087534,120.247992,0,0
2380,1,2,32.331747,119.478663,0,0
2382,1,2,34.475074,119.284184,0,0
2383,1,2,34.420654,119.501679,2.582109919,1
2384,1,2,31.744229,119.803875,0,0
2385,1,2,33.400235,120.126341,1.38121547,1
2386,1,2,34.605988,118.482669,0,0
2387,1,2,33.223399,120.2997,0.727607508,1
2388,1,2,32.061707,118.763232,0,0
2389,1,2,34.661703,119.182412,0.315620878,1
2390,1,2,34.305619,120.05062,0.35028167,1
2391,1,2,32.083269,120.333295,1.566484517,1
2392,1,2,33.798763,120.34031,0.555657045,1
2393,1,2,33.051439,120.798311,1.602564103,1
2395,1,2,34.1666,118.882275,0,0
2398,1,2,33.647568,119.447306,0,0
2399,1,2,33.459693,120.58843,0.190676903,1
2400,1,2,32.442549,119.550954,2.255712637,1
2401,1,2,33.617416,120.47589,0.915750916,1
2402,1,2,34.630774,119.157303,1.351351351,1
2403,1,2,34.625156,119.171402,1.585144928,1
2405,1,2,34.056805,118.804565,2.20441071,1
2406,1,2,31.503261,119.838119,0.452898551,1
2407,1,2,33.39845,119.609473,-2.662642522,1
2408,1,2,31.894245,120.602195,1.641382551,1
2409,1,2,34.67746,119.151436,0,0
2412,1,2,34.954826,119.144615,-0.210970464,1
2413,1,2,33.028792,118.500556,0,0
2414,1,2,34.211619,119.580868,3.263052209,1
2415,1,2,34.668919,119.459167,0.920810313,1
2416,1,2,34.50932,119.751725,1.358695652,1
2417,1,2,33.184199,120.701088,-0.595330998,1
2418,1,2,33.626576,118.994994,0.885068141,1
2420,1,2,31.380975,119.639617,1.036913092,1
2421,1,2,34.398537,117.179892,0.649350649,1
2422,1,2,34.067903,119.367138,3.809928596,1
2424,1,2,34.786466,119.144453,0,0
2426,1,2,31.909695,120.398111,0.45045045,1
2427,1,2,32.238702,119.241225,0,0
2429,1,2,34.00457,118.417778,0,0
2430,1,2,33.351703,120.043331,-0.412912913,1
2431,1,2,28.720414,115.456909,0,0
2432,1,2,29.258872,117.856331,0,0
2435,1,2,28.296352,117.713131,-0.93257732,1
2436,1,2,28.502825,116.09994,0,0
2437,1,2,28.675696,115.909228,0,0
2438,1,2,29.7294296,115.9811165,0,0
2439,1,2,28.378044,117.449588,0,0
2440,1,2,28.947317,117.572119,0,0
2441,1,2,29.738731,116.257957,0,0
2442,1,2,28.571832,115.790844,0,0
2443,1,2,28.675696,115.909228,0.187265918,1
2444,1,2,25.704528,114.545317,0,0
2445,1,2,29.6051759,116.1272585,0,0
2446,1,2,28.941453,117.151076,0,0
2447,1,2,29.061247,116.611057,0,0
2448,1,2,29.676932,117.448049,0,0
2449,1,2,29.20291,117.1077,0,0
2450,1,2,40.3405825,115.5478498,0,0
2452,1,2,37.972436,113.913956,0,0
2454,1,2,37.211118,115.350472,0,0
2456,1,2,34.765515,113.753602,0,0
2459,1,2,33.124041,111.460461,0,0
2461,1,2,33.68667,114.16434,0,0
2462,1,2,33.8792895,115.4910372,0,0
2463,1,2,35.850782,113.931199,0,0
2464,1,2,30.367019,120.221154,1.462239204,1
2465,1,2,28.575709,119.34579,0,0
2466,1,2,28.824718,121.435589,0,0
2467,1,2,30.267446,120.152791,0,0
2468,1,2,29.998926,122.215702,-2.413056913,1
2469,1,2,30.742701,120.487901,3.870673953,1
2470,1,2,30.389197,119.953649,0,0
2471,1,2,30.505958,120.948967,1.19047619,1
2472,1,2,28.769243,118.659728,0,0
2473,1,2,28.687516,118.813398,0,0
2474,1,2,28.322041,119.704038,-0.176056338,1
2475,1,2,30.27792,121.31823,0,0
2476,1,2,29.506424,120.897324,0,0
2477,1,2,30.640482,119.602837,0,0
2478,1,2,28.212405,121.101439,0.679347826,1
2479,1,2,30.921099,120.177691,0.167118338,1
2480,1,2,28.892731,118.545013,0,0
2481,1,2,30.78938,121.121247,2.245633927,1
2482,1,2,30.963576,120.101914,-0.198238098,1
2483,1,2,30.616051,120.805238,3.549910438,1
2484,1,2,28.494492,119.833412,-2.623571783,1
2485,1,2,30.8909035,120.1005112,0,0
2486,1,2,28.439517,121.543023,-0.144800586,1
2487,1,2,30.848742,120.894048,-1.26571325,1
2488,1,2,29.767201,121.395288,0,0
2489,1,2,28.401886,119.538611,0,0
2490,1,2,30.724406,120.994556,0,0
2491,1,2,30.736711,120.911908,0,0
2492,1,2,30.939381,120.342285,1.702508961,1
2493,1,2,30.267446,120.152791,0,0
2494,1,2,29.23126,121.827794,0,0
2495,1,2,30.370015,119.538923,0,0
2496,1,2,29.907382,120.313331,0.297619048,1
2497,1,2,30.030173,120.604399,0,0
2498,1,2,30.003568,120.801067,0.301214023,1
2499,1,2,30.8849975,120.7095199,1.986283644,1
2500,1,2,30.402274,120.545629,-1.514013271,1
2501,1,2,30.856484,120.914013,1.336898396,1
2502,1,2,30.82326,119.780421,0,0
2503,1,2,30.047365,121.093727,0.702247191,1
2504,1,2,28.165644,121.061852,-1.598580718,1
2505,1,2,29.6821828,118.7920482,0,0
2506,1,2,29.622386,119.815549,0,0
2507,1,2,30.301193,119.973122,0,0
2508,1,2,29.127464,118.918888,0,0
2509,1,2,30.505918,120.948956,3.56361061,1
2510,1,2,28.186588,119.602925,0,0
2511,1,2,30.814378,121.102536,3.520857814,1
2512,1,2,28.324525,119.936074,0,0
2513,1,2,19.624334,110.717366,0.182149362,1
2514,1,2,19.329235,108.685071,0,0
2515,1,2,18.436393,109.242338,0,0
2516,1,2,18.985702,109.005486,0,0
2518,1,2,19.882588,110.416458,0,0
2519,1,2,30.359787,115.159707,-2.215901053,1
2520,1,2,30.775926,113.43734,0,0
2521,1,2,30.425803,115.027978,0,0
2522,1,2,32.059363,112.382843,0,0
2523,1,2,30.1823,112.866681,0.240847784,1
2524,1,2,31.664417,112.184187,7.593971584,1
2525,1,2,30.164666,113.892022,1.584249084,1
2526,1,2,30.278016,113.109137,0,0
2527,1,2,30.264433,113.791834,13.10245988,1
2528,1,2,29.203638,109.225576,0,0
2529,1,2,30.262804,115.423717,0.229885057,1
2530,1,2,29.740766,109.085235,0,0
2531,1,2,30.395714,114.092344,0.216379963,1
2534,1,2,34.532635,106.250042,0,0
2535,1,2,24.888209,118.607392,0,0
2536,1,2,26.433311,118.623307,-8.593868857,1
2537,1,2,24.8213,118.58747,0,0
2538,1,2,27.336408,118.713059,0,0
2539,1,2,26.7954,117.9049,0,0
2540,1,2,26.986877,119.624264,0,0
2541,1,2,26.96766,119.679468,0,0
2542,1,2,26.205703,119.555245,0,0
2543,1,2,27.2974,117.5617,0,0
2544,1,2,25.085454,118.534895,0,0
2545,1,2,29.438186,90.954869,0,0
2546,1,2,24.930468,105.034115,0,0
2548,1,2,25.74035,108.90642,0,0
2549,1,2,26.627461,106.675106,0,0
2550,1,2,27.504242,108.684432,0,0
2551,1,2,24.978988,104.75777,0,0
2552,1,2,27.66309,105.55528,0,0
2553,1,2,27.458087,106.232531,0,0
2554,1,2,27.017328,108.63525,0,0
2555,1,2,26.768079,107.879014,0,0
2556,1,2,25.282076,105.533786,0,0
2557,1,2,41.81237,123.581661,0,0
2559,1,2,41.251133,122.63783,-1.572942774,1
2560,1,2,41.265244,123.704185,0,0
2561,1,2,40.544025,120.708427,0,0
2562,1,2,40.611139,120.702485,0,0
2564,1,2,40.317253,124.659946,0,0
2565,1,2,41.940288,123.71503,0,0
2566,1,2,41.003403,122.507547,0,0
2567,1,2,41.864105,123.868182,0.974658869,1
2569,1,2,42.431383,123.890069,0,0
2570,1,2,40.619733,119.485351,0,0
2571,1,2,42.2059018,123.5529584,0,0
2572,1,2,41.599141,120.69456,0,0
2573,1,2,40.607377,120.762881,0,0
2574,1,2,41.370208,123.90975,0,0
2576,1,2,41.835441,123.42944,0,0
2577,1,2,41.433116,122.753617,0.735294118,1
2578,1,2,41.124616,121.388707,0,0
2579,1,2,30.933451,107.950317,0,0
2580,1,2,48.258915,134.6728087,0.108932462,1
2581,1,2,47.6425983,132.4690226,0,0
2582,1,2,47.684003,131.062156,0,0
2583,1,2,46.003555,126.646118,0,0
2585,1,2,45.979708,133.676903,0,0
2586,1,2,31.392691,121.522058,3.472222222,1
2587,1,2,30.924535,121.571838,-0.295857988,1
2589,1,2,31.241434,121.476553,0.144256575,1
2590,1,2,25.045806,102.710002,0.297619048,1
2591,1,2,24.946646,102.706839,0,0
2592,1,2,27.17941,99.151708,0,0
2593,1,2,24.195343,103.108814,0,0
2594,1,2,25.72075,98.561684,0,0
2595,1,2,26.341758,103.264753,0,0
2596,1,2,27.188602,100.904089,1.25,1
2597,1,2,21.675541,101.13535,0,0
2598,1,2,21.91636,101.247382,0,0
2599,1,2,23.980477,98.971934,0,0
2600,1,2,23.435832,105.258513,0,0
2602,1,2,25.09684,102.686743,0,0
2603,1,2,24.553494,100.489424,0,0
2604,1,2,25.568941,100.178267,-1.229508197,1
2605,1,2,24.200715,102.4234,0,0
2606,1,2,23.603082,99.614273,0,0
2607,1,2,24.824166,102.7676,-0.854700855,1
2608,1,2,25.59304,100.221316,-1.177536232,1
2609,1,2,27.795905,99.813832,-0.480769231,1
2610,1,2,25.045806,102.710002,0,0
2611,1,2,23.589496,99.077975,0,0
2612,1,2,22.683623,103.058091,0,0
2613,1,2,24.924339,102.725061,0,0
2614,1,2,25.220989,102.505553,0.543478261,1
2615,1,2,23.532261,102.341173,0,0
2616,1,2,23.262287,99.676621,0,0
2617,1,2,25.337579,103.233232,-3.214285714,1
2618,1,2,28.598761,103.971257,0,0
2619,1,2,25.03425,101.54699,0,0
2620,1,2,22.49637,100.58072,0,0
2621,1,2,21.69394,100.048093,0,0
2622,1,2,24.572973,102.964021,0,0
2623,1,2,26.865534,98.871293,0,0
2624,1,2,26.743353,103.505731,0,0
2625,1,2,26.493989,99.1566,0,0
2628,1,2,25.648198,102.646816,0,0
2629,1,2,25.045806,102.710002,0,0
2630,1,2,24.111735,102.75097,0,0
2631,1,2,27.330165,103.460126,0,0
2632,1,2,24.155922,102.446686,-0.106837607,1
2633,1,2,27.731131,103.897452,0,0
2634,1,2,26.943372,100.620865,-0.262693511,1
2635,1,2,25.858054,101.532609,0,0
2637,1,2,27.662574,100.781291,0,0
2638,1,2,24.997978,102.682596,0,0
2639,1,2,24.426243,99.31376,0,0
2640,1,2,24.656413,102.641488,0,0
2641,1,2,25.045806,102.710002,0,0
2642,1,2,25.041489,102.748474,0,0
2643,1,2,25.211904,102.47833,0,0
2644,1,2,24.219417,103.10624,0,0
2645,1,2,24.448543,103.436917,0,0
2646,1,2,26.890883,100.219753,0,0
2647,1,2,24.85047,101.999503,0,0
2648,1,2,25.019045,102.682976,1.860248808,1
2649,1,2,24.666808,98.233033,0,0
2650,1,2,25.771733,103.920583,0,0
2651,1,2,26.588653,100.188942,0,0
2652,1,2,23.255495,104.487444,-2.115668884,1
2653,1,2,23.018383,103.344087,1.242236025,1
2654,1,2,24.648205,100.228662,0,0
2655,1,2,25.029147,102.678433,0,0
2656,1,2,24.985816,102.470948,0,0
2657,1,2,22.42942,101.412186,0,0
2658,1,2,23.900462,106.15664,-9.057971014,1
2659,1,2,25.588742,100.21412,0,0
2660,1,2,27.559972,99.035696,0,0
2661,1,2,24.876459,102.477035,0,0
2662,1,2,24.977869,102.6957,0,0
2663,1,2,27.3077,100.250903,0,0
2664,1,2,24.912227,103.00313,0,0
2665,1,2,24.396192,98.518682,0,0
2666,1,2,24.573611,99.942277,0,0
2667,1,2,26.022763,103.862648,0,0
2668,1,2,25.385831,102.202822,0,0
2669,1,2,25.090788,103.134416,0,0
2670,1,2,26.93877,100.061806,0,0
2671,1,2,40.299739,107.041572,0,0
2672,1,2,40.953413,112.436578,0,0
2673,1,2,40.819102,111.664859,0,0
2675,1,2,42.632207,117.396207,0,0
2676,1,2,40.875904,110.464922,0,0
2678,1,2,50.14466,124.283193,0,0
2679,1,2,38.288916,104.435185,0,0
2680,1,2,40.893181,108.334851,0,0
2681,1,2,39.673915,116.526519,-0.333333333,1
2682,1,2,39.890237,116.187123,0,0
2683,1,2,40.319538,116.633775,0,0
2684,1,2,40.563889,116.803076,0,0
2685,1,2,39.834406,116.425261,0.09310987,1
2686,1,2,40.517502,116.913914,0,0
2687,1,2,39.735711,116.903395,0,0
2688,1,2,39.899404,116.44061,0,0
2689,1,2,40.309662,116.592811,0,0
2690,1,2,39.907408,116.618333,0,0
2691,1,2,39.7572,116.03895,0,0
2692,1,2,40.026901,116.349049,1.405551635,1
2693,1,2,39.941767,116.32528,0,0
2694,1,2,40.412399,116.305631,-3.099173554,1
2695,1,2,39.654948,116.574886,1.701197121,1
2696,1,2,39.977668,116.365688,0,0
2697,1,2,40.430962,115.959848,0,0
2698,1,2,40.094418,116.298616,0,0
2699,1,2,39.956847,116.39537,0,0
2700,1,2,42.838181,130.308639,0,0
2701,1,2,41.722564,125.941497,0,0
2702,1,2,44.682265,123.168748,0,0
2703,1,2,43.77763,126.618421,0,0
2704,1,2,44.598827,125.944944,0,0
2705,1,2,44.758751,125.680294,1.400501672,1
2706,1,2,44.046496,126.474419,0,0
2707,1,2,43.252547,124.374963,0,0
2708,1,2,43.624848,124.689359,0,0
2709,1,2,43.667467,126.657307,0,0
2710,1,2,44.885737,124.850294,0,0
2711,1,2,42.05251,126.687582,0,0
2712,1,2,45.186471,124.792848,0,0
2713,1,2,43.804344,125.902096,0,0
2714,1,2,44.42767,126.363826,0,0
2715,1,2,42.891255,129.508946,0,0
2716,1,2,45.704479,124.033104,0,0
2717,1,2,43.342228,125.288981,0,0
2719,1,2,43.70963,128.659731,0,0
2720,1,2,45.33234,124.435076,0,0
2721,1,2,43.477863,126.909932,0,0
2722,1,2,44.835289,126.530466,0.097465887,1
2723,1,2,41.470043,126.137606,0,0
2724,1,2,41.997573,127.333863,-0.203252033,1
2725,1,2,44.381638,126.52318,0,0
2726,1,2,43.829095,126.56626,0,0
2727,1,2,43.896536,125.32599,0.536896146,1
2728,1,2,44.348903,126.741232,0,0
2729,1,2,40.904959,125.986323,0,0
2730,1,2,41.782451,126.939949,0,0
2731,1,2,42.764315,126.309242,0,0
2732,1,2,43.559974,128.493479,0,0
2733,1,2,44.846837,125.299937,0,0
2734,1,2,43.651058,125.886685,0,0
2735,1,2,43.889729,125.302278,0,0
2736,1,2,30.913256,104.394305,0,0
2737,1,2,29.351175,105.414315,0,0
2738,1,2,31.938295,106.016657,0,0
2739,1,2,29.248483,102.824629,0,0
2740,1,2,30.915699,104.14104,0,0
2741,1,2,29.106833,105.649307,0,0
2742,1,2,32.386776,105.739457,0,0
2743,1,2,28.46181,105.617896,0,0
2744,1,2,31.09342,102.864996,-1.127819549,1
2745,1,2,30.057141,101.077814,0,0
2746,1,2,31.351132,104.829939,0,0
2747,1,2,30.499615,104.035727,0,0
2748,1,2,26.598324,101.784912,0,0
2749,1,2,32.058476,107.989972,0,0
2750,1,2,31.141915,102.423009,0,0
2751,1,2,31.865155,104.526629,0,0
2752,1,2,31.535969,105.649402,0,0
2753,1,2,30.899389,103.960365,0.540540541,1
2754,1,2,30.711993,105.827923,0,0
2755,1,2,30.775219,106.825234,0,0
2756,1,2,27.965618,102.131198,-1.982798949,1
2757,1,2,30.45568,104.003892,-0.309597523,1
2758,1,2,30.107342,102.76319,0,0
2759,1,2,28.404328,103.57403,0,0
2760,1,2,30.651651,104.075931,0,0
2761,1,2,31.31484,104.400543,0,0
2762,1,2,30.651651,104.075931,0,0
2763,1,2,30.602938,104.537094,0,0
2765,1,2,32.200873,105.298706,0,0
2766,1,2,30.381788,103.869644,0,0
2768,1,2,27.888273,102.251128,0,0
2770,1,2,31.376229,104.896536,0,0
2771,1,2,31.236052,107.21441,0,0
2772,1,2,31.676821,107.62806,0,0
2773,1,2,28.895583,105.549859,0,0
2774,1,2,30.088293,104.671059,0,0
2775,1,2,28.778317,104.676341,0,0
2777,1,2,27.084924,102.201781,0,0
2778,1,2,29.040938,104.164944,0,0
2779,1,2,29.796617,103.489224,0,0
2780,1,2,29.504172,103.74717,0,0
2781,1,2,29.556038,103.755595,0,0
2782,1,2,27.063134,101.908514,0,0
2783,1,2,31.286621,105.271433,0,0
2784,1,2,29.903359,99.056393,0,0
2785,1,2,28.8911868,105.435826,0,0
2786,1,2,28.887274,105.401685,0,0
2787,1,2,28.018072,104.891459,0,0
2788,1,2,32.246338,99.294566,0,0
2789,1,2,28.898659,104.95491,0,0
2790,1,2,30.217462,103.885342,0,0
2791,1,2,31.028382,106.619841,-0.256238411,1
2792,1,2,30.469907,106.092085,0,0
2793,1,2,29.891922,104.636796,0,0
2794,1,2,31.040764,106.862146,0,0
2795,1,2,31.065617,105.190887,0,0
2796,1,2,31.667347,106.886959,0,0
2798,1,2,30.64638,103.874375,0,0
2799,1,2,31.535904,104.372125,0,0
2800,1,2,28.74236,105.229785,0,0
2801,1,2,29.401596,103.827306,0.279329609,1
2802,1,2,29.434889,105.030264,0,0
2803,1,2,32.389563,105.781436,-1.438848921,1
2804,1,2,32.427518,105.857165,0,0
2805,1,2,32.189997,105.415702,0.546448087,1
2806,1,2,31.018642,104.859137,0.226045425,1
2807,1,2,30.558761,105.511944,0,0
2808,1,2,30.321626,105.340003,-3.62776251,1
2809,1,2,31.450809,105.009724,0,0
2810,1,2,31.025919,103.593384,0,0
2811,1,2,32.1837,105.33388,0,0
2812,1,2,29.989115,102.957199,0,0
2813,1,2,27.611511,102.191008,0,0
2814,1,2,32.169199,104.371118,0,0
2815,1,2,29.15477,103.958521,0,0
2816,1,2,30.923649,105.024622,0,0
2817,1,2,26.5972815,101.5065686,0,0
2818,1,2,29.926985,103.153212,0,0
2819,1,2,40.030984,117.613633,0,0
2820,1,2,40.040942,117.498843,0,0
2821,1,2,39.150547,117.160843,-0.887195242,1
2822,1,2,38.763512,117.565847,0,0
2823,1,2,39.177685,117.178687,-0.505578662,1
2825,1,2,38.075104,114.295174,0,0
2826,1,2,39.057732,117.656499,-1.533963113,1
2827,1,2,39.162712,117.172691,0,0
2828,1,2,39.399788,117.364817,0,0
2829,1,2,39.148061,117.145238,0,0
2830,1,2,40.037261,117.444056,0,0
2831,1,2,38.575858,117.311264,0.459189047,1
2832,1,2,39.099467,117.236295,-1.117164985,1
2833,1,2,39.047531,117.345251,-2.362531086,1
2834,1,2,39.880008,117.401466,-0.205761317,1
2835,1,2,38.689473,117.107112,1.48485483,1
2836,1,2,38.987431,117.719872,0.856362934,1
2837,1,2,39.084158,117.200983,3.100376841,1
2838,1,2,40.135123,117.975537,0,0
2839,1,2,38.522958,106.235269,0,0
2840,1,2,38.813644,106.67004,0,0
2841,1,2,38.471317,106.258754,0,0
2842,1,2,37.492035,105.807845,0,0
2843,1,2,35.834736,106.8165,0,0
2844,1,2,37.481685,105.563539,0,0
2845,1,2,38.44729,106.29814,0,0
2846,1,2,37.536064,105.09761,0,0
2847,1,2,38.147696,106.547491,0,0
2848,1,2,31.48546,115.620216,0,0
2849,1,2,31.969757,117.417593,0,0
2850,1,2,31.502262,117.258837,2.762430939,1
2851,1,2,30.758719,118.686325,2.464157706,1
2852,1,2,31.577988,117.87603,1.25698324,1
2853,1,2,31.95972,117.499594,0.224014337,1
2854,1,2,32.943468,117.395278,0,0
2855,1,2,33.51521,116.943445,0.227686703,1
2856,1,2,30.20963,116.914531,0,0
2857,1,2,32.388833,116.429457,0,0
2859,1,2,32.199777,118.417907,0.426148204,1
2860,1,2,30.774607,117.684788,0,0
2861,1,2,33.127823,117.879486,0,0
2862,1,2,32.605506,116.764262,0,0
2863,1,2,31.262833,117.26247,0,0
2864,1,2,30.584347,117.078305,0.255102041,1
2865,1,2,33.262629,117.804218,9.369229369,1
2866,1,2,33.85356,117.280926,1.792114695,1
2867,1,2,33.138513,116.19039,2.194758646,1
2868,1,2,31.016411,118.952277,0,0
2869,1,2,31.410873,116.91384,0.085198895,1
2870,1,2,30.128011,116.618304,0.462962963,1
2871,1,2,30.42124,116.871085,0,0
2872,1,2,31.76996,118.355088,2.264309248,1
2873,1,2,31.861184,117.284922,0,0
2874,1,2,31.572105,116.065087,0,0
2875,1,2,31.095417,116.90207,0,0
2876,1,2,30.024119,116.34803,-1.147848294,1
2877,1,2,32.373979,116.498832,0,0
2878,1,2,32.704886,119.026529,4.396094138,1
2880,1,2,31.549437,118.479184,0,0
2881,1,2,30.692212,118.387766,0,0
2883,1,2,33.34421,116.426383,0,0
2884,1,2,32.350232,116.273076,2.5,1
2885,1,2,33.840665,115.791037,-3.834204208,1
2886,1,2,31.15702,117.439766,0.546448087,1
2887,1,2,30.259622,117.064422,0,0
2888,1,2,31.484455,118.492964,0,0
2889,1,2,31.714434,118.319357,1.120071685,1
2890,1,2,32.271894,116.220503,0,0
2891,1,2,32.775789,117.103527,0,0
2892,1,2,29.862438,118.618899,0,0
2893,1,2,31.98873,117.087304,0,0
2894,1,2,29.961077,118.504612,0,0
2895,1,2,31.683019,117.471625,4.779444006,1
2896,1,2,30.771958,117.410646,3.355608356,1
2897,1,2,31.769141,117.754946,0.927960162,1
2898,1,2,29.717799,118.297603,0,0
2899,1,2,30.27099,116.669977,0,0
2900,1,2,31.618256,117.2443,0,0
2901,1,2,30.593188,114.273591,0,0
2902,1,2,31.332876,117.096014,-0.37593985,1
2903,1,2,30.691628,118.98031,0,0
2904,1,2,32.502665,116.521698,0.270725104,1
2905,1,2,31.18298,118.794129,0,0
2906,1,2,30.991272,119.936981,0,0
2907,1,2,29.690279,118.312937,0,0
2908,1,2,30.459931,118.245551,-0.434782609,1
2909,1,2,33.637904,116.048247,0,0
2910,1,2,32.288364,118.315567,5.256782946,1
2911,1,2,33.540418,115.637255,1.892921147,1
2912,1,2,31.08593,119.031442,0.092592593,1
2913,1,2,32.570486,116.5909,0,0
2914,1,2,31.645018,117.858773,0,0
2915,1,2,29.699942,118.293416,0,0
2916,1,2,32.407674,116.887689,0,0
2917,1,2,38.879326,116.001576,0.476190476,1
2918,1,2,30.4956203,117.0053119,0,0
2919,1,2,30.509513,117.000948,0,0
2920,1,2,32.059642,116.807275,2.115512967,1
2921,1,2,32.641579,116.915776,0,0
2922,1,2,33.753156,116.979217,0.367647059,1
2923,1,2,31.157496,118.743402,0,0
2924,1,2,29.763863,118.366667,0,0
2926,1,2,33.483853,117.215577,0,0
2927,1,2,30.458399,116.300251,0,0
2928,1,2,31.130526,118.012738,0,0
2929,1,2,30.832508,117.091176,0,0
2930,1,2,33.316899,117.316955,1.081081081,1
2931,1,2,31.43253,118.311762,0,0
2932,1,2,32.045256,116.621515,0,0
2933,1,2,33.219622,116.067254,0.819875776,1
2934,1,2,31.229151,118.288408,0,0
2935,1,2,30.62842,116.613475,0,0
2936,1,2,31.630932,118.517796,0.806451613,1
2937,1,2,32.658297,115.595644,0.776324614,1
2938,1,2,31.71867,118.521306,2.013561565,1
2939,1,2,32.912195,115.867791,0.245098039,1
2940,1,2,31.589232,117.271944,0,0
2941,1,2,31.539384,116.332494,0,0
2942,1,2,32.717422,118.74337,0,0
2943,1,2,30.934479,117.926587,0.686813187,1
2944,1,2,31.449897,116.423277,0,0
2945,1,2,30.926719,118.321239,0,0
2946,1,2,29.992903,116.466746,0,0
2947,1,2,31.657076,117.545139,0,0
2948,1,2,33.103036,116.867173,1.852201852,1
2949,1,2,29.905695,115.966227,0,0
2950,1,2,31.611101,117.806853,0,0
2951,1,2,35.545375,116.827792,0,0
2952,1,2,36.665194,117.065407,0,0
2953,1,2,36.074312,118.753745,0,0
2954,1,2,34.764207,118.710756,0,0
2955,1,2,35.665166,118.096923,0,0
2956,1,2,38.018599,118.909417,-0.210970464,1
2957,1,2,36.94308,118.106575,0,0
2958,1,2,36.863486,116.228742,0,0
2959,1,2,34.90613,117.237479,0,0
2960,1,2,35.496218,118.818401,0.27027027,1
2961,1,2,35.341198,119.454681,0.470809793,1
2962,1,2,36.467925,119.51198,0,0
2963,1,2,37.41156,116.317671,0.089605735,1
2964,1,2,37.505466,117.86615,1.80420712,1
2965,1,2,36.748637,115.927885,0.289855072,1
2966,1,2,36.665439,116.839637,5.737850527,1
2967,1,2,35.389133,116.593313,-0.764664804,1
2968,1,2,36.584928,121.025384,3.413180387,1
2969,1,2,35.104323,116.999244,-1.351351351,1
2970,1,2,35.093029,116.390365,-0.735294118,1
2971,1,2,36.007278,112.369528,0,0
2972,1,2,35.6432,111.311222,0,0
2973,1,2,39.29562,114.422665,0,0
2974,1,2,39.385192,112.7273,0,0
2976,1,2,39.046414,112.928209,0,0
2977,1,2,36.851836,112.904166,0,0
2978,1,2,39.978412,113.808537,0,0
2979,1,2,39.881319,113.436835,0.182149362,1
2980,1,2,37.011252,112.659155,0,0
2981,1,2,37.509128,112.040886,0,0
2982,1,2,37.061278,111.84924,-0.032760033,1
2983,1,2,37.923195,112.751459,0,0
2984,1,2,35.804568,112.091637,0,0
2985,1,2,36.262111,112.893756,4.352659724,1
2986,1,2,36.571283,112.799677,0,0
2987,1,2,38.510679,113.281555,0,0
2988,1,2,35.721123,110.611691,0,0
2989,1,2,38.507979,112.970149,0,0
2990,1,2,35.802291,112.325978,0,0
2991,1,2,34.827824,110.350121,0,0
2992,1,2,38.204692,111.790879,0,0
2993,1,2,40.248502,112.313511,0,0
2994,1,2,37.116438,111.938469,0,0
2995,1,2,35.931234,111.064937,0,0
2996,1,2,40.527234,114.26629,0,0
2997,1,2,38.08174,111.885129,0,0
2998,1,2,37.394505,111.933908,0,0
2999,1,2,37.545849,112.623635,-0.757575758,1
3000,1,2,35.817267,112.892592,0,0
3001,1,2,37.848604,113.648897,0,0
3002,1,2,38.602968,110.89649,0,0
3003,1,2,37.191212,110.767014,0,0
3004,1,2,38.349717,112.736862,0,0
3005,1,2,38.437547,112.760715,0,0
3006,1,2,36.392544,111.119482,0,0
3007,1,2,37.473111,112.332332,0,0
3008,1,2,36.451597,110.666933,0,0
3009,1,2,34.787733,110.74778,0,0
3010,1,2,22.63393,114.426587,0,0
3011,1,2,23.658045,112.992758,0,0
3012,1,2,23.663332,117.010667,2.184627517,1
3013,1,2,23.103511,113.299762,0,0
3014,1,2,22.888408,115.670252,0.265957447,1
3015,1,2,20.874187,110.065695,1.856827953,1
3016,1,2,21.615819,111.95378,0,0
3017,1,2,23.557082,113.573502,0,0
3018,1,2,21.788581,111.940695,0,0
3019,1,2,23.123124,113.804508,0.32577975,1
3020,1,2,22.528784,113.3708,0,0
3021,1,2,21.426139,110.797865,0,0
3022,1,2,23.6177,114.043419,2.532228361,1
3023,1,2,23.455017,116.716879,0,0
3024,1,2,21.817654,112.20793,-0.203252033,1
3025,1,2,23.624911,116.084536,2.350007892,1
3026,1,2,22.185259,113.320854,0,0
3027,1,2,21.912125,110.292455,0.282485876,1
3028,1,2,22.354748,113.277283,0,0
3029,1,2,23.031892,115.691944,0.219941349,1
3031,1,2,22.926477,114.078428,0.506734753,1
3032,1,2,22.761322,114.127158,-1.851851852,1
3033,1,2,21.518345,110.66572,0,0
3034,1,2,22.548277,114.144205,-0.283255194,1
3035,1,2,22.9081,113.604057,-0.623143881,1
3036,1,2,22.909763,115.33408,0,0
3037,1,2,23.216101,116.624073,4.465737515,1
3039,1,2,21.704117,110.314917,-0.225468975,1
3040,1,2,21.833564,112.661708,10.42354235,1
3041,1,2,22.928083,114.111006,-7.964415212,1
3042,1,2,22.202501,113.529852,12.15099715,1
3043,1,2,22.917427,114.213266,0,0
3044,1,2,21.222112,110.48836,1.111111111,1
3045,1,2,21.914394,110.800196,0,0
3046,1,2,22.144068,110.986244,0,0
3047,1,2,26.040433,119.30373,0,0
3048,1,2,21.899485,111.599009,0,0
3049,1,2,23.816207,116.541195,0,0
3050,1,2,21.29799,110.310359,0,0
3051,1,2,22.819872,114.198587,-3.370786517,1
3052,1,2,23.406813,113.459421,0,0
3053,1,2,22.081743,113.268814,0,0
3054,1,2,22.043911,110.84747,0.263157895,1
3055,1,2,22.902323,108.729323,0,0
3056,1,2,23.297972,109.233416,0,0
3057,1,2,22.32444,107.00286,0.186219739,1
3058,1,2,21.859164,109.314957,0,0
3059,1,2,23.716759,111.047065,0,0
3060,1,2,23.760171,106.713662,0,0
3061,1,2,23.527328,108.095434,0,0
3062,1,2,22.62867,110.154484,0,0
3063,1,2,24.412143,109.45227,0,0
3064,1,2,23.496188,111.315001,0,0
3066,1,2,23.712343,107.344794,0,0
3067,1,2,21.49836,109.487331,0,0
3068,1,2,23.828315,111.789524,0,0
3069,1,2,21.755239,108.341088,0,0
3070,1,2,24.008638,111.73259,0,0
3071,1,2,22.406804,107.157188,0,0
3072,1,2,25.248311,110.356664,0,0
3073,1,2,23.878907,109.370345,0,0
3074,1,2,22.614994,107.620837,0,0
3076,1,2,21.570177,107.945238,0,0
3077,1,2,23.677842,109.691139,0,0
3078,1,2,22.80351,108.925424,0,0
3079,1,2,21.857575,108.464468,0,0
3080,1,2,21.661164,109.187354,-2.027027027,1
3081,1,2,24.328632,111.661029,0,0
3082,1,2,21.478081,109.088091,0,0
3083,1,2,22.658889,107.052149,0.273224044,1
3084,1,2,21.952482,108.629303,0,0
3085,1,2,24.7709036,110.497554,0,0
3086,1,2,23.265396,106.626888,0,0
3087,1,2,23.271717,107.640959,0,0
3088,1,2,24.441674,109.294024,0,0
3089,1,2,23.19284,109.147307,0,0
3090,1,2,23.750608,109.204224,0,0
3091,1,2,22.821797,108.367836,4.264672004,1
3094,1,2,43.793026,87.627704,0,0
3095,1,2,47.281648,87.284673,0,0
3096,1,2,41.974899,86.633666,0,0
3097,1,2,41.747452,86.775271,0,0
3098,1,2,41.97979,86.632002,0,0
3099,1,2,42.051982,86.279858,0,0
3100,1,2,43.769566,81.879815,0,0
3101,1,2,47.358937,89.661082,0,0
3103,1,2,43.925264,81.312678,0,0
3105,1,2,39.214262,75.565924,0,0
3106,1,2,42.871439,90.201337,0,0
3108,1,2,37.882358,77.429946,0,0
3109,1,2,43.644475,87.548992,0,0
3110,1,2,46.599598,87.935061,0,0
3111,1,2,43.496815,83.354533,0,0
3112,1,2,43.421744,82.48857,0,0
3113,1,2,31.342268,120.640035,0,0
3114,1,2,32.009033,118.826554,0.448028674,1
3115,1,2,33.909789,118.294211,0,0
3116,1,2,32.3252145,119.6991839,0,0
3117,1,2,33.700643,118.925481,0,0
3118,1,2,31.581693,119.733919,0,0
3119,1,2,33.311428,118.304098,0,0
3120,1,2,31.547984,120.010409,0.267379679,1
3121,1,2,32.002485,120.026617,0.915750916,1
3122,1,2,31.678267,120.154207,0,0
3123,1,2,33.597258,118.897236,0,0
3124,1,2,31.211617,119.89146,0,0
3125,1,2,32.328114,119.396018,2.013117802,1
3126,1,2,32.598956,120.945333,0.277777778,1
3127,1,2,32.084891,119.184865,0,0
3128,1,2,32.061707,118.763232,0.451747966,1
3129,1,2,34.639856,116.715063,0,0
3130,1,2,31.488754,120.304898,2.95992714,1
3131,1,2,33.268901,118.983374,3.210933447,1
3132,1,2,31.816204,121.022964,-0.561996951,1
3133,1,2,31.930388,121.822913,2.266751354,1
3134,1,2,32.056126,120.412665,1.383442266,1
3135,1,2,32.05804,121.591802,2.228163993,1
3136,1,2,31.635595,119.506363,0,0
3137,1,2,32.090435,120.288398,0,0
3138,1,2,31.306263,119.239627,2.071823204,1
3139,1,2,31.782611,120.554152,0,0
3140,1,2,32.171928,121.373409,0.644731848,1
3141,1,2,31.492944,120.993712,0,0
3142,1,2,31.16419,120.641046,0,0
3143,1,2,31.405592,120.135477,0,0
3144,1,2,31.953122,120.252139,0,0
3145,1,2,32.099615,118.503297,0.386967702,1
3146,1,2,31.758783,120.00259,0.222622205,1
3147,1,2,31.908105,120.062543,1.366120219,1
3148,1,2,31.452117,120.427174,0,0
3149,1,2,32.570502,119.949664,0.166808168,1
3150,1,2,34.217261,117.249737,0,0
3151,1,2,31.22454,119.850415,0,0
3152,1,2,32.492358,119.50462,0.426541052,1
3153,1,2,31.768555,120.810987,0,0
3154,1,2,32.410881,119.560684,0.437516269,1
3155,1,2,32.538861,119.959148,1.157407407,1
3156,1,2,31.547747,121.035126,2.702702703,1
3157,1,2,33.121895,118.750332,0.336137747,1
3158,1,2,31.515118,121.276419,0.6880523,1
3159,1,2,32.485833,119.87053,1.120071685,1
3160,1,2,32.245055,119.911408,0,0
3161,1,2,33.518002,119.119448,0,0
3162,1,2,31.925323,118.532748,0,0
3163,1,2,33.301657,119.182933,0.262515263,1
3164,1,2,31.191479,120.661595,0,0
3165,1,2,31.46746,118.882541,0,0
3166,1,2,32.375163,120.845123,0,0
3167,1,2,32.07894,120.646561,1.587479352,1
3168,1,2,32.421756,119.893747,1.391689068,1
3169,1,2,32.427353,119.265049,0,0
3170,1,2,31.260263,120.87278,-3.928652538,1
3171,1,2,32.032782,118.752935,0,0
3172,1,2,30.831855,120.558677,0,0
3173,1,2,34.5227503,117.9285451,0,0
3174,1,2,32.302834,121.193199,0.412491143,1
3175,1,2,32.945673,120.315457,2.192982456,1
3176,1,2,31.346315,119.223289,1.123595506,1
3177,1,2,33.104157,118.736352,0,0
3178,1,2,31.554449,120.284393,0,0
3179,1,2,31.433021,120.875192,2.538222647,1
3180,1,2,31.388542,120.973408,-0.472287923,1
3181,1,2,32.123444,119.57278,0.61895726,1
3182,1,2,31.910246,120.32641,1.469936773,1
3183,1,2,31.577007,120.556522,0.17921147,1
3184,1,2,31.800701,118.901999,0,0
3185,1,2,31.671141,120.474809,0,0
3186,1,2,31.907854,120.204109,0,0
3187,1,2,31.460995,120.869564,0,0
3188,1,2,32.065877,118.394022,2.89687228,1
3189,1,2,32.061707,118.763232,0,0
3190,1,2,34.072752,118.296812,0,0
3191,1,2,33.285402,118.872243,0,0
3192,1,2,31.830233,119.607156,2.688172043,1
3193,1,2,33.401736,118.538133,0,0
3194,1,2,25.76277,114.564865,0,0
3195,1,2,28.251621,115.874299,0,0
3196,1,2,27.449948,115.124723,0,0
3197,1,2,28.943204,113.978794,0,0
3198,1,2,28.687873,115.889562,0,0
3199,1,2,29.287166,115.795165,-2.469229217,1
3200,1,2,28.904167,116.263514,-2.800615213,1
3201,1,2,29.027675,114.5361,0,0
3202,1,2,29.007762,115.826974,-0.362043166,1
3203,1,2,28.611744,116.386425,0,0
3204,1,2,28.694779,116.71726,0,0
3205,1,2,28.493828,116.479433,0,0
3206,1,2,27.895566,115.455573,0,0
3207,1,2,29.406277,116.62703,0,0
3208,1,2,27.809566,114.968562,0,0
3209,1,2,28.077279,115.740841,0,0
3210,1,2,28.540289,116.780174,0,0
3211,1,2,27.975141,116.360265,0,0
3212,1,2,27.286929,115.507866,0,0
3213,1,2,27.811853,114.452951,0,0
3214,1,2,29.348431,117.805492,0,0
3215,1,2,26.807029,115.212355,0,0
3216,1,2,28.330102,117.517337,0,0
3217,1,2,29.016918,116.062341,0,0
3218,1,2,25.283983,115.077844,0,0
3219,1,2,27.582759,113.826919,0,0
3220,1,2,26.445815,116.007183,0,0
3221,1,2,25.853142,115.616498,0,0
3222,1,2,28.143197,117.700931,0,0
3223,1,2,29.307041,114.643257,0,0
3224,1,2,28.287951,117.278338,0,0
3225,1,2,26.235491,114.492474,0,0
3226,1,2,28.549469,115.935611,0,0
3227,1,2,28.831606,115.523104,0,0
3228,1,2,28.408802,116.88053,0,0
3229,1,2,28.712683,116.433667,0,0
3230,1,2,28.267969,116.873314,0,0
3231,1,2,26.887366,114.504463,0,0
3232,1,2,27.502703,116.648777,0,0
3233,1,2,28.422023,115.994774,0,0
3234,1,2,28.675696,115.909228,0,0
3235,1,2,26.653952,114.831916,0,0
3236,1,2,26.584506,114.51329,0,0
3237,1,2,29.819033,116.185114,-3.418879056,1
3238,1,2,29.573067,116.767532,0,0
3239,1,2,28.719697,115.009313,0,0
3240,1,2,26.511634,114.69945,0,0
3241,1,2,27.678079,113.666161,0,0
3242,1,2,28.675696,115.909228,0,0
3243,1,2,28.315217,117.709451,0,0
3244,1,2,28.442408,115.521937,0,0
3245,1,2,24.907362,114.814769,0,0
3246,1,2,26.294256,115.733224,0,0
3247,1,2,40.616037,117.774843,0,0
3248,1,2,39.58526,116.535515,0.485436893,1
3250,1,2,41.014807,117.961347,0,0
3251,1,2,38.358695,113.861347,0,0
3252,1,2,38.879094,115.653094,0.433921173,1
3253,1,2,38.065176,114.600669,0,0
3254,1,2,38.897404,116.028691,-0.912404589,1
3255,1,2,40.772528,118.599514,0,0
3256,1,2,39.223947,115.765844,0,0
3257,1,2,37.513177,116.04779,-10.97310546,1
3258,1,2,37.260106,114.778632,0,0
3259,1,2,37.319989,115.091033,-0.208333333,1
3260,1,2,38.037057,114.468664,0,0
3261,1,2,37.905393,116.131193,0.26371308,1
3262,1,2,41.673671,117.821479,0,0
3263,1,2,38.477117,117.542157,-0.087010382,1
3264,1,2,37.865007,115.813964,0,0
3265,1,2,40.420427,117.242605,0,0
3266,1,2,40.559135,118.381182,0,0
3268,1,2,39.44595,116.73027,-0.234973448,1
3270,1,2,40.963671,118.664147,2.922771673,1
3271,1,2,40.218147,118.304493,0,0
3272,1,2,38.866844,115.818382,-0.977392162,1
3273,1,2,38.041596,115.982251,0.225225225,1
3274,1,2,36.29222,114.171204,0,0
3275,1,2,40.68112,114.715335,0,0
3276,1,2,38.269558,114.17444,0,0
3277,1,2,39.802411,119.450936,0,0
3278,1,2,36.766382,114.95768,0.098039216,1
3279,1,2,39.083817,113.972268,0,0
3280,1,2,38.379485,115.117539,0.034843206,1
3281,1,2,39.615082,118.20546,0,0
3282,1,2,39.906055,119.576813,0.094161959,1
3283,1,2,39.776323,119.421414,0,0
3284,1,2,39.227626,118.04918,-2.324561404,1
3285,1,2,40.349608,115.373872,0,0
3286,1,2,39.750631,118.773574,0,0
3287,1,2,38.962979,115.991458,0,0
3288,1,2,39.743079,116.931147,-6.944444444,1
3289,1,2,39.898234,118.832748,0,0
3290,1,2,38.850254,114.835328,0,0
3291,1,2,40.762463,114.879227,1.079136691,1
3292,1,2,38.87054,115.76742,-3.770476208,1
3293,1,2,37.518685,115.075585,0.626566416,1
3294,1,2,38.823736,116.024029,0,0
3295,1,2,39.678461,119.223129,-0.879741238,1
3296,1,2,33.877112,113.779832,0,0
3297,1,2,33.93393,113.949926,0,0
3298,1,2,32.089061,114.105024,19.79372809,1
3299,1,2,35.222893,113.457855,0,0
3300,1,2,34.765515,113.753602,0.801943584,1
3301,1,2,35.518042,114.288454,0,0
3302,1,2,36.108471,115.06861,0,0
3303,1,2,32.673099,112.812864,1.53968254,1
3304,1,2,34.571616,111.478756,0,0
3306,1,2,33.503413,114.574433,0,0
3307,1,2,32.081175,115.421399,0,0
3309,1,2,32.678301,115.062234,0,0
3310,1,2,35.134576,114.605094,0,0
3311,1,2,34.765515,113.753602,-0.826643731,1
3312,1,2,34.680768,113.56538,0,0
3313,1,2,36.07964,114.135423,0,0
3314,1,2,32.251659,113.979279,-1.538461538,1
3315,1,2,32.780629,114.868435,0.273713998,1
3316,1,2,32.7135129,115.0622929,0.096339114,1
3317,1,2,34.323191,113.778832,0,0
3318,1,2,33.743832,112.761253,0,0
3319,1,2,34.060856,112.972621,0,0
3320,1,2,32.977274,113.588091,1.117318436,1
3321,1,2,32.895127,114.406066,0,0
3322,1,2,32.128443,115.051424,0.274725275,1
3323,1,2,35.590216,114.907187,0,0
3324,1,2,35.700245,115.00289,0,0
3325,1,2,34.345749,113.249318,0,0
3326,1,2,33.722364,113.250862,0,0
3327,1,2,34.765515,113.753602,-1.674630262,1
3328,1,2,33.27192,113.548952,0,0
3329,1,2,33.780524,115.264464,0,0
3330,1,2,32.167866,114.660307,0,0
3331,1,2,34.175108,112.528488,0,0
3332,1,2,33.203367,115.151458,0.363903229,1
3333,1,2,33.606101,113.763482,0,0
3334,1,2,34.765515,113.753602,0.481695568,1
3335,1,2,32.635434,113.938979,0,0
3336,1,2,33.894563,114.636783,0,0
3337,1,2,33.404611,113.899043,-0.1885461,1
3338,1,2,34.878877,112.497597,3.773357921,1
3339,1,2,34.357765,114.467138,0,0
3340,1,2,33.823184,114.243256,0,0
3341,1,2,32.272325,114.035868,0,0
3342,1,2,33.308204,113.525593,0,0
3343,1,2,29.546429,118.968529,0,0
3344,1,2,30.288081,120.12163,0,0
3345,1,2,28.467694,119.416539,0,0
3346,1,2,30.290266,120.590799,0,0
3347,1,2,29.302339,120.08912,0.493503248,1
3348,1,2,30.147737,120.407333,4.322243134,1
3349,1,2,29.237912,120.04101,0,0
3350,1,2,30.267446,120.152791,-1.13634643,1
3351,1,2,29.071245,120.435644,0,0
3352,1,2,28.269015,119.711093,0,0
3353,1,2,29.980851,120.654718,0,0
3354,1,2,28.302934,119.709158,0,0
3355,1,2,29.266018,120.051391,0.243902439,1
3356,1,2,28.001303,119.638965,0,0
3357,1,2,28.186716,121.288071,0,0
3358,1,2,30.442504,120.070573,1.980784015,1
3359,1,2,29.365627,119.526751,0,0
3360,1,2,28.151839,120.426483,0,0
3361,1,2,28.965018,121.593658,0,0
3362,1,2,29.65592,120.83622,0,0
3363,1,2,30.225321,120.726949,0,0
3364,1,2,28.536111,119.396815,0,0
3365,1,2,28.883511,120.937057,0,0
3366,1,2,29.809832,119.686874,0,0
3367,1,2,29.793535,119.691434,0,0
3368,1,2,31.123297,119.902583,0,0
3369,1,2,28.670578,121.323929,0,0
3370,1,2,30.25332,119.866868,0,0
3371,1,2,28.276705,121.68638,-0.401606426,1
3372,1,2,28.945164,121.059509,0,0
3373,1,2,28.971763,118.899071,0,0
3374,1,2,30.267446,120.152791,0,0
3375,1,2,29.071266,119.671617,0,0
3376,1,2,29.772181,120.238368,0.335441509,1
3377,1,2,29.90894,121.532765,-1.358811826,1
3378,1,2,28.363673,120.690527,0,0
3379,1,2,28.401983,121.313909,0.226449275,1
3380,1,2,28.125885,120.340033,0,0
3381,1,2,30.788164,121.287508,5.842391304,1
3382,1,2,27.635937,119.721589,0,0
3383,1,2,29.44436,119.931804,0,0
3384,1,2,28.691077,121.480529,0,0
3385,1,2,28.722889,119.366656,0,0
3386,1,2,28.440311,119.522168,0.481695568,1
3387,1,2,29.200956,119.492445,0,0
3388,1,2,29.062154,120.733326,0,0
3389,1,2,28.498534,121.612773,0,0
3390,1,2,29.432919,120.991562,0,0
3391,1,2,30.245638,122.199853,0,0
3392,1,2,30.012424,122.099384,2.500143469,1
3393,1,2,28.401295,119.958275,0,0
3394,1,2,20.046635,110.362581,0,0
3395,1,2,18.309346,109.296015,0,0
3396,1,2,18.840112,109.319906,0,0
3397,1,2,18.435633,108.88035,0.498808308,1
3398,1,2,20.033524,110.392915,0,0
3399,1,2,20.03468,110.341344,0,0
3400,1,2,19.41804,109.55144,0,0
3401,1,2,19.23792,108.90976,0,0
3402,1,2,18.868383,110.446856,0,0
3403,1,2,18.771022,110.361185,4.697246245,1
3404,1,2,19.738661,110.220908,0,0
3405,1,2,18.899736,110.478603,0,0
3406,1,2,19.641482,110.90946,0.232774674,1
3407,1,2,18.517517,110.0638,0.284090909,1
3408,1,2,18.892128,110.410343,0,0
3409,1,2,18.365332,109.16614,0,0
3410,1,2,18.401897,109.457375,0,0
3411,1,2,19.619,110.753577,9.487159452,1
3412,1,2,19.108343,110.142541,0,0
3413,1,2,20.001319,110.372868,0.240847784,1
3414,1,2,18.272081,109.575045,0,0
3415,1,2,18.299466,109.537206,0,0
3416,1,2,19.107418,110.517393,0.823014321,1
3417,1,2,18.584272,109.899226,0,0
3418,1,2,18.407165,109.757936,0,0
3419,1,2,20.017377,110.349228,0,0
3420,1,2,19.146787,110.324964,0,0
3421,1,2,30.321016,108.973817,0,0
3422,1,2,31.53784,114.381695,0,0
3423,1,2,29.838404,115.478264,0,0
3424,1,2,29.965459,111.356735,0,0
3425,1,2,30.234653,110.780916,0,0
3426,1,2,30.482451,111.459715,0,0
3428,1,2,31.894499,112.146347,0,0
3429,1,2,30.932298,114.664435,0.857142857,1
3430,1,2,32.479431,111.08413,0,0
3431,1,2,30.7608061,111.2731883,0,0
3432,1,2,31.850714,113.318907,0,0
3433,1,2,30.207272,108.575117,0,0
3434,1,2,29.980468,113.915926,0,0
3435,1,2,32.5548899,111.4861982,0,0
3436,1,2,30.607998,114.739996,-0.154798762,1
3437,1,2,31.315339,114.439622,0,0
3438,1,2,29.77652,109.816955,-0.276679842,1
3439,1,2,30.926829,113.885347,2.949921753,1
3440,1,2,31.169278,113.559505,0,0
3441,1,2,29.634778,114.632684,0,0
3442,1,2,31.82216,112.710238,0,0
3443,1,2,30.925216,113.588349,0.091575092,1
3444,1,2,30.725578,112.839824,4.386928861,1
3445,1,2,29.6665,113.329487,0,0
3446,1,2,30.691979,113.943238,0,0
3447,1,2,31.57971,113.115433,6.115779645,1
3448,1,2,30.167878,113.345876,0.178253119,1
3449,1,2,30.510951,114.257402,0,0
3450,1,2,29.74052,112.764352,0,0
3451,1,2,30.442134,110.377318,0,0
3452,1,2,30.254048,114.571771,0,0
3454,1,2,30.39249,113.423134,0,0
3455,1,2,30.205647,113.846046,0,0
3456,1,2,32.609233,111.476807,0,0
3457,1,2,30.479428,114.441717,0,0
3458,1,2,31.062773,113.791446,0,0
3459,1,2,30.663212,114.790216,0,0
3460,1,2,30.287569,108.9049,0.102880658,1
3461,1,2,32.584254,111.322581,0,0
3462,1,2,31.706189,113.357381,0,0
3463,1,2,29.804503,112.133505,0,0
3464,1,2,30.71412,114.353979,0.193025477,1
3465,1,2,31.015929,112.026092,0,0
3466,1,2,32.275998,110.140305,0,0
3467,1,2,30.415972,112.858475,0.08912656,1
3468,1,2,30.340783,115.090053,0,0
3469,1,2,30.328291,114.606334,0,0
3470,1,2,31.265037,114.468486,0,0
3472,1,2,30.663265,115.00732,0,0
3473,1,2,31.032601,111.90805,0,0
3474,1,2,29.936945,114.206491,-3.734827264,1
3475,1,2,30.684134,112.601291,0,0
3476,1,2,30.326834,114.624255,0,0
3477,1,2,30.169848,114.668405,0,0
3478,1,2,30.323773,114.629606,0,0
3479,1,2,29.689218,112.635912,0,0
3480,1,2,30.299189,112.519313,9.105447276,1
3481,1,2,30.958605,114.772146,-2.611940299,1
3482,1,2,30.300442,114.134789,-1.194873034,1
3483,1,2,31.236873,113.858844,0,0
3484,1,2,29.90909,113.688546,0,0
3486,1,2,30.56645,115.606361,0,0
3487,1,2,31.170363,115.004703,0,0
3488,1,2,30.441152,111.149919,0,0
3489,1,2,30.155202,115.252772,0,0
3490,1,2,30.400125,110.542539,0,0
3491,1,2,30.020142,115.315117,0,0
3492,1,2,31.121516,115.346493,0,0
3493,1,2,32.653896,111.205815,0,0
3494,1,2,28.81482,112.406512,0,0
3495,1,2,27.732112,111.241062,0,0
3496,1,2,29.310533,112.849485,0,0
3497,1,2,29.254035,113.028626,0,0
3498,1,2,29.042992,111.655849,0,0
3499,1,2,28.445534,110.375592,0,0
3500,1,2,29.248398,113.492368,-0.769230769,1
3501,1,2,29.457415,112.76546,1.401332921,1
3502,1,2,28.700937,110.007623,0,0
3503,1,2,28.835372,113.085455,0,0
3504,1,2,25.961503,111.67281,0,0
3505,1,2,26.746337,112.685627,0,0
3506,1,2,26.82305,113.156194,0,0
3507,1,2,27.747428,111.305717,0,0
3508,1,2,29.4497926,113.14871,0.4517234,1
3509,1,2,26.991688,111.276184,0,0
3510,1,2,27.490188,111.383624,0,0
3511,1,2,29.206544,112.515163,-0.231481481,1
3512,1,2,25.854236,113.327856,0,0
3513,1,2,29.590311,112.238314,1.93560285,1
3514,1,2,28.844937,112.324734,0,0
3515,1,2,29.3929733,113.0886216,0,0
3518,1,2,26.542749,112.194302,0,0
3520,1,2,28.259883,113.008048,0,0
3521,1,2,27.965494,113.011588,0,0
3522,1,2,27.211791,111.440175,0,0
3523,1,2,28.52605,112.150471,0,0
3524,1,2,27.712051,109.609609,0,0
3525,1,2,28.56049,112.812316,0,0
3526,1,2,27.215471,112.885768,0,0
3527,1,2,25.278395,112.579064,0,0
3528,1,2,28.112444,112.98381,0,0
3529,1,2,27.674002,111.421332,0,0
3530,1,2,27.572029,111.489179,0,0
3531,1,2,27.937483,112.980792,0,0
3532,1,2,28.665556,112.450578,0,0
3533,1,2,33.827571,119.307466,0,0
3534,1,2,25.986252,109.782371,0,0
3535,1,2,26.790429,113.204597,0,0
3536,1,2,28.452749,110.38956,0,0
3537,1,2,27.305029,112.934515,0,0
3538,1,2,27.603169,111.449612,0,0
3541,1,2,29.591,111.879256,0,0
3542,1,2,26.288739,110.791755,0,0
3543,1,2,26.743028,110.072736,0,0
3544,1,2,26.296705,111.288738,0,0
3545,1,2,28.293453,112.958736,0,0
3546,1,2,25.540421,113.706965,0,0
3547,1,2,25.072475,111.846913,0,0
3548,1,2,30.839666,111.06395,0,0
3549,1,2,27.867778,110.390846,0,0
3550,1,2,26.894641,113.189857,0,0
3551,1,2,27.136894,110.032419,0,0
3552,1,2,28.822488,112.20676,0,0
3553,1,2,25.072475,111.846913,-5.794790569,1
3554,1,2,29.35625,112.899042,0,0
3555,1,2,25.962041,112.48946,0,0
3556,1,2,26.756175,112.751951,0,0
3557,1,2,26.197088,111.623754,0,0
3559,1,2,28.787386,109.298786,0,0
3560,1,2,28.112444,112.98381,0,0
3562,1,2,27.852961,113.047794,0,0
3563,1,2,29.634794,112.114893,0,0
3564,1,2,27.32822,109.08309,0,0
3565,1,2,33.433584,104.787727,0,0
3566,1,2,37.16923,104.29416,0,0
3567,1,2,36.150864,103.993225,0,0
3568,1,2,36.801105,102.734399,0,0
3569,1,2,37.858419,102.705305,0,0
3570,1,2,38.279316,100.841336,0,0
3571,1,2,33.327076,105.082771,0,0
3572,1,2,34.144303,104.847086,0,0
3573,1,2,33.327425,105.606528,0,0
3574,1,2,35.618085,103.237716,0,0
3575,1,2,35.381435,103.426929,0,0
3576,1,2,35.581194,103.787401,0,0
3577,1,2,36.337031,103.944896,0,0
3578,1,2,33.998387,102.072639,0,0
3579,1,2,37.912691,101.844367,0,0
3580,1,2,38.399594,102.888018,0,0
3581,1,2,38.810096,100.160119,0,0
3582,1,2,39.930227,98.855668,0,0
3583,1,2,38.370496,102.0513,0,0
3584,1,2,35.33874,107.744589,0,0
3585,1,2,36.059421,103.826308,0,0
3586,1,2,36.067756,103.825814,0,0
3587,1,2,35.382401,103.855148,0,0
3588,1,2,37.560335,102.738688,0,0
3589,1,2,25.346121,117.555685,1.448690069,1
3590,1,2,25.029821,116.447085,0,0
3591,1,2,23.94656,117.3503,0.517788988,1
3592,1,2,26.810521,119.569207,0,0
3593,1,2,25.107288,117.555005,0,0
3594,1,2,25.033597,118.478314,0,0
3595,1,2,24.951791,118.44607,-0.086468447,1
3596,1,2,24.46201,117.405013,0,0
3597,1,2,24.567778,117.518239,0.09310987,1
3598,1,2,25.82232,117.97768,0,0
3599,1,2,26.175309,116.759826,0,0
3600,1,2,25.050703,118.266127,0.244776719,1
3601,1,2,26.671964,117.19124,0,0
3602,1,2,26.100779,119.295144,0,0
3603,1,2,25.92585,118.393076,-0.314068525,1
3604,1,2,26.82863,116.948359,0,0
3605,1,2,27.2072,118.2109,0,0
3606,1,2,27.563409,118.409036,0,0
3607,1,2,26.314279,117.682267,0,0
3608,1,2,27.647798,118.688747,0,0
3609,1,2,27.4979,118.0807,0,0
3610,1,2,26.548915,117.996231,-0.411522634,1
3611,1,2,26.088396,117.10368,0,0
3612,1,2,26.086997,117.444817,0,0
3613,1,2,25.284037,118.383698,0,0
3614,1,2,25.882692,118.933046,0,0
3615,1,2,26.057304,119.209604,0,0
3616,1,2,27.12725,119.647502,0,0
3619,1,2,26.100779,119.295144,0.186219739,1
3620,1,2,26.137615,119.56057,0,0
3621,1,2,25.490233,116.324225,0,0
3622,1,2,26.100779,119.295144,0,0
3623,1,2,26.146209,119.107921,0,0
3624,1,2,26.326652,118.755979,-9.48820495,1
3625,1,2,25.24576,117.150525,0,0
3626,1,2,26.049567,106.617924,0,0
3627,1,2,27.727316,108.211309,0,0
3628,1,2,26.299092,106.945617,0,0
3629,1,2,25.453177,105.225155,0,0
3631,1,2,28.501509,107.334652,0,0
3632,1,2,26.315435,104.751606,0,0
3633,1,2,25.469452,105.788393,0,0
3634,1,2,28.749019,106.83572,0,0
3635,1,2,26.50267,106.885877,0,0
3636,1,2,27.197683,106.69382,0,0
3637,1,2,26.395302,106.25089,0,0
3638,1,2,27.576213,107.191157,0,0
3639,1,2,25.424586,106.349905,0,0
3640,1,2,26.454783,106.024287,0,0
3642,1,2,25.338895,106.859982,0,0
3643,1,2,27.019474,107.194447,0,0
3644,1,2,25.959223,108.413673,0,0
3645,1,2,26.594198,104.81999,6.769733534,1
3646,1,2,24.965662,106.150154,0,0
3648,1,2,26.050708,107.859702,0,0
3649,1,2,25.047065,104.993971,0,0
3651,1,2,28.557576,107.503885,0,0
3652,1,2,27.433498,107.267449,0,0
3653,1,2,24.971523,105.136215,0,0
3654,1,2,24.871249,104.586066,0,0
3655,1,2,26.09237,107.267217,0,0
3656,1,2,41.238406,122.231353,-3.619998876,1
3657,1,2,39.961939,123.075717,0,0
3658,1,2,40.95209,120.862859,0,0
3659,1,2,41.330582,123.154762,0,0
3660,1,2,40.981633,123.268332,0,0
3661,1,2,38.860947,121.463803,0,0
3662,1,2,41.5986,121.935696,0.683060109,1
3663,1,2,40.375511,124.742974,0.182149362,1
3664,1,2,42.754086,124.083179,0,0
3665,1,2,40.486587,123.490455,0,0
3666,1,2,41.797545,123.196401,0.690607735,1
3667,1,2,41.24599,125.36858,0,0
3668,1,2,41.305127,123.102284,0,0
3669,1,2,40.234403,123.328585,0,0
3670,1,2,39.471652,122.582711,0,0
3671,1,2,40.549855,122.652461,0.721293998,1
3672,1,2,40.375511,124.742974,0,0
3673,1,2,40.210189,120.433988,0,0
3674,1,2,40.269321,120.469041,0,0
3675,1,2,42.01371,122.951184,0,0
3676,1,2,41.125026,121.908957,0,0
3677,1,2,41.48316,120.128193,0,0
3678,1,2,39.841474,122.117254,0,0
3679,1,2,42.243274,124.036625,0,0
3680,1,2,42.524463,124.304236,0,0
3681,1,2,40.923266,122.803966,2.071689396,1
3682,1,2,40.754672,120.59247,0,0
3683,1,2,41.72692,125.03679,0,0
3684,1,2,41.764823,123.384579,0,0
3685,1,2,39.781799,123.129198,0,0
3686,1,2,42.374136,124.253848,0,0
3687,1,2,42.621437,123.675436,0,0
3688,1,2,41.948698,124.130817,0,0
3689,1,2,42.148935,123.208802,0,0
3690,1,2,30.929362,109.550509,0,0
3691,1,2,31.17634,108.13505,0,0
3692,1,2,29.413806,106.51258,0,0
3693,1,2,29.967405,106.233565,0.477100893,1
3694,1,2,30.085963,107.261426,0,0
3695,1,2,29.005539,106.597789,0,0
3696,1,2,29.563009,106.551556,0,0
3697,1,2,30.368252,108.002879,0,0
3698,1,2,30.763157,108.708795,0,0
3699,1,2,29.121704,106.644916,0,0
3700,1,2,29.035039,105.761294,0,0
3701,1,2,31.005798,110.098175,0,0
3702,1,2,30.102043,106.049755,0,0
3703,1,2,29.621463,106.602261,0,0
3704,1,2,30.944318,108.674842,0,0
3705,1,2,28.653371,108.637456,0,0
3706,1,2,29.708068,106.821893,0,0
3707,1,2,29.251332,106.366631,0,0
3708,1,2,30.828186,108.446025,0,0
3709,1,2,29.207546,107.506786,0,0
3710,1,2,29.061302,105.951826,0,0
3711,1,2,29.972779,107.797662,0,0
3713,1,2,31.22178,108.79675,0,0
3714,1,2,29.261202,106.256699,0,0
3715,1,2,31.245599,108.823067,0,0
3716,1,2,30.716465,109.010961,0,0
3717,1,2,28.406041,108.915397,0,0
3718,1,2,29.909241,108.052345,0,0
3719,1,2,30.321895,105.77896,0,0
3720,1,2,29.54633,105.687881,-5.164819551,1
3721,1,2,31.042249,109.574601,0,0
3722,1,2,29.63389,106.594924,0,0
3723,1,2,29.393512,107.544528,0,0
3724,1,2,29.72171,106.484536,0,0
3725,1,2,29.806015,107.376194,0,0
3726,1,2,31.302134,109.655803,0,0
3727,1,2,29.745967,106.718388,0,0
3728,1,2,29.818174,107.12328,0,0
3729,1,2,29.300114,108.164057,0,0
3730,1,2,29.122363,109.124363,-0.462962963,1
3731,1,2,30.737812,108.609295,-4.347826087,1
3732,1,2,28.211705,108.877248,0,0
3733,1,2,29.808129,106.977916,-1.417706141,1
3734,1,2,29.45246,107.3781,0,0
3735,1,2,31.16287,108.35898,0,0
3736,1,2,30.412865,108.159455,-1.001651073,1
3737,1,2,33.004823,107.892183,0,0
3738,1,2,34.366644,107.312554,0,0
3739,1,2,34.342738,109.597958,-0.675675676,1
3740,1,2,34.331984,109.10789,0.552486188,1
3741,1,2,33.999268,109.439328,0,0
3742,1,2,38.449826,110.337091,0,0
3743,1,2,37.448286,110.712318,0,0
3745,1,2,38.421699,110.750542,0,0
3746,1,2,32.664393,108.977515,0,0
3747,1,2,34.341042,109.029633,0,0
3748,1,2,33.903743,106.484069,0,0
3749,1,2,38.966786,110.982543,0,0
3750,1,2,32.712122,109.051295,0,0
3753,1,2,34.881673,106.710551,0,0
3754,1,2,37.993818,109.854869,0,0
3755,1,2,34.194785,106.830416,0,0
3756,1,2,35.978848,100.84115,0,0
3757,1,2,36.99726,101.631766,0,0
3758,1,2,36.3246,102.815227,0,0
3760,1,2,36.980189,99.825521,0,0
3761,1,2,32.90242,100.796611,-0.520833333,1
3762,1,2,36.753606,101.769897,0,0
3763,1,2,37.06595,102.356194,0,0
3764,1,2,36.121257,101.009202,0,0
3765,1,2,44.266976,128.639537,0,0
3766,1,2,44.780159,129.522687,0,0
3767,1,2,46.809606,130.361634,0,0
3768,1,2,50.420486,124.128555,0,0
3769,1,2,47.84086,128.83562,0,0
3770,1,2,49.372476,127.928958,0,0
3771,1,2,51.666357,126.620243,0,0
3773,1,2,48.874699,125.288803,0,0
3774,1,2,47.314285,126.848283,0,0
3777,1,2,45.877356,124.469417,0,0
3778,1,2,45.726806,126.523186,0,0
3779,1,2,47.096761,122.896086,0,0
3780,1,2,48.442197,129.574798,0,0
3781,1,2,47.913029,123.500856,0,0
3782,1,2,44.556533,129.647051,0,0
3783,1,2,45.74691,126.680971,0,0
3784,1,2,46.924027,133.353365,0,0
3785,1,2,50.249585,127.499023,0,0
3789,1,2,22.505995,103.966272,0,0
3790,1,2,23.227246,102.825559,0,0
3800,1,2,25.428822,99.342167,0,0
3801,1,2,25.7492,99.2347,0,0
3804,1,2,24.678912,102.688312,0.526315789,1
3806,1,2,26.884715,100.426897,0,0
3807,1,2,26.452374,104.167562,0,0
3812,1,2,42.441301,120.807707,0,0
3814,1,2,46.357501,121.91548,0,0
3817,1,2,45.926269,122.236209,0,0
3819,1,2,49.214612,125.07349,0,0
3820,1,2,50.308321,119.371214,1.685393258,1
3826,1,2,42.095669,129.0034,0,0
3828,1,2,43.716348,125.37562,0,0
3830,1,2,44.628169,127.180088,1.819354839,1
3834,1,2,43.387278,125.029958,2.760499734,1
3849,1,2,31.40885,107.240246,0,0
3862,1,2,38.838361,117.333968,-1.526717557,1
3868,1,2,39.439892,117.075969,0,0
3869,1,2,38.770583,117.5701,0,0
3871,1,2,31.495596,118.368319,0,0
3880,1,2,36.685903,121.175962,2.232142857,1
3881,1,2,35.406527,115.768534,-0.367647059,1
3882,1,2,36.866154,116.459246,0.367334548,1
3883,1,2,34.5519243,117.7168927,0,0
3885,1,2,36.272938,117.379726,0,0
3886,1,2,34.868596,116.175491,-0.37593985,1
3887,1,2,37.535881,121.289911,0.222816399,1
3888,1,2,34.926483,118.382936,1.111111111,1
3889,1,2,36.997097,116.580564,0,0
3890,1,2,35.109899,116.210637,0,0
3891,1,2,35.545109,116.398556,0,0
3893,1,2,37.569847,116.335396,0,0
3894,1,2,35.144836,118.274968,0.289351852,1
3896,1,2,37.266821,117.073018,0,0
3898,1,2,35.13497,111.825047,0,0
3903,1,2,35.275713,112.641421,0,0
3906,1,2,37.641851,110.797948,0,0
3907,1,2,35.661524,110.633701,0,0
3910,1,2,22.462587,112.742789,0,0
3911,1,2,22.625011,114.021759,0,0
3914,1,2,22.552676,112.007501,0,0
3917,1,2,22.184873,113.416799,0,0
3918,1,2,23.115118,116.355037,0,0
3922,1,2,38.379104,77.400724,0,0
3923,1,2,39.492391,75.885192,0,0
3924,1,2,47.321782,87.942574,0,0
3926,1,2,37.445847,78.5372,-1.063829787,1
3927,1,2,43.652473,87.573626,0,0
3929,1,2,43.796438,87.607432,0,0
3944,1,2,33.014668,118.920997,1.224158931,1
3946,1,2,32.687943,120.254645,0,0
3950,1,2,28.296352,117.713131,0,0
3959,1,2,28.380294,117.886282,0,0
3967,1,2,40.842139,118.073132,0,0
3969,1,2,39.437191,116.167531,0,0
3971,1,2,41.935244,117.275885,0,0
3972,1,2,40.748003,118.139283,0,0
3973,1,2,40.748003,118.139283,0,0
3975,1,2,39.320799,115.666086,0,0
3977,1,2,40.980027,117.761063,0,0
3982,1,2,41.12365,117.970569,1.543209877,1
3983,1,2,39.956513,119.793347,0,0
3986,1,2,37.823713,115.686356,0,0
3988,1,2,34.652664,110.906022,0,0
3989,1,2,34.827747,111.344163,0,0
3990,1,2,34.691727,112.318621,0,0
3991,1,2,34.673653,114.11387,0,0
3992,1,2,35.403717,113.944923,0,0
3994,1,2,36.090043,114.595831,0,0
3995,1,2,36.223898,113.755761,0,0
3996,1,2,33.013801,112.619984,0,0
3997,1,2,35.511776,114.197142,0,0
3998,1,2,33.820669,113.581377,0,0
3999,1,2,34.664817,112.264874,0,0
4000,1,2,34.9212315,112.4006733,0,0
4001,1,2,35.939563,113.676228,0,0
4002,1,2,35.227856,113.870157,0,0
4003,1,2,33.313765,113.234746,0.092081031,1
4004,1,2,34.98639,113.518359,0,0
4005,1,2,34.343022,111.458961,0,0
4006,1,2,34.06456,111.087564,0,0
4007,1,2,33.085054,111.221863,0,0
4008,1,2,33.243547,111.024888,0,0
4011,1,2,34.387848,111.119843,0,0
4012,1,2,34.721917,112.605462,0.104166667,1
4015,1,2,34.755454,112.153882,0,0
4016,1,2,33.874388,115.484812,0,0
4017,1,2,35.601019,113.750164,0,0
4030,1,2,27.784936,120.274093,0,0
4035,1,2,31.658505,113.558856,0.279329609,1
4040,1,2,30.891566,113.312214,0.098619329,1
4041,1,2,31.537412,114.68585,0,0
4042,1,2,32.36496,112.468554,0.236742424,1
4044,1,2,32.180435,113.39884,0,0
4045,1,2,30.236456,115.418687,0,0
4046,1,2,32.816347,110.777179,0,0
4047,1,2,29.861698,115.437402,-0.704225352,1
4048,1,2,29.933344,112.791924,0,0
4049,1,2,30.507143,113.093585,0,0
4051,1,2,31.645799,112.606746,0,0
4052,1,2,30.231899,109.494461,0,0
4054,1,2,30.480375,114.411567,0,0
4055,1,2,32.71694,110.859346,0,0
4056,1,2,33.158044,110.035539,0,0
4057,1,2,31.054534,112.726799,0,0
4058,1,2,30.552122,114.600261,0,0
4059,1,2,31.199489,112.581188,0,0
4061,1,2,32.662319,110.789239,0,0
4062,1,2,32.787298,110.269339,0,0
4063,1,2,32.086108,112.607012,0.225225225,1
4064,1,2,30.554858,112.738881,0,0
4065,1,2,31.724546,113.298941,0,0
4066,1,2,29.972589,111.939649,0,0
4068,1,2,30.394359,113.427483,0,0
4069,1,2,31.45536,112.424951,0,0
4071,1,2,31.736074,110.833152,0,0
4072,1,2,29.862706,114.19535,0,0
4080,1,2,29.398746,112.329403,0.337837838,1
4082,1,2,27.190669,111.536969,0,0
4083,1,2,29.484977,109.738754,0,0
4086,1,2,26.178062,117.372355,0,0
4087,1,2,25.963816,119.239609,0,0
4089,1,2,24.981593,116.978429,0,0
4092,1,2,27.39656,107.706988,0,0
4094,1,2,27.362076,107.413232,0,0
4096,1,2,26.517989,106.698497,0,0
4098,1,2,28.707484,107.99651,0,0
4100,1,2,40.8774,122.274212,0,0
4101,1,2,40.453067,124.061637,0,0
4102,1,2,41.036863,122.926206,0,0
4103,1,2,41.986207,124.380704,0,0
4104,1,2,39.510908,122.475631,0,0
4105,1,2,39.400898,121.669792,0,0
4106,1,2,41.061356,122.282673,0,0
4109,1,2,41.307508,124.132657,0,0
4111,1,2,41.835441,123.42944,0,0
4112,1,2,40.223583,124.507297,0,0
4114,1,2,40.465339,124.654708,0,0
4116,1,2,40.972106,121.987833,0,0
4118,1,2,41.039546,120.977806,17.55504088,1
4119,1,2,39.324437,122.211445,-0.522208884,1
4121,1,2,29.989201,108.360404,0,0
4124,1,2,29.831884,106.421929,0,0
4130,1,2,31.334417,108.422913,0,0
4135,1,2,28.9994404,105.8508137,0,0
4138,1,2,32.116549,108.426453,0,0
4143,1,2,29.567942,106.588306,0,0
4147,1,2,29.367217,107.959745,0,0
4151,1,2,33.692346,110.328793,0,0
4152,1,2,34.255578,108.415865,0,0
4153,1,2,35.00617,108.73628,0,0
4154,1,2,34.353997,107.271763,0,0
4155,1,2,34.340908,108.761697,0,0
4156,1,2,34.460378,109.251996,0.625,1
4157,1,2,33.890881,109.908749,0,0
4159,1,2,34.564536,109.485973,0.362020734,1
4160,1,2,34.45589,109.005226,0,0
4162,1,2,34.613631,110.2348456,0.806451613,1
4163,1,2,34.081339,110.48559,0,0
4165,1,2,33.216619,107.952694,0,0
4166,1,2,36.556856,101.930057,-1.204819277,1
4168,1,2,36.620901,101.780199,0,0
4171,1,2,33.011787,97.255347,0,0
4173,1,2,46.809606,130.361634,0,0
4177,1,2,51.763712,126.639504,0,0
4178,1,2,48.3653288,134.2871925,0,0
4179,1,2,46.567284,132.633838,0,0
4180,1,2,45.901258,128.158834,0,0
4181,1,2,48.422633,124.301919,0,0
4182,1,2,45.401432,126.299118,0,0
4183,1,2,46.771624,123.684912,0,0
4184,1,2,45.316643,132.585736,0,0
4185,1,2,47.364485,123.915962,0,0
4186,1,2,46.3054261,129.5434746,34.07012195,1
4187,1,2,45.4936489,125.0451846,0,0
4188,1,2,47.949987,123.40733,0,0
4192,1,2,50.2386399,127.5357671,0,0
6194,1,2,30.317805,103.970525,0,0
6195,1,2,41.741893,83.171831,0,0
6197,1,2,40.54447,81.2973,0,0
6198,1,2,35.874223,94.566714,0,0
6199,1,2,35.451425,109.462752,0,0
6201,1,2,37.3924,110.631,0,0
6203,1,2,41.8857,124.0815,0,0
6204,1,2,40.1157,124.39,0,0
6205,1,2,40.6807,122.2336,0,0
6207,1,2,42.565,130.5272,0,0
6208,1,2,45.5313,131.9585,0,0
6209,1,2,48.7083,130.5703,0,0
6214,1,2,34.7589,117.0059,0,0
6218,1,2,33.4816,118.1131,0,0
6220,1,2,28.177,120.2003,0,0
6221,1,2,33.8744,116.5878,-0.735294118,1
6223,1,2,32.7923,117.9642,0,0
6224,1,2,33.1689,118.1492,0,0
6225,1,2,32.3088,118.4555,-1.826401447,1
6227,1,2,32.4286,115.6024,0,0
6233,1,2,28.7682,116.0853,0,0
6234,1,2,29.2455,116.1894,0.34965035,1
6236,1,2,28.9406,116.4269,0,0
6237,1,2,36.725,116.9886,0,0
6238,1,2,34.8042,117.1695,0,0
6241,1,2,32.669,111.7053,0,0
6242,1,2,33.8068,116.3924,-0.569952436,1
6244,1,2,30.5772,114.216,0,0
6247,1,2,29.1541,112.9886,0,0
6249,1,2,28.913,112.1176,0,0
6250,1,2,28.6168,112.3867,0,0
6251,1,2,29.063,112.2989,0.837988827,1
6252,1,2,28.705,109.5954,0,0
6253,1,2,23.1376,113.7508,0,0
6254,1,2,23.6832,113.0691,0,0
6255,1,2,22.7836,108.1264,0,0
6257,1,2,23.4832,110.166,0,0
6261,1,2,30.2604,103.891,0,0
6262,1,2,28.7799,104.6233,0,0
6263,1,2,28.6078,105.7339,0,0
6265,1,2,24.89,102.7492,0,0
6267,1,2,24.7355,98.971,0,0
6268,1,2,25.1477,102.0548,0.306748466,1
6271,1,2,29.4782,94.6247,0,0
6328,1,2,31.955,119.9805,2.956989247,1
6330,1,2,26.6586,106.8425,0,0
6337,1,2,45.3245,124.7062,0,0
6343,1,2,25.427,106.5798,0,0
6346,1,2,38.6862,117.047,0,0
6347,1,2,32.1658,109.5825,0,0
6348,1,2,36.1678,103.483,0,0
6350,1,2,31.6554,117.2733,2.419354839,1
6353,1,2,49.3061,118.0472,13.60544218,1
