file_name,Hypoxic_Mean_DO1,Hypoxic_Mean_DO,Event_Count,latitude,longitude,lc5_point,lc5_name,lc5_dom_2km,lc5_dom_name_2km,p_natural_2km,p_urban_2km,p_other_2km,p_crop_2km,p_wetland_2km,human_share,human_impacted,landuse_group
10129900,2.470241965,0.529758035,923,40.73522634,-111.4760313,1,Natural vegetation,1,Natural vegetation,1,0,0,0,0,0,FALSE,Natural-dominated
1043110325021_,0.566081871,2.433918129,171,43.7631,142.275,1,Natural vegetation,1,Natural vegetation,1,0,0,0,0,0,FALSE,Natural-dominated
1043110332180_,0.114634146,2.885365854,41,42.8325,141.6597,3,Urban,3,Urban,0,1,0,0,0,1,TRUE,Urban-dominated
1043110332210_,0.197080292,2.802919708,959,43.0378,141.355,3,Urban,3,Urban,0.25,0.75,0,0,0,0.75,TRUE,Urban-dominated
11044000,1.758189655,1.241810345,58,33.4739175,-117.1422536,1,Natural vegetation,3,Urban,0.25,0.75,0,0,0,0.75,TRUE,Urban-dominated
1104430,2.433333333,0.566666667,3,42.3981512,-71.2733903,3,Urban,5,Other,0,0,1,0,0,0,FALSE,Mixed
11092450,2.226412429,0.773587571,118,34.16167247,-118.466749,3,Urban,3,Urban,0,1,0,0,0,1,TRUE,Urban-dominated
11126400,1.832797619,1.167202381,280,34.5901111,-120.025361,1,Natural vegetation,1,Natural vegetation,1,0,0,0,0,0,FALSE,Natural-dominated
11128500,2.390271483,0.609728517,2118,34.58498706,-120.1445926,3,Urban,3,Urban,0,1,0,0,0,1,TRUE,Urban-dominated
11152880,2.570652174,0.429347826,23,37.04368056,-121.2759028,1,Natural vegetation,1,Natural vegetation,1,0,0,0,0,0,FALSE,Natural-dominated
11152900,2.861875,0.138125,40,37.0499451,-121.327431,1,Natural vegetation,1,Natural vegetation,1,0,0,0,0,0,FALSE,Natural-dominated
11153000,2.906818182,0.093181818,11,36.98,-121.3802778,2,Cropland,1,Natural vegetation,1,0,0,0,0,0,FALSE,Natural-dominated
11273400,2.418373843,0.581626157,288,37.3472151,-120.9761777,2,Cropland,2,Cropland,0,0.25,0,0.75,0,1,TRUE,Ag-dominated
11509370,1.712011087,1.287988913,3247,42.12788298,-121.9288769,1,Natural vegetation,1,Natural vegetation,1,0,0,0,0,0,FALSE,Natural-dominated
1191000,2.536098131,0.463901869,214,41.78443889,-72.7080556,3,Urban,3,Urban,0,1,0,0,0,1,TRUE,Urban-dominated
12507573,2.8625,0.1375,2,46.2852222,-120.0919944,2,Cropland,2,Cropland,0,0,0,1,0,1,TRUE,Ag-dominated
1302020,2.023305085,0.976694915,59,40.86230556,-73.87438889,3,Urban,3,Urban,0,1,0,0,0,1,TRUE,Urban-dominated
135749950,2.808928571,0.191071429,14,42.78569444,-73.7104167,3,Urban,1,Natural vegetation,0.5,0.5,0,0,0,0.5,TRUE,Urban-dominated
1363121256010_,1.5775,1.4225,40,38.7736,139.8489,2,Cropland,2,Cropland,0,0,0,1,0,1,TRUE,Ag-dominated
1402000,2.807377049,0.192622951,61,40.475,-74.5758333,2,Cropland,3,Urban,0,1,0,0,0,1,TRUE,Urban-dominated
14078260,2.444642857,0.555357143,14,44.062,-120.0433056,1,Natural vegetation,1,Natural vegetation,1,0,0,0,0,0,FALSE,Natural-dominated
14151000,2.2,0.8,1,43.94429299,-122.774794,1,Natural vegetation,1,Natural vegetation,1,0,0,0,0,0,FALSE,Natural-dominated
14202650,1.604854625,1.395145375,6638,45.44064167,-123.125,2,Cropland,2,Cropland,0.25,0,0,0.75,0,0.75,TRUE,Ag-dominated
14206950,2.2425,0.7575,180,45.403452,-122.7548185,3,Urban,3,Urban,0.25,0.75,0,0,0,0.75,TRUE,Urban-dominated
1465798,2.425,0.575,2,40.0569557,-74.9851603,3,Urban,3,Urban,0,1,0,0,0,1,TRUE,Urban-dominated
1467087,2.045703125,0.954296875,64,40.0159454,-75.0968411,3,Urban,3,Urban,0,1,0,0,0,1,TRUE,Urban-dominated
1473900,2.241666667,0.758333333,39,40.1239987,-75.2198992,1,Natural vegetation,1,Natural vegetation,1,0,0,0,0,0,FALSE,Natural-dominated
1475548,2.574872774,0.425127226,131,39.9327861,-75.2376361,3,Urban,3,Urban,0,1,0,0,0,1,TRUE,Urban-dominated
1477050,2.83125,0.16875,4,39.83677934,-75.36630199,5,Other,5,Other,0,0,1,0,0,0,FALSE,Mixed
1484272,2.605045446,0.394954554,1797,38.791,-75.25077778,1,Natural vegetation,2,Cropland,0.25,0,0,0.5,0.25,0.5,TRUE,Ag-dominated
1484525,2.291295117,0.708704883,314,38.59455556,-75.29102778,3,Urban,1,Natural vegetation,0.5,0,0.5,0,0,0,FALSE,Natural-dominated
1552046,0.175481761,2.824518239,540,53.77701,-1.505282,3,Urban,3,Urban,0,1,0,0,0,1,TRUE,Urban-dominated
1552048,0.815897734,2.184102266,2414,53.75148,-1.42369,3,Urban,2,Cropland,0,0,0,1,0,1,TRUE,Ag-dominated
1574000,2.904166667,0.095833333,6,40.0809008,-76.7180813,2,Cropland,2,Cropland,0,0,0.25,0.75,0,0.75,TRUE,Ag-dominated
1584376,0.887289833,2.112710167,1686,53.99151,-1.13211,2,Cropland,2,Cropland,0,0.5,0,0.5,0,1,TRUE,Urban-dominated
1611500,2.233333333,0.766666667,3,39.5823158,-78.3097312,1,Natural vegetation,1,Natural vegetation,1,0,0,0,0,0,FALSE,Natural-dominated
1645704,3,0,1,38.88469518,-77.3324293,1,Natural vegetation,1,Natural vegetation,0.5,0.5,0,0,0,0.5,TRUE,Urban-dominated
164579522,2.719927536,0.280072464,23,38.9256,-77.32933889,3,Urban,1,Natural vegetation,1,0,0,0,0,0,FALSE,Natural-dominated
1646000,1.8375,1.1625,4,38.97594346,-77.24581439,1,Natural vegetation,1,Natural vegetation,0.75,0.25,0,0,0,0.25,FALSE,Natural-dominated
1649500,2.265804598,0.734195402,87,38.96025,-76.9259722,3,Urban,3,Urban,0,1,0,0,0,1,TRUE,Urban-dominated
1654500,2.525,0.475,14,38.81358508,-77.2364549,3,Urban,3,Urban,0,1,0,0,0,1,TRUE,Urban-dominated
1656903,2.511918605,0.488081395,86,38.8823899,-77.4319047,3,Urban,3,Urban,0,1,0,0,0,1,TRUE,Urban-dominated
1670200,2.416727494,0.583272506,137,38.1545801,-77.9502747,1,Natural vegetation,1,Natural vegetation,0.5,0,0,0.5,0,0.5,TRUE,Ag-dominated
204025,2.575234568,0.424765432,324,-30.2528,153.0333,1,Natural vegetation,1,Natural vegetation,1,0,0,0,0,0,FALSE,Natural-dominated
2079500,2.133334608,0.866665392,13075,36.60319824,-78.2977743,5,Other,1,Natural vegetation,0.5,0,0.5,0,0,0,FALSE,Natural-dominated
2081094,1.702300613,1.297699387,1141,35.81305556,-76.89277778,1,Natural vegetation,1,Natural vegetation,0.5,0,0,0,0.5,0,FALSE,Natural-dominated
2098,2.0976,0.9024,17,40.363954,120.273091,2,Cropland,2,Cropland,0,0,0,1,0,1,TRUE,Ag-dominated
2100,2.718,0.282,1,30.84969,120.418512,3,Urban,3,Urban,0.25,0.5,0,0.25,0,0.75,TRUE,Urban-dominated
2101726,2.471462546,0.528537454,8655,35.73514055,-79.4230754,1,Natural vegetation,1,Natural vegetation,1,0,0,0,0,0,FALSE,Natural-dominated
2102,2.329503546,0.670496454,141,41.1889225,122.1876454,3,Urban,2,Cropland,0,0,0,1,0,1,TRUE,Ag-dominated
2106,2.31806619,0.68193381,105,30.388179,114.352698,3,Urban,5,Other,0,0.333333333,0.666666667,0,0,0.333333333,TRUE,Mixed
2107,2.16222033,0.83777967,182,34.765515,113.753602,3,Urban,3,Urban,0,1,0,0,0,1,TRUE,Urban-dominated
2108,2.290816239,0.709183761,234,30.402384,120.554155,3,Urban,3,Urban,0,1,0,0,0,1,TRUE,Urban-dominated
2110400,1.649104173,1.350895827,6614,33.953505,-78.71973988,1,Natural vegetation,1,Natural vegetation,1,0,0,0,0,0,FALSE,Natural-dominated
2110500,2.409906386,0.590093614,4985,33.9126719,-78.7150175,1,Natural vegetation,1,Natural vegetation,1,0,0,0,0,0,FALSE,Natural-dominated
2110701,1.678548032,1.321451968,26611,33.86100349,-79.0411471,1,Natural vegetation,1,Natural vegetation,0.5,0.25,0,0,0.25,0.25,FALSE,Natural-dominated
2110704,2.471874524,0.528125476,8748,33.8326111,-79.0437222,3,Urban,3,Urban,0,0.5,0,0,0.5,0.5,TRUE,Urban-dominated
2111,2.552,0.448,2,43.628448,126.308376,1,Natural vegetation,1,Natural vegetation,0.5,0,0,0.5,0,0.5,TRUE,Ag-dominated
2113,2.615,0.385,4,27.094325,109.614806,5,Other,1,Natural vegetation,0.5,0,0.5,0,0,0,FALSE,Natural-dominated
2114,1.917333333,1.082666667,6,34.889459,108.989429,3,Urban,3,Urban,0,1,0,0,0,1,TRUE,Urban-dominated
2118,2.289666667,0.710333333,108,45.787555,126.752056,3,Urban,3,Urban,0,1,0,0,0,1,TRUE,Urban-dominated
212011,0.673694444,2.326305556,72,-33.5343,150.0951,1,Natural vegetation,1,Natural vegetation,1,0,0,0,0,0,FALSE,Natural-dominated
212054,0.85209901,2.14790099,202,-33.3971,150.0839,1,Natural vegetation,1,Natural vegetation,1,0,0,0,0,0,FALSE,Natural-dominated
2121,2.443333333,0.556666667,132,45.552395,133.281365,2,Cropland,2,Cropland,0.25,0,0,0.5,0.25,0.5,TRUE,Ag-dominated
212244,2.297439072,0.702560928,1551,-33.97944444,150.5591667,1,Natural vegetation,1,Natural vegetation,1,0,0,0,0,0,FALSE,Natural-dominated
212250,2.731184211,0.268815789,38,-33.87124191,150.2540137,1,Natural vegetation,1,Natural vegetation,1,0,0,0,0,0,FALSE,Natural-dominated
2122518,1.44346438,1.55653562,1137,-34.73666667,149.6794444,2,Cropland,1,Natural vegetation,0.5,0.5,0,0,0,0.5,TRUE,Urban-dominated
2122520,1.865714724,1.134285276,2282,-34.54592,150.33737,2,Cropland,2,Cropland,0,0,0,1,0,1,TRUE,Ag-dominated
212270,0.749131915,2.250868085,235,-34.227667,150.252806,1,Natural vegetation,1,Natural vegetation,1,0,0,0,0,0,FALSE,Natural-dominated
2122711,1.98435842,1.01564158,8331,-34.7213892,149.7930558,1,Natural vegetation,2,Cropland,0,0,0,1,0,1,TRUE,Ag-dominated
2122713,1.247938401,1.752061599,10341,-34.61162,149.88297,1,Natural vegetation,1,Natural vegetation,1,0,0,0,0,0,FALSE,Natural-dominated
212274,2.551421053,0.448578947,19,-34.57719481,150.5775536,2,Cropland,2,Cropland,0,0,0,1,0,1,TRUE,Ag-dominated
2123,0.674,2.326,1,31.620979,119.021234,1,Natural vegetation,3,Urban,0,1,0,0,0,1,TRUE,Urban-dominated
212378405,2.597355602,0.402644398,479,35.20066667,-80.0618056,5,Other,1,Natural vegetation,1,0,0,0,0,0,FALSE,Natural-dominated
2124,2.468261905,0.531738095,84,33.626572,114.680083,3,Urban,3,Urban,0,1,0,0,0,1,TRUE,Urban-dominated
2125,2.257966667,0.742033333,6,23.366544,104.253525,3,Urban,3,Urban,0,1,0,0,0,1,TRUE,Urban-dominated
2126,2.641464286,0.358535714,28,41.149403,121.813325,3,Urban,3,Urban,0,0.666666667,0,0.333333333,0,1,TRUE,Urban-dominated
2127,2.413404255,0.586595745,235,45.90503,126.504213,2,Cropland,2,Cropland,0,0,0,1,0,1,TRUE,Ag-dominated
212880025,2.154941003,0.845058997,113,34.9834833,-79.8775806,5,Other,1,Natural vegetation,0.75,0,0.25,0,0,0,FALSE,Natural-dominated
2129,2.225454545,0.774545455,22,33.686867,114.196677,2,Cropland,2,Cropland,0,0,0,1,0,1,TRUE,Ag-dominated
2129375,2.722222222,0.277777778,6,34.8662583,-79.878925,1,Natural vegetation,1,Natural vegetation,1,0,0,0,0,0,FALSE,Natural-dominated
2131,2.959,0.041,1,20.009525,110.375224,4,Wetland,3,Urban,0,1,0,0,0,1,TRUE,Urban-dominated
213211,1.735482048,1.264517952,3398,-34.046561,151.005328,1,Natural vegetation,3,Urban,0,1,0,0,0,1,TRUE,Urban-dominated
2134,2.6016,0.3984,1,34.183074,108.187798,2,Cropland,2,Cropland,0,0.25,0,0.75,0,1,TRUE,Ag-dominated
2135,2.672714286,0.327285714,7,35.909376,119.156486,2,Cropland,2,Cropland,0,0,0,1,0,1,TRUE,Ag-dominated
2135000,2.785,0.215,5,34.05675,-79.2477222,1,Natural vegetation,1,Natural vegetation,0.75,0,0,0,0.25,0,FALSE,Natural-dominated
2136,0.1982,2.8018,1,38.507579,110.896829,1,Natural vegetation,1,Natural vegetation,1,0,0,0,0,0,FALSE,Natural-dominated
2138,1.3206,1.6794,5,28.944771,106.741756,2,Cropland,2,Cropland,0,0,0,1,0,1,TRUE,Ag-dominated
2138520,2.312037037,0.687962963,18,35.74125,-81.8352528,1,Natural vegetation,1,Natural vegetation,1,0,0,0,0,0,FALSE,Natural-dominated
2142,2.741286667,0.258713333,3,39.918966,119.631456,5,Other,3,Urban,0,0.75,0.25,0,0,0.75,TRUE,Urban-dominated
214244102,2.975,0.025,1,35.75719444,-81.08915,1,Natural vegetation,1,Natural vegetation,1,0,0,0,0,0,FALSE,Natural-dominated
2144,2.516384615,0.483615385,13,41.879991,120.98351,2,Cropland,1,Natural vegetation,0.5,0,0,0.5,0,0.5,TRUE,Ag-dominated
2145,2.318460097,0.681539903,103,25.958516,100.124072,2,Cropland,5,Other,0.25,0,0.5,0.25,0,0.25,FALSE,Mixed
2145910,2.220614035,0.779385965,133,35.01641944,-81.00156389,1,Natural vegetation,3,Urban,0.25,0.75,0,0,0,0.75,TRUE,Urban-dominated
2146,2.835383333,0.164616667,12,46.934667,133.853376,1,Natural vegetation,1,Natural vegetation,1,0,0,0,0,0,FALSE,Natural-dominated
2147310,2.497079038,0.502920962,97,34.59805556,-80.8905556,1,Natural vegetation,1,Natural vegetation,1,0,0,0,0,0,FALSE,Natural-dominated
21474095,2.360555556,0.639444444,30,34.55801667,-80.8935,1,Natural vegetation,5,Other,0,0,1,0,0,0,FALSE,Mixed
2147505,2.415530303,0.584469697,66,34.5411111,-80.8752778,1,Natural vegetation,5,Other,0,0,1,0,0,0,FALSE,Mixed
2147801,3,0,1,34.3320798,-80.69842699,5,Other,1,Natural vegetation,1,0,0,0,0,0,FALSE,Natural-dominated
2148,1.9487375,1.0512625,4,27.840777,102.269485,4,Wetland,1,Natural vegetation,0.666666667,0.333333333,0,0,0,0.333333333,TRUE,Natural-dominated
2149,2.823,0.177,1,31.50139,117.270311,2,Cropland,2,Cropland,0,0,0,1,0,1,TRUE,Ag-dominated
2151,1.933181818,1.066818182,11,36.276864,116.117321,2,Cropland,2,Cropland,0,0.25,0,0.75,0,1,TRUE,Ag-dominated
215207,4.11E-04,2.999589,3754,-34.81921893,150.1821299,1,Natural vegetation,1,Natural vegetation,1,0,0,0,0,0,FALSE,Natural-dominated
2152131,1.155699681,1.844300319,313,-34.7345,150.284944,1,Natural vegetation,1,Natural vegetation,1,0,0,0,0,0,FALSE,Natural-dominated
215216,0.543875,2.456125,24,-34.83943446,150.4318317,1,Natural vegetation,1,Natural vegetation,1,0,0,0,0,0,FALSE,Natural-dominated
215220,2.326645455,0.673354545,110,-34.72798991,150.5224407,1,Natural vegetation,2,Cropland,0,0,0,1,0,1,TRUE,Ag-dominated
2152201,1.89153125,1.10846875,32,-34.712767,150.582545,1,Natural vegetation,1,Natural vegetation,1,0,0,0,0,0,FALSE,Natural-dominated
215233,2.060077037,0.939922963,675,-34.60520243,150.5191395,1,Natural vegetation,1,Natural vegetation,1,0,0,0,0,0,FALSE,Natural-dominated
2159,1.842360606,1.157639394,33,34.749162,110.050793,2,Cropland,2,Cropland,0,0,0,1,0,1,TRUE,Ag-dominated
2164,1.906285714,1.093714286,35,35.004221,118.912242,2,Cropland,2,Cropland,0,0,0,1,0,1,TRUE,Ag-dominated
2165,2.1692,0.8308,435,24.360423,117.93156,3,Urban,2,Cropland,0,0.25,0.25,0.5,0,0.75,TRUE,Ag-dominated
2167600,2.65,0.35,3,34.09930647,-81.5684382,1,Natural vegetation,1,Natural vegetation,0.75,0,0.25,0,0,0,FALSE,Natural-dominated
2167716,2.598381877,0.401618123,103,34.0795843,-81.5617714,5,Other,1,Natural vegetation,1,0,0,0,0,0,FALSE,Natural-dominated
2168504,1.574857752,1.425142248,703,34.0509822,-81.2095418,3,Urban,3,Urban,0.25,0.5,0.25,0,0,0.5,TRUE,Urban-dominated
2169000,2.516176471,0.483823529,51,34.0140416,-81.0878717,3,Urban,3,Urban,0,0.75,0.25,0,0,0.75,TRUE,Urban-dominated
2171,1.754728535,1.245271465,389,34.177411,116.471647,2,Cropland,2,Cropland,0,0,0,1,0,1,TRUE,Ag-dominated
2171645,2.485590278,0.514409722,48,33.4275,-79.915,1,Natural vegetation,1,Natural vegetation,1,0,0,0,0,0,FALSE,Natural-dominated
2172,2.7368,0.2632,5,30.000985,121.325079,2,Cropland,2,Cropland,0,0,0.5,0.5,0,0.5,TRUE,Ag-dominated
2172002,2.513928571,0.486071429,210,33.21491667,-79.9749167,1,Natural vegetation,1,Natural vegetation,1,0,0,0,0,0,FALSE,Natural-dominated
2173,2.403394737,0.596605263,76,27.878331,111.357444,2,Cropland,1,Natural vegetation,0.5,0,0,0.5,0,0.5,TRUE,Ag-dominated
2177,2.7507,0.2493,4,33.352881,115.953353,2,Cropland,2,Cropland,0,0,0,1,0,1,TRUE,Ag-dominated
2179,0.56,2.44,1,31.87893,120.977622,2,Cropland,2,Cropland,0,0,0,1,0,1,TRUE,Ag-dominated
2180,2.033,0.967,1,31.391125,113.98047,2,Cropland,2,Cropland,0,0,0,1,0,1,TRUE,Ag-dominated
2181,1.4475,1.5525,76,45.618322,122.829592,3,Urban,3,Urban,0,1,0,0,0,1,TRUE,Urban-dominated
2182,2.9671,0.0329,1,28.950873,105.359266,1,Natural vegetation,1,Natural vegetation,1,0,0,0,0,0,FALSE,Natural-dominated
2183,2.645796143,0.354203857,363,31.861184,117.284922,3,Urban,3,Urban,0,1,0,0,0,1,TRUE,Urban-dominated
2184,2.371813953,0.628186047,43,34.879613,117.027314,3,Urban,3,Urban,0,1,0,0,0,1,TRUE,Urban-dominated
2185,2.379817073,0.620182927,82,35.538668,116.84332,2,Cropland,2,Cropland,0,0.5,0,0.5,0,1,TRUE,Urban-dominated
2187,2.617533679,0.382466321,193,24.067389,116.364039,1,Natural vegetation,1,Natural vegetation,1,0,0,0,0,0,FALSE,Natural-dominated
2188,2.041574919,0.958425081,614,33.731002,120.393063,3,Urban,5,Other,0,0,1,0,0,0,FALSE,Mixed
2189,2.115742857,0.884257143,28,28.675696,115.909228,3,Urban,3,Urban,0,1,0,0,0,1,TRUE,Urban-dominated
2190,2.575882353,0.424117647,17,29.637542,117.303815,1,Natural vegetation,1,Natural vegetation,1,0,0,0,0,0,FALSE,Natural-dominated
2192,1.965489209,1.034510791,139,34.068636,116.25461,2,Cropland,2,Cropland,0,0,0,1,0,1,TRUE,Ag-dominated
2193,2.56237,0.43763,1,32.262114,115.392074,2,Cropland,2,Cropland,0,0,0,1,0,1,TRUE,Ag-dominated
2194,1.142352941,1.857647059,17,30.280827,120.135191,3,Urban,3,Urban,0,1,0,0,0,1,TRUE,Urban-dominated
2195,2.625,0.375,2,30.246073,109.493289,1,Natural vegetation,1,Natural vegetation,0.5,0.25,0,0.25,0,0.5,TRUE,Natural-dominated
2196,2.55169863,0.44830137,73,31.579754,121.798307,2,Cropland,2,Cropland,0,0,0,1,0,1,TRUE,Ag-dominated
2198,2.5588,0.4412,20,31.193231,121.785769,2,Cropland,3,Urban,0,0.666666667,0.333333333,0,0,0.666666667,TRUE,Urban-dominated
2199,2.127135135,0.872864865,111,31.801399,121.194699,2,Cropland,2,Cropland,0,0,0.5,0.5,0,0.5,TRUE,Ag-dominated
2200,1.762942857,1.237057143,350,31.013867,121.754522,3,Urban,3,Urban,0,1,0,0,0,1,TRUE,Urban-dominated
2201,2.631953846,0.368046154,65,31.535298,121.6762,2,Cropland,2,Cropland,0,0,0,1,0,1,TRUE,Ag-dominated
2202,2.299763636,0.700236364,110,31.362887,121.745275,3,Urban,3,Urban,0,1,0,0,0,1,TRUE,Urban-dominated
2203,2.888875,0.111125,8,31.023111,121.041476,3,Urban,2,Cropland,0,0.25,0.25,0.5,0,0.75,TRUE,Ag-dominated
2203603,2.65469697,0.34530303,55,33.68388889,-84.4152778,3,Urban,3,Urban,0,1,0,0,0,1,TRUE,Urban-dominated
2203655,2.343548387,0.656451613,31,33.67891667,-84.35813889,3,Urban,3,Urban,0,1,0,0,0,1,TRUE,Urban-dominated
2203800,0.583939394,2.416060606,55,33.6796111,-84.3079444,1,Natural vegetation,3,Urban,0.25,0.75,0,0,0,0.75,TRUE,Urban-dominated
2203873,2.423295455,0.576704545,44,33.70941667,-84.2391667,3,Urban,3,Urban,0,1,0,0,0,1,TRUE,Urban-dominated
2203900,2.709027778,0.290972222,12,33.66577778,-84.224,3,Urban,1,Natural vegetation,0.5,0.5,0,0,0,0.5,TRUE,Urban-dominated
2203950,2.01682243,0.98317757,107,33.7632222,-84.2203611,3,Urban,3,Urban,0,1,0,0,0,1,TRUE,Urban-dominated
2204,2.541,0.459,50,31.1155091,120.9170361,5,Other,5,Other,0,0,1,0,0,0,FALSE,Mixed
2205,2.068551111,0.931448889,225,31.005464,121.12989,3,Urban,3,Urban,0,1,0,0,0,1,TRUE,Urban-dominated
2206,2.198029851,0.801970149,335,30.949895,121.204222,2,Cropland,2,Cropland,0,0,0,1,0,1,TRUE,Ag-dominated
2207160,2.975,0.025,2,33.77327778,-84.0771667,3,Urban,1,Natural vegetation,0.5,0.5,0,0,0,0.5,TRUE,Urban-dominated
2207385,2.719444444,0.280555556,6,33.81527778,-83.99013889,1,Natural vegetation,1,Natural vegetation,1,0,0,0,0,0,FALSE,Natural-dominated
2208,2.206194969,0.793805031,159,31.40073,121.423992,3,Urban,3,Urban,0,1,0,0,0,1,TRUE,Urban-dominated
2209,1.863105263,1.136894737,209,30.872458,121.541336,3,Urban,3,Urban,0,0.75,0,0.25,0,1,TRUE,Urban-dominated
2210,2.527977778,0.472022222,135,30.96988,121.312408,5,Other,2,Cropland,0,0.5,0,0.5,0,1,TRUE,Urban-dominated
2211,2.416047059,0.583952941,170,31.276424,121.225288,3,Urban,3,Urban,0,1,0,0,0,1,TRUE,Urban-dominated
2212,1.678096113,1.321903887,265,24.951581,102.691559,3,Urban,3,Urban,0,1,0,0,0,1,TRUE,Urban-dominated
2215,2.525583333,0.474416667,6,23.001322,104.778803,1,Natural vegetation,1,Natural vegetation,1,0,0,0,0,0,FALSE,Natural-dominated
2222,1.985,1.015,2,39.5163998,106.7539556,5,Other,5,Other,0.25,0.25,0.5,0,0,0.25,FALSE,Mixed
2228,2.687675556,0.312324444,9,40.966814,106.948099,2,Cropland,2,Cropland,0,0,0,1,0,1,TRUE,Ag-dominated
2231,2.157877551,0.842122449,245,39.93045,115.520692,1,Natural vegetation,1,Natural vegetation,1,0,0,0,0,0,FALSE,Natural-dominated
223209,1.629567308,1.370432692,104,-37.7573062,147.8491161,2,Cropland,2,Cropland,0,0,0,1,0,1,TRUE,Ag-dominated
223210,1.53722473,1.46277527,1019,-37.73756155,147.7109962,1,Natural vegetation,1,Natural vegetation,1,0,0,0,0,0,FALSE,Natural-dominated
2239501,2.602185318,0.397814682,8355,29.2149764,-82.0412,1,Natural vegetation,1,Natural vegetation,1,0,0,0,0,0,FALSE,Natural-dominated
224203,2.70425,0.29575,12,-37.76358991,147.3747776,2,Cropland,2,Cropland,0,0,0,1,0,1,TRUE,Ag-dominated
2245,1.512606468,1.487393532,385,39.1393072,117.18897,3,Urban,3,Urban,0,1,0,0,0,1,TRUE,Urban-dominated
2246,1.681194444,1.318805556,36,38.871337,117.424182,3,Urban,3,Urban,0,0.666666667,0,0.333333333,0,1,TRUE,Urban-dominated
224602,1.747038497,1.252961503,2156,-37.84944444,147.6378972,4,Wetland,2,Cropland,0,0.25,0.25,0.25,0.25,0.5,TRUE,Mixed
2252,1.946368159,1.053631841,201,33.4957895,115.4699245,2,Cropland,2,Cropland,0,0,0,1,0,1,TRUE,Ag-dominated
225212,2.985,0.015,1,-38.01068638,146.8810046,2,Cropland,2,Cropland,0,0,0,1,0,1,TRUE,Ag-dominated
225236,2.238185185,0.761814815,162,-38.00213184,146.7800107,2,Cropland,2,Cropland,0,0,0,1,0,1,TRUE,Ag-dominated
225256,2.472183784,0.527816216,185,-38.00396747,146.9815133,2,Cropland,2,Cropland,0,0,0,1,0,1,TRUE,Ag-dominated
2253,2.2465625,0.7534375,64,33.8752478,116.5802321,2,Cropland,2,Cropland,0,0,0,1,0,1,TRUE,Ag-dominated
2256,2.396342412,0.603657588,257,33.2640607,115.3390767,3,Urban,3,Urban,0,1,0,0,0,1,TRUE,Urban-dominated
2257,2.107514545,0.892485455,44,32.6439828,116.9074973,2,Cropland,2,Cropland,0,0,0.5,0.5,0,0.5,TRUE,Ag-dominated
2258,2.277667845,0.722332155,283,32.9527884,117.2710932,5,Other,2,Cropland,0,0.5,0,0.5,0,1,TRUE,Urban-dominated
2259,2.08,0.92,30,33.814464,116.855937,2,Cropland,2,Cropland,0,0.25,0,0.75,0,1,TRUE,Ag-dominated
226027,1.967127119,1.032872881,118,-38.14491292,147.127818,2,Cropland,1,Natural vegetation,1,0,0,0,0,0,FALSE,Natural-dominated
2262,2.736041538,0.263958462,13,31.647649,117.811618,2,Cropland,2,Cropland,0,0,0,1,0,1,TRUE,Ag-dominated
2263,1.925,1.075,58,32.724409,119.0894,2,Cropland,2,Cropland,0,0,0,1,0,1,TRUE,Ag-dominated
2264,1.927232558,1.072767442,473,35.071916,118.229582,3,Urban,3,Urban,0,1,0,0,0,1,TRUE,Urban-dominated
2264000,2.101303895,0.898696105,45722,28.39056323,-81.5195173,1,Natural vegetation,1,Natural vegetation,0.666666667,0.333333333,0,0,0,0.333333333,TRUE,Natural-dominated
2264051,2.385703463,0.614296537,770,28.37444444,-81.515,3,Urban,3,Urban,0,1,0,0,0,1,TRUE,Urban-dominated
2264100,1.646474751,1.353525249,14720,28.32528785,-81.5206284,3,Urban,1,Natural vegetation,1,0,0,0,0,0,FALSE,Natural-dominated
226415,2.117518072,0.882481928,249,-38.2698709,146.5404981,2,Cropland,2,Cropland,0,0,0,1,0,1,TRUE,Ag-dominated
2266,1.842295455,1.157704545,220,37.280543,118.730288,2,Cropland,2,Cropland,0,0,0,1,0,1,TRUE,Ag-dominated
226614,1.715184788,1.284815212,2143,-38.12684167,147.0755,1,Natural vegetation,1,Natural vegetation,0.5,0.25,0,0.25,0,0.5,TRUE,Natural-dominated
2266200,1.567852,1.432148,91444,28.38500749,-81.6164632,4,Wetland,1,Natural vegetation,0.75,0.25,0,0,0,0.25,FALSE,Natural-dominated
2266291,1.272998801,1.727001199,20850,28.42702778,-81.6052778,1,Natural vegetation,1,Natural vegetation,1,0,0,0,0,0,FALSE,Natural-dominated
2266300,2.001833254,0.998166746,2091,28.33278738,-81.579796,1,Natural vegetation,3,Urban,0,0.75,0,0,0.25,0.75,TRUE,Urban-dominated
2266495,1.586061922,1.413938078,49638,28.27584517,-81.5439622,4,Wetland,4,Wetland,0,0,0,0,1,0,FALSE,Mixed
2267,2.316728155,0.683271845,103,35.337055,116.619434,2,Cropland,2,Cropland,0,0.25,0.25,0.5,0,0.75,TRUE,Ag-dominated
2268,0.49,2.51,1,34.7022325,118.4786666,5,Other,2,Cropland,0,0,0.25,0.75,0,0.75,TRUE,Ag-dominated
2269,2.416842105,0.583157895,19,34.5999124,118.1425578,2,Cropland,2,Cropland,0,0,0,1,0,1,TRUE,Ag-dominated
2270,2.186880952,0.813119048,42,35.651181,115.517942,2,Cropland,2,Cropland,0,0,0,1,0,1,TRUE,Ag-dominated
2272,2.636,0.364,5,35.80937,119.639585,5,Other,2,Cropland,0,0,0,1,0,1,TRUE,Ag-dominated
227264,1.679462942,1.320537058,5316,-38.44973718,145.9571493,2,Cropland,2,Cropland,0,0,0,1,0,1,TRUE,Ag-dominated
227270,1.483376411,1.516623589,11166,-38.43219544,145.7926083,1,Natural vegetation,2,Cropland,0.25,0,0,0.75,0,0.75,TRUE,Ag-dominated
227273,0.704827293,2.295172707,2704,-38.57365861,145.5105533,2,Cropland,2,Cropland,0,0,0,1,0,1,TRUE,Ag-dominated
2273,2.190736486,0.809263514,148,35.225111,116.513133,2,Cropland,2,Cropland,0,0,0,1,0,1,TRUE,Ag-dominated
2274,2.11998,0.88002,50,36.35474,120.524975,2,Cropland,3,Urban,0,0.75,0,0.25,0,1,TRUE,Urban-dominated
2275,2.599444444,0.400555556,36,38.010543,117.686232,3,Urban,2,Cropland,0,0,0,1,0,1,TRUE,Ag-dominated
2276,1.863043478,1.136956522,23,37.701315,118.126414,3,Urban,2,Cropland,0,0.25,0,0.75,0,1,TRUE,Ag-dominated
2277,2.04430137,0.95569863,146,38.063661,117.792787,3,Urban,2,Cropland,0,0.25,0,0.75,0,1,TRUE,Ag-dominated
2278,2.684125,0.315875,80,35.346292,116.765526,3,Urban,2,Cropland,0,0,0,1,0,1,TRUE,Ag-dominated
2279,2.454066667,0.545933333,15,36.868794,118.793639,3,Urban,3,Urban,0,1,0,0,0,1,TRUE,Urban-dominated
2280,2.61,0.39,1,34.507991,118.195764,2,Cropland,3,Urban,0,1,0,0,0,1,TRUE,Urban-dominated
2281,2.260076923,0.739923077,26,34.862105,116.042865,2,Cropland,2,Cropland,0,0,0,1,0,1,TRUE,Ag-dominated
2282,2.4126875,0.5873125,16,35.431478,116.008235,2,Cropland,2,Cropland,0,0,0,1,0,1,TRUE,Ag-dominated
2283,1.634466667,1.365533333,15,36.937298,119.395341,3,Urban,2,Cropland,0,0,0,1,0,1,TRUE,Ag-dominated
2285,2.37855,0.62145,18,35.03919,116.951152,3,Urban,2,Cropland,0,0,0,1,0,1,TRUE,Ag-dominated
2286,2.278,0.722,14,37.620396,117.327253,2,Cropland,2,Cropland,0,0,0,1,0,1,TRUE,Ag-dominated
2287,1.954648607,1.045351393,646,37.255764,118.854524,5,Other,5,Other,0,0,0.75,0,0.25,0,FALSE,Mixed
2288,1.943717647,1.056282353,85,37.44649,116.27445,3,Urban,3,Urban,0,1,0,0,0,1,TRUE,Urban-dominated
2290,1.792328467,1.207671533,137,34.638468,115.556362,2,Cropland,2,Cropland,0,0,0,1,0,1,TRUE,Ag-dominated
2291,2.51204,0.48796,25,37.025299,116.233597,2,Cropland,2,Cropland,0,0,0,1,0,1,TRUE,Ag-dominated
229143,0,3,312,-37.78588056,145.02505,3,Urban,3,Urban,0,1,0,0,0,1,TRUE,Urban-dominated
229147,2.91321875,0.08678125,32,-37.6894,145.3233194,1,Natural vegetation,1,Natural vegetation,1,0,0,0,0,0,FALSE,Natural-dominated
2292,2.024411348,0.975588652,282,35.373248,115.88739,3,Urban,2,Cropland,0,0.5,0,0.5,0,1,TRUE,Urban-dominated
2293,2.144340206,0.855659794,97,36.66853,117.020359,3,Urban,3,Urban,0,1,0,0,0,1,TRUE,Urban-dominated
2294,1.814298077,1.185701923,104,37.10119,118.065234,3,Urban,2,Cropland,0,0,0,1,0,1,TRUE,Ag-dominated
2296,2.347255814,0.652744186,43,36.508114,118.537078,3,Urban,3,Urban,0,1,0,0,0,1,TRUE,Urban-dominated
2297,2.788,0.212,1,37.075474,120.471352,2,Cropland,2,Cropland,0,0,0,1,0,1,TRUE,Ag-dominated
2299,2.790571429,0.209428571,7,22.888331,113.267097,3,Urban,2,Cropland,0,0.5,0,0.5,0,1,TRUE,Urban-dominated
2301500,1.520238095,1.479761905,7,27.872248,-82.2112008,1,Natural vegetation,1,Natural vegetation,0.75,0.25,0,0,0,0.25,FALSE,Natural-dominated
2301635,2.607692308,0.392307692,26,27.85715556,-82.26858889,3,Urban,3,Urban,0.25,0.75,0,0,0,0.75,TRUE,Urban-dominated
2302,2.077094708,0.922905292,718,24.858987,112.309585,1,Natural vegetation,1,Natural vegetation,1,0,0,0,0,0,FALSE,Natural-dominated
230220,2.384186237,0.615813763,1584,-37.49078,144.73922,2,Cropland,2,Cropland,0,0,0,1,0,1,TRUE,Ag-dominated
230240,2.013061249,0.986938751,11788,-37.57117842,144.7368969,3,Urban,3,Urban,0,1,0,0,0,1,TRUE,Urban-dominated
2303,2.562925926,0.437074074,54,23.665131,117.003995,3,Urban,3,Urban,0,0.5,0.5,0,0,0.5,TRUE,Urban-dominated
2304,2.833,0.167,4,22.979087,115.832299,3,Urban,2,Cropland,0.25,0.25,0,0.5,0,0.75,TRUE,Ag-dominated
2304000,1.929624832,1.070375168,55966,28.05446224,-82.3637032,3,Urban,1,Natural vegetation,0.5,0.5,0,0,0,0.5,TRUE,Urban-dominated
2306,2.56916,0.43084,25,22.238874,112.720441,1,Natural vegetation,1,Natural vegetation,1,0,0,0,0,0,FALSE,Natural-dominated
2308,1.777714286,1.222285714,7,22.800286,114.92215,3,Urban,3,Urban,0.25,0.5,0,0.25,0,0.75,TRUE,Urban-dominated
2309,2.09821568,0.90178432,838,23.447464,116.554572,3,Urban,3,Urban,0,1,0,0,0,1,TRUE,Urban-dominated
2311,2.527571429,0.472428571,112,23.064736,113.512709,3,Urban,3,Urban,0,0.5,0.5,0,0,0.5,TRUE,Urban-dominated
2313700,2.764495305,0.235504695,426,29.20413378,-82.769001,4,Wetland,1,Natural vegetation,0.75,0,0,0,0.25,0,FALSE,Natural-dominated
2314,2.588,0.412,12,23.023376,113.333231,3,Urban,3,Urban,0,1,0,0,0,1,TRUE,Urban-dominated
2315,2.461903226,0.538096774,155,22.891775,113.47333,3,Urban,3,Urban,0,0.5,0.5,0,0,0.5,TRUE,Urban-dominated
2318,2.356546032,0.643453968,315,23.028025,113.199715,3,Urban,3,Urban,0,1,0,0,0,1,TRUE,Urban-dominated
2318500,2.727946128,0.272053872,198,30.79330556,-83.4534444,1,Natural vegetation,1,Natural vegetation,1,0,0,0,0,0,FALSE,Natural-dominated
2319,2.435,0.565,3,24.347717,113.855428,1,Natural vegetation,1,Natural vegetation,1,0,0,0,0,0,FALSE,Natural-dominated
232242,2.204844961,0.795155039,129,-37.86192,144.1318,1,Natural vegetation,2,Cropland,0,0,0,1,0,1,TRUE,Ag-dominated
2322700,2.900531915,0.099468085,94,29.95273288,-82.7859573,1,Natural vegetation,1,Natural vegetation,1,0,0,0,0,0,FALSE,Natural-dominated
2324,2.758888889,0.241111111,18,23.711524,113.217941,2,Cropland,2,Cropland,0,0,0,1,0,1,TRUE,Ag-dominated
2325,2.559438596,0.440561404,228,21.959607,111.675334,2,Cropland,1,Natural vegetation,1,0,0,0,0,0,FALSE,Natural-dominated
2326516,2.56596644,0.43403356,28824,30.3397222,-83.9923333,1,Natural vegetation,1,Natural vegetation,1,0,0,0,0,0,FALSE,Natural-dominated
2326526,2.529906732,0.470093268,411,30.3013159,-83.9796085,1,Natural vegetation,1,Natural vegetation,1,0,0,0,0,0,FALSE,Natural-dominated
2329,2.126115385,0.873884615,728,23.015018,114.4862,5,Other,1,Natural vegetation,1,0,0,0,0,0,FALSE,Natural-dominated
2330,2.5296,0.4704,230,22.992944,112.290777,1,Natural vegetation,1,Natural vegetation,1,0,0,0,0,0,FALSE,Natural-dominated
233217,1.245298165,1.754701835,218,-38.16360559,144.3468922,3,Urban,3,Urban,0,0.75,0.25,0,0,0.75,TRUE,Urban-dominated
2333,2.332482143,0.667517857,56,22.54716,112.97655,1,Natural vegetation,1,Natural vegetation,1,0,0,0,0,0,FALSE,Natural-dominated
2334,2.476444898,0.523555102,245,23.686789,116.887764,1,Natural vegetation,1,Natural vegetation,1,0,0,0,0,0,FALSE,Natural-dominated
2334430,2.454640963,0.545359037,817,34.15666667,-84.0784167,1,Natural vegetation,1,Natural vegetation,1,0,0,0,0,0,FALSE,Natural-dominated
2336120,2.788172043,0.211827957,31,33.83155556,-84.3427778,3,Urban,3,Urban,0,1,0,0,0,1,TRUE,Urban-dominated
2336152,1.98215658,1.01784342,694,33.81044444,-84.2479722,3,Urban,3,Urban,0,1,0,0,0,1,TRUE,Urban-dominated
2336300,2.697222222,0.302777778,3,33.82030556,-84.40763889,3,Urban,3,Urban,0,1,0,0,0,1,TRUE,Urban-dominated
2336313,2.066360947,0.933639053,845,33.82163889,-84.43863889,3,Urban,3,Urban,0,1,0,0,0,1,TRUE,Urban-dominated
2336360,2.828125,0.171875,16,33.86916667,-84.37888889,3,Urban,3,Urban,0,1,0,0,0,1,TRUE,Urban-dominated
2336526,2.339655172,0.660344828,145,33.7944722,-84.4741944,3,Urban,3,Urban,0,1,0,0,0,1,TRUE,Urban-dominated
2336728,2.820833333,0.179166667,6,33.74352778,-84.5681667,3,Urban,3,Urban,0,1,0,0,0,1,TRUE,Urban-dominated
2337170,2.078571429,0.921428571,7,33.65666667,-84.6736111,1,Natural vegetation,1,Natural vegetation,1,0,0,0,0,0,FALSE,Natural-dominated
2340,2.236353383,0.763646617,399,22.997112,112.424484,3,Urban,1,Natural vegetation,0.666666667,0,0,0.333333333,0,0.333333333,TRUE,Natural-dominated
2341,2.138402951,0.861597049,881,22.335273,113.448344,3,Urban,3,Urban,0.333333333,0.666666667,0,0,0,0.666666667,TRUE,Urban-dominated
23432415,2.306578866,0.693421134,5372,31.62219444,-85.0591667,1,Natural vegetation,2,Cropland,0,0,0,1,0,1,TRUE,Ag-dominated
2344,2.115078,0.884922,25,24.487936,115.497302,1,Natural vegetation,1,Natural vegetation,1,0,0,0,0,0,FALSE,Natural-dominated
2344630,2.080518909,0.919481091,758,33.35727778,-84.5826111,1,Natural vegetation,1,Natural vegetation,1,0,0,0,0,0,FALSE,Natural-dominated
2344673,2.546740016,0.453259984,409,33.38316667,-84.5727222,3,Urban,3,Urban,0,1,0,0,0,1,TRUE,Urban-dominated
2345,2.253571838,0.746428162,2443,23.572236,116.392179,3,Urban,3,Urban,0,1,0,0,0,1,TRUE,Urban-dominated
2346,2.154,0.846,15,21.66039,109.136571,2,Cropland,2,Cropland,0,0,0,1,0,1,TRUE,Ag-dominated
2354,1.84,1.16,1,23.556576,110.390755,3,Urban,3,Urban,0,1,0,0,0,1,TRUE,Urban-dominated
2357,2.949,0.051,1,24.507607,108.884472,2,Cropland,2,Cropland,0,0,0,1,0,1,TRUE,Ag-dominated
2357150,0.766950464,2.233049536,323,30.903,-84.7495,1,Natural vegetation,2,Cropland,0,0,0,1,0,1,TRUE,Ag-dominated
2358000,2.9,0.1,6,30.7010251,-84.8590871,5,Other,1,Natural vegetation,1,0,0,0,0,0,FALSE,Natural-dominated
2359170,0.815791063,2.184208937,552,29.94937094,-85.0154686,1,Natural vegetation,4,Wetland,0,0,0,0,1,0,FALSE,Mixed
2359223,2.245913771,0.754086229,518,29.7695111,-85.0842806,4,Wetland,4,Wetland,0,0,0,0,1,0,FALSE,Mixed
2363,2.92,0.08,1,23.415838,111.174427,1,Natural vegetation,1,Natural vegetation,1,0,0,0,0,0,FALSE,Natural-dominated
2364,1,2,1,23.850452,109.516111,2,Cropland,3,Urban,0,1,0,0,0,1,TRUE,Urban-dominated
2374,2.577796667,0.422203333,3,46.473199,82.814172,1,Natural vegetation,1,Natural vegetation,1,0,0,0,0,0,FALSE,Natural-dominated
2376,2.50057,0.49943,2,47.329765,87.819778,3,Urban,2,Cropland,0,0.5,0,0.5,0,1,TRUE,Urban-dominated
2377,2.506013774,0.493986226,363,34.060052,120.225024,2,Cropland,2,Cropland,0,0.25,0,0.75,0,1,TRUE,Ag-dominated
2378,1.925093023,1.074906977,43,34.786621,116.916933,2,Cropland,2,Cropland,0,0.25,0,0.75,0,1,TRUE,Ag-dominated
2379,2.37337037,0.62662963,81,34.087534,120.247992,3,Urban,2,Cropland,0,0,0,1,0,1,TRUE,Ag-dominated
2380,2.731142857,0.268857143,7,32.331747,119.478663,2,Cropland,3,Urban,0,0.5,0.25,0.25,0,0.75,TRUE,Urban-dominated
2382,1.724413559,1.275586441,295,34.475074,119.284184,2,Cropland,2,Cropland,0,0,0,1,0,1,TRUE,Ag-dominated
2383,1.89622449,1.10377551,343,34.420654,119.501679,3,Urban,2,Cropland,0,0,0,1,0,1,TRUE,Ag-dominated
2384,0.43,2.57,1,31.744229,119.803875,2,Cropland,3,Urban,0,1,0,0,0,1,TRUE,Urban-dominated
2385,2.482114973,0.517885027,374,33.400235,120.126341,3,Urban,3,Urban,0,1,0,0,0,1,TRUE,Urban-dominated
2386,2.009534884,0.990465116,129,34.605988,118.482669,2,Cropland,3,Urban,0,1,0,0,0,1,TRUE,Urban-dominated
2387,2.090496094,0.909503906,512,33.223399,120.2997,2,Cropland,2,Cropland,0,0,0,1,0,1,TRUE,Ag-dominated
2388,2.0888,0.9112,5,32.061707,118.763232,3,Urban,3,Urban,0,1,0,0,0,1,TRUE,Urban-dominated
2389,2.047896552,0.952103448,87,34.661703,119.182412,3,Urban,3,Urban,0,0.5,0.25,0.25,0,0.75,TRUE,Urban-dominated
2390,2.392402299,0.607597701,87,34.305619,120.05062,3,Urban,2,Cropland,0,0,0,1,0,1,TRUE,Ag-dominated
2391,1.893218824,1.106781176,425,32.083269,120.333295,2,Cropland,2,Cropland,0,0,0,1,0,1,TRUE,Ag-dominated
2392,1.810147482,1.189852518,556,33.798763,120.34031,5,Other,2,Cropland,0,0,0,1,0,1,TRUE,Ag-dominated
2393,2.051882353,0.948117647,221,33.051439,120.798311,2,Cropland,2,Cropland,0,0,0,1,0,1,TRUE,Ag-dominated
2394,2.925,0.075,2,33.191976,117.990686,2,Cropland,2,Cropland,0,0,0.25,0.75,0,0.75,TRUE,Ag-dominated
2394682,2.683333333,0.316666667,11,34.0789722,-84.8544444,1,Natural vegetation,1,Natural vegetation,1,0,0,0,0,0,FALSE,Natural-dominated
2395,1.740634615,1.259365385,156,34.1666,118.882275,2,Cropland,2,Cropland,0,0,0,1,0,1,TRUE,Ag-dominated
2396,2.77,0.23,1,34.6214143,118.1051302,2,Cropland,2,Cropland,0,0,0,1,0,1,TRUE,Ag-dominated
2399,1.925619427,1.074380573,628,33.459693,120.58843,5,Other,5,Other,0,0,1,0,0,0,FALSE,Mixed
2400,1.882264249,1.117735751,386,32.442549,119.550954,3,Urban,3,Urban,0,1,0,0,0,1,TRUE,Urban-dominated
2401,2.176868009,0.823131991,447,33.617416,120.47589,2,Cropland,2,Cropland,0,0,0.25,0.75,0,0.75,TRUE,Ag-dominated
2402,1.796222672,1.203777328,247,34.630774,119.157303,2,Cropland,3,Urban,0,1,0,0,0,1,TRUE,Urban-dominated
2403,2.119675127,0.880324873,197,34.625156,119.171402,3,Urban,3,Urban,0,1,0,0,0,1,TRUE,Urban-dominated
2405,1.74755309,1.25244691,631,34.056805,118.804565,3,Urban,2,Cropland,0,0,0,1,0,1,TRUE,Ag-dominated
2406,2.326865079,0.673134921,252,31.503261,119.838119,2,Cropland,4,Wetland,0,0,0.25,0.25,0.5,0.25,FALSE,Mixed
2407,1.8985,1.1015,50,33.39845,119.609473,2,Cropland,2,Cropland,0,0,0,1,0,1,TRUE,Ag-dominated
2408,2.011153374,0.988846626,326,31.894245,120.602195,3,Urban,3,Urban,0,0.75,0,0.25,0,1,TRUE,Urban-dominated
2409,2.2075,0.7925,2,34.67746,119.151436,3,Urban,2,Cropland,0,0,0,1,0,1,TRUE,Ag-dominated
2411,2.731428571,0.268571429,7,33.282706,118.637266,5,Other,5,Other,0,0,1,0,0,0,FALSE,Mixed
2412,2.651411765,0.348588235,17,34.954826,119.144615,3,Urban,2,Cropland,0,0,0,1,0,1,TRUE,Ag-dominated
2414,1.68178178,1.31821822,472,34.211619,119.580868,3,Urban,3,Urban,0,0.5,0.25,0.25,0,0.75,TRUE,Urban-dominated
2415,1.61627381,1.38372619,252,34.668919,119.459167,5,Other,5,Other,0,0,1,0,0,0,FALSE,Mixed
2416,1.663028112,1.336971888,249,34.50932,119.751725,5,Other,5,Other,0,0,1,0,0,0,FALSE,Mixed
2417,1.971530945,1.028469055,614,33.184199,120.701088,1,Natural vegetation,2,Cropland,0,0,0,1,0,1,TRUE,Ag-dominated
2418,1.921845118,1.078154882,297,33.626576,118.994994,3,Urban,3,Urban,0,1,0,0,0,1,TRUE,Urban-dominated
2420,2.418125683,0.581874317,183,31.380975,119.639617,2,Cropland,2,Cropland,0,0.25,0,0.75,0,1,TRUE,Ag-dominated
2421,1.969809783,1.030190217,184,34.398537,117.179892,3,Urban,3,Urban,0,1,0,0,0,1,TRUE,Urban-dominated
2422,1.972272189,1.027727811,507,34.067903,119.367138,2,Cropland,2,Cropland,0,0,0,1,0,1,TRUE,Ag-dominated
2423571,1.994796849,1.005203151,402,33.52093809,-86.7169325,3,Urban,1,Natural vegetation,0.5,0.5,0,0,0,0.5,TRUE,Urban-dominated
2424,2.220676471,0.779323529,34,34.786466,119.144453,3,Urban,5,Other,0,0.25,0.5,0.25,0,0.5,TRUE,Mixed
2426,2.157974843,0.842025157,159,31.909695,120.398111,3,Urban,3,Urban,0,1,0,0,0,1,TRUE,Urban-dominated
2427,2.086454545,0.913545455,33,32.238702,119.241225,3,Urban,3,Urban,0,0.5,0.5,0,0,0.5,TRUE,Urban-dominated
2430,2.390409201,0.609590799,413,33.351703,120.043331,2,Cropland,2,Cropland,0,0,0,1,0,1,TRUE,Ag-dominated
2431,2.7632,0.2368,5,28.720414,115.456909,2,Cropland,2,Cropland,0,0.25,0,0.75,0,1,TRUE,Ag-dominated
2435,1.948952055,1.051047945,292,28.296352,117.713131,3,Urban,1,Natural vegetation,0.5,0.5,0,0,0,0.5,TRUE,Urban-dominated
2440,2.328359375,0.671640625,64,28.947317,117.572119,3,Urban,1,Natural vegetation,1,0,0,0,0,0,FALSE,Natural-dominated
2443,2.4826,0.5174,10,28.675696,115.909228,3,Urban,3,Urban,0,1,0,0,0,1,TRUE,Urban-dominated
2445,2.93,0.07,1,29.6051759,116.1272585,5,Other,5,Other,0,0,1,0,0,0,FALSE,Mixed
2446,2.645666667,0.354333333,6,28.941453,117.151076,3,Urban,2,Cropland,0,0.5,0,0.5,0,1,TRUE,Urban-dominated
2450,1.86216,1.13784,16,40.3405825,115.5478498,2,Cropland,1,Natural vegetation,0.75,0,0,0.25,0,0.25,FALSE,Natural-dominated
2453,2.84231,0.15769,2,38.037057,114.468664,3,Urban,3,Urban,0,1,0,0,0,1,TRUE,Urban-dominated
2454,1.838912281,1.161087719,114,37.211118,115.350472,2,Cropland,2,Cropland,0,0,0,1,0,1,TRUE,Ag-dominated
2456,0.02,2.98,1,34.765515,113.753602,3,Urban,3,Urban,0,1,0,0,0,1,TRUE,Urban-dominated
2458,2.397,0.603,30,33.8193013,116.3484945,2,Cropland,2,Cropland,0,0,0,1,0,1,TRUE,Ag-dominated
2459,2.424983333,0.575016667,12,33.124041,111.460461,3,Urban,1,Natural vegetation,0.333333333,0.333333333,0,0.333333333,0,0.666666667,TRUE,Mixed
2461,2.012605634,0.987394366,71,33.68667,114.16434,2,Cropland,2,Cropland,0,0,0,1,0,1,TRUE,Ag-dominated
2462,2.261811765,0.738188235,17,33.8792895,115.4910372,3,Urban,2,Cropland,0,0.25,0,0.75,0,1,TRUE,Ag-dominated
2463,2.63,0.37,2,35.850782,113.931199,2,Cropland,2,Cropland,0.25,0,0,0.75,0,0.75,TRUE,Ag-dominated
2464,2.248441176,0.751558824,102,30.367019,120.221154,3,Urban,3,Urban,0,1,0,0,0,1,TRUE,Urban-dominated
2468,2.244624262,0.755375738,305,29.998926,122.215702,3,Urban,3,Urban,0.25,0.5,0.25,0,0,0.5,TRUE,Urban-dominated
2469,2.235295863,0.764704137,556,30.742701,120.487901,3,Urban,3,Urban,0,1,0,0,0,1,TRUE,Urban-dominated
2470,2.288305195,0.711694805,154,30.389197,119.953649,3,Urban,3,Urban,0,1,0,0,0,1,TRUE,Urban-dominated
2471,2.297636771,0.702363229,223,30.505958,120.948967,5,Other,5,Other,0,0.25,0.5,0.25,0,0.5,TRUE,Mixed
2472,2.75,0.25,1,28.769243,118.659728,1,Natural vegetation,1,Natural vegetation,0.5,0.25,0,0.25,0,0.5,TRUE,Natural-dominated
2473,2.999,0.001,1,28.687516,118.813398,1,Natural vegetation,1,Natural vegetation,1,0,0,0,0,0,FALSE,Natural-dominated
2474,2.379407895,0.620592105,152,28.322041,119.704038,1,Natural vegetation,1,Natural vegetation,1,0,0,0,0,0,FALSE,Natural-dominated
2475,1.578562842,1.421437158,183,30.27792,121.31823,3,Urban,3,Urban,0,1,0,0,0,1,TRUE,Urban-dominated
2476,2.404642857,0.595357143,70,29.506424,120.897324,3,Urban,2,Cropland,0,0.25,0,0.75,0,1,TRUE,Ag-dominated
2478,2.360140449,0.639859551,178,28.212405,121.101439,1,Natural vegetation,2,Cropland,0,0,0.25,0.5,0.25,0.5,TRUE,Ag-dominated
2479,2.499015625,0.500984375,64,30.921099,120.177691,2,Cropland,2,Cropland,0,0,0.5,0.5,0,0.5,TRUE,Ag-dominated
2480,2.759222222,0.240777778,9,28.892731,118.545013,1,Natural vegetation,1,Natural vegetation,1,0,0,0,0,0,FALSE,Natural-dominated
2481,2.536273743,0.463726257,179,30.78938,121.121247,2,Cropland,2,Cropland,0,0,0,1,0,1,TRUE,Ag-dominated
2482,2.406315217,0.593684783,184,30.963576,120.101914,5,Other,3,Urban,0,1,0,0,0,1,TRUE,Urban-dominated
2483,2.577064929,0.422935071,211,30.616051,120.805238,2,Cropland,2,Cropland,0,0,0,1,0,1,TRUE,Ag-dominated
2484,2.227993311,0.772006689,299,28.494492,119.833412,1,Natural vegetation,1,Natural vegetation,0.5,0.5,0,0,0,0.5,TRUE,Urban-dominated
2485,0.11,2.89,1,30.8909035,120.1005112,3,Urban,3,Urban,0,1,0,0,0,1,TRUE,Urban-dominated
2486,2.580952381,0.419047619,21,28.439517,121.543023,3,Urban,2,Cropland,0,0.25,0,0.75,0,1,TRUE,Ag-dominated
2487,2.645621469,0.354378531,177,30.848742,120.894048,3,Urban,3,Urban,0,0.75,0,0.25,0,1,TRUE,Urban-dominated
2489,2.6085,0.3915,2,28.401886,119.538611,1,Natural vegetation,1,Natural vegetation,1,0,0,0,0,0,FALSE,Natural-dominated
2490,2.94135,0.05865,16,30.724406,120.994556,3,Urban,2,Cropland,0,0.5,0,0.5,0,1,TRUE,Urban-dominated
2491,2.993,0.007,2,30.736711,120.911908,2,Cropland,2,Cropland,0,0,0,1,0,1,TRUE,Ag-dominated
2492,1.945131783,1.054868217,129,30.939381,120.342285,3,Urban,5,Other,0,0,1,0,0,0,FALSE,Mixed
2496,2.30024186,0.69975814,215,29.907382,120.313331,1,Natural vegetation,3,Urban,0,0.75,0,0,0.25,0.75,TRUE,Urban-dominated
2497,0.986833333,2.013166667,6,30.030173,120.604399,3,Urban,3,Urban,0,1,0,0,0,1,TRUE,Urban-dominated
2498,2.014761194,0.985238806,536,30.003568,120.801067,3,Urban,3,Urban,0.25,0.5,0,0.25,0,0.75,TRUE,Urban-dominated
2499,2.427151515,0.572848485,165,30.8849975,120.7095199,3,Urban,2,Cropland,0,0.25,0.25,0.5,0,0.75,TRUE,Ag-dominated
2500,2.413052252,0.586947748,222,30.402274,120.545629,3,Urban,3,Urban,0,1,0,0,0,1,TRUE,Urban-dominated
2501,2.721981967,0.278018033,122,30.856484,120.914013,3,Urban,3,Urban,0,1,0,0,0,1,TRUE,Urban-dominated
2502,2.433,0.567,1,30.82326,119.780421,2,Cropland,2,Cropland,0,0.5,0,0.5,0,1,TRUE,Urban-dominated
2503,2.538440367,0.461559633,109,30.047365,121.093727,3,Urban,1,Natural vegetation,0.5,0.5,0,0,0,0.5,TRUE,Urban-dominated
2504,2.062114643,0.937885357,168,28.165644,121.061852,3,Urban,2,Cropland,0,0.25,0.25,0.5,0,0.75,TRUE,Ag-dominated
2506,2.273666667,0.726333333,3,29.622386,119.815549,1,Natural vegetation,1,Natural vegetation,1,0,0,0,0,0,FALSE,Natural-dominated
2507,2.886857143,0.113142857,21,30.301193,119.973122,2,Cropland,2,Cropland,0,0.5,0,0.5,0,1,TRUE,Urban-dominated
2509,2.275231952,0.724768048,579,30.505918,120.948956,5,Other,5,Other,0,0.25,0.5,0.25,0,0.5,TRUE,Mixed
2510,1.65,1.35,1,28.186588,119.602925,1,Natural vegetation,1,Natural vegetation,1,0,0,0,0,0,FALSE,Natural-dominated
2511,2.230536481,0.769463519,466,30.814378,121.102536,2,Cropland,2,Cropland,0,0,0,1,0,1,TRUE,Ag-dominated
2513,2.642857143,0.357142857,14,19.624334,110.717366,2,Cropland,1,Natural vegetation,0.5,0,0,0.5,0,0.5,TRUE,Ag-dominated
2518,2.846666667,0.153333333,3,19.882588,110.416458,5,Other,1,Natural vegetation,0.75,0,0,0.25,0,0.25,FALSE,Natural-dominated
2519,2.185601852,0.814398148,108,30.359787,115.159707,5,Other,5,Other,0,0,1,0,0,0,FALSE,Mixed
2520,2.453906977,0.546093023,43,30.775926,113.43734,2,Cropland,2,Cropland,0,0,0,1,0,1,TRUE,Ag-dominated
2521,2.163666667,0.836333333,3,30.425803,115.027978,3,Urban,2,Cropland,0,0,0.5,0.5,0,0.5,TRUE,Ag-dominated
2522,2.131614286,0.868385714,70,32.059363,112.382843,2,Cropland,2,Cropland,0,0,0,1,0,1,TRUE,Ag-dominated
2523,2.229769231,0.770230769,26,30.1823,112.866681,2,Cropland,2,Cropland,0,0,0,1,0,1,TRUE,Ag-dominated
2524,2.224921086,0.775078914,939,31.664417,112.184187,2,Cropland,2,Cropland,0,0,0,1,0,1,TRUE,Ag-dominated
2525,1.792375182,1.207624818,685,30.164666,113.892022,2,Cropland,2,Cropland,0,0,0.5,0.5,0,0.5,TRUE,Ag-dominated
2526,2.411035714,0.588964286,28,30.278016,113.109137,2,Cropland,2,Cropland,0,0,0,1,0,1,TRUE,Ag-dominated
2527,1.981751518,1.018248482,1278,30.264433,113.791834,2,Cropland,2,Cropland,0.25,0,0,0.5,0.25,0.5,TRUE,Ag-dominated
2529,2.6690625,0.3309375,16,30.262804,115.423717,3,Urban,2,Cropland,0,0,0,1,0,1,TRUE,Ag-dominated
2531,1.959893158,1.040106842,38,30.395714,114.092344,1,Natural vegetation,2,Cropland,0,0,0,1,0,1,TRUE,Ag-dominated
2536,2.140092269,0.859907731,401,26.433311,118.623307,5,Other,1,Natural vegetation,0.75,0,0.25,0,0,0,FALSE,Natural-dominated
2542,2.689166667,0.310833333,6,26.205703,119.555245,3,Urban,3,Urban,0,1,0,0,0,1,TRUE,Urban-dominated
2554,0.221,2.779,1,27.017328,108.63525,1,Natural vegetation,1,Natural vegetation,1,0,0,0,0,0,FALSE,Natural-dominated
2555,1.881,1.119,1,26.768079,107.879014,2,Cropland,1,Natural vegetation,0.5,0,0,0.5,0,0.5,TRUE,Ag-dominated
2556,2.685,0.315,2,25.282076,105.533786,1,Natural vegetation,1,Natural vegetation,0.666666667,0,0,0.333333333,0,0.333333333,TRUE,Natural-dominated
2559,2.127810714,0.872189286,56,41.251133,122.63783,3,Urban,2,Cropland,0,0,0,1,0,1,TRUE,Ag-dominated
2560,2.6455375,0.3544625,8,41.265244,123.704185,3,Urban,1,Natural vegetation,0.5,0.5,0,0,0,0.5,TRUE,Urban-dominated
2561,0.4398,2.5602,1,40.544025,120.708427,5,Other,3,Urban,0,0.5,0.5,0,0,0.5,TRUE,Urban-dominated
2564,0.8921,2.1079,1,40.317253,124.659946,2,Cropland,1,Natural vegetation,0.5,0,0,0.5,0,0.5,TRUE,Ag-dominated
2566,2.08545,0.91455,8,41.003403,122.507547,2,Cropland,2,Cropland,0,0,0,1,0,1,TRUE,Ag-dominated
2567,1.140106098,1.859893902,164,41.864105,123.868182,3,Urban,3,Urban,0,1,0,0,0,1,TRUE,Urban-dominated
2570,2.532347059,0.467652941,17,40.619733,119.485351,2,Cropland,2,Cropland,0,0,0,1,0,1,TRUE,Ag-dominated
2571,2.006428571,0.993571429,14,42.2059018,123.5529584,2,Cropland,2,Cropland,0,0,0,1,0,1,TRUE,Ag-dominated
2572,2.62025,0.37975,2,41.599141,120.69456,2,Cropland,1,Natural vegetation,0.75,0,0,0.25,0,0.25,FALSE,Natural-dominated
2573,0.084,2.916,1,40.607377,120.762881,3,Urban,3,Urban,0,0.75,0.25,0,0,0.75,TRUE,Urban-dominated
2575,2.73,0.27,2,40.6805983,122.217647,3,Urban,3,Urban,0.25,0.75,0,0,0,0.75,TRUE,Urban-dominated
2576,2.498914286,0.501085714,14,41.835441,123.42944,3,Urban,3,Urban,0,1,0,0,0,1,TRUE,Urban-dominated
2577,1.977802151,1.022197849,93,41.433116,122.753617,2,Cropland,2,Cropland,0,0.5,0,0.5,0,1,TRUE,Urban-dominated
2580,2.69,0.31,4,48.258915,134.6728087,4,Wetland,5,Other,0,0,1,0,0,0,FALSE,Mixed
2583,2.637037037,0.362962963,27,46.003555,126.646118,3,Urban,3,Urban,0,1,0,0,0,1,TRUE,Urban-dominated
2584,2.882407407,0.117592593,54,53.480873,122.3556112,3,Urban,1,Natural vegetation,0.75,0.25,0,0,0,0.25,FALSE,Natural-dominated
2586,2.130363636,0.869636364,286,31.392691,121.522058,5,Other,5,Other,0,0.333333333,0.666666667,0,0,0.333333333,TRUE,Mixed
2587,2.232891546,0.767108454,97,30.924535,121.571838,3,Urban,2,Cropland,0,0.25,0,0.75,0,1,TRUE,Ag-dominated
2588,2.55,0.45,1,31.032082,120.872697,3,Urban,2,Cropland,0,0,0,1,0,1,TRUE,Ag-dominated
2589,2.521276018,0.478723982,221,31.241434,121.476553,3,Urban,3,Urban,0,1,0,0,0,1,TRUE,Urban-dominated
2590,0.18184,2.81816,6,25.045806,102.710002,3,Urban,3,Urban,0,1,0,0,0,1,TRUE,Urban-dominated
2591,1.812321827,1.187678173,646,24.946646,102.706839,3,Urban,3,Urban,0,0.75,0.25,0,0,0.75,TRUE,Urban-dominated
2592,0.9868,2.0132,1,27.17941,99.151708,1,Natural vegetation,1,Natural vegetation,1,0,0,0,0,0,FALSE,Natural-dominated
2593,2.789776154,0.210223846,13,24.195343,103.108814,1,Natural vegetation,1,Natural vegetation,1,0,0,0,0,0,FALSE,Natural-dominated
2595,2.863425,0.136575,4,26.341758,103.264753,2,Cropland,1,Natural vegetation,1,0,0,0,0,0,FALSE,Natural-dominated
2596,2.218718889,0.781281111,27,27.188602,100.904089,1,Natural vegetation,1,Natural vegetation,0.75,0,0,0.25,0,0.25,FALSE,Natural-dominated
2601,2.202878571,0.797121429,28,26.861431,100.220307,3,Urban,1,Natural vegetation,0.5,0.25,0,0.25,0,0.5,TRUE,Natural-dominated
2604,1.98071,1.01929,15,25.568941,100.178267,1,Natural vegetation,1,Natural vegetation,1,0,0,0,0,0,FALSE,Natural-dominated
2605,2.389852459,0.610147541,61,24.200715,102.4234,1,Natural vegetation,1,Natural vegetation,1,0,0,0,0,0,FALSE,Natural-dominated
2607,2.056666182,0.943333818,550,24.824166,102.7676,3,Urban,3,Urban,0,0.5,0.5,0,0,0.5,TRUE,Urban-dominated
2608,1.988313953,1.011686047,215,25.59304,100.221316,3,Urban,1,Natural vegetation,0.5,0.25,0.25,0,0,0.25,FALSE,Natural-dominated
2609,2.24335,0.75665,8,27.795905,99.813832,1,Natural vegetation,1,Natural vegetation,1,0,0,0,0,0,FALSE,Natural-dominated
2613,2.139663265,0.860336735,294,24.924339,102.725061,5,Other,3,Urban,0,1,0,0,0,1,TRUE,Urban-dominated
2614,2.512728947,0.487271053,38,25.220989,102.505553,3,Urban,3,Urban,0,1,0,0,0,1,TRUE,Urban-dominated
2616,0.00177,2.99823,1,23.262287,99.676621,1,Natural vegetation,1,Natural vegetation,1,0,0,0,0,0,FALSE,Natural-dominated
2617,1.477229316,1.522770684,307,25.337579,103.233232,2,Cropland,1,Natural vegetation,0.75,0,0,0.25,0,0.25,FALSE,Natural-dominated
2618,2.7528,0.2472,9,28.598761,103.971257,3,Urban,1,Natural vegetation,0.5,0,0.25,0,0.25,0,FALSE,Natural-dominated
2624,2.13475,0.86525,16,26.743353,103.505731,1,Natural vegetation,1,Natural vegetation,1,0,0,0,0,0,FALSE,Natural-dominated
2626,1.944176471,1.055823529,85,24.992944,102.654327,3,Urban,3,Urban,0,0.5,0,0,0.5,0.5,TRUE,Urban-dominated
2630,2.8925,0.1075,2,24.111735,102.75097,3,Urban,3,Urban,0,1,0,0,0,1,TRUE,Urban-dominated
2632,2.209092972,0.790907028,212,24.155922,102.446686,3,Urban,1,Natural vegetation,1,0,0,0,0,0,FALSE,Natural-dominated
2634,1.840388906,1.159611094,649,26.943372,100.620865,1,Natural vegetation,1,Natural vegetation,1,0,0,0,0,0,FALSE,Natural-dominated
2636,2.628666667,0.371333333,3,25.717534,100.238235,1,Natural vegetation,5,Other,0,0,1,0,0,0,FALSE,Mixed
2642,2.6854075,0.3145925,40,25.041489,102.748474,3,Urban,3,Urban,0,1,0,0,0,1,TRUE,Urban-dominated
2643,2.721,0.279,1,25.211904,102.47833,1,Natural vegetation,1,Natural vegetation,0.75,0.25,0,0,0,0.25,FALSE,Natural-dominated
2645,2.525013043,0.474986957,23,24.448543,103.436917,2,Cropland,1,Natural vegetation,0.75,0.25,0,0,0,0.25,FALSE,Natural-dominated
2646,2.482806452,0.517193548,31,26.890883,100.219753,3,Urban,1,Natural vegetation,0.5,0.5,0,0,0,0.5,TRUE,Urban-dominated
2647,0.18293,2.81707,1,24.85047,101.999503,1,Natural vegetation,1,Natural vegetation,1,0,0,0,0,0,FALSE,Natural-dominated
2648,1.044886667,1.955113333,225,25.019045,102.682976,3,Urban,3,Urban,0,1,0,0,0,1,TRUE,Urban-dominated
2649,2.150832667,0.849167333,15,24.666808,98.233033,2,Cropland,1,Natural vegetation,0.75,0,0,0.25,0,0.25,FALSE,Natural-dominated
2650,2.5718,0.4282,1,25.771733,103.920583,5,Other,1,Natural vegetation,0.75,0.25,0,0,0,0.25,FALSE,Natural-dominated
2651,2.166266667,0.833733333,15,26.588653,100.188942,3,Urban,2,Cropland,0,0,0,1,0,1,TRUE,Ag-dominated
2652,2.496408878,0.503591122,98,23.255495,104.487444,1,Natural vegetation,1,Natural vegetation,1,0,0,0,0,0,FALSE,Natural-dominated
2653,2.461677358,0.538322642,53,23.018383,103.344087,3,Urban,1,Natural vegetation,0.75,0,0,0.25,0,0.25,FALSE,Natural-dominated
2655,2.513473029,0.486526971,175,25.029147,102.678433,3,Urban,3,Urban,0,0.75,0,0,0.25,0.75,TRUE,Urban-dominated
2658,2.454157143,0.545842857,210,23.900462,106.15664,5,Other,1,Natural vegetation,1,0,0,0,0,0,FALSE,Natural-dominated
2660,2.304662667,0.695337333,15,27.559972,99.035696,1,Natural vegetation,1,Natural vegetation,1,0,0,0,0,0,FALSE,Natural-dominated
2661,2.657636364,0.342363636,55,24.876459,102.477035,1,Natural vegetation,2,Cropland,0,0,0,1,0,1,TRUE,Ag-dominated
2665,2.69123875,0.30876125,8,24.396192,98.518682,3,Urban,2,Cropland,0,0.5,0,0.5,0,1,TRUE,Urban-dominated
2669,2.534107317,0.465892683,41,25.090788,103.134416,1,Natural vegetation,1,Natural vegetation,1,0,0,0,0,0,FALSE,Natural-dominated
2670,2.506166667,0.493833333,6,26.93877,100.061806,1,Natural vegetation,5,Other,0,0,1,0,0,0,FALSE,Mixed
2673,2.46252,0.53748,3,40.819102,111.664859,3,Urban,3,Urban,0,1,0,0,0,1,TRUE,Urban-dominated
2681,2.371032258,0.628967742,62,39.673915,116.526519,2,Cropland,2,Cropland,0,0.25,0,0.75,0,1,TRUE,Ag-dominated
2685,2.242033333,0.757966667,30,39.834406,116.425261,3,Urban,3,Urban,0,1,0,0,0,1,TRUE,Urban-dominated
2687,2.069296607,0.930703393,112,39.735711,116.903395,2,Cropland,2,Cropland,0,0.25,0,0.75,0,1,TRUE,Ag-dominated
2688,2.98,0.02,1,39.899404,116.44061,3,Urban,3,Urban,0,1,0,0,0,1,TRUE,Urban-dominated
2689,2.9,0.1,1,40.309662,116.592811,5,Other,5,Other,0,0,1,0,0,0,FALSE,Mixed
2690,1.773842105,1.226157895,38,39.907408,116.618333,3,Urban,3,Urban,0,1,0,0,0,1,TRUE,Urban-dominated
2691,2.062211268,0.937788732,71,39.7572,116.03895,3,Urban,3,Urban,0,1,0,0,0,1,TRUE,Urban-dominated
2692,2.248668293,0.751331707,205,40.026901,116.349049,3,Urban,3,Urban,0,1,0,0,0,1,TRUE,Urban-dominated
2693,2.612928571,0.387071429,14,39.941767,116.32528,3,Urban,3,Urban,0,1,0,0,0,1,TRUE,Urban-dominated
2694,1.860842784,1.139157216,388,40.412399,116.305631,1,Natural vegetation,1,Natural vegetation,0.75,0.25,0,0,0,0.25,FALSE,Natural-dominated
2695,1.439980564,1.560019436,319,39.654948,116.574886,3,Urban,2,Cropland,0,0,0,1,0,1,TRUE,Ag-dominated
2696,2.391094118,0.608905882,85,39.977668,116.365688,3,Urban,3,Urban,0,1,0,0,0,1,TRUE,Urban-dominated
2697,2.727,0.273,1,40.430962,115.959848,2,Cropland,3,Urban,0,1,0,0,0,1,TRUE,Urban-dominated
2698,1.93969,1.06031,6,40.094418,116.298616,3,Urban,3,Urban,0,1,0,0,0,1,TRUE,Urban-dominated
2699,2.386545455,0.613454545,11,39.956847,116.39537,3,Urban,3,Urban,0,1,0,0,0,1,TRUE,Urban-dominated
2701,2.9225,0.0775,2,41.722564,125.941497,3,Urban,3,Urban,0,1,0,0,0,1,TRUE,Urban-dominated
2702,2.084666667,0.915333333,12,44.682265,123.168748,2,Cropland,2,Cropland,0,0,0,1,0,1,TRUE,Ag-dominated
2704,2.046066667,0.953933333,15,44.598827,125.944944,2,Cropland,2,Cropland,0,0,0,1,0,1,TRUE,Ag-dominated
2705,2.358492063,0.641507937,126,44.758751,125.680294,2,Cropland,2,Cropland,0,0,0,0.75,0.25,0.75,TRUE,Ag-dominated
2707,1.818846154,1.181153846,52,43.252547,124.374963,2,Cropland,2,Cropland,0,0,0,1,0,1,TRUE,Ag-dominated
2709,0.6146,2.3854,2,43.667467,126.657307,1,Natural vegetation,1,Natural vegetation,1,0,0,0,0,0,FALSE,Natural-dominated
2713,0.611,2.389,3,43.804344,125.902096,2,Cropland,2,Cropland,0,0,0,1,0,1,TRUE,Ag-dominated
2714,2.184366667,0.815633333,3,44.42767,126.363826,2,Cropland,2,Cropland,0,0,0,1,0,1,TRUE,Ag-dominated
2716,2.640576923,0.359423077,26,45.704479,124.033104,1,Natural vegetation,1,Natural vegetation,1,0,0,0,0,0,FALSE,Natural-dominated
2717,2.9161,0.0839,2,43.342228,125.288981,3,Urban,3,Urban,0,1,0,0,0,1,TRUE,Urban-dominated
2722,2.180526316,0.819473684,19,44.835289,126.530466,3,Urban,3,Urban,0,1,0,0,0,1,TRUE,Urban-dominated
2723,2.540797101,0.459202899,69,41.470043,126.137606,1,Natural vegetation,1,Natural vegetation,1,0,0,0,0,0,FALSE,Natural-dominated
2724,2.61,0.39,3,41.997573,127.333863,1,Natural vegetation,1,Natural vegetation,1,0,0,0,0,0,FALSE,Natural-dominated
2726,1.6565,1.3435,4,43.829095,126.56626,3,Urban,3,Urban,0,1,0,0,0,1,TRUE,Urban-dominated
2727,2.132629482,0.867370518,251,43.896536,125.32599,3,Urban,3,Urban,0,1,0,0,0,1,TRUE,Urban-dominated
2728,2.477,0.523,3,44.348903,126.741232,2,Cropland,2,Cropland,0,0,0,1,0,1,TRUE,Ag-dominated
2734,2.673333333,0.326666667,3,43.651058,125.886685,2,Cropland,2,Cropland,0,0,0,1,0,1,TRUE,Ag-dominated
2736,0.92035,2.07965,1,30.913256,104.394305,5,Other,2,Cropland,0,0,0,1,0,1,TRUE,Ag-dominated
2738,2.73,0.27,1,31.938295,106.016657,1,Natural vegetation,1,Natural vegetation,1,0,0,0,0,0,FALSE,Natural-dominated
2741,2.876495,0.123505,2,29.106833,105.649307,2,Cropland,2,Cropland,0.25,0,0,0.75,0,0.75,TRUE,Ag-dominated
2742,2.490535,0.509465,2,32.386776,105.739457,1,Natural vegetation,2,Cropland,0.25,0.25,0,0.5,0,0.75,TRUE,Ag-dominated
2743,2.85,0.15,1,28.46181,105.617896,1,Natural vegetation,1,Natural vegetation,1,0,0,0,0,0,FALSE,Natural-dominated
2744,2.179641059,0.820358941,85,31.09342,102.864996,1,Natural vegetation,1,Natural vegetation,1,0,0,0,0,0,FALSE,Natural-dominated
2745,2.551367347,0.448632653,49,30.057141,101.077814,1,Natural vegetation,1,Natural vegetation,1,0,0,0,0,0,FALSE,Natural-dominated
2747,2.842,0.158,2,30.499615,104.035727,3,Urban,3,Urban,0.25,0.75,0,0,0,0.75,TRUE,Urban-dominated
2750,2.401191176,0.598808824,68,31.141915,102.423009,1,Natural vegetation,1,Natural vegetation,1,0,0,0,0,0,FALSE,Natural-dominated
2753,1.815467391,1.184532609,23,30.899389,103.960365,2,Cropland,2,Cropland,0,0,0,1,0,1,TRUE,Ag-dominated
2756,2.016288875,0.983711125,80,27.965618,102.131198,2,Cropland,1,Natural vegetation,0.75,0,0,0.25,0,0.25,FALSE,Natural-dominated
2757,2.225423729,0.774576271,59,30.45568,104.003892,2,Cropland,3,Urban,0,1,0,0,0,1,TRUE,Urban-dominated
2760,0.331,2.669,1,30.651651,104.075931,3,Urban,3,Urban,0,1,0,0,0,1,TRUE,Urban-dominated
2761,1.919256667,1.080743333,6,31.31484,104.400543,2,Cropland,2,Cropland,0,0,0,1,0,1,TRUE,Ag-dominated
2766,2.24521,0.75479,1,30.381788,103.869644,2,Cropland,2,Cropland,0.25,0.25,0,0.5,0,0.75,TRUE,Ag-dominated
2768,1.506212963,1.493787037,27,27.888273,102.251128,3,Urban,3,Urban,0,1,0,0,0,1,TRUE,Urban-dominated
2770,2.538333333,0.461666667,6,31.376229,104.896536,2,Cropland,2,Cropland,0,0,0,1,0,1,TRUE,Ag-dominated
2772,0.6426,2.3574,5,31.676821,107.62806,1,Natural vegetation,1,Natural vegetation,1,0,0,0,0,0,FALSE,Natural-dominated
2780,2.1125,0.8875,4,29.504172,103.74717,1,Natural vegetation,1,Natural vegetation,0.5,0.25,0,0.25,0,0.5,TRUE,Natural-dominated
2783,0.175,2.825,4,31.286621,105.271433,1,Natural vegetation,1,Natural vegetation,1,0,0,0,0,0,FALSE,Natural-dominated
2786,1.321483333,1.678516667,6,28.887274,105.401685,3,Urban,1,Natural vegetation,0.5,0.5,0,0,0,0.5,TRUE,Urban-dominated
2789,2.75349,0.24651,2,28.898659,104.95491,2,Cropland,2,Cropland,0,0,0,1,0,1,TRUE,Ag-dominated
2791,2.538905802,0.461094198,131,31.028382,106.619841,2,Cropland,2,Cropland,0,0,0,1,0,1,TRUE,Ag-dominated
2793,2.79,0.21,2,29.891922,104.636796,2,Cropland,2,Cropland,0,0,0,1,0,1,TRUE,Ag-dominated
2794,2.85,0.15,1,31.040764,106.862146,2,Cropland,1,Natural vegetation,0.5,0,0,0.5,0,0.5,TRUE,Ag-dominated
2795,0.47,2.53,1,31.065617,105.190887,5,Other,2,Cropland,0,0,0,1,0,1,TRUE,Ag-dominated
2799,2.546023889,0.453976111,18,31.535904,104.372125,2,Cropland,2,Cropland,0,0,0,1,0,1,TRUE,Ag-dominated
2801,2.600666667,0.399333333,18,29.401596,103.827306,3,Urban,2,Cropland,0,0.5,0,0.5,0,1,TRUE,Urban-dominated
2803,2.640769231,0.359230769,26,32.389563,105.781436,1,Natural vegetation,1,Natural vegetation,0.75,0.25,0,0,0,0.25,FALSE,Natural-dominated
2805,2.70216,0.29784,11,32.189997,105.415702,1,Natural vegetation,1,Natural vegetation,1,0,0,0,0,0,FALSE,Natural-dominated
2806,2.386380952,0.613619048,21,31.018642,104.859137,3,Urban,2,Cropland,0,0,0,1,0,1,TRUE,Ag-dominated
2807,1.817357143,1.182642857,14,30.558761,105.511944,2,Cropland,1,Natural vegetation,1,0,0,0,0,0,FALSE,Natural-dominated
2808,2.547620087,0.452379913,229,30.321626,105.340003,1,Natural vegetation,2,Cropland,0,0,0,1,0,1,TRUE,Ag-dominated
2817,0.67,2.33,1,26.5972815,101.5065686,5,Other,1,Natural vegetation,1,0,0,0,0,0,FALSE,Natural-dominated
2819,2.162707108,0.837292892,83,40.030984,117.613633,5,Other,5,Other,0,0,1,0,0,0,FALSE,Mixed
2820,1.955388889,1.044611111,18,40.040942,117.498843,5,Other,5,Other,0,0.25,0.5,0,0.25,0.25,FALSE,Mixed
2821,1.574034871,1.425965129,464,39.150547,117.160843,3,Urban,3,Urban,0,1,0,0,0,1,TRUE,Urban-dominated
2822,2.475128205,0.524871795,39,38.763512,117.565847,4,Wetland,3,Urban,0,0.5,0.5,0,0,0.5,TRUE,Urban-dominated
2823,1.852900433,1.147099567,231,39.177685,117.178687,3,Urban,3,Urban,0,1,0,0,0,1,TRUE,Urban-dominated
2824,1.772916667,1.227083333,24,38.680679,117.083436,2,Cropland,2,Cropland,0,0,0,1,0,1,TRUE,Ag-dominated
2825,1.839511667,1.160488333,48,38.075104,114.295174,3,Urban,2,Cropland,0,0.5,0,0.5,0,1,TRUE,Urban-dominated
2826,1.388796613,1.611203387,564,39.057732,117.656499,3,Urban,3,Urban,0,1,0,0,0,1,TRUE,Urban-dominated
2827,1.497237027,1.502762973,185,39.162712,117.172691,3,Urban,3,Urban,0,1,0,0,0,1,TRUE,Urban-dominated
2828,2.725751667,0.274248333,30,39.399788,117.364817,3,Urban,2,Cropland,0,0,0,1,0,1,TRUE,Ag-dominated
2830,2.983,0.017,2,40.037261,117.444056,5,Other,3,Urban,0,0.75,0,0,0.25,0.75,TRUE,Urban-dominated
2831,2.110736842,0.889263158,95,38.575858,117.311264,4,Wetland,2,Cropland,0,0.25,0,0.75,0,1,TRUE,Ag-dominated
2832,2.154501379,0.845498621,145,39.099467,117.236295,3,Urban,3,Urban,0,1,0,0,0,1,TRUE,Urban-dominated
2833,1.665774837,1.334225163,215,39.047531,117.345251,3,Urban,3,Urban,0,1,0,0,0,1,TRUE,Urban-dominated
2834,2.215148462,0.784851538,130,39.880008,117.401466,2,Cropland,2,Cropland,0,0,0,1,0,1,TRUE,Ag-dominated
2835,1.897669832,1.102330168,179,38.689473,117.107112,2,Cropland,2,Cropland,0,0,0,1,0,1,TRUE,Ag-dominated
2836,2.215540816,0.784459184,98,38.987431,117.719872,5,Other,3,Urban,0,1,0,0,0,1,TRUE,Urban-dominated
2837,2.09202454,0.90797546,163,39.084158,117.200983,3,Urban,3,Urban,0,1,0,0,0,1,TRUE,Urban-dominated
2838,2.196666667,0.803333333,3,40.135123,117.975537,3,Urban,2,Cropland,0,0.5,0,0.5,0,1,TRUE,Urban-dominated
2840,2.4025,0.5975,4,38.813644,106.67004,2,Cropland,2,Cropland,0,0,0,1,0,1,TRUE,Ag-dominated
2843,2.59661875,0.40338125,8,35.834736,106.8165,2,Cropland,2,Cropland,0,0,0,1,0,1,TRUE,Ag-dominated
2844,0.43125,2.56875,1,37.481685,105.563539,1,Natural vegetation,1,Natural vegetation,1,0,0,0,0,0,FALSE,Natural-dominated
2845,2.161454286,0.838545714,7,38.44729,106.29814,3,Urban,3,Urban,0,1,0,0,0,1,TRUE,Urban-dominated
2850,2.271904452,0.728095548,292,31.502262,117.258837,3,Urban,2,Cropland,0,0,0,1,0,1,TRUE,Ag-dominated
2851,2.423069366,0.576930634,284,30.758719,118.686325,1,Natural vegetation,1,Natural vegetation,1,0,0,0,0,0,FALSE,Natural-dominated
2852,2.336962745,0.663037255,102,31.577988,117.87603,3,Urban,2,Cropland,0,0.5,0,0.5,0,1,TRUE,Urban-dominated
2853,2.13883871,0.86116129,62,31.95972,117.499594,2,Cropland,2,Cropland,0,0,0,1,0,1,TRUE,Ag-dominated
2855,2.300874043,0.699125957,94,33.51521,116.943445,2,Cropland,2,Cropland,0,0,0,1,0,1,TRUE,Ag-dominated
2856,2.37619,0.62381,10,30.20963,116.914531,3,Urban,5,Other,0,0,1,0,0,0,FALSE,Mixed
2857,2.235994,0.764006,5,32.388833,116.429457,2,Cropland,2,Cropland,0,0,0.25,0.75,0,0.75,TRUE,Ag-dominated
2859,2.397858537,0.602141463,41,32.199777,118.417907,3,Urban,2,Cropland,0,0.5,0,0.5,0,1,TRUE,Urban-dominated
2861,2.601522222,0.398477778,18,33.127823,117.879486,3,Urban,2,Cropland,0,0.25,0,0.75,0,1,TRUE,Ag-dominated
2862,2.475050805,0.524949195,87,32.605506,116.764262,2,Cropland,2,Cropland,0,0.5,0,0.5,0,1,TRUE,Urban-dominated
2864,2.445630709,0.554369291,127,30.584347,117.078305,5,Other,2,Cropland,0,0,0,1,0,1,TRUE,Ag-dominated
2865,1.845163256,1.154836744,1041,33.262629,117.804218,2,Cropland,2,Cropland,0,0,0,1,0,1,TRUE,Ag-dominated
2866,2.03367698,0.96632302,500,33.85356,117.280926,2,Cropland,2,Cropland,0,0,0,1,0,1,TRUE,Ag-dominated
2867,1.980208537,1.019791463,164,33.138513,116.19039,3,Urban,3,Urban,0,1,0,0,0,1,TRUE,Urban-dominated
2868,2.02382,0.97618,2,31.016411,118.952277,2,Cropland,2,Cropland,0.25,0,0,0.5,0.25,0.5,TRUE,Ag-dominated
2869,2.461,0.539,50,31.410873,116.91384,2,Cropland,2,Cropland,0,0,0,1,0,1,TRUE,Ag-dominated
2870,2.193822836,0.806177164,67,30.128011,116.618304,2,Cropland,2,Cropland,0,0,0,1,0,1,TRUE,Ag-dominated
2872,2.295745411,0.704254589,207,31.76996,118.355088,3,Urban,2,Cropland,0,0,0,1,0,1,TRUE,Ag-dominated
2873,2.093897576,0.906102424,165,31.861184,117.284922,3,Urban,3,Urban,0,1,0,0,0,1,TRUE,Urban-dominated
2875,2.98606,0.01394,1,31.095417,116.90207,1,Natural vegetation,1,Natural vegetation,1,0,0,0,0,0,FALSE,Natural-dominated
2876,2.237987952,0.762012048,166,30.024119,116.34803,5,Other,5,Other,0,0,1,0,0,0,FALSE,Mixed
2877,2.516379286,0.483620714,14,32.373979,116.498832,2,Cropland,2,Cropland,0,0,0,1,0,1,TRUE,Ag-dominated
2878,2.106634416,0.893365584,308,32.704886,119.026529,3,Urban,2,Cropland,0,0.5,0,0.5,0,1,TRUE,Urban-dominated
2880,0.2927,2.7073,1,31.549437,118.479184,3,Urban,2,Cropland,0,0.25,0,0.75,0,1,TRUE,Ag-dominated
2882,2.803684211,0.196315789,19,33.4530255,117.8850083,1,Natural vegetation,2,Cropland,0,0.25,0,0.75,0,1,TRUE,Ag-dominated
2883,2.408709766,0.591290234,256,33.34421,116.426383,3,Urban,2,Cropland,0,0,0,1,0,1,TRUE,Ag-dominated
2884,1.961062219,1.038937781,347,32.350232,116.273076,3,Urban,2,Cropland,0,0.25,0.25,0.5,0,0.75,TRUE,Ag-dominated
2885,1.869228247,1.130771753,308,33.840665,115.791037,3,Urban,3,Urban,0,0.75,0,0.25,0,1,TRUE,Urban-dominated
2886,2.12442509,0.87557491,279,31.15702,117.439766,2,Cropland,1,Natural vegetation,0.5,0,0,0.5,0,0.5,TRUE,Ag-dominated
2888,2.498118182,0.501881818,11,31.484455,118.492964,2,Cropland,3,Urban,0,1,0,0,0,1,TRUE,Urban-dominated
2889,2.007053846,0.992946154,234,31.714434,118.319357,2,Cropland,2,Cropland,0,0.5,0,0.5,0,1,TRUE,Urban-dominated
2890,1.2795,1.7205,2,32.271894,116.220503,2,Cropland,2,Cropland,0,0,0.25,0.75,0,0.75,TRUE,Ag-dominated
2891,2.585062133,0.414937867,75,32.775789,117.103527,2,Cropland,2,Cropland,0,0.5,0,0.5,0,1,TRUE,Urban-dominated
2893,2.5334,0.4666,5,31.98873,117.087304,2,Cropland,2,Cropland,0,0,0,1,0,1,TRUE,Ag-dominated
2894,2.11736,0.88264,11,29.961077,118.504612,2,Cropland,1,Natural vegetation,0.75,0,0,0.25,0,0.25,FALSE,Natural-dominated
2895,1.951495275,1.048504725,910,31.683019,117.471625,2,Cropland,3,Urban,0,1,0,0,0,1,TRUE,Urban-dominated
2896,1.501677966,1.498322034,354,30.771958,117.410646,2,Cropland,2,Cropland,0,0,0,1,0,1,TRUE,Ag-dominated
2897,2.15001,0.84999,80,31.769141,117.754946,3,Urban,3,Urban,0,1,0,0,0,1,TRUE,Urban-dominated
2899,2.603594286,0.396405714,14,30.27099,116.669977,5,Other,5,Other,0,0,1,0,0,0,FALSE,Mixed
2900,2.684032,0.315968,15,31.618256,117.2443,2,Cropland,2,Cropland,0,0,0,1,0,1,TRUE,Ag-dominated
2901,2.344716818,0.655283182,22,30.593188,114.273591,3,Urban,3,Urban,0,0.75,0.25,0,0,0.75,TRUE,Urban-dominated
2902,2.1504075,0.8495925,20,31.332876,117.096014,3,Urban,2,Cropland,0,0,0,1,0,1,TRUE,Ag-dominated
2903,2.757325,0.242675,4,30.691628,118.98031,3,Urban,3,Urban,0,1,0,0,0,1,TRUE,Urban-dominated
29033,0.050566667,2.949433333,343,54.38959,-1.655021,2,Cropland,2,Cropland,0,0.5,0,0.5,0,1,TRUE,Urban-dominated
2904,2.456581818,0.543418182,165,32.502665,116.521698,5,Other,2,Cropland,0,0,0.25,0.75,0,0.75,TRUE,Ag-dominated
29040,0,3,961,53.81909,-0.9290913,2,Cropland,2,Cropland,0,0,0,1,0,1,TRUE,Ag-dominated
29041,0.286609458,2.713390542,1323,53.72318,-1.192203,2,Cropland,2,Cropland,0,0,0,1,0,1,TRUE,Ag-dominated
29043,0.470761571,2.529238429,1168,53.14185,-0.7950109,2,Cropland,2,Cropland,0,0,0,1,0,1,TRUE,Ag-dominated
29044,2.101895651,0.898104349,785,53.727,-1.381586,3,Urban,3,Urban,0,1,0,0,0,1,TRUE,Urban-dominated
2905,2.106204054,0.893795946,37,31.18298,118.794129,2,Cropland,1,Natural vegetation,0.75,0,0,0.25,0,0.25,FALSE,Natural-dominated
2906,2.835,0.165,1,30.991272,119.936981,3,Urban,3,Urban,0,1,0,0,0,1,TRUE,Urban-dominated
2907,2.19,0.81,3,29.690279,118.312937,3,Urban,1,Natural vegetation,0.5,0.5,0,0,0,0.5,TRUE,Urban-dominated
2908,2.266674464,0.733325536,56,30.459931,118.245551,1,Natural vegetation,1,Natural vegetation,1,0,0,0,0,0,FALSE,Natural-dominated
2909,2.155772973,0.844227027,37,33.637904,116.048247,2,Cropland,2,Cropland,0,0,0,1,0,1,TRUE,Ag-dominated
2910,2.004979509,0.995020491,529,32.288364,118.315567,3,Urban,3,Urban,0,0.75,0,0.25,0,1,TRUE,Urban-dominated
2911,1.809204792,1.190795208,722,33.540418,115.637255,2,Cropland,2,Cropland,0,0,0,1,0,1,TRUE,Ag-dominated
2912,1.549333333,1.450666667,3,31.08593,119.031442,2,Cropland,5,Other,0,0,1,0,0,0,FALSE,Mixed
2913,2.119935484,0.880064516,31,32.570486,116.5909,4,Wetland,2,Cropland,0,0,0,1,0,1,TRUE,Ag-dominated
2914,2.5944625,0.4055375,8,31.645018,117.858773,3,Urban,1,Natural vegetation,1,0,0,0,0,0,FALSE,Natural-dominated
2915,2.65879,0.34121,2,29.699942,118.293416,3,Urban,3,Urban,0,1,0,0,0,1,TRUE,Urban-dominated
2916,2.74565,0.25435,2,32.407674,116.887689,5,Other,5,Other,0,0,1,0,0,0,FALSE,Mixed
2917,2.231798358,0.768201642,134,38.879326,116.001576,4,Wetland,4,Wetland,0,0,0.5,0,0.5,0,FALSE,Mixed
2918,2.62,0.38,11,30.4956203,117.0053119,5,Other,2,Cropland,0,0.25,0.25,0.5,0,0.75,TRUE,Ag-dominated
2919,2.419303333,0.580696667,9,30.509513,117.000948,2,Cropland,2,Cropland,0,0.25,0.25,0.5,0,0.75,TRUE,Ag-dominated
2920,2.334826349,0.665173651,315,32.059642,116.807275,2,Cropland,2,Cropland,0,0,0,1,0,1,TRUE,Ag-dominated
2921,2.5498652,0.4501348,25,32.641579,116.915776,5,Other,2,Cropland,0,0,0,1,0,1,TRUE,Ag-dominated
2922,1.749073893,1.250926107,244,33.753156,116.979217,3,Urban,2,Cropland,0,0,0,1,0,1,TRUE,Ag-dominated
2924,2.004572381,0.995427619,84,29.763863,118.366667,1,Natural vegetation,1,Natural vegetation,0.75,0.25,0,0,0,0.25,FALSE,Natural-dominated
2925,2.307949057,0.692050943,106,31.785615,117.154467,3,Urban,3,Urban,0,1,0,0,0,1,TRUE,Urban-dominated
2926,2.754037037,0.245962963,27,33.483853,117.215577,2,Cropland,2,Cropland,0,0,0,1,0,1,TRUE,Ag-dominated
2928,1.91145,1.08855,18,31.130526,118.012738,1,Natural vegetation,1,Natural vegetation,0.5,0.25,0.25,0,0,0.25,FALSE,Natural-dominated
2929,1.23955,1.76045,2,30.832508,117.091176,5,Other,5,Other,0,0,0.75,0,0.25,0,FALSE,Mixed
2930,1.934759912,1.065240088,454,33.316899,117.316955,3,Urban,3,Urban,0,1,0,0,0,1,TRUE,Urban-dominated
2932,2.1705,0.8295,2,32.045256,116.621515,2,Cropland,2,Cropland,0,0,0,1,0,1,TRUE,Ag-dominated
2933,2.021286031,0.978713969,262,33.219622,116.067254,2,Cropland,2,Cropland,0,0,0,1,0,1,TRUE,Ag-dominated
2934,0.41265,2.58735,4,31.229151,118.288408,3,Urban,2,Cropland,0,0,0,1,0,1,TRUE,Ag-dominated
2936,2.384951342,0.615048658,298,31.630932,118.517796,2,Cropland,3,Urban,0,0.75,0,0.25,0,1,TRUE,Urban-dominated
2937,1.903770833,1.096229167,180,32.658297,115.595644,3,Urban,2,Cropland,0,0.25,0,0.75,0,1,TRUE,Ag-dominated
2938,2.071814733,0.928185267,562,31.71867,118.521306,3,Urban,3,Urban,0,1,0,0,0,1,TRUE,Urban-dominated
2939,2.189928111,0.810071889,90,32.912195,115.867791,3,Urban,2,Cropland,0,0.5,0,0.5,0,1,TRUE,Urban-dominated
2940,2.88087,0.11913,1,31.589232,117.271944,2,Cropland,2,Cropland,0,0,0,1,0,1,TRUE,Ag-dominated
2941,2.97764,0.02236,1,31.539384,116.332494,2,Cropland,2,Cropland,0,0,0,1,0,1,TRUE,Ag-dominated
2943,2.133830778,0.866169222,90,30.934479,117.926587,2,Cropland,3,Urban,0.25,0.5,0,0.25,0,0.75,TRUE,Urban-dominated
2944,2.296216897,0.703783103,145,31.449897,116.423277,2,Cropland,2,Cropland,0,0,0,1,0,1,TRUE,Ag-dominated
2946,1.974381579,1.025618421,76,29.992903,116.466746,5,Other,5,Other,0,0,1,0,0,0,FALSE,Mixed
2947,0.766,2.234,4,31.657076,117.545139,2,Cropland,2,Cropland,0,0,0,1,0,1,TRUE,Ag-dominated
2948,2.039781022,0.960218978,411,33.103036,116.867173,3,Urban,2,Cropland,0,0,0,1,0,1,TRUE,Ag-dominated
2949,2.555,0.445,1,29.905695,115.966227,2,Cropland,2,Cropland,0,0,0,1,0,1,TRUE,Ag-dominated
2951,1.566520343,1.433479657,467,35.545375,116.827792,3,Urban,3,Urban,0,1,0,0,0,1,TRUE,Urban-dominated
2952,2.461944444,0.538055556,36,36.665194,117.065407,3,Urban,3,Urban,0,1,0,0,0,1,TRUE,Urban-dominated
2953,2.67275,0.32725,8,36.074312,118.753745,2,Cropland,2,Cropland,0,0,0,1,0,1,TRUE,Ag-dominated
2954,2.337090909,0.662909091,11,34.764207,118.710756,2,Cropland,2,Cropland,0,0,0,1,0,1,TRUE,Ag-dominated
2956,1.867368966,1.132631034,29,38.018599,118.909417,5,Other,5,Other,0,0,1,0,0,0,FALSE,Mixed
2957,2.377470588,0.622529412,17,36.94308,118.106575,3,Urban,2,Cropland,0,0,0,1,0,1,TRUE,Ag-dominated
2959,2.262357143,0.737642857,28,34.90613,117.237479,3,Urban,2,Cropland,0,0.25,0,0.75,0,1,TRUE,Ag-dominated
2960,2.150294819,0.849705181,193,35.496218,118.818401,2,Cropland,2,Cropland,0,0.5,0,0.5,0,1,TRUE,Urban-dominated
2961,2.050785311,0.949214689,177,35.341198,119.454681,3,Urban,3,Urban,0,0.5,0.25,0.25,0,0.75,TRUE,Urban-dominated
2962,2.87,0.13,1,36.467925,119.51198,5,Other,5,Other,0,0,1,0,0,0,FALSE,Mixed
2963,2.2975,0.7025,28,37.41156,116.317671,3,Urban,3,Urban,0,0.75,0,0.25,0,1,TRUE,Urban-dominated
2964,2.100497541,0.899502459,122,37.505466,117.86615,2,Cropland,2,Cropland,0,0,0,1,0,1,TRUE,Ag-dominated
2965,1.925444444,1.074555556,18,36.748637,115.927885,2,Cropland,2,Cropland,0,0,0,1,0,1,TRUE,Ag-dominated
2966,1.760244094,1.239755906,381,36.665439,116.839637,2,Cropland,2,Cropland,0,0,0,1,0,1,TRUE,Ag-dominated
2967,2.339521739,0.660478261,23,35.389133,116.593313,3,Urban,3,Urban,0,1,0,0,0,1,TRUE,Urban-dominated
2968,2.407639376,0.592360624,513,36.584928,121.025384,5,Other,5,Other,0,0,1,0,0,0,FALSE,Mixed
2969,2.198926786,0.801073214,56,35.104323,116.999244,2,Cropland,2,Cropland,0,0.25,0,0.75,0,1,TRUE,Ag-dominated
2970,1.930806452,1.069193548,31,35.093029,116.390365,2,Cropland,2,Cropland,0,0,0,1,0,1,TRUE,Ag-dominated
2971,0.45943,2.54057,1,36.007278,112.369528,1,Natural vegetation,1,Natural vegetation,0.75,0,0,0.25,0,0.25,FALSE,Natural-dominated
2972,2.037666667,0.962333333,12,35.6432,111.311222,2,Cropland,2,Cropland,0,0,0,1,0,1,TRUE,Ag-dominated
2974,2.553756667,0.446243333,24,39.385192,112.7273,5,Other,2,Cropland,0,0,0,1,0,1,TRUE,Ag-dominated
2975,1.545,1.455,4,37.391903,110.638294,1,Natural vegetation,1,Natural vegetation,1,0,0,0,0,0,FALSE,Natural-dominated
2976,1.683183,1.316817,20,39.046414,112.928209,2,Cropland,2,Cropland,0,0,0,1,0,1,TRUE,Ag-dominated
2977,2.517918,0.482082,100,36.851836,112.904166,1,Natural vegetation,1,Natural vegetation,1,0,0,0,0,0,FALSE,Natural-dominated
2979,2.469072353,0.530927647,68,39.881319,113.436835,1,Natural vegetation,1,Natural vegetation,0.75,0,0,0.25,0,0.25,FALSE,Natural-dominated
2980,2.278333333,0.721666667,18,37.011252,112.659155,1,Natural vegetation,1,Natural vegetation,1,0,0,0,0,0,FALSE,Natural-dominated
2982,1.193846154,1.806153846,39,37.061278,111.84924,3,Urban,3,Urban,0,1,0,0,0,1,TRUE,Urban-dominated
2984,2.298422909,0.701577091,110,35.804568,112.091637,2,Cropland,1,Natural vegetation,1,0,0,0,0,0,FALSE,Natural-dominated
2985,1.667533776,1.332466224,527,36.262111,112.893756,2,Cropland,2,Cropland,0,0,0,1,0,1,TRUE,Ag-dominated
2988,2.067797534,0.932202466,73,35.721123,110.611691,1,Natural vegetation,2,Cropland,0.25,0,0,0.75,0,0.75,TRUE,Ag-dominated
2989,2.285758056,0.714241944,36,38.507979,112.970149,2,Cropland,2,Cropland,0,0,0,1,0,1,TRUE,Ag-dominated
2990,0.07,2.93,1,35.802291,112.325978,2,Cropland,1,Natural vegetation,0.75,0,0,0.25,0,0.25,FALSE,Natural-dominated
2991,2.302448276,0.697551724,58,34.827824,110.350121,2,Cropland,2,Cropland,0,0,0,1,0,1,TRUE,Ag-dominated
2992,2.1240756,0.8759244,25,38.204692,111.790879,1,Natural vegetation,1,Natural vegetation,1,0,0,0,0,0,FALSE,Natural-dominated
2993,2.4066108,0.5933892,50,40.248502,112.313511,1,Natural vegetation,1,Natural vegetation,1,0,0,0,0,0,FALSE,Natural-dominated
2994,2.7038,0.2962,6,37.116438,111.938469,2,Cropland,3,Urban,0,0.75,0,0.25,0,1,TRUE,Urban-dominated
2996,2.394316,0.605684,15,40.527234,114.26629,1,Natural vegetation,1,Natural vegetation,1,0,0,0,0,0,FALSE,Natural-dominated
2997,2.755446,0.244554,5,38.08174,111.885129,5,Other,1,Natural vegetation,0.5,0,0.5,0,0,0,FALSE,Natural-dominated
2998,2.778333333,0.221666667,6,37.394505,111.933908,2,Cropland,2,Cropland,0,0,0,1,0,1,TRUE,Ag-dominated
2999,2.683333333,0.316666667,9,37.545849,112.623635,2,Cropland,2,Cropland,0,0,0,1,0,1,TRUE,Ag-dominated
3001,1.908727273,1.091272727,11,37.848604,113.648897,3,Urban,3,Urban,0.25,0.5,0,0.25,0,0.75,TRUE,Urban-dominated
3002,2.29677,0.70323,4,38.602968,110.89649,1,Natural vegetation,1,Natural vegetation,1,0,0,0,0,0,FALSE,Natural-dominated
3004,2.265818182,0.734181818,22,38.349717,112.736862,2,Cropland,2,Cropland,0,0,0,1,0,1,TRUE,Ag-dominated
3005,2.428732258,0.571267742,31,38.437547,112.760715,2,Cropland,2,Cropland,0,0.5,0,0.5,0,1,TRUE,Urban-dominated
3007,2.0940625,0.9059375,64,37.473111,112.332332,3,Urban,2,Cropland,0,0,0,1,0,1,TRUE,Ag-dominated
3008,2.4731,0.5269,2,36.451597,110.666933,1,Natural vegetation,1,Natural vegetation,1,0,0,0,0,0,FALSE,Natural-dominated
3009,2.573914286,0.426085714,7,34.787733,110.74778,2,Cropland,1,Natural vegetation,1,0,0,0,0,0,FALSE,Natural-dominated
3012,2.18496648,0.81503352,358,23.663332,117.010667,5,Other,3,Urban,0,0.5,0.5,0,0,0.5,TRUE,Urban-dominated
3013,2.67,0.33,1,23.103511,113.299762,3,Urban,3,Urban,0,1,0,0,0,1,TRUE,Urban-dominated
3014,2.385140244,0.614859756,164,22.888408,115.670252,5,Other,5,Other,0.25,0,0.5,0.25,0,0.25,FALSE,Mixed
3015,2.270594406,0.729405594,286,20.874187,110.065695,2,Cropland,5,Other,0,0,1,0,0,0,FALSE,Mixed
3017,0.25,2.75,1,23.557082,113.573502,3,Urban,3,Urban,0.25,0.5,0,0.25,0,0.75,TRUE,Urban-dominated
3018,2.373,0.627,4,21.788581,111.940695,3,Urban,5,Other,0,0,1,0,0,0,FALSE,Mixed
3019,2.540483871,0.459516129,62,23.123124,113.804508,3,Urban,3,Urban,0,1,0,0,0,1,TRUE,Urban-dominated
3020,2.7298125,0.2701875,48,22.528784,113.3708,3,Urban,3,Urban,0,1,0,0,0,1,TRUE,Urban-dominated
3021,2.395,0.605,4,21.426139,110.797865,3,Urban,3,Urban,0,1,0,0,0,1,TRUE,Urban-dominated
3022,2.63394636,0.36605364,261,23.6177,114.043419,1,Natural vegetation,1,Natural vegetation,1,0,0,0,0,0,FALSE,Natural-dominated
3024,2.698115385,0.301884615,78,21.817654,112.20793,3,Urban,5,Other,0,0,1,0,0,0,FALSE,Mixed
3025,2.509520958,0.490479042,167,23.624911,116.084536,1,Natural vegetation,1,Natural vegetation,1,0,0,0,0,0,FALSE,Natural-dominated
3027,2.603636364,0.396363636,22,21.912125,110.292455,5,Other,5,Other,0,0,1,0,0,0,FALSE,Mixed
3029,2.382325581,0.617674419,86,23.031892,115.691944,1,Natural vegetation,1,Natural vegetation,0.75,0,0,0.25,0,0.25,FALSE,Natural-dominated
3031,2.196739535,0.803260465,215,22.926477,114.078428,3,Urban,3,Urban,0.25,0.75,0,0,0,0.75,TRUE,Urban-dominated
3032,2.209053812,0.790946188,223,22.761322,114.127158,3,Urban,3,Urban,0,1,0,0,0,1,TRUE,Urban-dominated
3034,2.677166667,0.322833333,30,22.548277,114.144205,3,Urban,3,Urban,0,1,0,0,0,1,TRUE,Urban-dominated
3035,2.102247191,0.897752809,534,22.9081,113.604057,3,Urban,3,Urban,0,1,0,0,0,1,TRUE,Urban-dominated
3036,2.5372,0.4628,25,22.909763,115.33408,5,Other,5,Other,0,0,1,0,0,0,FALSE,Mixed
3037,2.125585075,0.874414925,335,23.216101,116.624073,3,Urban,5,Other,0.25,0,0.5,0.25,0,0.25,FALSE,Mixed
3038,1.947872881,1.052127119,118,22.504472,114.620918,5,Other,5,Other,0,0,1,0,0,0,FALSE,Mixed
3039,2.388833333,0.611166667,60,21.704117,110.314917,1,Natural vegetation,5,Other,0,0.25,0.5,0.25,0,0.5,TRUE,Mixed
3040,1.974701456,1.025298544,824,21.833564,112.661708,5,Other,1,Natural vegetation,0.5,0,0.5,0,0,0,FALSE,Natural-dominated
3041,2.14464465,0.85535535,757,22.928083,114.111006,3,Urban,1,Natural vegetation,0.5,0.5,0,0,0,0.5,TRUE,Urban-dominated
3042,1.631731092,1.368268908,952,22.202501,113.529852,3,Urban,1,Natural vegetation,1,0,0,0,0,0,FALSE,Natural-dominated
3044,2.697416667,0.302583333,156,21.222112,110.48836,5,Other,2,Cropland,0,0,0,1,0,1,TRUE,Ag-dominated
3045,2.639285714,0.360714286,42,21.914394,110.800196,1,Natural vegetation,2,Cropland,0,0,0,1,0,1,TRUE,Ag-dominated
3047,2.309047619,0.690952381,42,26.040433,119.30373,3,Urban,3,Urban,0,1,0,0,0,1,TRUE,Urban-dominated
3048,2.724390244,0.275609756,41,21.899485,111.599009,1,Natural vegetation,1,Natural vegetation,1,0,0,0,0,0,FALSE,Natural-dominated
3051,2.119059561,0.880940439,319,22.819872,114.198587,3,Urban,3,Urban,0,1,0,0,0,1,TRUE,Urban-dominated
3054,2.587468354,0.412531646,79,22.043911,110.84747,2,Cropland,2,Cropland,0.25,0,0,0.75,0,0.75,TRUE,Ag-dominated
3057,2.272957143,0.727042857,14,22.32444,107.00286,5,Other,1,Natural vegetation,1,0,0,0,0,0,FALSE,Natural-dominated
3062,2.479284444,0.520715556,9,22.62867,110.154484,3,Urban,3,Urban,0,1,0,0,0,1,TRUE,Urban-dominated
3064,2.366090909,0.633909091,11,23.496188,111.315001,3,Urban,3,Urban,0,1,0,0,0,1,TRUE,Urban-dominated
3067,2.609047619,0.390952381,21,21.49836,109.487331,2,Cropland,2,Cropland,0,0,0.5,0.5,0,0.5,TRUE,Ag-dominated
3078,2.85896,0.14104,1,22.80351,108.925424,1,Natural vegetation,2,Cropland,0,0,0,1,0,1,TRUE,Ag-dominated
3080,2.562478585,0.437521415,537,21.661164,109.187354,3,Urban,1,Natural vegetation,1,0,0,0,0,0,FALSE,Natural-dominated
3082,2.491764706,0.508235294,17,21.478081,109.088091,3,Urban,3,Urban,0,1,0,0,0,1,TRUE,Urban-dominated
3083,2.502820833,0.497179167,24,22.658889,107.052149,1,Natural vegetation,1,Natural vegetation,0.75,0,0,0.25,0,0.25,FALSE,Natural-dominated
3084,2.699526667,0.300473333,3,21.952482,108.629303,3,Urban,3,Urban,0.333333333,0.666666667,0,0,0,0.666666667,TRUE,Urban-dominated
3087,2.255788,0.744212,5,23.271717,107.640959,3,Urban,1,Natural vegetation,0.5,0,0,0.5,0,0.5,TRUE,Ag-dominated
3090,2.504857143,0.495142857,7,23.750608,109.204224,3,Urban,3,Urban,0,0.75,0,0.25,0,1,TRUE,Urban-dominated
3091,2.214603581,0.785396419,782,22.821797,108.367836,3,Urban,3,Urban,0,1,0,0,0,1,TRUE,Urban-dominated
3099500,2.816666667,0.183333333,3,41.03672598,-80.5361815,3,Urban,1,Natural vegetation,1,0,0,0,0,0,FALSE,Natural-dominated
3106,2.80139,0.19861,1,42.871439,90.201337,3,Urban,3,Urban,0,1,0,0,0,1,TRUE,Urban-dominated
3107,0.3026425,2.6973575,4,44.487779,81.158159,1,Natural vegetation,1,Natural vegetation,0.75,0,0.25,0,0,0,FALSE,Natural-dominated
3114,2.751516854,0.248483146,89,32.009033,118.826554,3,Urban,3,Urban,0,1,0,0,0,1,TRUE,Urban-dominated
3115,1.263208333,1.736791667,24,33.909789,118.294211,3,Urban,3,Urban,0,1,0,0,0,1,TRUE,Urban-dominated
3117,1.668404878,1.331595122,615,33.700643,118.925481,2,Cropland,2,Cropland,0,0,0,1,0,1,TRUE,Ag-dominated
3118,2.684564103,0.315435897,78,31.581693,119.733919,2,Cropland,2,Cropland,0,0,0,0.75,0.25,0.75,TRUE,Ag-dominated
3119,1.593568182,1.406431818,22,33.311428,118.304098,2,Cropland,2,Cropland,0,0,0,1,0,1,TRUE,Ag-dominated
3120,2.402149425,0.597850575,87,31.547984,120.010409,2,Cropland,2,Cropland,0,0.25,0,0.75,0,1,TRUE,Ag-dominated
3121,1.344772152,1.655227848,79,32.002485,120.026617,2,Cropland,2,Cropland,0,0,0.25,0.75,0,0.75,TRUE,Ag-dominated
3122,2.38287234,0.61712766,47,31.678267,120.154207,3,Urban,3,Urban,0,1,0,0,0,1,TRUE,Urban-dominated
3123,2.331461538,0.668538462,13,33.597258,118.897236,2,Cropland,2,Cropland,0,0.5,0,0.5,0,1,TRUE,Urban-dominated
3123499,2.562179487,0.437820513,13,38.2150706,-85.7480176,3,Urban,3,Urban,0,1,0,0,0,1,TRUE,Urban-dominated
3124,0.01,2.99,1,31.211617,119.89146,3,Urban,2,Cropland,0.25,0,0.25,0.5,0,0.5,TRUE,Ag-dominated
3125,2.144535545,0.855464455,211,32.328114,119.396018,3,Urban,2,Cropland,0,0.5,0,0.5,0,1,TRUE,Urban-dominated
3126,2.16815035,0.83184965,286,32.598956,120.945333,5,Other,1,Natural vegetation,0.25,0,0.25,0.25,0.25,0.25,FALSE,Mixed
3128,2.649864407,0.350135593,59,32.061707,118.763232,3,Urban,3,Urban,0,1,0,0,0,1,TRUE,Urban-dominated
3129,2.973333333,0.026666667,3,34.639856,116.715063,5,Other,2,Cropland,0,0.5,0,0.5,0,1,TRUE,Urban-dominated
3130,2.32232618,0.67767382,233,31.488754,120.304898,3,Urban,3,Urban,0,1,0,0,0,1,TRUE,Urban-dominated
3131,1.936235808,1.063764192,687,33.268901,118.983374,2,Cropland,2,Cropland,0,0,0,1,0,1,TRUE,Ag-dominated
3132,2.311166667,0.688833333,24,31.816204,121.022964,3,Urban,3,Urban,0,1,0,0,0,1,TRUE,Urban-dominated
3133,2.318699531,0.681300469,426,31.930388,121.822913,2,Cropland,5,Other,0.25,0,0.5,0.25,0,0.25,FALSE,Mixed
3134,1.771438095,1.228561905,105,32.056126,120.412665,3,Urban,5,Other,0,0.25,0.5,0.25,0,0.5,TRUE,Mixed
3135,1.996230263,1.003769737,304,32.05804,121.591802,3,Urban,2,Cropland,0,0.25,0,0.75,0,1,TRUE,Ag-dominated
3136,2.57395122,0.42604878,41,31.635595,119.506363,5,Other,2,Cropland,0,0.25,0.25,0.25,0.25,0.5,TRUE,Mixed
3137,2.467545455,0.532454545,11,32.090435,120.288398,2,Cropland,2,Cropland,0,0.5,0,0.5,0,1,TRUE,Urban-dominated
3138,2.334303571,0.665696429,168,31.306263,119.239627,2,Cropland,2,Cropland,0,0.25,0,0.75,0,1,TRUE,Ag-dominated
3140,2.412247748,0.587752252,444,32.171928,121.373409,2,Cropland,2,Cropland,0,0.5,0,0.5,0,1,TRUE,Urban-dominated
3143,1.767214286,1.232785714,14,31.405592,120.135477,5,Other,5,Other,0,0,1,0,0,0,FALSE,Mixed
3144,2.609428571,0.390571429,7,31.953122,120.252139,3,Urban,5,Other,0,0,1,0,0,0,FALSE,Mixed
3145,2.494166667,0.505833333,60,32.099615,118.503297,3,Urban,1,Natural vegetation,0.5,0.25,0,0.25,0,0.5,TRUE,Natural-dominated
3146,2.614609756,0.385390244,41,31.758783,120.00259,3,Urban,3,Urban,0,1,0,0,0,1,TRUE,Urban-dominated
3147,2.01943038,0.98056962,316,31.908105,120.062543,2,Cropland,2,Cropland,0,0,0,1,0,1,TRUE,Ag-dominated
3148,2.62,0.38,1,31.452117,120.427174,3,Urban,3,Urban,0,1,0,0,0,1,TRUE,Urban-dominated
3149,2.402117188,0.597882812,128,32.570502,119.949664,3,Urban,2,Cropland,0,0,0,1,0,1,TRUE,Ag-dominated
3150,2.715333333,0.284666667,6,34.217261,117.249737,3,Urban,3,Urban,0,1,0,0,0,1,TRUE,Urban-dominated
3151,2.762,0.238,1,31.22454,119.850415,1,Natural vegetation,1,Natural vegetation,0.5,0,0,0.5,0,0.5,TRUE,Ag-dominated
3152,2.146115385,0.853884615,26,32.492358,119.50462,1,Natural vegetation,1,Natural vegetation,1,0,0,0,0,0,FALSE,Natural-dominated
3153,2.739666667,0.260333333,87,31.768555,120.810987,3,Urban,2,Cropland,0,0,0.25,0.75,0,0.75,TRUE,Ag-dominated
3154,2.442844444,0.557155556,45,32.410881,119.560684,3,Urban,3,Urban,0,1,0,0,0,1,TRUE,Urban-dominated
3155,1.551866541,1.448133459,266,32.538861,119.959148,3,Urban,3,Urban,0,1,0,0,0,1,TRUE,Urban-dominated
3156,1.901,1.099,346,31.547747,121.035126,2,Cropland,2,Cropland,0,0.5,0,0.5,0,1,TRUE,Urban-dominated
3157,2.138206186,0.861793814,97,33.121895,118.750332,3,Urban,2,Cropland,0,0,0.5,0.5,0,0.5,TRUE,Ag-dominated
3158,2.422334218,0.577665782,377,31.515118,121.276419,3,Urban,2,Cropland,0,0.333333333,0.333333333,0.333333333,0,0.666666667,TRUE,Mixed
3159,1.817904762,1.182095238,189,32.485833,119.87053,3,Urban,3,Urban,0,1,0,0,0,1,TRUE,Urban-dominated
3160,2.166714286,0.833285714,28,32.245055,119.911408,3,Urban,3,Urban,0,1,0,0,0,1,TRUE,Urban-dominated
3162,2.478657143,0.521342857,140,31.925323,118.532748,2,Cropland,2,Cropland,0,0,0,0.5,0.5,0.5,TRUE,Ag-dominated
3163,2.281701923,0.718298077,416,33.301657,119.182933,5,Other,5,Other,0,0,1,0,0,0,FALSE,Mixed
3164,1.8966792,1.1033208,25,31.191479,120.661595,3,Urban,3,Urban,0,0.5,0.25,0.25,0,0.75,TRUE,Urban-dominated
3165,1.65,1.35,4,31.46746,118.882541,5,Other,5,Other,0,0,1,0,0,0,FALSE,Mixed
3166,2.239233333,0.760766667,30,32.375163,120.845123,2,Cropland,2,Cropland,0,0,0,1,0,1,TRUE,Ag-dominated
3167,2.257897196,0.742102804,107,32.07894,120.646561,3,Urban,5,Other,0,0,1,0,0,0,FALSE,Mixed
3168,2.061075269,0.938924731,279,32.421756,119.893747,3,Urban,3,Urban,0,0.75,0,0.25,0,1,TRUE,Urban-dominated
3169,0.938095238,2.061904762,21,32.427353,119.265049,3,Urban,2,Cropland,0,0,0,1,0,1,TRUE,Ag-dominated
3170,2.413395498,0.586604502,311,31.260263,120.87278,3,Urban,3,Urban,0,0.5,0.25,0.25,0,0.75,TRUE,Urban-dominated
3171,2.3398,0.6602,5,32.032782,118.752935,3,Urban,3,Urban,0,1,0,0,0,1,TRUE,Urban-dominated
3172,2.212344,0.787656,5,30.831855,120.558677,2,Cropland,3,Urban,0.25,0.5,0,0.25,0,0.75,TRUE,Urban-dominated
3173,1.790818182,1.209181818,11,34.5227503,117.9285451,2,Cropland,2,Cropland,0,0,0,1,0,1,TRUE,Ag-dominated
3174,2.561289474,0.438710526,38,32.302834,121.193199,3,Urban,2,Cropland,0,0.5,0,0.5,0,1,TRUE,Urban-dominated
3175,1.830365854,1.169634146,451,32.945673,120.315457,2,Cropland,2,Cropland,0,0,0,1,0,1,TRUE,Ag-dominated
3176,2.615826087,0.384173913,23,31.346315,119.223289,2,Cropland,2,Cropland,0,0,0,1,0,1,TRUE,Ag-dominated
3177,1.777714286,1.222285714,14,33.104157,118.736352,3,Urban,5,Other,0,0,1,0,0,0,FALSE,Mixed
3178,2.377777778,0.622222222,9,31.554449,120.284393,3,Urban,3,Urban,0,1,0,0,0,1,TRUE,Urban-dominated
3179,2.509096296,0.490903704,135,31.433021,120.875192,2,Cropland,2,Cropland,0,0.5,0,0.5,0,1,TRUE,Urban-dominated
3180,2.221310105,0.778689895,287,31.388542,120.973408,3,Urban,3,Urban,0,1,0,0,0,1,TRUE,Urban-dominated
3181,2.539948276,0.460051724,58,32.123444,119.57278,3,Urban,3,Urban,0,1,0,0,0,1,TRUE,Urban-dominated
3182,2.120516393,0.879483607,122,31.910246,120.32641,3,Urban,3,Urban,0,1,0,0,0,1,TRUE,Urban-dominated
3183,2.3475,0.6525,12,31.577007,120.556522,2,Cropland,1,Natural vegetation,0.5,0,0,0.5,0,0.5,TRUE,Ag-dominated
3186,2.8435,0.1565,2,31.907854,120.204109,3,Urban,3,Urban,0,1,0,0,0,1,TRUE,Urban-dominated
3187,1.419678571,1.580321429,28,31.460995,120.869564,3,Urban,3,Urban,0,1,0,0,0,1,TRUE,Urban-dominated
3188,1.750487952,1.249512048,332,32.065877,118.394022,1,Natural vegetation,1,Natural vegetation,1,0,0,0,0,0,FALSE,Natural-dominated
3189,1.89126087,1.10873913,23,32.061707,118.763232,3,Urban,3,Urban,0,1,0,0,0,1,TRUE,Urban-dominated
3192,2.180555556,0.819444444,234,31.830233,119.607156,2,Cropland,2,Cropland,0,0,0,1,0,1,TRUE,Ag-dominated
3193,2.379,0.621,2,33.401736,118.538133,2,Cropland,2,Cropland,0,0,0.5,0.5,0,0.5,TRUE,Ag-dominated
3195,0.298,2.702,1,28.251621,115.874299,2,Cropland,2,Cropland,0,0,0,1,0,1,TRUE,Ag-dominated
3199,2.202159091,0.797840909,88,29.287166,115.795165,2,Cropland,3,Urban,0.25,0.75,0,0,0,0.75,TRUE,Urban-dominated
3200,1.982279503,1.017720497,161,28.904167,116.263514,5,Other,4,Wetland,0,0,0.5,0,0.5,0,FALSE,Mixed
3202,0.444735294,2.555264706,34,29.007762,115.826974,3,Urban,2,Cropland,0,0.5,0,0.5,0,1,TRUE,Urban-dominated
3204,0.983,2.017,1,28.694779,116.71726,1,Natural vegetation,2,Cropland,0,0.25,0,0.75,0,1,TRUE,Ag-dominated
3207,2.922,0.078,2,29.406277,116.62703,2,Cropland,2,Cropland,0.25,0,0.25,0.5,0,0.5,TRUE,Ag-dominated
3208,1.86,1.14,2,27.809566,114.968562,3,Urban,2,Cropland,0,0,0,1,0,1,TRUE,Ag-dominated
3210,0.996,2.004,1,28.540289,116.780174,1,Natural vegetation,1,Natural vegetation,1,0,0,0,0,0,FALSE,Natural-dominated
3212,2.889,0.111,2,27.286929,115.507866,1,Natural vegetation,1,Natural vegetation,1,0,0,0,0,0,FALSE,Natural-dominated
3214,2.79,0.21,1,29.348431,117.805492,1,Natural vegetation,1,Natural vegetation,1,0,0,0,0,0,FALSE,Natural-dominated
3215,1.96975,1.03025,16,26.807029,115.212355,2,Cropland,2,Cropland,0,0,0,1,0,1,TRUE,Ag-dominated
3216,2.848,0.152,1,28.330102,117.517337,2,Cropland,2,Cropland,0,0,0,1,0,1,TRUE,Ag-dominated
3218,2.442,0.558,1,25.283983,115.077844,1,Natural vegetation,1,Natural vegetation,1,0,0,0,0,0,FALSE,Natural-dominated
3219500,2.269417476,0.730582524,309,40.4195042,-83.1971372,2,Cropland,2,Cropland,0,0,0,1,0,1,TRUE,Ag-dominated
3225,2.931,0.069,1,26.235491,114.492474,1,Natural vegetation,1,Natural vegetation,1,0,0,0,0,0,FALSE,Natural-dominated
3226,2.973,0.027,1,28.549469,115.935611,3,Urban,3,Urban,0,1,0,0,0,1,TRUE,Urban-dominated
3229,2.802295082,0.197704918,61,28.712683,116.433667,5,Other,5,Other,0,0,1,0,0,0,FALSE,Mixed
3231,2.5915,0.4085,10,26.887366,114.504463,1,Natural vegetation,1,Natural vegetation,1,0,0,0,0,0,FALSE,Natural-dominated
3234,2.728,0.272,2,28.675696,115.909228,3,Urban,3,Urban,0,1,0,0,0,1,TRUE,Urban-dominated
3236,1.6,1.4,2,26.584506,114.51329,1,Natural vegetation,1,Natural vegetation,1,0,0,0,0,0,FALSE,Natural-dominated
3237,2.081221574,0.918778426,343,29.819033,116.185114,2,Cropland,2,Cropland,0,0,0,1,0,1,TRUE,Ag-dominated
3238,2.162833333,0.837166667,6,29.573067,116.767532,2,Cropland,1,Natural vegetation,0.5,0,0,0.5,0,0.5,TRUE,Ag-dominated
3241,2.145,0.855,4,27.678079,113.666161,1,Natural vegetation,1,Natural vegetation,1,0,0,0,0,0,FALSE,Natural-dominated
3246,1.794666667,1.205333333,15,26.294256,115.733224,1,Natural vegetation,1,Natural vegetation,1,0,0,0,0,0,FALSE,Natural-dominated
3247,2.200985,0.799015,2,40.616037,117.774843,1,Natural vegetation,1,Natural vegetation,1,0,0,0,0,0,FALSE,Natural-dominated
3248,1.309096559,1.690903441,186,39.58526,116.535515,2,Cropland,2,Cropland,0,0,0,1,0,1,TRUE,Ag-dominated
3250,0.15818,2.84182,1,41.014807,117.961347,3,Urban,3,Urban,0,1,0,0,0,1,TRUE,Urban-dominated
3252,1.734901778,1.265098222,360,38.879094,115.653094,2,Cropland,2,Cropland,0,0.5,0,0.5,0,1,TRUE,Urban-dominated
3254,1.9430875,1.0569125,336,38.897404,116.028691,4,Wetland,4,Wetland,0,0,0.5,0,0.5,0,FALSE,Mixed
3254520,1.458268983,1.541731017,1036,38.9203417,-84.44799549,1,Natural vegetation,1,Natural vegetation,1,0,0,0,0,0,FALSE,Natural-dominated
3255,2.030328571,0.969671429,14,40.772528,118.599514,2,Cropland,2,Cropland,0,0,0,1,0,1,TRUE,Ag-dominated
3256,1.8575,1.1425,2,39.223947,115.765844,3,Urban,2,Cropland,0,0,0,1,0,1,TRUE,Ag-dominated
3257,1.357699102,1.642300898,668,37.513177,116.04779,2,Cropland,2,Cropland,0,0,0,1,0,1,TRUE,Ag-dominated
3259,2.026295,0.973705,106,37.319989,115.091033,2,Cropland,2,Cropland,0,0,0,1,0,1,TRUE,Ag-dominated
3260,2.412793103,0.587206897,29,38.037057,114.468664,3,Urban,3,Urban,0,1,0,0,0,1,TRUE,Urban-dominated
3261,1.898692436,1.101307564,78,37.905393,116.131193,2,Cropland,2,Cropland,0,0,0,1,0,1,TRUE,Ag-dominated
3262,2.259972051,0.740027949,117,41.673671,117.821479,2,Cropland,1,Natural vegetation,0.5,0,0,0.5,0,0.5,TRUE,Ag-dominated
3263,2.2285,0.7715,22,38.477117,117.542157,2,Cropland,2,Cropland,0,0,0.5,0.5,0,0.5,TRUE,Ag-dominated
3264,2.366105263,0.633894737,19,37.865007,115.813964,3,Urban,3,Urban,0,1,0,0,0,1,TRUE,Urban-dominated
3268,1.176603484,1.823396516,155,39.44595,116.73027,2,Cropland,2,Cropland,0,0,0,1,0,1,TRUE,Ag-dominated
3269,1.96375,1.03625,16,39.44595,116.73027,2,Cropland,2,Cropland,0,0,0,1,0,1,TRUE,Ag-dominated
3270,2.178016438,0.821983562,365,40.963671,118.664147,2,Cropland,1,Natural vegetation,0.75,0,0,0.25,0,0.25,FALSE,Natural-dominated
3272,2.052946619,0.947053381,281,38.866844,115.818382,3,Urban,2,Cropland,0,0,0,1,0,1,TRUE,Ag-dominated
3273,1.69646,1.30354,100,38.041596,115.982251,3,Urban,2,Cropland,0,0,0,1,0,1,TRUE,Ag-dominated
3274,2.34,0.66,1,36.29222,114.171204,5,Other,2,Cropland,0,0,0.25,0.75,0,0.75,TRUE,Ag-dominated
3276,2.8677,0.1323,1,38.269558,114.17444,3,Urban,2,Cropland,0,0.5,0,0.5,0,1,TRUE,Urban-dominated
3277,2.24776,0.75224,23,39.802411,119.450936,5,Other,5,Other,0,0,1,0,0,0,FALSE,Mixed
3278,2.465148148,0.534851852,27,36.766382,114.95768,3,Urban,2,Cropland,0,0.5,0,0.5,0,1,TRUE,Urban-dominated
3280,1.642114819,1.357885181,249,38.379485,115.117539,3,Urban,2,Cropland,0,0,0,1,0,1,TRUE,Ag-dominated
3281,2.89,0.11,2,39.615082,118.20546,3,Urban,3,Urban,0,1,0,0,0,1,TRUE,Urban-dominated
3282,2.275839412,0.724160588,17,39.906055,119.576813,5,Other,3,Urban,0,1,0,0,0,1,TRUE,Urban-dominated
3283,2.167268889,0.832731111,18,39.776323,119.421414,5,Other,3,Urban,0,0.5,0.5,0,0,0.5,TRUE,Urban-dominated
3284,1.886224781,1.113775219,274,39.227626,118.04918,5,Other,5,Other,0,0,1,0,0,0,FALSE,Mixed
3284533,2.021079812,0.978920188,355,37.9383333,-84.4786111,1,Natural vegetation,2,Cropland,0,0,0,1,0,1,TRUE,Ag-dominated
3285,1.92344,1.07656,1,40.349608,115.373872,3,Urban,2,Cropland,0,0,0,1,0,1,TRUE,Ag-dominated
3286,2.671537143,0.328462857,14,39.750631,118.773574,3,Urban,3,Urban,0,1,0,0,0,1,TRUE,Urban-dominated
3287,1.605961039,1.394038961,77,38.962979,115.991458,5,Other,2,Cropland,0,0,0,1,0,1,TRUE,Ag-dominated
3287590,2.214061317,0.785938683,1321,38.04006944,-84.4111111,2,Cropland,2,Cropland,0,0.5,0,0.5,0,1,TRUE,Urban-dominated
3288,0.999440743,2.000559257,202,39.743079,116.931147,2,Cropland,2,Cropland,0,0,0,1,0,1,TRUE,Ag-dominated
3289193,2.394642857,0.605357143,14,38.06674334,-84.5543852,3,Urban,3,Urban,0.25,0.5,0,0.25,0,0.75,TRUE,Urban-dominated
3289200,2.697058824,0.302941176,17,38.103687,-84.5879977,2,Cropland,2,Cropland,0,0,0,1,0,1,TRUE,Ag-dominated
3290500,0.884868421,2.115131579,38,38.43895654,-84.9632844,1,Natural vegetation,1,Natural vegetation,1,0,0,0,0,0,FALSE,Natural-dominated
3291,1.566329706,1.433670294,136,40.762463,114.879227,3,Urban,3,Urban,0,1,0,0,0,1,TRUE,Urban-dominated
3292,2.168520468,0.831479532,171,38.87054,115.76742,2,Cropland,2,Cropland,0,0.333333333,0,0.666666667,0,1,TRUE,Ag-dominated
3292470,2.434677419,0.565322581,31,38.36117864,-85.57459969,1,Natural vegetation,2,Cropland,0,0,0,1,0,1,TRUE,Ag-dominated
3292474,2.324824561,0.675175439,380,38.2759036,-85.606072,1,Natural vegetation,1,Natural vegetation,1,0,0,0,0,0,FALSE,Natural-dominated
3292475,2.649761905,0.350238095,35,38.3034027,-85.62801689,1,Natural vegetation,3,Urban,0.25,0.5,0.25,0,0,0.5,TRUE,Urban-dominated
3292480,2.517857143,0.482142857,14,38.3127635,-85.6261558,1,Natural vegetation,3,Urban,0.25,0.5,0.25,0,0,0.5,TRUE,Urban-dominated
3292500,1.849794016,1.150205984,2306,38.2114592,-85.7024613,1,Natural vegetation,3,Urban,0,1,0,0,0,1,TRUE,Urban-dominated
3293,1.782469565,1.217530435,115,37.518685,115.075585,3,Urban,3,Urban,0,1,0,0,0,1,TRUE,Urban-dominated
3293000,2.404663212,0.595336788,193,38.237293,-85.6646834,3,Urban,3,Urban,0,1,0,0,0,1,TRUE,Urban-dominated
3293500,2.132584326,0.867415674,4951,38.25034895,-85.7166287,3,Urban,3,Urban,0,1,0,0,0,1,TRUE,Urban-dominated
3293510,1.773488338,1.226511662,8032,38.26590398,-85.7207955,3,Urban,3,Urban,0,0.75,0.25,0,0,0.75,TRUE,Urban-dominated
3293530,2.355227743,0.644772257,161,38.27645917,-85.693573,3,Urban,5,Other,0,0,1,0,0,0,FALSE,Mixed
3293532,2.245784148,0.754215852,593,38.2603486,-85.7182954,3,Urban,3,Urban,0,0.75,0.25,0,0,0.75,TRUE,Urban-dominated
3294,2.427213889,0.572786111,36,38.823736,116.024029,4,Wetland,2,Cropland,0,0,0.333333333,0.333333333,0.333333333,0.333333333,TRUE,Mixed
3294570,2.003569106,0.996430894,1025,38.07812588,-85.8899635,1,Natural vegetation,3,Urban,0.25,0.5,0.25,0,0,0.5,TRUE,Urban-dominated
3295,2.057240857,0.942759143,105,39.678461,119.223129,2,Cropland,3,Urban,0,1,0,0,0,1,TRUE,Urban-dominated
3296,1.8296875,1.1703125,16,33.877112,113.779832,3,Urban,2,Cropland,0,0,0,1,0,1,TRUE,Ag-dominated
3297,2.05775,0.94225,16,33.93393,113.949926,2,Cropland,2,Cropland,0,0,0,1,0,1,TRUE,Ag-dominated
3297800,2.430839416,0.569160584,274,37.9911111,-85.6411111,1,Natural vegetation,1,Natural vegetation,1,0,0,0,0,0,FALSE,Natural-dominated
3297900,2.380943152,0.619056848,387,38.28534776,-85.4674592,1,Natural vegetation,1,Natural vegetation,1,0,0,0,0,0,FALSE,Natural-dominated
3298,1.971637622,1.028362378,1228,32.089061,114.105024,3,Urban,2,Cropland,0,0.5,0,0.5,0,1,TRUE,Urban-dominated
3298000,2.07254902,0.92745098,17,38.18840166,-85.460235,1,Natural vegetation,1,Natural vegetation,1,0,0,0,0,0,FALSE,Natural-dominated
3298135,1.776061174,1.223938826,267,38.19479109,-85.557181,3,Urban,3,Urban,0,1,0,0,0,1,TRUE,Urban-dominated
3298150,2.3078125,0.6921875,16,38.16006729,-85.5421797,1,Natural vegetation,1,Natural vegetation,0.75,0.25,0,0,0,0.25,FALSE,Natural-dominated
3298200,2.259722222,0.740277778,72,38.08534216,-85.5549556,1,Natural vegetation,3,Urban,0,1,0,0,0,1,TRUE,Urban-dominated
3298250,1.806981982,1.193018018,185,38.0792321,-85.6160683,1,Natural vegetation,1,Natural vegetation,0.666666667,0.333333333,0,0,0,0.333333333,TRUE,Natural-dominated
3298300,2.069207277,0.930792723,2565,38.08756629,-85.642458,1,Natural vegetation,3,Urban,0,1,0,0,0,1,TRUE,Urban-dominated
3299,2.6484,0.3516,1,35.222893,113.457855,3,Urban,2,Cropland,0,0.25,0,0.75,0,1,TRUE,Ag-dominated
3300,1.119649091,1.880350909,33,34.765515,113.753602,3,Urban,3,Urban,0,1,0,0,0,1,TRUE,Urban-dominated
3301900,3,0,3,38.1756242,-85.615237,1,Natural vegetation,3,Urban,0,1,0,0,0,1,TRUE,Urban-dominated
3301940,2.158232323,0.841767677,1815,38.1503466,-85.6935714,3,Urban,3,Urban,0.25,0.75,0,0,0,0.75,TRUE,Urban-dominated
3302,2.576363636,0.423636364,33,36.108471,115.06861,2,Cropland,2,Cropland,0,0,0,1,0,1,TRUE,Ag-dominated
3302000,1.951771542,1.048228458,588,38.1197916,-85.7957955,1,Natural vegetation,1,Natural vegetation,1,0,0,0,0,0,FALSE,Natural-dominated
3302030,1.644500846,1.355499154,591,38.05423677,-85.8716296,1,Natural vegetation,1,Natural vegetation,0.5,0.5,0,0,0,0.5,TRUE,Urban-dominated
3302050,2.41557916,0.58442084,2636,38.04693096,-85.8572681,1,Natural vegetation,1,Natural vegetation,1,0,0,0,0,0,FALSE,Natural-dominated
3302058,2.181818182,0.818181818,22,37.9922222,-85.9220556,1,Natural vegetation,1,Natural vegetation,0.75,0,0,0.25,0,0.25,FALSE,Natural-dominated
3303,2.141761302,0.858238698,553,32.673099,112.812864,3,Urban,2,Cropland,0,0.25,0,0.75,0,1,TRUE,Ag-dominated
3304,2.371943636,0.628056364,11,34.571616,111.478756,1,Natural vegetation,1,Natural vegetation,0.5,0,0,0.5,0,0.5,TRUE,Ag-dominated
3306,2.445473333,0.554526667,45,33.503413,114.574433,2,Cropland,2,Cropland,0,0,0,1,0,1,TRUE,Ag-dominated
3307,2.558861765,0.441138235,34,32.081175,115.421399,2,Cropland,2,Cropland,0,0,0,1,0,1,TRUE,Ag-dominated
3310,2.56495,0.43505,40,35.134576,114.605094,2,Cropland,2,Cropland,0,0.25,0,0.75,0,1,TRUE,Ag-dominated
3311,2.465979167,0.534020833,48,34.765515,113.753602,3,Urban,3,Urban,0,1,0,0,0,1,TRUE,Urban-dominated
3313,1.851,1.149,2,36.07964,114.135423,1,Natural vegetation,3,Urban,0,0.75,0,0.25,0,1,TRUE,Urban-dominated
3314,2.339901348,0.660098652,89,32.251659,113.979279,2,Cropland,2,Cropland,0,0,0,1,0,1,TRUE,Ag-dominated
3315,2.037569721,0.962430279,251,32.780629,114.868435,2,Cropland,2,Cropland,0,0,0,1,0,1,TRUE,Ag-dominated
3316,2.463766667,0.536233333,9,32.7135129,115.0622929,2,Cropland,2,Cropland,0,0,0,1,0,1,TRUE,Ag-dominated
3317,2.4755,0.5245,8,34.323191,113.778832,2,Cropland,2,Cropland,0,0,0,1,0,1,TRUE,Ag-dominated
3319,2.632125,0.367875,16,34.060856,112.972621,1,Natural vegetation,2,Cropland,0,0,0,1,0,1,TRUE,Ag-dominated
3320,1.954945289,1.045054711,329,32.977274,113.588091,5,Other,5,Other,0,0,1,0,0,0,FALSE,Mixed
3321,2.492937391,0.507062609,23,32.895127,114.406066,2,Cropland,2,Cropland,0,0,0,1,0,1,TRUE,Ag-dominated
3321500,2.540585443,0.459414557,316,37.8583774,-87.4097294,2,Cropland,2,Cropland,0,0,0,1,0,1,TRUE,Ag-dominated
3322,2.07297131,0.92702869,481,32.128443,115.051424,3,Urban,2,Cropland,0,0.25,0,0.75,0,1,TRUE,Ag-dominated
3323,1.909746212,1.090253788,264,35.590216,114.907187,2,Cropland,2,Cropland,0,0,0,1,0,1,TRUE,Ag-dominated
3326,2.0745,0.9255,2,33.722364,113.250862,3,Urban,3,Urban,0,0.75,0.25,0,0,0.75,TRUE,Urban-dominated
3327,1.920541667,1.079458333,48,34.765515,113.753602,3,Urban,3,Urban,0,1,0,0,0,1,TRUE,Urban-dominated
3328,2.950846667,0.049153333,3,33.27192,113.548952,5,Other,1,Natural vegetation,0.5,0.25,0,0.25,0,0.5,TRUE,Natural-dominated
3330,0.038,2.962,2,32.167866,114.660307,2,Cropland,2,Cropland,0,0,0,1,0,1,TRUE,Ag-dominated
3332,2.13714186,0.86285814,172,33.203367,115.151458,2,Cropland,2,Cropland,0,0,0,1,0,1,TRUE,Ag-dominated
3333,1.978333333,1.021666667,3,33.606101,113.763482,2,Cropland,2,Cropland,0,0.5,0,0.5,0,1,TRUE,Urban-dominated
3334,2.194318182,0.805681818,154,34.765515,113.753602,3,Urban,3,Urban,0,1,0,0,0,1,TRUE,Urban-dominated
3335,2.576042941,0.423957059,17,32.635434,113.938979,5,Other,2,Cropland,0.25,0,0.25,0.5,0,0.5,TRUE,Ag-dominated
3336,2.5698,0.4302,15,33.894563,114.636783,2,Cropland,2,Cropland,0,0,0,1,0,1,TRUE,Ag-dominated
3337,1.835068406,1.164931594,69,33.404611,113.899043,3,Urban,2,Cropland,0,0.25,0,0.75,0,1,TRUE,Ag-dominated
3338,1.152598256,1.847401744,1720,34.878877,112.497597,2,Cropland,2,Cropland,0,0,0,1,0,1,TRUE,Ag-dominated
3339,2.246666667,0.753333333,6,34.357765,114.467138,2,Cropland,2,Cropland,0,0,0,1,0,1,TRUE,Ag-dominated
3340,2.191088,0.808912,125,33.823184,114.243256,2,Cropland,2,Cropland,0,0,0,1,0,1,TRUE,Ag-dominated
3341,2.231960784,0.768039216,51,32.272325,114.035868,2,Cropland,2,Cropland,0,0,0,1,0,1,TRUE,Ag-dominated
3342,0.18,2.82,1,33.308204,113.525593,2,Cropland,3,Urban,0,1,0,0,0,1,TRUE,Urban-dominated
3345,2.699880952,0.300119048,42,28.467694,119.416539,2,Cropland,2,Cropland,0,0,0,1,0,1,TRUE,Ag-dominated
3347,2.415358382,0.584641618,173,29.302339,120.08912,3,Urban,3,Urban,0,1,0,0,0,1,TRUE,Urban-dominated
3348,2.31704065,0.68295935,615,30.147737,120.407333,3,Urban,3,Urban,0,1,0,0,0,1,TRUE,Urban-dominated
3350,1.977072617,1.022927383,661,30.267446,120.152791,3,Urban,3,Urban,0,1,0,0,0,1,TRUE,Urban-dominated
3353415,1.916670436,1.083329564,2211,39.88577778,-86.3554444,2,Cropland,2,Cropland,0,0.25,0,0.75,0,1,TRUE,Ag-dominated
3353420,1.900560897,1.099439103,3432,39.8725833,-86.3615278,2,Cropland,2,Cropland,0,0.5,0,0.5,0,1,TRUE,Urban-dominated
3355,2.375422535,0.624577465,71,29.266018,120.051391,3,Urban,3,Urban,0,1,0,0,0,1,TRUE,Urban-dominated
3358,2.26767757,0.73232243,214,30.442504,120.070573,3,Urban,2,Cropland,0,0.5,0,0.5,0,1,TRUE,Urban-dominated
3363,2.585882353,0.414117647,17,30.225321,120.726949,5,Other,5,Other,0,0,1,0,0,0,FALSE,Mixed
3368,1.665,1.335,2,31.123297,119.902583,3,Urban,2,Cropland,0,0,0,1,0,1,TRUE,Ag-dominated
3369,2.86,0.14,2,28.670578,121.323929,3,Urban,2,Cropland,0,0,0,1,0,1,TRUE,Ag-dominated
3370,2.6521,0.3479,70,30.25332,119.866868,2,Cropland,1,Natural vegetation,0.75,0,0,0.25,0,0.25,FALSE,Natural-dominated
3371,0.337,2.663,20,28.276705,121.68638,5,Other,5,Other,0,0,1,0,0,0,FALSE,Mixed
3375,2.762666667,0.237333333,3,29.071266,119.671617,3,Urban,2,Cropland,0,0.5,0,0.5,0,1,TRUE,Urban-dominated
3376,2.622416667,0.377583333,36,29.772181,120.238368,2,Cropland,2,Cropland,0,0,0,1,0,1,TRUE,Ag-dominated
3377,2.53445993,0.46554007,287,29.90894,121.532765,3,Urban,3,Urban,0,1,0,0,0,1,TRUE,Urban-dominated
3378,2.63325,0.36675,4,28.363673,120.690527,1,Natural vegetation,1,Natural vegetation,1,0,0,0,0,0,FALSE,Natural-dominated
3378500,2.755555556,0.244444444,9,38.130879,-87.941419,2,Cropland,5,Other,0,0,1,0,0,0,FALSE,Mixed
3379,2.378489796,0.621510204,98,28.401983,121.313909,3,Urban,3,Urban,0,1,0,0,0,1,TRUE,Urban-dominated
3381,1.978918282,1.021081718,611,30.788164,121.287508,2,Cropland,2,Cropland,0,0,0,1,0,1,TRUE,Ag-dominated
3383,2.443528455,0.556471545,246,29.44436,119.931804,3,Urban,3,Urban,0,0.75,0,0.25,0,1,TRUE,Urban-dominated
3384,2.49,0.51,1,28.691077,121.480529,5,Other,1,Natural vegetation,0.25,0.25,0.25,0.25,0,0.5,TRUE,Mixed
3385,0.40557,2.59443,1,28.722889,119.366656,1,Natural vegetation,1,Natural vegetation,1,0,0,0,0,0,FALSE,Natural-dominated
3386,2.426443299,0.573556701,194,28.440311,119.522168,2,Cropland,2,Cropland,0,0,0,1,0,1,TRUE,Ag-dominated
3387,2.4945,0.5055,6,29.200956,119.492445,2,Cropland,3,Urban,0.25,0.75,0,0,0,0.75,TRUE,Urban-dominated
3389,2.214650485,0.785349515,103,28.498534,121.612773,5,Other,5,Other,0,0,1,0,0,0,FALSE,Mixed
3390,2.771,0.229,6,29.432919,120.991562,1,Natural vegetation,1,Natural vegetation,1,0,0,0,0,0,FALSE,Natural-dominated
3392,2.126850515,0.873149485,194,30.012424,122.099384,3,Urban,3,Urban,0,1,0,0,0,1,TRUE,Urban-dominated
3393,2.768285714,0.231714286,7,28.401295,119.958275,1,Natural vegetation,1,Natural vegetation,1,0,0,0,0,0,FALSE,Natural-dominated
3395,2.560153846,0.439846154,65,18.309346,109.296015,2,Cropland,5,Other,0,0,1,0,0,0,FALSE,Mixed
3397,2.169347826,0.830652174,230,18.435633,108.88035,2,Cropland,3,Urban,0,1,0,0,0,1,TRUE,Urban-dominated
3399,2.71,0.29,1,20.03468,110.341344,3,Urban,3,Urban,0,1,0,0,0,1,TRUE,Urban-dominated
3400800,2.298717949,0.701282051,65,36.75230974,-83.2574012,1,Natural vegetation,1,Natural vegetation,1,0,0,0,0,0,FALSE,Natural-dominated
3401,2.82,0.18,1,19.23792,108.90976,2,Cropland,2,Cropland,0,0,0,1,0,1,TRUE,Ag-dominated
3402,2.123333333,0.876666667,18,18.868383,110.446856,3,Urban,3,Urban,0,1,0,0,0,1,TRUE,Urban-dominated
3403,2.302271379,0.697728621,1146,18.771022,110.361185,2,Cropland,2,Cropland,0,0,0,1,0,1,TRUE,Ag-dominated
3405,2.140555556,0.859444444,18,18.899736,110.478603,3,Urban,1,Natural vegetation,1,0,0,0,0,0,FALSE,Natural-dominated
3406,2.509452055,0.490547945,73,19.641482,110.90946,2,Cropland,1,Natural vegetation,0.5,0,0,0.5,0,0.5,TRUE,Ag-dominated
3407,1.942962963,1.057037037,162,18.517517,110.0638,1,Natural vegetation,2,Cropland,0,0,0.5,0.5,0,0.5,TRUE,Ag-dominated
3409,1.872564103,1.127435897,39,18.365332,109.16614,3,Urban,3,Urban,0,0.666666667,0,0.333333333,0,1,TRUE,Urban-dominated
3411,2.00124,0.99876,750,19.619,110.753577,3,Urban,2,Cropland,0,0,0,1,0,1,TRUE,Ag-dominated
3413,2.660921986,0.339078014,141,20.001319,110.372868,3,Urban,3,Urban,0,1,0,0,0,1,TRUE,Urban-dominated
3414,2.73,0.27,2,18.272081,109.575045,3,Urban,1,Natural vegetation,1,0,0,0,0,0,FALSE,Natural-dominated
3414000,2.703846154,0.296153846,39,36.88395484,-85.1394008,1,Natural vegetation,1,Natural vegetation,0.75,0,0.25,0,0,0,FALSE,Natural-dominated
3414002,2.78,0.22,5,36.88405556,-85.12963889,2,Cropland,1,Natural vegetation,1,0,0,0,0,0,FALSE,Natural-dominated
3415,2.672777778,0.327222222,72,18.299466,109.537206,3,Urban,1,Natural vegetation,0.5,0.5,0,0,0,0.5,TRUE,Urban-dominated
3416,1.892238806,1.107761194,67,19.107418,110.517393,2,Cropland,1,Natural vegetation,0.5,0,0,0.5,0,0.5,TRUE,Ag-dominated
3417,2.391,0.609,20,18.584272,109.899226,1,Natural vegetation,1,Natural vegetation,1,0,0,0,0,0,FALSE,Natural-dominated
3417500,2.625,0.375,12,36.5542507,-85.5143938,1,Natural vegetation,1,Natural vegetation,1,0,0,0,0,0,FALSE,Natural-dominated
3418420,1.987096774,1.012903226,31,36.2867558,-85.94079609,1,Natural vegetation,5,Other,0.25,0.25,0.5,0,0,0.25,FALSE,Mixed
3420,2.618333333,0.381666667,12,19.146787,110.324964,2,Cropland,1,Natural vegetation,1,0,0,0,0,0,FALSE,Natural-dominated
3428180,3,0,1,35.8989535,-86.42554779,3,Urban,3,Urban,0.25,0.5,0,0.25,0,0.75,TRUE,Urban-dominated
3429,2.224138889,0.775861111,36,30.932298,114.664435,2,Cropland,2,Cropland,0,0.25,0,0.75,0,1,TRUE,Ag-dominated
3430,2.783526316,0.216473684,19,32.479431,111.08413,1,Natural vegetation,1,Natural vegetation,1,0,0,0,0,0,FALSE,Natural-dominated
3430200,2.159987654,0.840012346,675,36.1864446,-86.6327739,3,Urban,3,Urban,0,1,0,0,0,1,TRUE,Urban-dominated
3431083,2.529230769,0.470769231,65,36.16394545,-86.699164,1,Natural vegetation,3,Urban,0,1,0,0,0,1,TRUE,Urban-dominated
3431514,1.863636364,1.136363636,22,36.1889717,-86.8283959,3,Urban,3,Urban,0,1,0,0,0,1,TRUE,Urban-dominated
3432,0.084,2.916,26,31.850714,113.318907,2,Cropland,2,Cropland,0,0,0,1,0,1,TRUE,Ag-dominated
343233905,2.4,0.6,8,35.89984185,-86.8428894,1,Natural vegetation,3,Urban,0.25,0.5,0,0.25,0,0.75,TRUE,Urban-dominated
3434,1.549833333,1.450166667,12,29.980468,113.915926,3,Urban,3,Urban,0,1,0,0,0,1,TRUE,Urban-dominated
3436,2.457487805,0.542512195,41,30.607998,114.739996,5,Other,3,Urban,0,1,0,0,0,1,TRUE,Urban-dominated
3438,1.959022222,1.040977778,45,29.77652,109.816955,1,Natural vegetation,1,Natural vegetation,1,0,0,0,0,0,FALSE,Natural-dominated
3439,2.241892857,0.758107143,224,30.926829,113.885347,3,Urban,2,Cropland,0,0.5,0,0.5,0,1,TRUE,Urban-dominated
3442,2.468857143,0.531142857,7,31.82216,112.710238,2,Cropland,2,Cropland,0,0,0,1,0,1,TRUE,Ag-dominated
3443,1.9757,1.0243,10,30.925216,113.588349,3,Urban,2,Cropland,0,0.25,0,0.75,0,1,TRUE,Ag-dominated
3444,1.940809683,1.059190317,599,30.725578,112.839824,2,Cropland,3,Urban,0,1,0,0,0,1,TRUE,Urban-dominated
3445,2.564,0.436,11,29.6665,113.329487,5,Other,2,Cropland,0,0,0.5,0.5,0,0.5,TRUE,Ag-dominated
3446,2.758,0.242,5,30.691979,113.943238,3,Urban,3,Urban,0,1,0,0,0,1,TRUE,Urban-dominated
3447,2.343834009,0.656165991,222,31.57971,113.115433,1,Natural vegetation,1,Natural vegetation,1,0,0,0,0,0,FALSE,Natural-dominated
3448,2.226833333,0.773166667,12,30.167878,113.345876,2,Cropland,2,Cropland,0,0,0,1,0,1,TRUE,Ag-dominated
3452,2.656701765,0.343298235,17,30.254048,114.571771,5,Other,5,Other,0,0,1,0,0,0,FALSE,Mixed
3455,2.163836765,0.836163235,68,30.205647,113.846046,5,Other,5,Other,0,0,0.5,0.25,0.25,0.25,FALSE,Mixed
3457,1.264923077,1.735076923,13,30.479428,114.441717,3,Urban,3,Urban,0,1,0,0,0,1,TRUE,Urban-dominated
3458,2.364166667,0.635833333,6,31.062773,113.791446,2,Cropland,2,Cropland,0,0.25,0,0.75,0,1,TRUE,Ag-dominated
3460,2.303833333,0.696166667,12,30.287569,108.9049,3,Urban,1,Natural vegetation,0.75,0.25,0,0,0,0.25,FALSE,Natural-dominated
3462,2.821916667,0.178083333,12,31.706189,113.357381,3,Urban,3,Urban,0,1,0,0,0,1,TRUE,Urban-dominated
3464,2.417772152,0.582227848,79,30.71412,114.353979,3,Urban,3,Urban,0,1,0,0,0,1,TRUE,Urban-dominated
3467,2.778,0.222,5,30.415972,112.858475,3,Urban,2,Cropland,0,0.5,0,0.5,0,1,TRUE,Urban-dominated
3469,0.01,2.99,1,30.328291,114.606334,3,Urban,2,Cropland,0,0,0.5,0.5,0,0.5,TRUE,Ag-dominated
3470,2.871,0.129,10,31.265037,114.468486,2,Cropland,2,Cropland,0,0,0,1,0,1,TRUE,Ag-dominated
3474,2.345214,0.654786,500,29.936945,114.206491,4,Wetland,4,Wetland,0,0,0,0,1,0,FALSE,Mixed
3477,0.01,2.99,1,30.169848,114.668405,2,Cropland,2,Cropland,0.25,0,0.25,0.5,0,0.5,TRUE,Ag-dominated
3479,0.076666667,2.923333333,3,29.689218,112.635912,2,Cropland,2,Cropland,0,0,0,1,0,1,TRUE,Ag-dominated
3480,1.846173378,1.153826622,894,30.299189,112.519313,2,Cropland,2,Cropland,0,0,0,1,0,1,TRUE,Ag-dominated
3481,2.14511236,0.85488764,89,30.958605,114.772146,2,Cropland,2,Cropland,0,0,0,1,0,1,TRUE,Ag-dominated
3482,1.891885321,1.108114679,436,30.300442,114.134789,5,Other,2,Cropland,0,0,0.5,0.5,0,0.5,TRUE,Ag-dominated
3484,2.608142857,0.391857143,28,29.90909,113.688546,3,Urban,2,Cropland,0,0,0.5,0.5,0,0.5,TRUE,Ag-dominated
3487,2.888,0.112,1,31.170363,115.004703,3,Urban,3,Urban,0,0.5,0.25,0.25,0,0.75,TRUE,Urban-dominated
3491,2.129904762,0.870095238,84,30.020142,115.315117,2,Cropland,3,Urban,0,1,0,0,0,1,TRUE,Urban-dominated
3492,2.084141509,0.915858491,106,31.121516,115.346493,1,Natural vegetation,1,Natural vegetation,0.75,0,0,0.25,0,0.25,FALSE,Natural-dominated
3493,2.805,0.195,5,32.653896,111.205815,5,Other,1,Natural vegetation,0.666666667,0,0.333333333,0,0,0,FALSE,Natural-dominated
3496,2.0914,0.9086,100,29.310533,112.849485,4,Wetland,4,Wetland,0,0,0.333333333,0,0.666666667,0,FALSE,Mixed
3497,0.01,2.99,3,29.254035,113.028626,5,Other,5,Other,0,0,1,0,0,0,FALSE,Mixed
3500,2.467992593,0.532007407,27,29.248398,113.492368,1,Natural vegetation,1,Natural vegetation,1,0,0,0,0,0,FALSE,Natural-dominated
3501,2.415425309,0.584574691,162,29.457415,112.76546,2,Cropland,2,Cropland,0,0,0.25,0.75,0,0.75,TRUE,Ag-dominated
3506,2.577190476,0.422809524,21,26.82305,113.156194,1,Natural vegetation,1,Natural vegetation,0.75,0,0,0.25,0,0.25,FALSE,Natural-dominated
3508,1.747635455,1.252364545,33,29.4497926,113.14871,3,Urban,5,Other,0,0.25,0.75,0,0,0.25,FALSE,Mixed
3511,2.129069767,0.870930233,43,29.206544,112.515163,5,Other,5,Other,0,0,1,0,0,0,FALSE,Mixed
3513,1.847549738,1.152450262,191,29.590311,112.238314,2,Cropland,2,Cropland,0,0,0,1,0,1,TRUE,Ag-dominated
3520,2.405740741,0.594259259,54,28.259883,113.008048,3,Urban,3,Urban,0,1,0,0,0,1,TRUE,Urban-dominated
3523,2.363866667,0.636133333,15,28.52605,112.150471,1,Natural vegetation,3,Urban,0,1,0,0,0,1,TRUE,Urban-dominated
3524,0.067,2.933,1,27.712051,109.609609,1,Natural vegetation,1,Natural vegetation,1,0,0,0,0,0,FALSE,Natural-dominated
3525,2.923,0.077,1,28.56049,112.812316,3,Urban,1,Natural vegetation,0.75,0,0,0.25,0,0.25,FALSE,Natural-dominated
3526,2.632622222,0.367377778,27,27.215471,112.885768,1,Natural vegetation,1,Natural vegetation,0.5,0,0.5,0,0,0,FALSE,Natural-dominated
3528,2.512692308,0.487307692,26,28.112444,112.98381,3,Urban,3,Urban,0,1,0,0,0,1,TRUE,Urban-dominated
3529,2.986,0.014,1,27.674002,111.421332,3,Urban,3,Urban,0,1,0,0,0,1,TRUE,Urban-dominated
3533,1.648333333,1.351666667,6,33.827571,119.307466,2,Cropland,2,Cropland,0,0,0,1,0,1,TRUE,Ag-dominated
3534,0.01,2.99,1,25.986252,109.782371,1,Natural vegetation,1,Natural vegetation,1,0,0,0,0,0,FALSE,Natural-dominated
3539,2.9,0.1,1,28.6460477,112.4147437,5,Other,2,Cropland,0,0,0.25,0.75,0,0.75,TRUE,Ag-dominated
3540,2.81,0.19,6,29.0557678,112.3110917,2,Cropland,2,Cropland,0,0,0,1,0,1,TRUE,Ag-dominated
3545,2.58414375,0.41585625,48,28.293453,112.958736,3,Urban,3,Urban,0.25,0.75,0,0,0,0.75,TRUE,Urban-dominated
3548,2.724692308,0.275307692,13,30.839666,111.06395,5,Other,1,Natural vegetation,0.75,0,0.25,0,0,0,FALSE,Natural-dominated
3551,1.164333333,1.835666667,6,27.136894,110.032419,1,Natural vegetation,1,Natural vegetation,0.5,0.25,0,0.25,0,0.5,TRUE,Natural-dominated
3553,2.298396694,0.701603306,121,25.072475,111.846913,1,Natural vegetation,1,Natural vegetation,1,0,0,0,0,0,FALSE,Natural-dominated
35541,0.742948718,2.257051282,13,35.90279958,-106.6214241,1,Natural vegetation,1,Natural vegetation,1,0,0,0,0,0,FALSE,Natural-dominated
3556,2.222666667,0.777333333,15,26.756175,112.751951,2,Cropland,2,Cropland,0,0.333333333,0,0.666666667,0,1,TRUE,Ag-dominated
3572,2.00872,0.99128,8,34.144303,104.847086,1,Natural vegetation,1,Natural vegetation,1,0,0,0,0,0,FALSE,Natural-dominated
3574,2.185,0.815,4,35.618085,103.237716,3,Urban,2,Cropland,0,0.25,0,0.75,0,1,TRUE,Ag-dominated
3583,2.7581024,0.2418976,25,38.370496,102.0513,1,Natural vegetation,1,Natural vegetation,1,0,0,0,0,0,FALSE,Natural-dominated
3584,2.663345,0.336655,4,35.33874,107.744589,3,Urban,2,Cropland,0,0,0,1,0,1,TRUE,Ag-dominated
3589,2.533323864,0.466676136,176,25.346121,117.555685,1,Natural vegetation,1,Natural vegetation,1,0,0,0,0,0,FALSE,Natural-dominated
3591,2.4833,0.5167,70,23.94656,117.3503,3,Urban,2,Cropland,0,0.5,0,0.5,0,1,TRUE,Urban-dominated
3593,2.7901575,0.2098425,8,25.107288,117.555005,1,Natural vegetation,1,Natural vegetation,1,0,0,0,0,0,FALSE,Natural-dominated
3595,2.733888889,0.266111111,27,24.951791,118.44607,3,Urban,3,Urban,0,1,0,0,0,1,TRUE,Urban-dominated
3596,2.040681818,0.959318182,44,24.46201,117.405013,2,Cropland,1,Natural vegetation,0.75,0.25,0,0,0,0.25,FALSE,Natural-dominated
3597,2.513409091,0.486590909,44,24.567778,117.518239,2,Cropland,2,Cropland,0,0,0,1,0,1,TRUE,Ag-dominated
3600,2.679166667,0.320833333,24,25.050703,118.266127,3,Urban,1,Natural vegetation,0.5,0,0,0.5,0,0.5,TRUE,Ag-dominated
3601,2.51358,0.48642,100,26.671964,117.19124,1,Natural vegetation,1,Natural vegetation,1,0,0,0,0,0,FALSE,Natural-dominated
3603,2.509090323,0.490909677,155,25.92585,118.393076,1,Natural vegetation,1,Natural vegetation,1,0,0,0,0,0,FALSE,Natural-dominated
3608,2.3426,0.6574,1,27.647798,118.688747,1,Natural vegetation,1,Natural vegetation,1,0,0,0,0,0,FALSE,Natural-dominated
3610,2.822413793,0.177586207,29,26.548915,117.996231,1,Natural vegetation,1,Natural vegetation,1,0,0,0,0,0,FALSE,Natural-dominated
3611,2.494659091,0.505340909,176,26.088396,117.10368,1,Natural vegetation,1,Natural vegetation,1,0,0,0,0,0,FALSE,Natural-dominated
3612,2.685333333,0.314666667,15,26.086997,117.444817,3,Urban,1,Natural vegetation,1,0,0,0,0,0,FALSE,Natural-dominated
3612600,2.9125,0.0875,2,37.17921867,-89.058404,5,Other,2,Cropland,0,0,0.25,0.5,0.25,0.5,TRUE,Ag-dominated
3613,2.739285714,0.260714286,14,25.284037,118.383698,1,Natural vegetation,1,Natural vegetation,1,0,0,0,0,0,FALSE,Natural-dominated
3615,2.84,0.16,1,26.057304,119.209604,3,Urban,5,Other,0,0,1,0,0,0,FALSE,Mixed
3619,2.641266667,0.358733333,15,26.100779,119.295144,3,Urban,3,Urban,0,1,0,0,0,1,TRUE,Urban-dominated
3622,2.15982,0.84018,5,26.100779,119.295144,3,Urban,3,Urban,0,1,0,0,0,1,TRUE,Urban-dominated
3623,0.6125,2.3875,4,26.146209,119.107921,3,Urban,3,Urban,0,1,0,0,0,1,TRUE,Urban-dominated
3624,2.031339695,0.968660305,524,26.326652,118.755979,5,Other,1,Natural vegetation,1,0,0,0,0,0,FALSE,Natural-dominated
3625,1.9744,1.0256,5,25.24576,117.150525,1,Natural vegetation,1,Natural vegetation,1,0,0,0,0,0,FALSE,Natural-dominated
3632,0.659575758,2.340424242,33,26.315435,104.751606,2,Cropland,2,Cropland,0.25,0,0,0.75,0,0.75,TRUE,Ag-dominated
3638,1.64,1.36,2,27.576213,107.191157,2,Cropland,1,Natural vegetation,0.5,0,0,0.5,0,0.5,TRUE,Ag-dominated
3645,1.341083134,1.658916866,753,26.594198,104.81999,3,Urban,3,Urban,0,1,0,0,0,1,TRUE,Urban-dominated
3648,2.797575,0.202425,24,26.050708,107.859702,1,Natural vegetation,1,Natural vegetation,1,0,0,0,0,0,FALSE,Natural-dominated
3654,0.0171,2.9829,1,24.871249,104.586066,1,Natural vegetation,1,Natural vegetation,1,0,0,0,0,0,FALSE,Natural-dominated
3655,0.72,2.28,1,26.09237,107.267217,1,Natural vegetation,1,Natural vegetation,1,0,0,0,0,0,FALSE,Natural-dominated
3656,2.019831731,0.980168269,208,41.238406,122.231353,2,Cropland,2,Cropland,0,0,0,1,0,1,TRUE,Ag-dominated
3658,2.372930294,0.627069706,34,40.95209,120.862859,2,Cropland,2,Cropland,0,0,0,1,0,1,TRUE,Ag-dominated
3659,1.9305,1.0695,2,41.330582,123.154762,3,Urban,2,Cropland,0,0.5,0,0.5,0,1,TRUE,Urban-dominated
3662,2.135108108,0.864891892,74,41.5986,121.935696,2,Cropland,2,Cropland,0,0,0,1,0,1,TRUE,Ag-dominated
3663,2.137619048,0.862380952,63,40.375511,124.742974,5,Other,1,Natural vegetation,0.5,0,0.5,0,0,0,FALSE,Natural-dominated
3664,1.93,1.07,3,42.754086,124.083179,3,Urban,2,Cropland,0,0.25,0,0.75,0,1,TRUE,Ag-dominated
3666,2.195412844,0.804587156,109,41.797545,123.196401,3,Urban,2,Cropland,0,0.5,0,0.5,0,1,TRUE,Urban-dominated
3669,1.942023333,1.057976667,3,40.234403,123.328585,2,Cropland,1,Natural vegetation,0.75,0,0,0.25,0,0.25,FALSE,Natural-dominated
3670,1.948571429,1.051428571,7,39.471652,122.582711,5,Other,5,Other,0,0,1,0,0,0,FALSE,Mixed
3671,1.779083333,1.220916667,48,40.549855,122.652461,2,Cropland,2,Cropland,0,0,0,1,0,1,TRUE,Ag-dominated
3672,2.806,0.194,5,40.375511,124.742974,5,Other,1,Natural vegetation,0.5,0,0.5,0,0,0,FALSE,Natural-dominated
3673,2.1645,0.8355,54,40.210189,120.433988,2,Cropland,2,Cropland,0,0,0,1,0,1,TRUE,Ag-dominated
3674,2.108127273,0.891872727,55,40.269321,120.469041,1,Natural vegetation,2,Cropland,0,0.25,0.25,0.5,0,0.75,TRUE,Ag-dominated
3675,2.150769231,0.849230769,26,42.01371,122.951184,2,Cropland,2,Cropland,0,0,0,1,0,1,TRUE,Ag-dominated
3676,2.781428571,0.218571429,7,41.125026,121.908957,2,Cropland,1,Natural vegetation,1,0,0,0,0,0,FALSE,Natural-dominated
3678,1.892,1.108,10,39.841474,122.117254,1,Natural vegetation,2,Cropland,0,0.5,0,0.5,0,1,TRUE,Urban-dominated
3679,2.534,0.466,7,42.243274,124.036625,5,Other,1,Natural vegetation,0.75,0,0,0.25,0,0.25,FALSE,Natural-dominated
3681,1.846587786,1.153412214,131,40.923266,122.803966,3,Urban,2,Cropland,0,0,0,1,0,1,TRUE,Ag-dominated
3682,0.053,2.947,1,40.754672,120.59247,2,Cropland,2,Cropland,0,0,0,1,0,1,TRUE,Ag-dominated
3683,2.865782,0.134218,5,41.72692,125.03679,3,Urban,3,Urban,0,1,0,0,0,1,TRUE,Urban-dominated
3685,2.8148,0.1852,1,39.781799,123.129198,2,Cropland,2,Cropland,0,0,0,1,0,1,TRUE,Ag-dominated
3687,1.545734597,1.454265403,211,42.621437,123.675436,2,Cropland,2,Cropland,0,0,0,1,0,1,TRUE,Ag-dominated
3688,1.374,1.626,1,41.948698,124.130817,2,Cropland,1,Natural vegetation,0.5,0.25,0,0.25,0,0.5,TRUE,Natural-dominated
3691,2.275037037,0.724962963,27,31.17634,108.13505,2,Cropland,2,Cropland,0.25,0,0,0.75,0,0.75,TRUE,Ag-dominated
3693,2.157,0.843,160,29.967405,106.233565,3,Urban,2,Cropland,0,0.25,0,0.75,0,1,TRUE,Ag-dominated
3700,2.655714286,0.344285714,7,29.035039,105.761294,2,Cropland,2,Cropland,0,0,0,1,0,1,TRUE,Ag-dominated
3704,1.94452381,1.05547619,42,30.944318,108.674842,5,Other,3,Urban,0,1,0,0,0,1,TRUE,Urban-dominated
3705,2.8595,0.1405,2,28.653371,108.637456,1,Natural vegetation,1,Natural vegetation,1,0,0,0,0,0,FALSE,Natural-dominated
3706,2.263,0.737,18,29.708068,106.821893,2,Cropland,2,Cropland,0,0.5,0,0.5,0,1,TRUE,Urban-dominated
3709,2.753708333,0.246291667,24,29.207546,107.506786,1,Natural vegetation,1,Natural vegetation,1,0,0,0,0,0,FALSE,Natural-dominated
3711,1.918041667,1.081958333,120,29.972779,107.797662,2,Cropland,2,Cropland,0,0,0,1,0,1,TRUE,Ag-dominated
3720,2.577037698,0.422962302,278,29.54633,105.687881,1,Natural vegetation,2,Cropland,0,0,0,1,0,1,TRUE,Ag-dominated
3728,2.522186,0.477814,50,29.818174,107.12328,2,Cropland,2,Cropland,0,0,0,1,0,1,TRUE,Ag-dominated
3730,2.595,0.405,12,29.122363,109.124363,2,Cropland,1,Natural vegetation,1,0,0,0,0,0,FALSE,Natural-dominated
3731,1.2815625,1.7184375,32,30.737812,108.609295,2,Cropland,1,Natural vegetation,0.5,0,0,0.5,0,0.5,TRUE,Ag-dominated
3733,2.565369863,0.434630137,73,29.808129,106.977916,1,Natural vegetation,3,Urban,0,1,0,0,0,1,TRUE,Urban-dominated
3736,2.327292308,0.672707692,65,30.412865,108.159455,5,Other,5,Other,0,0,1,0,0,0,FALSE,Mixed
3739,1.417357143,1.582642857,14,34.342738,109.597958,2,Cropland,2,Cropland,0.25,0,0,0.75,0,0.75,TRUE,Ag-dominated
3740,1.760612,1.239388,25,34.331984,109.10789,3,Urban,3,Urban,0,1,0,0,0,1,TRUE,Urban-dominated
3741,1.614225,1.385775,10,33.999268,109.439328,1,Natural vegetation,1,Natural vegetation,1,0,0,0,0,0,FALSE,Natural-dominated
3745,2.642196667,0.357803333,3,38.421699,110.750542,1,Natural vegetation,1,Natural vegetation,1,0,0,0,0,0,FALSE,Natural-dominated
3747,0.298,2.702,1,34.341042,109.029633,3,Urban,3,Urban,0,1,0,0,0,1,TRUE,Urban-dominated
3753,2.302375,0.697625,8,34.881673,106.710551,2,Cropland,2,Cropland,0,0,0,1,0,1,TRUE,Ag-dominated
37531,2.5,0.5,54,37.89713889,-97.4411111,2,Cropland,2,Cropland,0,0,0,1,0,1,TRUE,Ag-dominated
3754,1.02587,1.97413,1,37.993818,109.854869,3,Urban,1,Natural vegetation,1,0,0,0,0,0,FALSE,Natural-dominated
3760,1.385,1.615,2,36.980189,99.825521,1,Natural vegetation,1,Natural vegetation,1,0,0,0,0,0,FALSE,Natural-dominated
3761,1.928681818,1.071318182,11,32.90242,100.796611,1,Natural vegetation,1,Natural vegetation,1,0,0,0,0,0,FALSE,Natural-dominated
3765,2.821333333,0.178666667,3,44.266976,128.639537,1,Natural vegetation,1,Natural vegetation,1,0,0,0,0,0,FALSE,Natural-dominated
3766,1.502,1.498,2,44.780159,129.522687,1,Natural vegetation,2,Cropland,0,0,0,1,0,1,TRUE,Ag-dominated
3774,2.847,0.153,1,47.314285,126.848283,2,Cropland,2,Cropland,0,0,0,1,0,1,TRUE,Ag-dominated
3778,2.15858169,0.84141831,71,45.726806,126.523186,3,Urban,3,Urban,0.25,0.75,0,0,0,0.75,TRUE,Urban-dominated
3785,2.531257485,0.468742515,167,50.249585,127.499023,3,Urban,3,Urban,0,0.75,0.25,0,0,0.75,TRUE,Urban-dominated
3795,1.303325,1.696675,6,23.981819,97.879546,3,Urban,3,Urban,0,1,0,0,0,1,TRUE,Urban-dominated
3804,1.866142857,1.133857143,70,24.678912,102.688312,1,Natural vegetation,1,Natural vegetation,0.5,0,0.5,0,0,0,FALSE,Natural-dominated
38051,1.282153128,1.717846872,11707,38.09661389,-121.6512444,5,Other,2,Cropland,0,0,0,1,0,1,TRUE,Ag-dominated
38071,1.340607558,1.659392442,3643,38.1198,-121.5428972,2,Cropland,2,Cropland,0,0,0,1,0,1,TRUE,Ag-dominated
3812,2.535,0.465,4,42.441301,120.807707,1,Natural vegetation,1,Natural vegetation,0.5,0,0,0.5,0,0.5,TRUE,Ag-dominated
3816,1.84,1.16,5,43.174106,117.758673,1,Natural vegetation,1,Natural vegetation,1,0,0,0,0,0,FALSE,Natural-dominated
38171,2.562179487,0.437820513,13,38.2846833,-85.821925,3,Urban,1,Natural vegetation,0.5,0.5,0,0,0,0.5,TRUE,Urban-dominated
3820,1.1045,1.8955,14,50.308321,119.371214,1,Natural vegetation,1,Natural vegetation,1,0,0,0,0,0,FALSE,Natural-dominated
3830,1.754052632,1.245947368,114,44.628169,127.180088,2,Cropland,2,Cropland,0,0,0,1,0,1,TRUE,Ag-dominated
3831,2.78,0.22,1,44.623803,122.961691,2,Cropland,2,Cropland,0.25,0,0,0.75,0,0.75,TRUE,Ag-dominated
3834,1.803741007,1.196258993,139,43.387278,125.029958,3,Urban,2,Cropland,0,0,0,1,0,1,TRUE,Ag-dominated
3845,2.624218333,0.375781667,12,31.80927,101.44973,1,Natural vegetation,1,Natural vegetation,1,0,0,0,0,0,FALSE,Natural-dominated
3849,0.49,2.51,1,31.40885,107.240246,1,Natural vegetation,2,Cropland,0,0,0,1,0,1,TRUE,Ag-dominated
3862,2.239210526,0.760789474,152,38.838361,117.333968,2,Cropland,2,Cropland,0.25,0,0.25,0.5,0,0.5,TRUE,Ag-dominated
3868,1.823829787,1.176170213,47,39.439892,117.075969,2,Cropland,2,Cropland,0,0,0,1,0,1,TRUE,Ag-dominated
3869,2.412685321,0.587314679,109,38.770583,117.5701,5,Other,5,Other,0,0,1,0,0,0,FALSE,Mixed
3880,1.973511111,1.026488889,90,36.685903,121.175962,5,Other,3,Urban,0,1,0,0,0,1,TRUE,Urban-dominated
3881,2.296945055,0.703054945,91,35.406527,115.768534,3,Urban,2,Cropland,0,0,0,1,0,1,TRUE,Ag-dominated
3882,1.827096774,1.172903226,31,36.866154,116.459246,2,Cropland,2,Cropland,0,0,0,1,0,1,TRUE,Ag-dominated
3883,1.122428571,1.877571429,14,34.5519243,117.7168927,3,Urban,3,Urban,0,1,0,0,0,1,TRUE,Urban-dominated
3885,2.395086667,0.604913333,6,36.272938,117.379726,2,Cropland,2,Cropland,0,0,0,1,0,1,TRUE,Ag-dominated
3886,2.409416667,0.590583333,24,34.868596,116.175491,2,Cropland,2,Cropland,0,0,0,1,0,1,TRUE,Ag-dominated
3887,1.79595039,1.20404961,77,37.535881,121.289911,3,Urban,3,Urban,0,1,0,0,0,1,TRUE,Urban-dominated
3888,2.024433121,0.975566879,157,34.926483,118.382936,2,Cropland,5,Other,0,0,1,0,0,0,FALSE,Mixed
3889,2.0865,0.9135,2,36.997097,116.580564,2,Cropland,2,Cropland,0,0,0,1,0,1,TRUE,Ag-dominated
3890,2.3946,0.6054,85,35.109899,116.210637,2,Cropland,2,Cropland,0,0,0,1,0,1,TRUE,Ag-dominated
3893,2.664735294,0.335264706,34,37.569847,116.335396,2,Cropland,2,Cropland,0,0,0,1,0,1,TRUE,Ag-dominated
3894,1.897223529,1.102776471,340,35.144836,118.274968,3,Urban,3,Urban,0,0.75,0,0.25,0,1,TRUE,Urban-dominated
3896,2.425,0.575,3,37.266821,117.073018,2,Cropland,2,Cropland,0,0,0,1,0,1,TRUE,Ag-dominated
3898,0.7355,2.2645,2,35.13497,111.825047,2,Cropland,2,Cropland,0,0,0,1,0,1,TRUE,Ag-dominated
39021,2.238676471,0.761323529,170,39.0338222,-94.60745,3,Urban,3,Urban,0,1,0,0,0,1,TRUE,Urban-dominated
3906,2.59669,0.40331,5,37.641851,110.797948,1,Natural vegetation,1,Natural vegetation,1,0,0,0,0,0,FALSE,Natural-dominated
3910,2.699375,0.300625,32,22.462587,112.742789,2,Cropland,2,Cropland,0,0,0,1,0,1,TRUE,Ag-dominated
3914,2.583882353,0.416117647,34,22.552676,112.007501,3,Urban,3,Urban,0,1,0,0,0,1,TRUE,Urban-dominated
3917,2.562,0.438,2,22.184873,113.416799,5,Other,5,Other,0,0,1,0,0,0,FALSE,Mixed
3918,2.893333333,0.106666667,3,23.115118,116.355037,2,Cropland,1,Natural vegetation,1,0,0,0,0,0,FALSE,Natural-dominated
39191,1.500862069,1.499137931,58,39.33119444,-108.2178056,2,Cropland,1,Natural vegetation,0.75,0,0,0.25,0,0.25,FALSE,Natural-dominated
3925,2.89734,0.10266,1,40.506678,81.301296,3,Urban,2,Cropland,0,0,0,1,0,1,TRUE,Ag-dominated
3926,2.088483929,0.911516071,28,37.445847,78.5372,5,Other,5,Other,0,0,1,0,0,0,FALSE,Mixed
3944,2.2397,0.7603,100,33.014668,118.920997,2,Cropland,2,Cropland,0,0,0,1,0,1,TRUE,Ag-dominated
3946,2.50155303,0.49844697,132,32.687943,120.254645,3,Urban,2,Cropland,0,0,0,1,0,1,TRUE,Ag-dominated
3967,2.95448,0.04552,1,40.842139,118.073132,1,Natural vegetation,1,Natural vegetation,0.5,0.5,0,0,0,0.5,TRUE,Urban-dominated
3969,2.532166667,0.467833333,3,39.437191,116.167531,2,Cropland,2,Cropland,0,0,0,1,0,1,TRUE,Ag-dominated
3975,2.644152,0.355848,5,39.320799,115.666086,3,Urban,3,Urban,0,1,0,0,0,1,TRUE,Urban-dominated
3979,2.297,0.703,3,36.951398,114.845351,2,Cropland,3,Urban,0,0.75,0,0.25,0,1,TRUE,Urban-dominated
3982,1.486034483,1.513965517,116,41.12365,117.970569,2,Cropland,1,Natural vegetation,1,0,0,0,0,0,FALSE,Natural-dominated
3986,1.958183333,1.041816667,3,37.823713,115.686356,2,Cropland,2,Cropland,0,0.5,0,0.5,0,1,TRUE,Urban-dominated
3989,2.11841,0.88159,5,34.827747,111.344163,5,Other,1,Natural vegetation,0.5,0,0,0.5,0,0.5,TRUE,Ag-dominated
3990,0.43582,2.56418,1,34.691727,112.318621,3,Urban,2,Cropland,0,0.5,0,0.5,0,1,TRUE,Urban-dominated
3991,2.40225,0.59775,4,34.673653,114.11387,2,Cropland,2,Cropland,0,0,0,1,0,1,TRUE,Ag-dominated
3992,2.7275625,0.2724375,16,35.403717,113.944923,3,Urban,2,Cropland,0,0,0,1,0,1,TRUE,Ag-dominated
3997,2.619809524,0.380190476,21,35.511776,114.197142,2,Cropland,2,Cropland,0,0,0,1,0,1,TRUE,Ag-dominated
3999,2.622,0.378,2,34.664817,112.264874,2,Cropland,2,Cropland,0,0.25,0,0.75,0,1,TRUE,Ag-dominated
4002,1.956,1.044,1,35.227856,113.870157,2,Cropland,2,Cropland,0,0,0,1,0,1,TRUE,Ag-dominated
4003,2.095401282,0.904598718,78,33.313765,113.234746,2,Cropland,2,Cropland,0,0,0,1,0,1,TRUE,Ag-dominated
401011281104040_,0,3,285,44.4814,142.335,1,Natural vegetation,1,Natural vegetation,0.5,0,0,0.5,0,0.5,TRUE,Ag-dominated
401031281101050_,0.017522124,2.982477876,1695,43.135,141.525,2,Cropland,2,Cropland,0,0.5,0,0.5,0,1,TRUE,Urban-dominated
401031281104010_,0.997692308,2.002307692,260,43.8181,142.4258,3,Urban,3,Urban,0,1,0,0,0,1,TRUE,Urban-dominated
401061281105020_,0.133624454,2.866375546,458,42.5733,141.9367,2,Cropland,2,Cropland,0.25,0,0.25,0.5,0,0.5,TRUE,Ag-dominated
401081281107070_,1.540066964,1.459933036,896,42.9344,143.2033,3,Urban,3,Urban,0,1,0,0,0,1,TRUE,Urban-dominated
401081281107090_,1.18,1.82,5,42.8078,143.5117,2,Cropland,2,Cropland,0,0,0,1,0,1,TRUE,Ag-dominated
401101281108051_,0.281446809,2.718553191,2350,43.9906,144.2189,5,Other,5,Other,0.25,0,0.5,0.25,0,0.25,FALSE,Mixed
4012,2.250342308,0.749657692,26,34.721917,112.605462,3,Urban,3,Urban,0,1,0,0,0,1,TRUE,Urban-dominated
4015,2.546875,0.453125,16,34.755454,112.153882,2,Cropland,2,Cropland,0,0,0,1,0,1,TRUE,Ag-dominated
4016,1.407315789,1.592684211,19,33.874388,115.484812,3,Urban,2,Cropland,0,0.5,0,0.5,0,1,TRUE,Urban-dominated
4020,2.2725,0.7275,8,30.9232021,120.7132892,5,Other,2,Cropland,0,0.25,0.25,0.5,0,0.75,TRUE,Ag-dominated
402011282206020_,0.052475248,2.947524752,101,37.9217,140.7628,1,Natural vegetation,1,Natural vegetation,0.5,0,0,0.5,0,0.5,TRUE,Ag-dominated
402011282218040_,0.0375,2.9625,8,37.4081,140.4094,3,Urban,2,Cropland,0,0.5,0,0.5,0,1,TRUE,Urban-dominated
402011282218070_,0.642857143,2.357142857,7,37.7272,140.4731,3,Urban,3,Urban,0.25,0.75,0,0,0,0.75,TRUE,Urban-dominated
402011282218090_,0.6625,2.3375,40,37.8933,140.6428,1,Natural vegetation,1,Natural vegetation,1,0,0,0,0,0,FALSE,Natural-dominated
402011282228040_,0.836170213,2.163829787,47,37.4242,140.5247,2,Cropland,2,Cropland,0,0.25,0,0.75,0,1,TRUE,Ag-dominated
402011282228070_,0.642857143,2.357142857,7,37.3972,140.4864,2,Cropland,2,Cropland,0,0,0,1,0,1,TRUE,Ag-dominated
402011282228160_,2.073684211,0.926315789,19,37.4142,140.4908,2,Cropland,2,Cropland,0,0.5,0,0.5,0,1,TRUE,Urban-dominated
402021282206050_,0.489473684,2.510526316,38,38.2156,140.9094,3,Urban,3,Urban,0,1,0,0,0,1,TRUE,Urban-dominated
402031282207080_,1.143956044,1.856043956,91,38.5311,141.0058,2,Cropland,1,Natural vegetation,0.5,0.25,0,0.25,0,0.5,TRUE,Natural-dominated
402031282207090_,2.187437186,0.812562814,199,38.4156,141.1386,1,Natural vegetation,3,Urban,0.25,0.5,0,0.25,0,0.75,TRUE,Urban-dominated
402041282204010_,1.666666667,1.333333333,12,39.835,141.1614,2,Cropland,2,Cropland,0,0,0,1,0,1,TRUE,Ag-dominated
402041282204050_,1.885462555,1.114537445,454,39.5514,141.175,2,Cropland,1,Natural vegetation,0.333333333,0.333333333,0,0.333333333,0,0.666666667,TRUE,Mixed
402041282204090_,0.018181818,2.981818182,165,39.1967,141.1272,2,Cropland,3,Urban,0,1,0,0,0,1,TRUE,Urban-dominated
402041282204110_,0.677121771,2.322878229,271,38.95,141.1817,2,Cropland,2,Cropland,0.25,0,0,0.75,0,0.75,TRUE,Ag-dominated
402041282207090_,0.007555556,2.992444444,225,38.5,141.2489,2,Cropland,2,Cropland,0,0,0,1,0,1,TRUE,Ag-dominated
402041282220220_,0.1,2.9,34,39.835,141.1614,2,Cropland,2,Cropland,0,0,0,1,0,1,TRUE,Ag-dominated
402051282201010_,0.678059837,2.321940163,1103,40.4861,141.4281,3,Urban,2,Cropland,0.25,0.25,0,0.5,0,0.75,TRUE,Ag-dominated
402071282201010_,2.457142857,0.542857143,35,40.5922,140.4142,2,Cropland,2,Cropland,0,0.25,0,0.75,0,1,TRUE,Ag-dominated
402071282201080_,1.718592297,1.281407703,1506,40.8078,140.4375,3,Urban,3,Urban,0,1,0,0,0,1,TRUE,Urban-dominated
402081282211040_,0.033972603,2.966027397,365,40.1978,140.2336,1,Natural vegetation,1,Natural vegetation,0.666666667,0.333333333,0,0,0,0.333333333,TRUE,Natural-dominated
402091282209020_,0,3,31,39.6144,140.1558,5,Other,2,Cropland,0,0,0,1,0,1,TRUE,Ag-dominated
402101282209020_,0.314285714,2.685714286,7,39.3536,140.0697,2,Cropland,2,Cropland,0,0.333333333,0,0.666666667,0,1,TRUE,Ag-dominated
402111282214070_,0.0125,2.9875,16,38.4203,140.3261,2,Cropland,2,Cropland,0.25,0.25,0,0.5,0,0.75,TRUE,Ag-dominated
402111282216010_,2.364705882,0.635294118,17,38.6642,140.2731,1,Natural vegetation,1,Natural vegetation,1,0,0,0,0,0,FALSE,Natural-dominated
403011283322030_,2.319512195,0.680487805,41,36.4964,140.5544,2,Cropland,3,Urban,0,0.666666667,0,0.333333333,0,1,TRUE,Urban-dominated
403021283322090_,1.267204301,1.732795699,186,36.4594,140.4086,2,Cropland,1,Natural vegetation,0.5,0,0,0.5,0,0.5,TRUE,Ag-dominated
403031283301050_,0.50323741,2.49676259,556,36.1725,139.4725,2,Cropland,3,Urban,0,0.5,0.25,0.25,0,0.75,TRUE,Urban-dominated
403031283301060_,1.564705882,1.435294118,51,36.1433,139.7047,3,Urban,3,Urban,0,1,0,0,0,1,TRUE,Urban-dominated
403031283301222_,2.609223301,0.390776699,206,36.2114,139.6786,5,Other,2,Cropland,0,0.5,0,0.5,0,1,TRUE,Urban-dominated
403031283302041_,0,3,25,35.8564,140.135,3,Urban,3,Urban,0,0.5,0.25,0.25,0,0.75,TRUE,Urban-dominated
403031283302051_,0.088993949,2.911006051,2644,35.8422,140.1617,5,Other,2,Cropland,0,0.5,0,0.5,0,1,TRUE,Urban-dominated
403031283302091_,1.643023256,1.356976744,86,35.8997,140.5028,3,Urban,2,Cropland,0.25,0,0.25,0.5,0,0.5,TRUE,Ag-dominated
403031283302231_,0.760352423,2.239647577,227,35.8586,140.0244,3,Urban,3,Urban,0,0.75,0,0.25,0,1,TRUE,Urban-dominated
403031283303010_,1.507861937,1.492138063,1043,36.1392,140.3397,5,Other,5,Other,0,0,1,0,0,0,FALSE,Mixed
403031283303071_,0.032520325,2.967479675,123,36.0378,140.4039,5,Other,5,Other,0,0,0.75,0.25,0,0.25,FALSE,Mixed
403031283303091_,0,3,66,35.9647,140.4889,5,Other,5,Other,0,0,1,0,0,0,FALSE,Mixed
403031283303100_,0.972413793,2.027586207,29,35.935,140.5503,3,Urban,2,Cropland,0,0.25,0,0.75,0,1,TRUE,Ag-dominated
403031283303160_,0.518518519,2.481481481,162,36.1231,140.5286,5,Other,1,Natural vegetation,0.5,0.5,0,0,0,0.5,TRUE,Urban-dominated
403031283303181_,0.001020408,2.998979592,196,36.0167,140.565,5,Other,5,Other,0,0.25,0.5,0.25,0,0.5,TRUE,Mixed
403031283303191_,0,3,52,35.9622,140.6097,3,Urban,1,Natural vegetation,0.25,0.25,0.25,0.25,0,0.5,TRUE,Mixed
403031283305030_,2.533333333,0.466666667,3,35.8458,139.8911,3,Urban,3,Urban,0,1,0,0,0,1,TRUE,Urban-dominated
403031283305120_,2.70173913,0.29826087,115,35.8478,139.8419,3,Urban,3,Urban,0,1,0,0,0,1,TRUE,Urban-dominated
403031283305140_,2.607171854,0.392828146,739,35.7786,139.8506,3,Urban,3,Urban,0,1,0,0,0,1,TRUE,Urban-dominated
403031283305470_,2.119208408,0.880791592,4472,35.7981,139.8928,3,Urban,3,Urban,0,1,0,0,0,1,TRUE,Urban-dominated
403031283306041_,2.315116279,0.684883721,774,36.3269,139.4531,3,Urban,3,Urban,0,1,0,0,0,1,TRUE,Urban-dominated
403031283307130_,0,3,13,36.2475,139.9983,2,Cropland,2,Cropland,0,0,0,1,0,1,TRUE,Ag-dominated
403031283323030_,0.667910448,2.332089552,268,36.2794,139.1203,3,Urban,3,Urban,0,1,0,0,0,1,TRUE,Urban-dominated
403041283309010_,2.157090909,0.842909091,3025,35.8003,139.6469,3,Urban,3,Urban,0,1,0,0,0,1,TRUE,Urban-dominated
403051283310040_,1.310807453,1.689192547,805,35.6969,139.3475,3,Urban,3,Urban,0.25,0.75,0,0,0,0.75,TRUE,Urban-dominated
403051283310050_,0.03828824,2.96171176,9277,35.6792,139.4197,3,Urban,3,Urban,0,1,0,0,0,1,TRUE,Urban-dominated
403051283310100_,2.253977273,0.746022727,176,35.6022,139.6375,3,Urban,3,Urban,0,1,0,0,0,1,TRUE,Urban-dominated
403051283310180_,2.44974359,0.55025641,390,35.665,139.4122,3,Urban,3,Urban,0,1,0,0,0,1,TRUE,Urban-dominated
403061283310030_,1.50626806,1.49373194,17996,35.5336,139.6664,3,Urban,3,Urban,0,1,0,0,0,1,TRUE,Urban-dominated
403071283310010_,0.716732543,2.283267457,759,35.3319,139.3672,3,Urban,3,Urban,0,1,0,0,0,1,TRUE,Urban-dominated
403081283324004_,0.065463108,2.934536892,637,35.5392,138.4572,1,Natural vegetation,1,Natural vegetation,0.75,0.25,0,0,0,0.25,FALSE,Natural-dominated
403081283324009_,0.473179191,2.526820809,865,35.5764,138.5225,2,Cropland,3,Urban,0.25,0.75,0,0,0,0.75,TRUE,Urban-dominated
4035,2.294842857,0.705157143,70,31.658505,113.558856,2,Cropland,2,Cropland,0,0,0,1,0,1,TRUE,Ag-dominated
4040,2.143121053,0.856878947,19,30.891566,113.312214,2,Cropland,2,Cropland,0,0,0,1,0,1,TRUE,Ag-dominated
404021284402300_,0.055186722,2.944813278,241,37.8533,139.1547,3,Urban,5,Other,0,0,1,0,0,0,FALSE,Mixed
404021284415300_,0.11149954,2.88850046,1087,37.5586,139.8564,2,Cropland,2,Cropland,0,0,0,1,0,1,TRUE,Ag-dominated
404031284401300_,0.441830986,2.558169014,710,37.8817,139.0189,3,Urban,3,Urban,0,1,0,0,0,1,TRUE,Urban-dominated
404031284403300_,0.873465347,2.126534653,1010,37.4506,138.8364,3,Urban,3,Urban,0,0.5,0.25,0.25,0,0.75,TRUE,Urban-dominated
404031284416160_,0.654360812,2.345639188,837,36.2647,137.9442,3,Urban,3,Urban,0,1,0,0,0,1,TRUE,Urban-dominated
404031284416300_,0.849481368,2.150518632,2603,36.5322,138.1125,3,Urban,3,Urban,0,0.75,0,0.25,0,1,TRUE,Urban-dominated
404031284416310_,0.726315789,2.273684211,19,36.2672,137.9436,1,Natural vegetation,3,Urban,0,1,0,0,0,1,TRUE,Urban-dominated
404071284408030_,0,3,4,36.7303,137.2828,2,Cropland,3,Urban,0,0.666666667,0,0.333333333,0,1,TRUE,Urban-dominated
404081284408040_,1.033928571,1.966071429,112,36.7461,137.2181,3,Urban,5,Other,0,0,1,0,0,0,FALSE,Mixed
4041,0.01,2.99,1,31.537412,114.68585,1,Natural vegetation,1,Natural vegetation,1,0,0,0,0,0,FALSE,Natural-dominated
404101284408300_,1.1,1.9,120,36.7558,136.9819,3,Urban,1,Natural vegetation,0.5,0.5,0,0,0,0.5,TRUE,Urban-dominated
404121284412020_,0.1,2.9,3,36.4061,136.4872,3,Urban,2,Cropland,0,0.5,0,0.5,0,1,TRUE,Urban-dominated
4042,2.156473111,0.843526889,45,32.36496,112.468554,2,Cropland,2,Cropland,0,0,0,1,0,1,TRUE,Ag-dominated
4045,0.027,2.973,1,30.236456,115.418687,3,Urban,3,Urban,0,1,0,0,0,1,TRUE,Urban-dominated
4046,2.705,0.295,2,32.816347,110.777179,5,Other,5,Other,0,0,1,0,0,0,FALSE,Mixed
4047,2.600446122,0.399553878,49,29.861698,115.437402,3,Urban,1,Natural vegetation,0.5,0.25,0.25,0,0,0.25,FALSE,Natural-dominated
4048,2.57,0.43,17,29.933344,112.791924,2,Cropland,2,Cropland,0,0,0,1,0,1,TRUE,Ag-dominated
405011285508040_,0.611857708,2.388142292,253,35.0983,138.8706,3,Urban,3,Urban,0,1,0,0,0,1,TRUE,Urban-dominated
405061285512050_,0,3,2,34.8106,137.4186,3,Urban,3,Urban,0,1,0,0,0,1,TRUE,Urban-dominated
405071285512021_,0.678723404,2.321276596,47,35.0022,137.1667,3,Urban,3,Urban,0,1,0,0,0,1,TRUE,Urban-dominated
405071285512040_,0,3,1,34.8894,137.0583,3,Urban,3,Urban,0,1,0,0,0,1,TRUE,Urban-dominated
405081285505021_,2.072,0.928,25,35.3256,137.2947,1,Natural vegetation,1,Natural vegetation,1,0,0,0,0,0,FALSE,Natural-dominated
405081285505031_,1.861068702,1.138931298,131,35.3172,137.3103,1,Natural vegetation,1,Natural vegetation,1,0,0,0,0,0,FALSE,Natural-dominated
405081285505035_,0.806136364,2.193863636,440,35.3319,137.3231,1,Natural vegetation,1,Natural vegetation,1,0,0,0,0,0,FALSE,Natural-dominated
405081285511070_,2.488194444,0.511805556,144,35.1992,136.8747,3,Urban,3,Urban,0,1,0,0,0,1,TRUE,Urban-dominated
405091285502090_,2.82,0.18,10,35.3619,136.6878,3,Urban,3,Urban,0,1,0,0,0,1,TRUE,Urban-dominated
405091285502120_,0.752631579,2.247368421,19,35.2967,136.6711,5,Other,2,Cropland,0,0.25,0.25,0.5,0,0.75,TRUE,Ag-dominated
405091285502200_,2.321686747,0.678313253,83,35.2561,136.615,2,Cropland,2,Cropland,0,0,0,1,0,1,TRUE,Ag-dominated
405091285502850_,0,3,1,35.3614,136.7569,3,Urban,3,Urban,0,1,0,0,0,1,TRUE,Urban-dominated
405091285515010_,2,1,7,35.2261,136.6797,5,Other,5,Other,0,0,1,0,0,0,FALSE,Mixed
405091285515070_,1.507142857,1.492857143,14,35.1867,136.63,3,Urban,5,Other,0,0,1,0,0,0,FALSE,Mixed
405091285515090_,2.268181818,0.731818182,22,35.0267,136.7103,5,Other,3,Urban,0,0.5,0.5,0,0,0.5,TRUE,Urban-dominated
405091285515110_,2.66,0.34,15,35.2711,136.6742,3,Urban,5,Other,0,0,1,0,0,0,FALSE,Mixed
405091285515170_,1.691304348,1.308695652,23,35.0603,136.7131,5,Other,3,Urban,0,1,0,0,0,1,TRUE,Urban-dominated
405111285514021_,0,3,7,34.6467,136.5131,3,Urban,3,Urban,0,1,0,0,0,1,TRUE,Urban-dominated
405131285514021_,0.083333333,2.916666667,30,34.4892,136.6856,3,Urban,3,Urban,0,1,0,0,0,1,TRUE,Urban-dominated
4053,2.382294118,0.617705882,34,29.810176,113.462786,3,Urban,3,Urban,0,1,0,0,0,1,TRUE,Urban-dominated
4054,2.7798,0.2202,5,30.480375,114.411567,3,Urban,3,Urban,0,1,0,0,0,1,TRUE,Urban-dominated
4057800,2.975,0.025,1,46.49910267,-87.8865238,1,Natural vegetation,1,Natural vegetation,1,0,0,0,0,0,FALSE,Natural-dominated
406021286614020_,0.691176471,2.308823529,34,34.3469,135.6889,3,Urban,1,Natural vegetation,0.75,0.25,0,0,0,0.25,FALSE,Natural-dominated
406021286614090_,1.994090909,1.005909091,440,34.2514,135.3106,3,Urban,1,Natural vegetation,0.5,0.5,0,0,0,0.5,TRUE,Urban-dominated
406021286614111_,1.424183007,1.575816993,612,34.2542,135.1956,3,Urban,1,Natural vegetation,0.5,0.5,0,0,0,0.5,TRUE,Urban-dominated
406031286607040_,1.532022472,1.467977528,178,34.5844,135.6839,3,Urban,1,Natural vegetation,0.5,0.5,0,0,0,0.5,TRUE,Urban-dominated
406031286607060_,1.935135135,1.064864865,111,34.5819,135.6169,3,Urban,1,Natural vegetation,0.5,0.5,0,0,0,0.5,TRUE,Urban-dominated
406031286607070_,2.371171171,0.628828829,111,34.5858,135.5019,3,Urban,3,Urban,0,1,0,0,0,1,TRUE,Urban-dominated
406041286603170_,2.502564103,0.497435897,39,35.2672,136.2225,5,Other,3,Urban,0.25,0.5,0.25,0,0,0.5,TRUE,Urban-dominated
406041286603270_,0.144047619,2.855952381,84,35.1192,135.9419,3,Urban,3,Urban,0,1,0,0,0,1,TRUE,Urban-dominated
406041286603390_,2.467261905,0.532738095,168,35.0331,135.9136,5,Other,5,Other,0,0,1,0,0,0,FALSE,Mixed
406041286603430_,2.46,0.54,5,35.0139,135.8603,3,Urban,5,Other,0.25,0.25,0.5,0,0,0.25,FALSE,Mixed
406041286603450_,2.527272727,0.472727273,231,35.0108,135.9214,3,Urban,3,Urban,0,0.5,0.5,0,0,0.5,TRUE,Urban-dominated
406041286603500_,2.383127572,0.616872428,243,35.4011,136.2319,2,Cropland,2,Cropland,0,0,0,1,0,1,TRUE,Ag-dominated
406041286603520_,2.451612903,0.548387097,31,35.1019,135.9931,3,Urban,3,Urban,0,1,0,0,0,1,TRUE,Urban-dominated
406041286606050_,1.510616438,1.489383562,292,34.8911,135.6994,1,Natural vegetation,3,Urban,0,1,0,0,0,1,TRUE,Urban-dominated
406041286606060_,0.195967742,2.804032258,124,34.8125,135.6317,3,Urban,3,Urban,0,1,0,0,0,1,TRUE,Urban-dominated
406041286606190_,1.782035928,1.217964072,1002,34.8897,135.6994,1,Natural vegetation,3,Urban,0,1,0,0,0,1,TRUE,Urban-dominated
406041286606240_,0.926,2.074,50,34.9075,135.7167,3,Urban,3,Urban,0,1,0,0,0,1,TRUE,Urban-dominated
406041286608010_,0.141304348,2.858695652,46,34.855,135.415,3,Urban,3,Urban,0,1,0,0,0,1,TRUE,Urban-dominated
406041286608040_,2.152,0.848,1000,34.7989,135.4233,3,Urban,3,Urban,0,1,0,0,0,1,TRUE,Urban-dominated
406041286618020_,1.6,1.4,1,34.8789,135.8467,1,Natural vegetation,1,Natural vegetation,1,0,0,0,0,0,FALSE,Natural-dominated
406041286618030_,1.385271318,1.614728682,129,34.88,135.8281,1,Natural vegetation,1,Natural vegetation,0.5,0.5,0,0,0,0.5,TRUE,Urban-dominated
406051286611030_,2.358023107,0.641976893,779,34.9653,134.9728,3,Urban,3,Urban,0,1,0,0,0,1,TRUE,Urban-dominated
406051286611060_,0.811336516,2.188663484,838,34.7975,134.8994,3,Urban,3,Urban,0,1,0,0,0,1,TRUE,Urban-dominated
406061286611050_,1.342553191,1.657446809,517,34.8014,134.5631,3,Urban,1,Natural vegetation,0.5,0.5,0,0,0,0.5,TRUE,Urban-dominated
406071286601060_,0.956564019,2.043435981,617,36.0878,136.1864,3,Urban,1,Natural vegetation,0.5,0.25,0,0.25,0,0.5,TRUE,Natural-dominated
406091286605020_,1.053543307,1.946456693,127,35.3075,135.2261,3,Urban,1,Natural vegetation,1,0,0,0,0,0,FALSE,Natural-dominated
406091286605050_,0.12328629,2.87671371,992,35.3556,135.1153,1,Natural vegetation,1,Natural vegetation,1,0,0,0,0,0,FALSE,Natural-dominated
4061,2.3108,0.6892,20,32.662319,110.789239,3,Urban,3,Urban,0,1,0,0,0,1,TRUE,Urban-dominated
406101286610020_,1.816345062,1.183654938,1762,35.5436,134.83,3,Urban,3,Urban,0,1,0,0,0,1,TRUE,Urban-dominated
4063,1.972826727,1.027173273,165,32.086108,112.607012,2,Cropland,2,Cropland,0,0,0,1,0,1,TRUE,Ag-dominated
4065,2.737,0.263,3,31.724546,113.298941,1,Natural vegetation,2,Cropland,0.25,0,0,0.75,0,0.75,TRUE,Ag-dominated
4069,2.871,0.129,1,31.45536,112.424951,3,Urban,2,Cropland,0,0,0.333333333,0.666666667,0,0.666666667,TRUE,Ag-dominated
407041287705100_,1.200845666,1.799154334,473,35.4656,133.0533,3,Urban,3,Urban,0,0.5,0.25,0,0.25,0.5,TRUE,Urban-dominated
407051287711030_,1.1,1.9,1,34.8169,132.8342,1,Natural vegetation,1,Natural vegetation,1,0,0,0,0,0,FALSE,Natural-dominated
407091287712070_,1.497183099,1.502816901,71,34.4972,132.5139,3,Urban,1,Natural vegetation,0.5,0.5,0,0,0,0.5,TRUE,Urban-dominated
4071,0.819666667,2.180333333,3,31.736074,110.833152,1,Natural vegetation,1,Natural vegetation,1,0,0,0,0,0,FALSE,Natural-dominated
4080,2.5632,0.4368,10,29.398746,112.329403,2,Cropland,2,Cropland,0,0,0,1,0,1,TRUE,Ag-dominated
408011288805002_,1.365181058,1.634818942,1077,33.8069,132.7272,3,Urban,3,Urban,0,1,0,0,0,1,TRUE,Urban-dominated
4082,2.911,0.089,2,27.190669,111.536969,2,Cropland,2,Cropland,0,0,0,1,0,1,TRUE,Ag-dominated
4085108,2.426430773,0.573569227,413,44.37194444,-88.0922222,2,Cropland,2,Cropland,0,0,0,1,0,1,TRUE,Ag-dominated
4087119,2.35625,0.64375,8,43.0438333,-88.0051111,3,Urban,3,Urban,0,1,0,0,0,1,TRUE,Urban-dominated
40871488,2.23052686,0.76947314,44,42.99025,-87.9523333,3,Urban,3,Urban,0,1,0,0,0,1,TRUE,Urban-dominated
4087170,2.825,0.175,4,43.02444444,-87.8983333,3,Urban,3,Urban,0,1,0,0,0,1,TRUE,Urban-dominated
4089,2.76,0.24,1,24.981593,116.978429,1,Natural vegetation,1,Natural vegetation,1,0,0,0,0,0,FALSE,Natural-dominated
409003,1.452355351,1.547644649,1953,-35.53,144.9657,3,Urban,3,Urban,0,1,0,0,0,1,TRUE,Urban-dominated
409005,1.453458675,1.546541325,1585,-35.6298,144.1245,3,Urban,2,Cropland,0.25,0,0,0.5,0.25,0.5,TRUE,Ag-dominated
409013,1.279621334,1.720378666,3478,-35.0376,143.5702,1,Natural vegetation,1,Natural vegetation,0.5,0,0,0.25,0.25,0.25,FALSE,Natural-dominated
409014,0.958207238,2.041792762,3233,-35.0899,144.0331,1,Natural vegetation,2,Cropland,0,0,0,1,0,1,TRUE,Ag-dominated
409016,2.120573034,0.879426966,89,-36.09927778,147.0239833,2,Cropland,2,Cropland,0,0,0,0.5,0.5,0.5,TRUE,Ag-dominated
409025,1.11816414,1.88183586,1517,-36.0114,145.994,3,Urban,2,Cropland,0,0,0,1,0,1,TRUE,Ag-dominated
409036,1.320689156,1.679310844,2416,-35.1074,143.5826,2,Cropland,2,Cropland,0.25,0,0,0.75,0,0.75,TRUE,Ag-dominated
409044,1.225569109,1.774430891,2771,-35.5214,144.0517,2,Cropland,2,Cropland,0,0,0,1,0,1,TRUE,Ag-dominated
409047,0.796039032,2.203960968,2024,-35.6428,144.9596,4,Wetland,4,Wetland,0,0,0,0,1,0,FALSE,Mixed
409048,1.539938867,1.460061133,1783,-35.2739,144.1595,1,Natural vegetation,2,Cropland,0.25,0,0,0.75,0,0.75,TRUE,Ag-dominated
409061289901500_,0.615646259,2.384353741,294,33.33,130.5261,3,Urban,3,Urban,0,0.75,0,0.25,0,1,TRUE,Urban-dominated
409062,1.128802041,1.871197959,3233,-35.329,143.9322,1,Natural vegetation,2,Cropland,0,0,0,1,0,1,TRUE,Ag-dominated
409086,1.287631272,1.712368728,2571,-35.1351,143.8001,2,Cropland,2,Cropland,0,0,0,1,0,1,TRUE,Ag-dominated
4094,1.021413793,1.978586207,261,27.362076,107.413232,5,Other,4,Wetland,0,0,0,0,1,0,FALSE,Mixed
410040,2.366030132,0.633969868,531,-34.4776,144.3009,1,Natural vegetation,1,Natural vegetation,1,0,0,0,0,0,FALSE,Natural-dominated
410130,1.440570164,1.559429836,3050,-34.665,143.4917,1,Natural vegetation,1,Natural vegetation,0.5,0,0,0.5,0,0.5,TRUE,Ag-dominated
4102,2.398666667,0.601333333,3,41.036863,122.926206,3,Urban,3,Urban,0,1,0,0,0,1,TRUE,Urban-dominated
4104,2.1863,0.8137,2,39.510908,122.475631,3,Urban,2,Cropland,0,0,0,1,0,1,TRUE,Ag-dominated
4106,1.759857143,1.240142857,14,41.061356,122.282673,3,Urban,3,Urban,0,1,0,0,0,1,TRUE,Urban-dominated
4109,2.889666667,0.110333333,3,41.307508,124.132657,3,Urban,1,Natural vegetation,0.75,0.25,0,0,0,0.25,FALSE,Natural-dominated
4111,2.742833333,0.257166667,6,41.835441,123.42944,3,Urban,3,Urban,0,1,0,0,0,1,TRUE,Urban-dominated
4112,2.82896,0.17104,5,40.223583,124.507297,5,Other,1,Natural vegetation,0.5,0.25,0.25,0,0,0.25,FALSE,Natural-dominated
4118,1.57733675,1.42266325,2049,41.039546,120.977806,3,Urban,2,Cropland,0,0.5,0,0.5,0,1,TRUE,Urban-dominated
4119,2.386343288,0.613656712,73,39.324437,122.211445,2,Cropland,2,Cropland,0.25,0,0.25,0.5,0,0.5,TRUE,Ag-dominated
412004,0.396902544,2.603097456,4402,-33.41080904,147.9910504,2,Cropland,2,Cropland,0,0,0,1,0,1,TRUE,Ag-dominated
412005,2.349605691,0.650394309,246,-33.8695,144.8811,1,Natural vegetation,1,Natural vegetation,1,0,0,0,0,0,FALSE,Natural-dominated
412006,1.107101538,1.892898462,650,-33.091,147.1482,3,Urban,1,Natural vegetation,0.5,0,0,0.5,0,0.5,TRUE,Ag-dominated
412011,1.325989189,1.674010811,2220,-33.201,146.4532,1,Natural vegetation,2,Cropland,0,0,0,1,0,1,TRUE,Ag-dominated
412038,0.658838292,2.341161708,3395,-33.348326,145.87524,1,Natural vegetation,2,Cropland,0,0,0,1,0,1,TRUE,Ag-dominated
412039,2.561165746,0.438834254,181,-33.4873,145.504,2,Cropland,2,Cropland,0,0,0,1,0,1,TRUE,Ag-dominated
412047,1.126956113,1.873043887,1914,-33.3824,145.9027,2,Cropland,1,Natural vegetation,0.5,0,0,0.5,0,0.5,TRUE,Ag-dominated
4121660,2.518269231,0.481730769,52,43.61308,-85.4778209,1,Natural vegetation,1,Natural vegetation,1,0,0,0,0,0,FALSE,Natural-dominated
4121680,1.808596672,1.191403328,5348,43.485857,-85.63060189,5,Other,1,Natural vegetation,0.75,0,0.25,0,0,0,FALSE,Natural-dominated
4121970,2.754084967,0.245915033,51,43.43474558,-85.6653239,5,Other,5,Other,0,0,1,0,0,0,FALSE,Mixed
4135,1.8,1.2,9,28.9994404,105.8508137,5,Other,1,Natural vegetation,1,0,0,0,0,0,FALSE,Natural-dominated
4137030,2.349264706,0.650735294,68,44.47279328,-83.57108839,1,Natural vegetation,1,Natural vegetation,0.75,0,0.25,0,0,0,FALSE,Natural-dominated
4153,2.688333333,0.311666667,6,35.00617,108.73628,1,Natural vegetation,2,Cropland,0,0,0,1,0,1,TRUE,Ag-dominated
4154,2.6925,0.3075,2,34.353997,107.271763,3,Urban,3,Urban,0,1,0,0,0,1,TRUE,Urban-dominated
4156,1.917690625,1.082309375,32,34.460378,109.251996,2,Cropland,2,Cropland,0,0.25,0,0.75,0,1,TRUE,Ag-dominated
4157005,2.752272727,0.247727273,11,43.4219699,-83.951918,3,Urban,3,Urban,0,1,0,0,0,1,TRUE,Urban-dominated
4159,1.5966175,1.4033825,64,34.564536,109.485973,2,Cropland,2,Cropland,0,0.25,0,0.75,0,1,TRUE,Ag-dominated
4160,0.1982,2.8018,1,34.45589,109.005226,3,Urban,3,Urban,0,0.75,0.25,0,0,0.75,TRUE,Urban-dominated
4162,1.830103636,1.169896364,55,34.613631,110.2348456,2,Cropland,2,Cropland,0,0,0,0.75,0.25,0.75,TRUE,Ag-dominated
4165,2.591,0.409,1,33.216619,107.952694,1,Natural vegetation,1,Natural vegetation,1,0,0,0,0,0,FALSE,Natural-dominated
4165500,2.66969697,0.33030303,22,42.5958674,-82.90881,3,Urban,3,Urban,0,1,0,0,0,1,TRUE,Urban-dominated
4166,1.753576667,1.246423333,18,36.556856,101.930057,1,Natural vegetation,1,Natural vegetation,1,0,0,0,0,0,FALSE,Natural-dominated
4166500,2.365185185,0.634814815,90,42.3730923,-83.2546513,3,Urban,3,Urban,0,1,0,0,0,1,TRUE,Urban-dominated
4168400,2.518342644,0.481657356,179,42.30837099,-83.2527063,3,Urban,3,Urban,0,1,0,0,0,1,TRUE,Urban-dominated
4171,1.50426,1.49574,5,33.011787,97.255347,1,Natural vegetation,1,Natural vegetation,1,0,0,0,0,0,FALSE,Natural-dominated
4177,0.715428571,2.284571429,7,51.763712,126.639504,5,Other,1,Natural vegetation,1,0,0,0,0,0,FALSE,Natural-dominated
4179,2.806,0.194,3,46.567284,132.633838,2,Cropland,2,Cropland,0,0,0,1,0,1,TRUE,Ag-dominated
4182,2.239,0.761,4,45.401432,126.299118,3,Urban,3,Urban,0,1,0,0,0,1,TRUE,Urban-dominated
4183038,2.045998532,0.954001468,454,41.1830833,-84.8696944,2,Cropland,2,Cropland,0,0,0,1,0,1,TRUE,Ag-dominated
4183500,2.832352941,0.167647059,17,41.19893889,-84.7444033,2,Cropland,2,Cropland,0,0,0,1,0,1,TRUE,Ag-dominated
4184,2.438,0.562,1,45.316643,132.585736,5,Other,5,Other,0,0,1,0,0,0,FALSE,Mixed
4186,1.258597938,1.741402062,582,46.3054261,129.5434746,3,Urban,2,Cropland,0,0.25,0.25,0.5,0,0.75,TRUE,Ag-dominated
4187,0.61,2.39,1,45.4936489,125.0451846,3,Urban,2,Cropland,0,0,0.5,0.5,0,0.5,TRUE,Ag-dominated
4188496,2.157874097,0.842125903,3230,40.9792203,-83.6532653,2,Cropland,2,Cropland,0,0,0,1,0,1,TRUE,Ag-dominated
4192,0.085,2.915,2,50.2386399,127.5357671,3,Urban,3,Urban,0,0.5,0.5,0,0,0.5,TRUE,Urban-dominated
4193500,2.422361809,0.577638191,199,41.5000526,-83.7127145,2,Cropland,2,Cropland,0,0,0,1,0,1,TRUE,Ag-dominated
42001,0.993126521,2.006873479,1644,42.01040278,-121.5614222,2,Cropland,2,Cropland,0,0,0,1,0,1,TRUE,Ag-dominated
42071,1.156237334,1.843762666,8882,42.12805556,-121.9277778,1,Natural vegetation,1,Natural vegetation,1,0,0,0,0,0,FALSE,Natural-dominated
42081,1.025517356,1.974482644,2996,42.14258889,-121.672186,2,Cropland,2,Cropland,0.25,0,0,0.75,0,0.75,TRUE,Ag-dominated
422001,1.634142395,1.365857605,4635,-30.01531667,148.06075,1,Natural vegetation,1,Natural vegetation,0.75,0,0,0.25,0,0.25,FALSE,Natural-dominated
422002,1.634142395,1.365857605,4635,-29.94716667,146.8637167,1,Natural vegetation,1,Natural vegetation,1,0,0,0,0,0,FALSE,Natural-dominated
422003,1.614429544,1.385570456,3378,-29.547141,148.576104,1,Natural vegetation,1,Natural vegetation,1,0,0,0,0,0,FALSE,Natural-dominated
4220045,2.639363484,0.360636516,398,43.17430556,-78.38638889,2,Cropland,2,Cropland,0,0,0,1,0,1,TRUE,Ag-dominated
4220223,2.99375,0.00625,8,43.3390833,-77.9152222,2,Cropland,2,Cropland,0,0,0,1,0,1,TRUE,Ag-dominated
422027,1.296676231,1.703323769,4043,-30.14343333,147.3768667,1,Natural vegetation,1,Natural vegetation,0.5,0,0,0.5,0,0.5,TRUE,Ag-dominated
425001,1.032157265,1.967842735,585,-32.3969,142.4218,1,Natural vegetation,1,Natural vegetation,0.75,0,0.25,0,0,0,FALSE,Natural-dominated
425003,1.478845618,1.521154382,3446,-30.087894,145.936761,3,Urban,3,Urban,0,1,0,0,0,1,TRUE,Urban-dominated
425004,0.818393158,2.181606842,2134,-30.53474142,145.1150748,1,Natural vegetation,1,Natural vegetation,1,0,0,0,0,0,FALSE,Natural-dominated
425007,1.366657321,1.633342679,642,-33.74641667,142.2682778,1,Natural vegetation,4,Wetland,0.25,0,0,0.25,0.5,0.25,FALSE,Mixed
425012,2.150731752,0.849268248,548,-32.4353,142.3799,1,Natural vegetation,1,Natural vegetation,1,0,0,0,0,0,FALSE,Natural-dominated
425039,1.087158255,1.912841745,5984,-29.9646,146.3004,1,Natural vegetation,1,Natural vegetation,1,0,0,0,0,0,FALSE,Natural-dominated
45301,2.52859447,0.47140553,2170,45.5009505,-122.852045,3,Urban,3,Urban,0,1,0,0,0,1,TRUE,Urban-dominated
45303,1.72283237,1.27716763,173,45.5081944,-122.9335,3,Urban,3,Urban,0,1,0,0,0,1,TRUE,Urban-dominated
50048565,2.228116531,0.771883469,123,18.4070314,-66.118083,3,Urban,3,Urban,0,0.75,0.25,0,0,0.75,TRUE,Urban-dominated
50048580,1.288374144,1.711625856,20787,18.4201918,-66.1160552,3,Urban,3,Urban,0,0.75,0.25,0,0,0.75,TRUE,Urban-dominated
5051522,2.335526316,0.664473684,19,46.65968548,-96.7959154,2,Cropland,2,Cropland,0,0,0,1,0,1,TRUE,Ag-dominated
5054000,2.81875,0.18125,12,46.861075,-96.7836924,3,Urban,3,Urban,0,1,0,0,0,1,TRUE,Urban-dominated
5057000,1.814937219,1.185062781,1407,47.43277097,-98.0275954,2,Cropland,2,Cropland,0,0,0,1,0,1,TRUE,Ag-dominated
5062130,2.695,0.305,5,47.0926944,-96.8170556,2,Cropland,2,Cropland,0,0,0,1,0,1,TRUE,Ag-dominated
5114000,1.441961362,1.558038638,509,48.98995719,-101.9583348,2,Cropland,2,Cropland,0,0,0,1,0,1,TRUE,Ag-dominated
5117500,1.343760794,1.656239206,1158,48.2458428,-101.3712745,2,Cropland,2,Cropland,0,0,0,1,0,1,TRUE,Ag-dominated
5124000,0.468851645,2.531148355,8055,48.9964079,-100.9584889,2,Cropland,2,Cropland,0,0,0,1,0,1,TRUE,Ag-dominated
5406457,2.270833333,0.729166667,6,43.1097222,-89.6408333,3,Urban,1,Natural vegetation,0.75,0,0,0.25,0,0.25,FALSE,Natural-dominated
5406469,2.501851852,0.498148148,18,43.12527778,-89.635,2,Cropland,1,Natural vegetation,0.5,0,0,0.5,0,0.5,TRUE,Ag-dominated
5406479,2.06865337,0.93134663,49,43.1147222,-89.6641667,3,Urban,1,Natural vegetation,1,0,0,0,0,0,FALSE,Natural-dominated
5435943,2.232925926,0.767074074,225,42.97694444,-89.5394444,3,Urban,2,Cropland,0,0,0,1,0,1,TRUE,Ag-dominated
5435950,2.683870968,0.316129032,31,42.94916667,-89.5441667,2,Cropland,2,Cropland,0,0,0,1,0,1,TRUE,Ag-dominated
5474500,2.722695035,0.277304965,47,40.39365535,-91.374318,5,Other,5,Other,0,0,1,0,0,0,FALSE,Mixed
5515500,2.653119181,0.346880819,179,41.38963889,-86.7061667,2,Cropland,2,Cropland,0,0,0,1,0,1,TRUE,Ag-dominated
5524500,2.92375,0.07625,20,40.87059306,-87.3066912,2,Cropland,2,Cropland,0,0,0,1,0,1,TRUE,Ag-dominated
5537980,1.632762557,1.367237443,219,41.5364722,-88.0836944,3,Urban,3,Urban,0,1,0,0,0,1,TRUE,Urban-dominated
5545750,2.733108108,0.266891892,37,42.61085116,-88.225923,2,Cropland,2,Cropland,0,0,0,1,0,1,TRUE,Ag-dominated
5549500,1.731190476,1.268809524,665,42.3100222,-88.2514745,3,Urban,1,Natural vegetation,1,0,0,0,0,0,FALSE,Natural-dominated
5558300,2.7025,0.2975,50,41.10727778,-89.3562222,5,Other,4,Wetland,0,0,0,0,1,0,FALSE,Mixed
5559900,2.627631579,0.372368421,76,40.72503739,-89.5495396,4,Wetland,3,Urban,0,1,0,0,0,1,TRUE,Urban-dominated
5567500,1.530139373,1.469860627,574,40.6235,-89.2416667,2,Cropland,2,Cropland,0,0,0,1,0,1,TRUE,Ag-dominated
5586300,2.873541667,0.126458333,40,39.63275,-90.6076667,5,Other,2,Cropland,0,0,0,1,0,1,TRUE,Ag-dominated
5599490,2.020136089,0.979863911,3968,37.7583333,-89.3277778,1,Natural vegetation,1,Natural vegetation,0.5,0,0,0.5,0,0.5,TRUE,Ag-dominated
613,1.005193237,1.994806763,2691,48.7574,11.4261,3,Urban,3,Urban,0,0.75,0.25,0,0,0.75,TRUE,Urban-dominated
616,1.003764706,1.996235294,425,48.8798,12.7473,2,Cropland,2,Cropland,0,0,0,1,0,1,TRUE,Ag-dominated
6193,2.77375,0.22625,8,29.821683,113.463833,3,Urban,3,Urban,0,1,0,0,0,1,TRUE,Urban-dominated
6194,2.478636364,0.521363636,11,30.317805,103.970525,3,Urban,2,Cropland,0,0,0,1,0,1,TRUE,Ag-dominated
6195,2.646932632,0.353067368,19,41.741893,83.171831,2,Cropland,5,Other,0,0,0.75,0.25,0,0.25,FALSE,Mixed
6198,0.392,2.608,1,35.874223,94.566714,1,Natural vegetation,1,Natural vegetation,1,0,0,0,0,0,FALSE,Natural-dominated
6199,0.9559,2.0441,1,35.451425,109.462752,2,Cropland,1,Natural vegetation,1,0,0,0,0,0,FALSE,Natural-dominated
6201,0.982513333,2.017486667,3,37.3924,110.631,1,Natural vegetation,1,Natural vegetation,1,0,0,0,0,0,FALSE,Natural-dominated
6205,2.3802,0.6198,65,40.6807,122.2336,3,Urban,3,Urban,0.25,0.75,0,0,0,0.75,TRUE,Urban-dominated
6214,2.272948276,0.727051724,58,34.7589,117.0059,2,Cropland,2,Cropland,0,0.5,0,0.5,0,1,TRUE,Urban-dominated
6218,2.051341463,0.948658537,41,33.4816,118.1131,2,Cropland,2,Cropland,0,0,0,1,0,1,TRUE,Ag-dominated
6221,1.960027465,1.039972535,142,33.8744,116.5878,2,Cropland,2,Cropland,0,0,0,1,0,1,TRUE,Ag-dominated
6223,2.665094444,0.334905556,18,32.7923,117.9642,2,Cropland,2,Cropland,0,0.25,0,0.75,0,1,TRUE,Ag-dominated
6224,2.653543478,0.346456522,92,33.1689,118.1492,5,Other,3,Urban,0,1,0,0,0,1,TRUE,Urban-dominated
6225,2.220819101,0.779180899,89,32.3088,118.4555,2,Cropland,2,Cropland,0,0,0,1,0,1,TRUE,Ag-dominated
6226,2.535354237,0.464645763,177,32.0978,118.2887,3,Urban,3,Urban,0,1,0,0,0,1,TRUE,Urban-dominated
6227,2.45,0.55,23,32.4286,115.6024,2,Cropland,2,Cropland,0,0,0,1,0,1,TRUE,Ag-dominated
6233,2.55713,0.44287,19,28.7682,116.0853,5,Other,1,Natural vegetation,0.25,0.25,0.25,0.25,0,0.5,TRUE,Mixed
6234,1.41,1.59,8,29.2455,116.1894,5,Other,5,Other,0,0,0.75,0.25,0,0.25,FALSE,Mixed
6237,1.7834,1.2166,10,36.725,116.9886,3,Urban,3,Urban,0,1,0,0,0,1,TRUE,Urban-dominated
6238,1.997,1.003,1,34.8042,117.1695,2,Cropland,2,Cropland,0,0,0,1,0,1,TRUE,Ag-dominated
6242,1.825147393,1.174852607,211,33.8068,116.3924,2,Cropland,2,Cropland,0,0,0,1,0,1,TRUE,Ag-dominated
6251,2.790000333,0.209999667,30,29.063,112.2989,5,Other,2,Cropland,0,0,0,1,0,1,TRUE,Ag-dominated
6253,2.532628205,0.467371795,78,23.1376,113.7508,5,Other,2,Cropland,0,0,0,1,0,1,TRUE,Ag-dominated
6255,0.155,2.845,1,22.7836,108.1264,2,Cropland,2,Cropland,0,0,0,1,0,1,TRUE,Ag-dominated
6261,2.755783333,0.244216667,6,30.2604,103.891,3,Urban,2,Cropland,0,0.25,0.25,0.5,0,0.75,TRUE,Ag-dominated
6268,2.315513724,0.684486276,196,25.1477,102.0548,1,Natural vegetation,1,Natural vegetation,1,0,0,0,0,0,FALSE,Natural-dominated
6328,1.926335106,1.073664894,188,31.955,119.9805,3,Urban,3,Urban,0,0.75,0.25,0,0,0.75,TRUE,Urban-dominated
6330,1.023,1.977,1,26.6586,106.8425,1,Natural vegetation,1,Natural vegetation,1,0,0,0,0,0,FALSE,Natural-dominated
6343,2.94,0.06,1,25.427,106.5798,1,Natural vegetation,1,Natural vegetation,1,0,0,0,0,0,FALSE,Natural-dominated
6346,2.087987342,0.912012658,79,38.6862,117.047,2,Cropland,2,Cropland,0,0.25,0,0.75,0,1,TRUE,Ag-dominated
6348,0.3144,2.6856,1,36.1678,103.483,3,Urban,1,Natural vegetation,0.75,0.25,0,0,0,0.25,FALSE,Natural-dominated
6350,2.329573232,0.670426768,198,31.6554,117.2733,2,Cropland,2,Cropland,0,0,0,1,0,1,TRUE,Ag-dominated
6353,1.809662281,1.190337719,228,49.3061,118.0472,1,Natural vegetation,1,Natural vegetation,0.5,0.5,0,0,0,0.5,TRUE,Urban-dominated
6354890,2.281623932,0.718376068,312,45.9524438,-103.3069613,1,Natural vegetation,1,Natural vegetation,1,0,0,0,0,0,FALSE,Natural-dominated
6354980,1.964200999,1.035799001,801,46.0177216,-103.2919615,1,Natural vegetation,1,Natural vegetation,0.5,0,0,0.5,0,0.5,TRUE,Ag-dominated
6355,0.045,2.955,1,28.6074,121.0616,5,Other,1,Natural vegetation,0.5,0,0.5,0,0,0,FALSE,Natural-dominated
6365,1.826448276,1.173551724,29,40.2585,111.148,1,Natural vegetation,1,Natural vegetation,0.5,0.5,0,0,0,0.5,TRUE,Urban-dominated
6373,1.798666667,1.201333333,3,44.3966,127.692,1,Natural vegetation,1,Natural vegetation,1,0,0,0,0,0,FALSE,Natural-dominated
6382,1.944672727,1.055327273,110,28.6919,121.3277,5,Other,5,Other,0,0,0.666666667,0.333333333,0,0.333333333,TRUE,Mixed
6384,2.3704875,0.6295125,24,31.2695,118.3338,3,Urban,3,Urban,0,0.5,0,0.25,0.25,0.75,TRUE,Urban-dominated
6387,2.084474615,0.915525385,13,30.7703,117.7527,5,Other,5,Other,0,0,1,0,0,0,FALSE,Mixed
6389,2.2356,0.7644,1,31.1034,118.9031,5,Other,5,Other,0.25,0,0.75,0,0,0,FALSE,Mixed
6395,2.6648,0.3352,10,36.2594,120.4698,5,Other,3,Urban,0.25,0.5,0.25,0,0,0.5,TRUE,Urban-dominated
6396,2.091082051,0.908917949,195,35.0878,116.6297,2,Cropland,4,Wetland,0,0,0,0,1,0,FALSE,Mixed
6398,2.6739375,0.3260625,16,35.0394,116.6677,2,Cropland,2,Cropland,0,0,0,1,0,1,TRUE,Ag-dominated
6400,2.6175,0.3825,40,35.8937,116.5525,5,Other,2,Cropland,0,0,0,1,0,1,TRUE,Ag-dominated
6419,2.180084211,0.819915789,95,30.6003,115.4457,1,Natural vegetation,1,Natural vegetation,0.5,0,0,0.5,0,0.5,TRUE,Ag-dominated
6425,2.013827156,0.986172844,545,22.5077,114.0357,4,Wetland,3,Urban,0,1,0,0,0,1,TRUE,Urban-dominated
6426,2.588333333,0.411666667,6,21.4314,110.7946,3,Urban,3,Urban,0,1,0,0,0,1,TRUE,Urban-dominated
6430,2.062184433,0.937815567,1182,23.0588,113.7525,3,Urban,3,Urban,0,1,0,0,0,1,TRUE,Urban-dominated
6442,2.284283505,0.715716495,194,29.2443,104.2998,2,Cropland,2,Cropland,0,0,0,1,0,1,TRUE,Ag-dominated
6448,1.509680952,1.490319048,210,25.0115,102.6694,3,Urban,3,Urban,0,0.5,0,0,0.5,0.5,TRUE,Urban-dominated
6486,2.366666667,0.633333333,9,21.3002,110.3065,2,Cropland,3,Urban,0,1,0,0,0,1,TRUE,Urban-dominated
6489,0.01,2.99,2,40.8675,108.7942,5,Other,5,Other,0,0,1,0,0,0,FALSE,Mixed
6711565,2.313380282,0.686619718,71,39.66498738,-105.004149,3,Urban,3,Urban,0,1,0,0,0,1,TRUE,Urban-dominated
6800500,2.162362637,0.837637363,91,41.2933333,-96.2838889,2,Cropland,2,Cropland,0,0,0,1,0,1,TRUE,Ag-dominated
6801000,2.9,0.1,5,41.06225556,-96.3245139,5,Other,2,Cropland,0,0,0,1,0,1,TRUE,Ag-dominated
6805000,2.20057971,0.79942029,230,41.05166667,-96.3386111,2,Cropland,2,Cropland,0,0,0,1,0,1,TRUE,Ag-dominated
6805500,2.305769231,0.694230769,13,41.01497778,-96.1575,3,Urban,2,Cropland,0,0,0,1,0,1,TRUE,Ag-dominated
6818000,2.75890411,0.24109589,219,39.75325,-94.8568333,3,Urban,2,Cropland,0,0.5,0,0.5,0,1,TRUE,Urban-dominated
6819550,1.551187865,1.448812135,456,40.4311111,-94.7722222,2,Cropland,2,Cropland,0,0,0,1,0,1,TRUE,Ag-dominated
6856600,2.90625,0.09375,4,39.3555515,-97.1275203,2,Cropland,2,Cropland,0,0,0,1,0,1,TRUE,Ag-dominated
6879150,2.38125,0.61875,4,39.0902755,-96.7133394,2,Cropland,2,Cropland,0,0,0,1,0,1,TRUE,Ag-dominated
6888990,2.716666667,0.283333333,9,39.07194435,-95.7163715,3,Urban,2,Cropland,0,0.5,0,0.5,0,1,TRUE,Urban-dominated
6889110,1.97630719,1.02369281,204,39.6095472,-95.9760556,2,Cropland,2,Cropland,0,0,0,1,0,1,TRUE,Ag-dominated
6889160,2.262222222,0.737777778,45,39.4631449,-95.9505944,2,Cropland,2,Cropland,0,0,0,1,0,1,TRUE,Ag-dominated
6892518,2.465948276,0.534051724,58,39.0461111,-94.7894444,3,Urban,3,Urban,0,1,0,0,0,1,TRUE,Urban-dominated
6892900,2.008139535,0.991860465,86,39.0440833,-94.6560139,3,Urban,3,Urban,0,1,0,0,0,1,TRUE,Urban-dominated
6893620,2.491580756,0.508419244,97,39.11194444,-94.4722222,3,Urban,3,Urban,0,1,0,0,0,1,TRUE,Urban-dominated
6893820,2.487195122,0.512804878,41,39.0173611,-94.3872778,3,Urban,1,Natural vegetation,1,0,0,0,0,0,FALSE,Natural-dominated
6894650,2.940116279,0.059883721,86,39.1336111,-94.0638889,2,Cropland,2,Cropland,0,0,0,1,0,1,TRUE,Ag-dominated
6899900,2.475833333,0.524166667,30,40.45444444,-93.2863889,2,Cropland,2,Cropland,0,0,0,1,0,1,TRUE,Ag-dominated
6900050,2.222395833,0.777604167,16,40.0266111,-93.4362222,2,Cropland,2,Cropland,0,0,0,1,0,1,TRUE,Ag-dominated
6902000,2.518055556,0.481944444,18,39.64002778,-93.2736944,2,Cropland,4,Wetland,0,0,0,0,1,0,FALSE,Mixed
6914950,2.393800461,0.606199539,289,38.75334168,-94.977188,1,Natural vegetation,1,Natural vegetation,1,0,0,0,0,0,FALSE,Natural-dominated
6914990,2.45441358,0.54558642,270,38.7675084,-94.8794073,1,Natural vegetation,2,Cropland,0,0,0,1,0,1,TRUE,Ag-dominated
6934500,2.578978979,0.421021021,111,38.70980556,-91.4385,5,Other,2,Cropland,0,0.333333333,0.333333333,0.333333333,0,0.666666667,TRUE,Mixed
7048600,2.673484848,0.326515152,22,36.07305556,-94.0811111,1,Natural vegetation,1,Natural vegetation,1,0,0,0,0,0,FALSE,Natural-dominated
7049691,2.014059081,0.985940919,457,36.4208333,-93.8472222,1,Natural vegetation,1,Natural vegetation,1,0,0,0,0,0,FALSE,Natural-dominated
7054501,2.275899471,0.724100529,315,36.365,-92.575,1,Natural vegetation,1,Natural vegetation,0.75,0.25,0,0,0,0.25,FALSE,Natural-dominated
7054527,0,3,136,36.3436111,-92.5741667,1,Natural vegetation,1,Natural vegetation,1,0,0,0,0,0,FALSE,Natural-dominated
7061270,1.802645503,1.197354497,63,37.55255556,-90.8424444,2,Cropland,1,Natural vegetation,1,0,0,0,0,0,FALSE,Natural-dominated
7061290,2.039372132,0.960627868,1598,37.4936111,-90.8383333,1,Natural vegetation,1,Natural vegetation,1,0,0,0,0,0,FALSE,Natural-dominated
7075270,2.516008772,0.483991228,114,35.5697222,-92.6219444,1,Natural vegetation,1,Natural vegetation,1,0,0,0,0,0,FALSE,Natural-dominated
7076000,2.175641026,0.824358974,13,35.5172222,-91.9972222,1,Natural vegetation,1,Natural vegetation,1,0,0,0,0,0,FALSE,Natural-dominated
7099400,1.982024139,1.017975861,5054,38.2716694,-104.718033,1,Natural vegetation,1,Natural vegetation,1,0,0,0,0,0,FALSE,Natural-dominated
7109500,2.325,0.675,2,38.24805799,-104.3991356,1,Natural vegetation,1,Natural vegetation,1,0,0,0,0,0,FALSE,Natural-dominated
7143672,2.751141553,0.248858447,73,38.02853056,-97.5405417,2,Cropland,2,Cropland,0,0,0,1,0,1,TRUE,Ag-dominated
7144100,2.399305556,0.600694444,48,37.88306739,-97.4244864,2,Cropland,2,Cropland,0,0,0,1,0,1,TRUE,Ag-dominated
7164500,2.595283019,0.404716981,53,36.14064807,-96.0063866,3,Urban,3,Urban,0,1,0,0,0,1,TRUE,Urban-dominated
7177500,2.525,0.475,2,36.27842534,-95.954162,1,Natural vegetation,1,Natural vegetation,1,0,0,0,0,0,FALSE,Natural-dominated
7178200,2.891666667,0.108333333,2,36.2231514,-95.8194322,3,Urban,1,Natural vegetation,0.5,0.5,0,0,0,0.5,TRUE,Urban-dominated
7198000,2.311231884,0.688768116,1380,35.5731511,-95.0688458,1,Natural vegetation,1,Natural vegetation,1,0,0,0,0,0,FALSE,Natural-dominated
7239000,1.906933257,1.093066743,1738,36.07698408,-98.59675,1,Natural vegetation,1,Natural vegetation,0.5,0,0.25,0.25,0,0.25,FALSE,Natural-dominated
7239450,2.238790036,0.761209964,281,35.6169933,-98.0653316,2,Cropland,2,Cropland,0,0,0,1,0,1,TRUE,Ag-dominated
7241000,1.481962316,1.518037684,2176,35.47866848,-97.6633752,3,Urban,3,Urban,0,1,0,0,0,1,TRUE,Urban-dominated
7241520,2.112578616,0.887421384,636,35.5656147,-97.367258,1,Natural vegetation,1,Natural vegetation,1,0,0,0,0,0,FALSE,Natural-dominated
7241550,1.718901822,1.281098178,1976,35.5003412,-97.1939194,2,Cropland,1,Natural vegetation,0.5,0.25,0,0.25,0,0.5,TRUE,Natural-dominated
7263296,2.486381229,0.513618771,3445,34.87888889,-92.6855556,1,Natural vegetation,1,Natural vegetation,1,0,0,0,0,0,FALSE,Natural-dominated
72632966,2.336073059,0.663926941,657,34.87527778,-92.6538889,5,Other,1,Natural vegetation,0.5,0,0.5,0,0,0,FALSE,Natural-dominated
7288068,1.342098025,1.657901975,1333,34.07475,-90.6249444,2,Cropland,2,Cropland,0,0,0,1,0,1,TRUE,Ag-dominated
7288150,2.124770149,0.875229851,1704,34.0093333,-90.7560833,2,Cropland,2,Cropland,0.25,0,0,0.75,0,0.75,TRUE,Ag-dominated
7288500,1.821491228,1.178508772,190,33.5473557,-90.5431579,2,Cropland,3,Urban,0,1,0,0,0,1,TRUE,Urban-dominated
7288521,1.322302905,1.677697095,241,33.54825,-90.6723611,2,Cropland,2,Cropland,0,0,0,1,0,1,TRUE,Ag-dominated
7332605,1.347517235,1.652482765,1789,33.57579444,-96.1557444,2,Cropland,1,Natural vegetation,0.25,0.25,0.25,0.25,0,0.5,TRUE,Mixed
7332622,2.291061047,0.708938953,344,33.74416667,-95.9611111,1,Natural vegetation,1,Natural vegetation,1,0,0,0,0,0,FALSE,Natural-dominated
7380255,2.064604811,0.935395189,582,29.57673333,-89.9864083,4,Wetland,5,Other,0,0,0.75,0,0.25,0,FALSE,Mixed
8047050,1.839150327,1.160849673,255,32.6951316,-97.4472422,3,Urban,3,Urban,0,1,0,0,0,1,TRUE,Urban-dominated
8048000,1.9527899,1.0472101,1604,32.76096337,-97.3325167,3,Urban,3,Urban,0,1,0,0,0,1,TRUE,Urban-dominated
8049500,2.582828283,0.417171717,33,32.7625,-96.9944444,3,Urban,3,Urban,0.25,0.75,0,0,0,0.75,TRUE,Urban-dominated
8052700,2.153431044,0.846568956,2985,33.28344977,-96.8927805,2,Cropland,2,Cropland,0.25,0,0,0.75,0,0.75,TRUE,Ag-dominated
8052745,1.973367834,1.026632166,628,33.219298,-96.8919565,3,Urban,2,Cropland,0,0.5,0,0.5,0,1,TRUE,Urban-dominated
8057000,2.748888889,0.251111111,60,32.7748517,-96.8219464,3,Urban,3,Urban,0,1,0,0,0,1,TRUE,Urban-dominated
8057410,2.376216023,0.623783977,233,32.70763139,-96.7358319,4,Wetland,3,Urban,0.25,0.5,0,0,0.25,0.5,TRUE,Urban-dominated
8065350,2.388979592,0.611020408,245,31.33851319,-95.6563407,1,Natural vegetation,1,Natural vegetation,1,0,0,0,0,0,FALSE,Natural-dominated
8068000,2.247641509,0.752358491,53,30.24465738,-95.4571616,3,Urban,3,Urban,0,1,0,0,0,1,TRUE,Urban-dominated
8068500,2.469067797,0.530932203,59,30.11049517,-95.4363275,3,Urban,1,Natural vegetation,1,0,0,0,0,0,FALSE,Natural-dominated
8069500,2.208030827,0.791969173,1157,30.02716385,-95.2579888,1,Natural vegetation,3,Urban,0,1,0,0,0,1,TRUE,Urban-dominated
8070200,1.163559322,1.836440678,118,30.14523056,-95.1246139,1,Natural vegetation,1,Natural vegetation,1,0,0,0,0,0,FALSE,Natural-dominated
8181500,2.207449941,0.792550059,283,29.2641276,-98.4908493,4,Wetland,1,Natural vegetation,1,0,0,0,0,0,FALSE,Natural-dominated
8181800,1.680803571,1.319196429,280,29.2221853,-98.3558463,1,Natural vegetation,2,Cropland,0,0,0,1,0,1,TRUE,Ag-dominated
8188060,1.761111111,1.238888889,9,28.84869444,-97.7371389,1,Natural vegetation,1,Natural vegetation,0.5,0,0,0.5,0,0.5,TRUE,Ag-dominated
8188500,2.8328125,0.1671875,16,28.6492861,-97.3848583,1,Natural vegetation,1,Natural vegetation,0.75,0,0,0.25,0,0.25,FALSE,Natural-dominated
8211200,2.772826087,0.227173913,23,27.93779594,-97.7758308,2,Cropland,2,Cropland,0,0,0,0.5,0.5,0.5,TRUE,Ag-dominated
8371500,1.91995594,1.08004406,1097,29.6210127,-104.4810367,2,Cropland,1,Natural vegetation,0.5,0,0,0.5,0,0.5,TRUE,Ag-dominated
8374200,1.618364486,1.381635514,535,29.51962973,-104.2865896,1,Natural vegetation,1,Natural vegetation,1,0,0,0,0,0,FALSE,Natural-dominated
8374510,2.082800284,0.917199716,469,29.1547222,-103.5977778,1,Natural vegetation,1,Natural vegetation,1,0,0,0,0,0,FALSE,Natural-dominated
8375300,1.583163121,1.416836879,1175,29.1835386,-102.9754409,1,Natural vegetation,1,Natural vegetation,1,0,0,0,0,0,FALSE,Natural-dominated
8377200,1.796017871,1.203982129,429,29.78075694,-101.7559523,1,Natural vegetation,1,Natural vegetation,1,0,0,0,0,0,FALSE,Natural-dominated
8412500,1.665692838,1.334307162,3286,31.87264499,-103.8315949,1,Natural vegetation,1,Natural vegetation,1,0,0,0,0,0,FALSE,Natural-dominated
8437710,1.51331559,1.48668441,12869,31.3668055,-103.0059908,1,Natural vegetation,1,Natural vegetation,1,0,0,0,0,0,FALSE,Natural-dominated
8446500,1.666498984,1.333501016,11977,31.11320329,-102.4176419,1,Natural vegetation,1,Natural vegetation,1,0,0,0,0,0,FALSE,Natural-dominated
8447000,2.037751678,0.962248322,149,30.65961373,-101.7701244,1,Natural vegetation,1,Natural vegetation,1,0,0,0,0,0,FALSE,Natural-dominated
8474115,2.693571429,0.306428571,35,25.95733333,-97.4215,3,Urban,3,Urban,0,0.5,0,0.25,0.25,0.75,TRUE,Urban-dominated
8474320,2.719350282,0.280649718,59,25.95666667,-97.3754167,3,Urban,3,Urban,0,0.5,0,0,0.5,0.5,TRUE,Urban-dominated
9037500,1.025,1.975,2,40.0002,-106.1803667,1,Natural vegetation,1,Natural vegetation,0.666666667,0,0,0.333333333,0,0.333333333,TRUE,Natural-dominated
9041400,2.66626506,0.33373494,83,40.10859628,-106.4139212,1,Natural vegetation,1,Natural vegetation,1,0,0,0,0,0,FALSE,Natural-dominated
9095500,2.616666667,0.383333333,3,39.2391463,-108.2661946,1,Natural vegetation,1,Natural vegetation,1,0,0,0,0,0,FALSE,Natural-dominated
9379500,2.89375,0.10625,4,37.15067778,-109.8666889,1,Natural vegetation,1,Natural vegetation,1,0,0,0,0,0,FALSE,Natural-dominated
9406000,2.793518519,0.206481481,9,37.2041494,-113.1807789,1,Natural vegetation,1,Natural vegetation,1,0,0,0,0,0,FALSE,Natural-dominated
A2390542,1.165892218,1.834107782,559,-36.945858,140.74025,2,Cropland,2,Cropland,0,0,0,1,0,1,TRUE,Ag-dominated
A2391077,1.341859756,1.658140244,410,-37.391211,139.945693,5,Other,4,Wetland,0,0,0.5,0,0.5,0,FALSE,Mixed
A2391078,1.619743477,1.380256523,1699,-37.427827,139.990479,5,Other,5,Other,0.333333333,0,0.666666667,0,0,0,FALSE,Mixed
A2391081,0.124140829,2.875859171,5259,-36.572526,140.005692,1,Natural vegetation,1,Natural vegetation,0.75,0,0,0.25,0,0.25,FALSE,Natural-dominated
A2391082,2.645416667,0.354583333,5,-36.546058,139.881494,4,Wetland,2,Cropland,0,0,0,1,0,1,TRUE,Ag-dominated
A2391085,0.833066221,2.166933779,11969,-36.7379,140.2577,1,Natural vegetation,2,Cropland,0,0,0,1,0,1,TRUE,Ag-dominated
A2391086,0.271360425,2.728639575,2630,-36.5802,140.3056,1,Natural vegetation,1,Natural vegetation,0.5,0,0,0.5,0,0.5,TRUE,Ag-dominated
A2391140,1.959364035,1.040635965,19,-36.402293,140.015728,2,Cropland,1,Natural vegetation,1,0,0,0,0,0,FALSE,Natural-dominated
A2391152,1.9175682,1.0824318,489,-36.294824,139.93055,1,Natural vegetation,1,Natural vegetation,0.5,0,0.5,0,0,0,FALSE,Natural-dominated
A4260554,2.836410256,0.163589744,39,-34.021444,139.68861,1,Natural vegetation,1,Natural vegetation,1,0,0,0,0,0,FALSE,Natural-dominated
A4260573,0.027823276,2.972176724,232,-34.174481,140.217719,1,Natural vegetation,1,Natural vegetation,0.5,0,0,0.5,0,0.5,TRUE,Ag-dominated
A4260580,0.798618327,2.201381673,1124,-33.9211,140.9525,1,Natural vegetation,5,Other,0,0,1,0,0,0,FALSE,Mixed
A4260594,2.207559579,0.792440421,856,-34.15,139.9151,5,Other,2,Cropland,0.25,0,0,0.75,0,0.75,TRUE,Ag-dominated
A4260633,1.476639531,1.523360469,952,-35.901976,139.3956,1,Natural vegetation,5,Other,0,0,1,0,0,0,FALSE,Mixed
A4260644,1.524786364,1.475213636,3960,-34.25953,140.759761,4,Wetland,1,Natural vegetation,0.75,0,0,0.25,0,0.25,FALSE,Natural-dominated
A4260645,1.510552419,1.489447581,992,-34.264687,140.687294,1,Natural vegetation,1,Natural vegetation,0.666666667,0,0,0.333333333,0,0.333333333,TRUE,Natural-dominated
A4260702,2.920383478,0.079616522,8,-34.062186,139.839139,2,Cropland,1,Natural vegetation,1,0,0,0,0,0,FALSE,Natural-dominated
A4260703,1.661056397,1.338943603,495,-34.15414,140.77938,5,Other,3,Urban,0,1,0,0,0,1,TRUE,Urban-dominated
A4261022,2.360903327,0.639096673,765,-33.9798,140.9615,1,Natural vegetation,1,Natural vegetation,0.75,0,0.25,0,0,0,FALSE,Natural-dominated
A4261023,2.063479081,0.936520919,243,-34.2524,140.7166,4,Wetland,1,Natural vegetation,1,0,0,0,0,0,FALSE,Natural-dominated
A4261024,2.210363535,0.789636465,596,-34.4505,140.511,2,Cropland,2,Cropland,0,0,0,0.5,0.5,0.5,TRUE,Ag-dominated
A4261053,1.544554843,1.455445157,468,-34.267527,140.808721,1,Natural vegetation,1,Natural vegetation,0.75,0,0,0.25,0,0.25,FALSE,Natural-dominated
A4261055,2.614264655,0.385735345,72,-34.223598,140.808045,1,Natural vegetation,1,Natural vegetation,0.5,0,0,0.25,0.25,0.25,FALSE,Natural-dominated
A4261107,2.417844113,0.582155887,402,-33.952305,140.902121,1,Natural vegetation,1,Natural vegetation,0.5,0,0.5,0,0,0,FALSE,Natural-dominated
A4261108,1.895705181,1.104294819,608,-34.383541,140.546401,1,Natural vegetation,1,Natural vegetation,1,0,0,0,0,0,FALSE,Natural-dominated
A4261124,1.671742064,1.328257936,105,-35.495993,138.90628,5,Other,1,Natural vegetation,0.333333333,0,0.333333333,0.333333333,0,0.333333333,TRUE,Mixed
A4261134,1.015730676,1.984269324,69,-35.6005,139.0266,5,Other,5,Other,0,0,1,0,0,0,FALSE,Mixed
A4261139,1.026543107,1.973456893,32431,-35.1877,138.9135,2,Cropland,2,Cropland,0.25,0,0,0.75,0,0.75,TRUE,Ag-dominated
A4261165,1.030630952,1.969369048,35,-36.10874,139.608272,5,Other,5,Other,0,0,1,0,0,0,FALSE,Mixed
A4261168,2.000996795,0.999003205,260,-34.026439,140.84037,4,Wetland,1,Natural vegetation,0.75,0,0,0.25,0,0.25,FALSE,Natural-dominated
A4261173,1.79959144,1.20040856,1028,-35.232757,138.990179,2,Cropland,2,Cropland,0,0,0,1,0,1,TRUE,Ag-dominated
A4261204,1.685488636,1.314511364,110,-35.534114,138.909811,1,Natural vegetation,1,Natural vegetation,1,0,0,0,0,0,FALSE,Natural-dominated
A4261224,2.406753988,0.593246012,606,-34.00223,140.862866,5,Other,1,Natural vegetation,1,0,0,0,0,0,FALSE,Natural-dominated
A4261255,1.769812461,1.230187539,531,-34.335475,140.547905,1,Natural vegetation,1,Natural vegetation,1,0,0,0,0,0,FALSE,Natural-dominated
A4261262,2.475582265,0.524417735,78,-34.24422,140.74787,1,Natural vegetation,1,Natural vegetation,1,0,0,0,0,0,FALSE,Natural-dominated
A4261263,2.480247253,0.519752747,455,-34.406627,140.48899,4,Wetland,1,Natural vegetation,1,0,0,0,0,0,FALSE,Natural-dominated
A4261264,2.298969369,0.701030631,623,-34.374941,140.54009,1,Natural vegetation,1,Natural vegetation,1,0,0,0,0,0,FALSE,Natural-dominated
A4261265,2.228697855,0.771302145,9937,-34.328343,140.564594,1,Natural vegetation,1,Natural vegetation,0.5,0,0,0,0.5,0,FALSE,Natural-dominated
A4261268,2.1142053,0.8857947,193,-34.22152,140.77173,5,Other,4,Wetland,0,0,0,0,1,0,FALSE,Mixed
A4261270,1.38722961,1.61277039,94,-34.212264,140.781963,4,Wetland,4,Wetland,0,0,0,0,1,0,FALSE,Mixed
A4261271,0.253021082,2.746978918,838,-34.20895,140.771704,1,Natural vegetation,4,Wetland,0,0,0,0,1,0,FALSE,Mixed
A4261536,2.518417659,0.481582341,84,-34.34763,140.53045,1,Natural vegetation,1,Natural vegetation,1,0,0,0,0,0,FALSE,Natural-dominated
A4261539,2.124862699,0.875137301,385,-34.22626,140.77031,4,Wetland,1,Natural vegetation,0.666666667,0,0,0,0.333333333,0,FALSE,Natural-dominated
A4261789,0.115665509,2.884334491,72,-34.26358,140.38606,5,Other,5,Other,0,0,1,0,0,0,FALSE,Mixed
A5011036,1.184176441,1.815823559,6690,-35.4966,138.51378,2,Cropland,2,Cropland,0.25,0,0,0.75,0,0.75,TRUE,Ag-dominated
A5011038,0.977753888,2.022246112,22250,-35.55523,138.60883,3,Urban,2,Cropland,0,0.25,0.25,0.5,0,0.75,TRUE,Ag-dominated
A5011039,0.953874602,2.046125398,6906,-35.53251,138.6235,2,Cropland,3,Urban,0,1,0,0,0,1,TRUE,Urban-dominated
A5011040,1.32204761,1.67795239,5104,-35.44815,138.31725,3,Urban,2,Cropland,0,0,0.5,0.5,0,0.5,TRUE,Ag-dominated
A5040517,1.452547358,1.547452642,1003,-34.9703,138.6813,1,Natural vegetation,1,Natural vegetation,1,0,0,0,0,0,FALSE,Natural-dominated
Carrat,1.484910338,1.515089662,316,45.829041,4.311987,1,Natural vegetation,1,Natural vegetation,1,0,0,0,0,0,FALSE,Natural-dominated
Caversham,2.702586207,0.297413793,58,51.465551,-0.976395,3,Urban,1,Natural vegetation,0.5,0.5,0,0,0,0.5,TRUE,Urban-dominated
Charpassonne Chanin,2.489166667,0.510833333,12,45.81982,4.311937,1,Natural vegetation,1,Natural vegetation,0.75,0.25,0,0,0,0.25,FALSE,Natural-dominated
Charpassonne Château de Donzy,1.486736902,1.513263098,439,45.745372,4.27681,2,Cropland,2,Cropland,0,0,0,1,0,1,TRUE,Ag-dominated
Charpassonne la Jamarie,2.341704545,0.658295455,22,45.807908,4.319506,1,Natural vegetation,1,Natural vegetation,1,0,0,0,0,0,FALSE,Natural-dominated
Charpassonne la Valette,1.269127907,1.730872093,43,45.765039,4.29147,1,Natural vegetation,1,Natural vegetation,0.666666667,0,0,0.333333333,0,0.333333333,TRUE,Natural-dominated
Charpassonne le Tél,1.75609589,1.24390411,438,45.804494,4.316504,1,Natural vegetation,1,Natural vegetation,1,0,0,0,0,0,FALSE,Natural-dominated
Charpassonne Moulin de Ronzy,2.627692308,0.372307692,13,45.78491,4.314855,1,Natural vegetation,1,Natural vegetation,1,0,0,0,0,0,FALSE,Natural-dominated
Charpassonne Moulin Marcel,1.433375706,1.566624294,177,45.825752,4.305821,1,Natural vegetation,1,Natural vegetation,0.75,0.25,0,0,0,0.25,FALSE,Natural-dominated
Coise la Bruyere,1.769311886,1.230688114,746,45.62501,4.552785,2,Cropland,2,Cropland,0,0,0,1,0,1,TRUE,Ag-dominated
Coizet,1.801780914,1.198219086,124,45.625713,4.50712,2,Cropland,2,Cropland,0,0,0,1,0,1,TRUE,Ag-dominated
Curraize,1.5785,1.4215,5,45.580995,4.171648,2,Cropland,2,Cropland,0,0,0,1,0,1,TRUE,Ag-dominated
Doise,1.1081974,1.8918026,282,45.736709,4.296509,1,Natural vegetation,1,Natural vegetation,0.5,0,0,0.5,0,0.5,TRUE,Ag-dominated
Fontbonne aval,0.722566225,2.277433775,151,45.820128,4.342175,1,Natural vegetation,1,Natural vegetation,1,0,0,0,0,0,FALSE,Natural-dominated
Fontbonne Bessenay,1.536301115,1.463698885,269,45.826535,4.369788,1,Natural vegetation,1,Natural vegetation,1,0,0,0,0,0,FALSE,Natural-dominated
Fowey_Restormel,0.012918605,2.987081395,215,50.4309,-4.6788,1,Natural vegetation,1,Natural vegetation,0.75,0,0,0.25,0,0.25,FALSE,Natural-dominated
FP01,0.273283118,2.726716882,11403,50.917653,-1.645012,1,Natural vegetation,1,Natural vegetation,1,0,0,0,0,0,FALSE,Natural-dominated
FP02,0.333371748,2.666628252,820,50.68963,-2.225391,2,Cropland,1,Natural vegetation,0.75,0,0,0.25,0,0.25,FALSE,Natural-dominated
FP06,0.267259252,2.732740748,11510,50.78564,-2.316285,2,Cropland,2,Cropland,0,0,0,1,0,1,TRUE,Ag-dominated
FP11,0.039273202,2.960726798,6402,50.68115,-2.189257,1,Natural vegetation,1,Natural vegetation,1,0,0,0,0,0,FALSE,Natural-dominated
FP12,0.427190444,2.572809556,1418,50.71317,-2.414234,1,Natural vegetation,2,Cropland,0,0,0,1,0,1,TRUE,Ag-dominated
FP15,0.226905588,2.773094412,1832,50.79024,-2.582322,2,Cropland,1,Natural vegetation,0.5,0,0,0.5,0,0.5,TRUE,Ag-dominated
FP21,0.119180446,2.880819554,7734,50.68799,-2.124167,1,Natural vegetation,1,Natural vegetation,1,0,0,0,0,0,FALSE,Natural-dominated
FP22,0.224320677,2.775679323,5572,50.74038,-2.254687,2,Cropland,2,Cropland,0,0,0,1,0,1,TRUE,Ag-dominated
FP23,0.297410983,2.702589017,6301,50.76695,-2.400529,2,Cropland,2,Cropland,0,0,0,1,0,1,TRUE,Ag-dominated
FP26,0.166697328,2.833302672,7714,50.79749,-2.523172,1,Natural vegetation,1,Natural vegetation,1,0,0,0,0,0,FALSE,Natural-dominated
FP31,0.359448304,2.640551696,343,50.77655,-2.576124,2,Cropland,1,Natural vegetation,0.5,0,0,0.5,0,0.5,TRUE,Ag-dominated
FUI,2.08597832,0.91402168,123,41.6833,2.5667,1,Natural vegetation,1,Natural vegetation,1,0,0,0,0,0,FALSE,Natural-dominated
Le Rieu,0.848207412,2.151792588,814,45.625399,4.55312,2,Cropland,2,Cropland,0,0,0,1,0,1,TRUE,Ag-dominated
Loise amont Doise Salt,2.326079545,0.673920455,88,45.737758,4.29548,1,Natural vegetation,1,Natural vegetation,0.5,0,0,0.5,0,0.5,TRUE,Ag-dominated
Loise Essertine en Donzy,1.07880597,1.92119403,201,45.752768,4.327479,2,Cropland,1,Natural vegetation,1,0,0,0,0,0,FALSE,Natural-dominated
Mare Pont du diable,0.993130631,2.006869369,407,45.490166,4.133384,1,Natural vegetation,1,Natural vegetation,1,0,0,0,0,0,FALSE,Natural-dominated
mercier amont presles,2.924195852,0.075804148,1,45.7549898,4.6686959,1,Natural vegetation,2,Cropland,0,0.5,0,0.5,0,1,TRUE,Urban-dominated
miloniere,2.069680704,0.930319296,19,45.717876,4.6293848,1,Natural vegetation,1,Natural vegetation,0.5,0.25,0,0.25,0,0.5,TRUE,Natural-dominated
morcilles,2.138084926,0.861915074,41,46.1259817,4.7009917,2,Cropland,1,Natural vegetation,0.75,0,0,0.25,0,0.25,FALSE,Natural-dominated
Moulin Piquet aval,2.34015625,0.65984375,128,45.806483,4.319036,1,Natural vegetation,1,Natural vegetation,1,0,0,0,0,0,FALSE,Natural-dominated
PL09,0.355923395,2.644076605,8301,51.46858,-1.440655,2,Cropland,2,Cropland,0,0,0,1,0,1,TRUE,Ag-dominated
PL15,1.191117388,1.808882612,3026,51.41088,-1.325613,3,Urban,3,Urban,0,1,0,0,0,1,TRUE,Urban-dominated
PL17,0.52515519,2.47484481,9013,51.43531,-1.205849,2,Cropland,2,Cropland,0,0,0,1,0,1,TRUE,Ag-dominated
PL18,0.404373094,2.595626906,11144,51.45344,-1.227842,2,Cropland,2,Cropland,0.25,0,0,0.75,0,0.75,TRUE,Ag-dominated
PL19,0.31088347,2.68911653,7120,51.46838,-1.085784,2,Cropland,2,Cropland,0,0,0,1,0,1,TRUE,Ag-dominated
PL20,0.458646643,2.541353357,4699,51.44261,-1.157162,2,Cropland,2,Cropland,0,0,0,1,0,1,TRUE,Ag-dominated
ratier amont charbonnieres,2.049227464,0.950772536,3,45.7581675,4.7554872,3,Urban,3,Urban,0,1,0,0,0,1,TRUE,Urban-dominated
ratier amont ribes,2.95612308,0.04387692,1,45.7558605,4.7437924,3,Urban,3,Urban,0,0.75,0,0.25,0,1,TRUE,Urban-dominated
sallarin,2.432217012,0.567782988,46,46.0550185,4.651791,1,Natural vegetation,1,Natural vegetation,1,0,0,0,0,0,FALSE,Natural-dominated
st didier,2.036798116,0.963201884,12,46.1658245,4.5684728,1,Natural vegetation,1,Natural vegetation,1,0,0,0,0,0,FALSE,Natural-dominated
Stour_Wixoe,1.647111111,1.352888889,225,52.0571,0.4997,2,Cropland,2,Cropland,0,0,0,1,0,1,TRUE,Ag-dominated
TE03,0.155535154,2.844464846,1224,52.90345,-2.457871,1,Natural vegetation,1,Natural vegetation,1,0,0,0,0,0,FALSE,Natural-dominated
TE05,0.30629846,2.69370154,2100,52.87967,-2.554205,1,Natural vegetation,2,Cropland,0,0,0,1,0,1,TRUE,Ag-dominated
TE09,0.495077134,2.504922866,3897,52.8052,-2.522106,2,Cropland,2,Cropland,0,0,0,1,0,1,TRUE,Ag-dominated
TE16,0.320769328,2.679230672,2243,52.94308,-2.437456,1,Natural vegetation,1,Natural vegetation,1,0,0,0,0,0,FALSE,Natural-dominated
TE20,0.419634528,2.580365472,1841,52.79611,-2.544244,2,Cropland,2,Cropland,0,0,0,1,0,1,TRUE,Ag-dominated
TE22,0.700991365,2.299008635,1873,52.87967,-2.554205,1,Natural vegetation,2,Cropland,0,0,0,1,0,1,TRUE,Ag-dominated
Thames_Taplow,0.153142857,2.846857143,35,51.5366,-0.698,3,Urban,3,Urban,0,1,0,0,0,1,TRUE,Urban-dominated
thielas,2.961728115,0.038271885,1,46.1103645,4.6113778,1,Natural vegetation,1,Natural vegetation,1,0,0,0,0,0,FALSE,Natural-dominated
thiollet,1.442938479,1.557061521,7,45.7144619,4.5749122,1,Natural vegetation,1,Natural vegetation,1,0,0,0,0,0,FALSE,Natural-dominated
Toranche aval,1.61754446,1.38245554,1387,45.685126,4.215967,2,Cropland,2,Cropland,0,0,0,1,0,1,TRUE,Ag-dominated
Toranche St Cyr les Vignes,1.211011236,1.788988764,712,45.673081,4.301466,1,Natural vegetation,1,Natural vegetation,0.666666667,0,0,0.333333333,0,0.333333333,TRUE,Natural-dominated
Trout Beck_ Calgaith,0.153142857,2.846857143,35,54.3955,-2.92045,1,Natural vegetation,1,Natural vegetation,0.75,0,0.25,0,0,0,FALSE,Natural-dominated
vernus,2.410896826,0.589103174,41,46.1429728,4.6500288,1,Natural vegetation,1,Natural vegetation,1,0,0,0,0,0,FALSE,Natural-dominated
Vizézy amont Bullieux,1.511572327,1.488427673,159,45.638865,4.104924,2,Cropland,2,Cropland,0.25,0,0,0.75,0,0.75,TRUE,Ag-dominated
