file_name,total_hours,hypoxia_hours,hypoxia_fraction,latitude,longitude,lc5_point,lc5_name,lc5_dom_2km,lc5_dom_name_2km,p_urban_2km,p_crop_2km,p_other_2km,p_wetland_2km,p_natural_2km,human_share,human_impacted,landuse_group
10133650,123048,0,0,40.7238375,-111.5196438,1,Natural vegetation,1,Natural vegetation,0,0,0,0,1,0,FALSE,Natural-dominated
10133800,142080,0,0,40.75966979,-111.5640912,3,Urban,1,Natural vegetation,0,0,0,0,1,0,FALSE,Natural-dominated
10133980,141840,0,0,40.8695861,-111.5866222,1,Natural vegetation,1,Natural vegetation,0,0,0,0,1,0,FALSE,Natural-dominated
1021050,37296,0,0,45.17,-67.2966667,3,Urban,1,Natural vegetation,0.25,0,0,0,0.75,0.25,FALSE,Natural-dominated
1108000,9072,0,0,41.9339903,-70.9564307,1,Natural vegetation,1,Natural vegetation,0,0,0,0,1,0,FALSE,Natural-dominated
1108410,7488,0,0,41.8998232,-71.0894897,3,Urban,3,Urban,1,0,0,0,0,1,TRUE,Urban-dominated
11126000,126288,0,0,34.58914745,-119.9887195,1,Natural vegetation,1,Natural vegetation,0,0,0,0,1,0,FALSE,Natural-dominated
11152850,2664,0,0,37.08669444,-121.2875556,1,Natural vegetation,1,Natural vegetation,0,0,0,0,1,0,FALSE,Natural-dominated
11152890,4008,0,0,37.03480556,-121.3100556,1,Natural vegetation,1,Natural vegetation,0,0,0,0,1,0,FALSE,Natural-dominated
11173200,16776,0,0,37.46160337,-121.769397,1,Natural vegetation,1,Natural vegetation,0,0,0,0,1,0,FALSE,Natural-dominated
1124149,3792,0,0,41.94747969,-71.9017145,1,Natural vegetation,1,Natural vegetation,0,0,0,0,1,0,FALSE,Natural-dominated
11337190,17064,0,0,38.0521424,-121.6888428,5,Other,2,Cropland,0,1,0,0,0,1,TRUE,Ag-dominated
11447650,93456,0,0,38.45566389,-121.5016167,2,Cropland,2,Cropland,0.5,0.5,0,0,0,1,TRUE,Urban-dominated
11447890,96144,0,0,38.25769218,-121.5182865,2,Cropland,2,Cropland,0,1,0,0,0,1,TRUE,Ag-dominated
11453590,312,0,0,38.6469722,-122.365825,1,Natural vegetation,1,Natural vegetation,0,0,0.25,0,0.75,0,FALSE,Natural-dominated
11455095,44352,0,0,38.47686944,-121.5836417,2,Cropland,2,Cropland,0,1,0,0,0,1,TRUE,Ag-dominated
11455136,35976,0,0,38.40444444,-121.6145556,2,Cropland,2,Cropland,0,1,0,0,0,1,TRUE,Ag-dominated
11455338,24624,0,0,38.23739167,-121.6739556,5,Other,2,Cropland,0,0.75,0.25,0,0,0.75,TRUE,Ag-dominated
11455478,5760,0,0,38.093252,-121.7371772,5,Other,2,Cropland,0,1,0,0,0,1,TRUE,Ag-dominated
11455485,30024,0,0,38.0778083,-121.767286,5,Other,2,Cropland,0,0.5,0.25,0,0.25,0.5,TRUE,Ag-dominated
11461500,42504,0,0,39.24652277,-123.1302509,1,Natural vegetation,1,Natural vegetation,0,0,0,0,1,0,FALSE,Natural-dominated
11462500,138288,0,0,39.0265265,-123.1305253,1,Natural vegetation,1,Natural vegetation,0,0.5,0,0,0.5,0.5,TRUE,Ag-dominated
11463000,57120,0,0,38.87930758,-123.0535767,1,Natural vegetation,1,Natural vegetation,0,0,0,0,1,0,FALSE,Natural-dominated
11463682,70176,0,0,38.65820245,-122.8294009,1,Natural vegetation,2,Cropland,0,1,0,0,0,1,TRUE,Ag-dominated
11463980,140256,0,0,38.6329653,-122.8555494,1,Natural vegetation,3,Urban,1,0,0,0,0,1,TRUE,Urban-dominated
11465240,48264,0,0,38.65324355,-122.9272191,2,Cropland,1,Natural vegetation,0,0.25,0,0,0.75,0.25,FALSE,Natural-dominated
11467000,141096,0,0,38.50852336,-122.9277737,1,Natural vegetation,1,Natural vegetation,0,0,0,0,1,0,FALSE,Natural-dominated
11509500,51888,0,0,42.13319946,-121.9622313,1,Natural vegetation,1,Natural vegetation,0,0,0,0,1,0,FALSE,Natural-dominated
11510700,52056,0,0,42.0845877,-122.0733453,1,Natural vegetation,1,Natural vegetation,0,0,0,0,1,0,FALSE,Natural-dominated
11511990,15912,0,0,41.973,-122.3648222,1,Natural vegetation,1,Natural vegetation,0,0,0,0,1,0,FALSE,Natural-dominated
1161280,26592,0,0,42.6833333,-72.4719444,5,Other,1,Natural vegetation,0.25,0,0,0,0.75,0.25,FALSE,Natural-dominated
1184000,43824,0,0,41.9873186,-72.6053669,5,Other,1,Natural vegetation,0.5,0,0,0,0.5,0.5,TRUE,Urban-dominated
12090400,14904,0,0,47.1345151,-122.4151013,3,Urban,3,Urban,1,0,0,0,0,1,TRUE,Urban-dominated
12090500,18264,0,0,47.14590298,-122.5103822,3,Urban,5,Other,0,0,1,0,0,0,FALSE,Mixed
12098700,103488,0,0,47.169824,-122.0026114,1,Natural vegetation,1,Natural vegetation,0,0.5,0,0,0.5,0.5,TRUE,Ag-dominated
12100490,110736,0,0,47.27479497,-122.207876,1,Natural vegetation,3,Urban,0.75,0,0,0,0.25,0.75,TRUE,Urban-dominated
12101102,68856,0,0,47.23555556,-122.236111,3,Urban,3,Urban,1,0,0,0,0,1,TRUE,Urban-dominated
12102078,16560,0,0,47.2009047,-122.3417673,3,Urban,3,Urban,1,0,0,0,0,1,TRUE,Urban-dominated
12442500,25392,0,0,48.98460109,-119.6184098,1,Natural vegetation,1,Natural vegetation,0,0,0,0,1,0,FALSE,Natural-dominated
12492900,336,0,0,46.2852222,-120.0919944,2,Cropland,2,Cropland,0,1,0,0,0,1,TRUE,Ag-dominated
12509489,42240,0,0,46.2124361,-119.7656833,3,Urban,2,Cropland,0.5,0.5,0,0,0,1,TRUE,Urban-dominated
12510500,35664,0,0,46.25346748,-119.4780794,3,Urban,1,Natural vegetation,0,0.5,0,0,0.5,0.5,TRUE,Ag-dominated
12511800,28944,0,0,46.2970794,-119.3333527,3,Urban,3,Urban,0.75,0.25,0,0,0,1,TRUE,Urban-dominated
13013650,51480,0,0,43.65405556,-110.7154722,1,Natural vegetation,1,Natural vegetation,0,0,0,0,1,0,FALSE,Natural-dominated
13018750,4440,0,0,43.3722222,-110.7386111,1,Natural vegetation,1,Natural vegetation,0,0,0,0,1,0,FALSE,Natural-dominated
13213000,56664,0,0,43.78166667,-116.9727778,2,Cropland,2,Cropland,0,1,0,0,0,1,TRUE,Ag-dominated
1342732,17976,0,0,43.01975,-75.0284722,3,Urban,3,Urban,1,0,0,0,0,1,TRUE,Urban-dominated
1354330,43512,0,0,42.8281583,-73.9903722,3,Urban,3,Urban,0.75,0,0,0,0.25,0.75,TRUE,Urban-dominated
1355475,46104,0,0,42.8511111,-73.88725,3,Urban,1,Natural vegetation,0.25,0.25,0,0,0.5,0.5,TRUE,Natural-dominated
135980207,41232,0,0,42.4996111,-73.7768056,5,Other,1,Natural vegetation,0.25,0.25,0,0,0.5,0.5,TRUE,Natural-dominated
1376307,24648,0,0,40.93625,-73.9043056,3,Urban,3,Urban,0.5,0,0.5,0,0,0.5,TRUE,Urban-dominated
1376515,30648,0,0,40.76463889,-74.0031944,5,Other,5,Other,0,0,1,0,0,0,FALSE,Mixed
1376520,23832,0,0,40.72152778,-74.0156111,5,Other,3,Urban,0.5,0,0.5,0,0,0.5,TRUE,Urban-dominated
1388000,39000,0,0,40.99194444,-74.28,3,Urban,3,Urban,1,0,0,0,0,1,TRUE,Urban-dominated
1400500,132312,0,0,40.55555556,-74.58277778,3,Urban,3,Urban,1,0,0,0,0,1,TRUE,Urban-dominated
14149011,10560,0,0,43.91378056,-122.7556472,1,Natural vegetation,1,Natural vegetation,0,0,0,0,1,0,FALSE,Natural-dominated
14150000,1992,0,0,43.9456815,-122.8372967,1,Natural vegetation,1,Natural vegetation,0,0,0,0,1,0,FALSE,Natural-dominated
14152000,21648,0,0,43.99818166,-122.9059126,1,Natural vegetation,1,Natural vegetation,0,0,0,0,1,0,FALSE,Natural-dominated
14158100,85848,0,0,44.09166667,-123.116111,3,Urban,2,Cropland,0.5,0.5,0,0,0,1,TRUE,Urban-dominated
14158850,32544,0,0,44.2679001,-122.0497826,1,Natural vegetation,1,Natural vegetation,0,0,0,0,1,0,FALSE,Natural-dominated
14159500,46824,0,0,44.13595817,-122.248391,1,Natural vegetation,1,Natural vegetation,0,0,0.25,0,0.75,0,FALSE,Natural-dominated
14162200,46104,0,0,44.16234819,-122.3331192,1,Natural vegetation,1,Natural vegetation,0,0,0,0,1,0,FALSE,Natural-dominated
14162450,15240,0,0,44.1233611,-122.3787222,1,Natural vegetation,1,Natural vegetation,0,0,0,0,1,0,FALSE,Natural-dominated
14162500,42048,0,0,44.1248487,-122.47062,1,Natural vegetation,1,Natural vegetation,0,0,0,0,1,0,FALSE,Natural-dominated
14163000,32520,0,0,44.1460861,-122.5730333,1,Natural vegetation,1,Natural vegetation,0,0,0,0,1,0,FALSE,Natural-dominated
14163900,35472,0,0,44.0698492,-122.7711874,2,Cropland,2,Cropland,0,1,0,0,0,1,TRUE,Ag-dominated
14164550,35472,0,0,44.07066667,-122.8846667,2,Cropland,1,Natural vegetation,0.25,0.25,0,0,0.5,0.5,TRUE,Natural-dominated
14181500,76176,0,0,44.75377778,-122.2974444,1,Natural vegetation,1,Natural vegetation,0,0,0,0,1,0,FALSE,Natural-dominated
14182500,36216,0,0,44.7915108,-122.5789738,1,Natural vegetation,1,Natural vegetation,0,0,0,0,1,0,FALSE,Natural-dominated
14183020,34800,0,0,44.7782222,-122.6777222,2,Cropland,2,Cropland,0,1,0,0,0,1,TRUE,Ag-dominated
14185000,2040,0,0,44.39179225,-122.4975817,1,Natural vegetation,1,Natural vegetation,0,0,0,0,1,0,FALSE,Natural-dominated
14185900,2016,0,0,44.54012357,-122.4359155,1,Natural vegetation,1,Natural vegetation,0,0,0,0,1,0,FALSE,Natural-dominated
14186200,10680,0,0,44.44818005,-122.5503613,1,Natural vegetation,1,Natural vegetation,0,0,0.25,0,0.75,0,FALSE,Natural-dominated
14187200,10632,0,0,44.4123468,-122.6886956,1,Natural vegetation,1,Natural vegetation,0.25,0,0,0,0.75,0.25,FALSE,Natural-dominated
14187500,10536,0,0,44.4984564,-122.8234214,1,Natural vegetation,1,Natural vegetation,0,0,0,0,1,0,FALSE,Natural-dominated
14202980,145032,0,0,45.46927968,-123.200109,5,Other,1,Natural vegetation,0,0,0,0,1,0,FALSE,Natural-dominated
14203500,40464,0,0,45.4748365,-123.124274,2,Cropland,1,Natural vegetation,0,0.5,0,0,0.5,0.5,TRUE,Ag-dominated
14206241,30888,0,0,45.50011635,-122.9912157,2,Cropland,2,Cropland,0.5,0.5,0,0,0,1,TRUE,Urban-dominated
14206694,73896,0,0,45.40150659,-122.8951003,2,Cropland,2,Cropland,0,1,0,0,0,1,TRUE,Ag-dominated
14207200,67464,0,0,45.35650877,-122.6850937,1,Natural vegetation,1,Natural vegetation,0,0,0,0,1,0,FALSE,Natural-dominated
14209700,28944,0,0,45.14762079,-122.1531366,1,Natural vegetation,1,Natural vegetation,0,0,0,0,1,0,FALSE,Natural-dominated
14209710,144960,0,0,45.16706506,-122.1561923,1,Natural vegetation,1,Natural vegetation,0,0,0,0,1,0,FALSE,Natural-dominated
14210000,140880,0,0,45.29984346,-122.3539746,1,Natural vegetation,1,Natural vegetation,0.25,0,0,0,0.75,0.25,FALSE,Natural-dominated
14211010,143640,0,0,45.3792874,-122.5773134,3,Urban,1,Natural vegetation,0.5,0,0,0,0.5,0.5,TRUE,Urban-dominated
1427207,30576,0,0,41.86727778,-75.21375,1,Natural vegetation,1,Natural vegetation,0,0,0,0,1,0,FALSE,Natural-dominated
1427510,39024,0,0,41.75675,-75.0574167,1,Natural vegetation,1,Natural vegetation,0,0,0,0,1,0,FALSE,Natural-dominated
14316460,123696,0,0,43.3059544,-122.5128232,1,Natural vegetation,1,Natural vegetation,0,0,0,0,1,0,FALSE,Natural-dominated
14317450,131280,0,0,43.324563,-122.9997836,1,Natural vegetation,1,Natural vegetation,0,0,0,0,1,0,FALSE,Natural-dominated
1433005,44856,0,0,41.56727778,-74.78327778,1,Natural vegetation,1,Natural vegetation,0,0,0,0,1,0,FALSE,Natural-dominated
1433500,93552,0,0,41.4612222,-74.75877778,1,Natural vegetation,1,Natural vegetation,0,0,0,0,1,0,FALSE,Natural-dominated
1438500,39384,0,0,41.30916667,-74.79527778,1,Natural vegetation,1,Natural vegetation,0,0,0,0,1,0,FALSE,Natural-dominated
1454700,73200,0,0,40.6692656,-75.23628808,3,Urban,3,Urban,0.75,0,0,0,0.25,0.75,TRUE,Urban-dominated
1458500,76824,0,0,40.5261111,-75.065,3,Urban,1,Natural vegetation,0,0,0,0,1,0,FALSE,Natural-dominated
14670261,49368,0,0,40.0385,-74.9936111,5,Other,3,Urban,0.75,0,0.25,0,0,0.75,TRUE,Urban-dominated
1467042,2280,0,0,40.0897334,-75.0690517,3,Urban,1,Natural vegetation,0,0,0,0,1,0,FALSE,Natural-dominated
1467048,2280,0,0,40.0500115,-75.0326619,3,Urban,3,Urban,1,0,0,0,0,1,TRUE,Urban-dominated
1467086,2280,0,0,40.04261157,-75.1121191,3,Urban,3,Urban,1,0,0,0,0,1,TRUE,Urban-dominated
1467200,73080,0,0,39.946402,-75.1393603,5,Other,3,Urban,1,0,0,0,0,1,TRUE,Urban-dominated
1473500,85368,0,0,40.11555556,-75.3561111,3,Urban,3,Urban,1,0,0,0,0,1,TRUE,Urban-dominated
1474000,20328,0,0,40.0152903,-75.2068343,3,Urban,3,Urban,1,0,0,0,0,1,TRUE,Urban-dominated
1474500,2208,0,0,39.9677908,-75.1885007,3,Urban,3,Urban,1,0,0,0,0,1,TRUE,Urban-dominated
1475530,40296,0,0,39.9747355,-75.2798924,3,Urban,3,Urban,1,0,0,0,0,1,TRUE,Urban-dominated
1480617,106128,0,0,39.9617734,-75.8013341,1,Natural vegetation,1,Natural vegetation,0,0,0,0,1,0,FALSE,Natural-dominated
1480870,109368,0,0,39.9687191,-75.6732715,1,Natural vegetation,1,Natural vegetation,0,0,0,0,1,0,FALSE,Natural-dominated
1481000,113040,0,0,39.8698328,-75.5932623,1,Natural vegetation,1,Natural vegetation,0,0,0,0,1,0,FALSE,Natural-dominated
1481500,143712,0,0,39.7695,-75.5766944,3,Urban,3,Urban,0.666666667,0,0,0,0.333333333,0.666666667,TRUE,Urban-dominated
1487165,3648,0,0,38.6863611,-75.6176944,2,Cropland,2,Cropland,0,0.75,0,0,0.25,0.75,TRUE,Ag-dominated
1491000,13320,0,0,38.99719444,-75.7858056,2,Cropland,2,Cropland,0,1,0,0,0,1,TRUE,Ag-dominated
15008000,38064,0,0,56.025815,-130.0669823,1,Natural vegetation,1,Natural vegetation,0,0,0,0.25,0.75,0,FALSE,Natural-dominated
15015595,31512,0,0,56.2402062,-130.8819864,1,Natural vegetation,1,Natural vegetation,0,0,0,0,1,0,FALSE,Natural-dominated
15024800,34176,0,0,56.7079243,-132.1319708,5,Other,1,Natural vegetation,0,0,0,0,1,0,FALSE,Natural-dominated
15041200,43344,0,0,58.53829828,-133.7017432,1,Natural vegetation,1,Natural vegetation,0,0,0,0,1,0,FALSE,Natural-dominated
15319015,696,0,0,41.71691667,-76.6668056,1,Natural vegetation,2,Cropland,0,1,0,0,0,1,TRUE,Ag-dominated
1540008,10008,0,0,40.95399444,-76.4679944,5,Other,1,Natural vegetation,0,0.5,0,0,0.5,0.5,TRUE,Ag-dominated
1542500,71256,0,0,41.11755906,-78.108896,1,Natural vegetation,1,Natural vegetation,0,0,0,0,1,0,FALSE,Natural-dominated
1544500,74976,0,0,41.47583829,-77.82580078,1,Natural vegetation,1,Natural vegetation,0,0,0,0,1,0,FALSE,Natural-dominated
1548030,360,0,0,40.9804722,-77.48277778,1,Natural vegetation,1,Natural vegetation,0,0,0,0,1,0,FALSE,Natural-dominated
1549700,70488,0,0,41.273683,-77.32414028,1,Natural vegetation,1,Natural vegetation,0,0,0,0,1,0,FALSE,Natural-dominated
1552044,3792,0,0,54.15556,-1.349187,2,Cropland,2,Cropland,0,1,0,0,0,1,TRUE,Ag-dominated
1573208,14208,0,0,40.32223889,-76.6293944,2,Cropland,2,Cropland,0,1,0,0,0,1,TRUE,Ag-dominated
1573660,39672,0,0,40.1533333,-76.7555556,3,Urban,5,Other,0,0.25,0.5,0,0.25,0.25,FALSE,Mixed
1573684,7440,0,0,40.22519444,-76.55452778,2,Cropland,2,Cropland,0,0.75,0,0,0.25,0.75,TRUE,Ag-dominated
1573816,1032,0,0,39.87805556,-77.10077778,2,Cropland,2,Cropland,0,1,0,0,0,1,TRUE,Ag-dominated
1575598,42312,0,0,40.0522222,-76.6544444,3,Urban,2,Cropland,0,0.5,0.25,0,0.25,0.5,TRUE,Ag-dominated
1575900,31440,0,0,40.0628745,-76.5155214,2,Cropland,2,Cropland,0.5,0.5,0,0,0,1,TRUE,Urban-dominated
1576007,39120,0,0,40.01416667,-76.5480556,1,Natural vegetation,3,Urban,1,0,0,0,0,1,TRUE,Urban-dominated
1576045,40944,0,0,39.94194444,-76.50027778,2,Cropland,2,Cropland,0,1,0,0,0,1,TRUE,Ag-dominated
1576381,7752,0,0,40.2710833,-76.3217222,2,Cropland,1,Natural vegetation,0,0.5,0,0,0.5,0.5,TRUE,Ag-dominated
1577500,41016,0,0,39.77260378,-76.3157919,1,Natural vegetation,2,Cropland,0,0.5,0.25,0,0.25,0.5,TRUE,Ag-dominated
1579550,11904,0,0,39.62605556,-76.15775,5,Other,1,Natural vegetation,0,0,0.25,0,0.75,0,FALSE,Natural-dominated
1584377,3408,0,0,53.97311,-1.350507,2,Cropland,2,Cropland,0,1,0,0,0,1,TRUE,Ag-dominated
1594441,4464,0,0,38.9468333,-76.69488889,1,Natural vegetation,1,Natural vegetation,0.5,0,0,0,0.5,0.5,TRUE,Urban-dominated
1608500,143088,0,0,39.44703879,-78.6541817,1,Natural vegetation,1,Natural vegetation,0,0,0,0,1,0,FALSE,Natural-dominated
163287828,4344,0,0,38.56496944,-78.7155028,1,Natural vegetation,1,Natural vegetation,0,0.25,0,0,0.75,0.25,FALSE,Natural-dominated
1632900,121848,0,0,38.69345016,-78.6427935,1,Natural vegetation,2,Cropland,0,1,0,0,0,1,TRUE,Ag-dominated
1633000,10416,0,0,38.74567048,-78.6389042,2,Cropland,2,Cropland,0,1,0,0,0,1,TRUE,Ag-dominated
1634000,10776,0,0,38.9767759,-78.3361152,1,Natural vegetation,1,Natural vegetation,0,0,0,0,1,0,FALSE,Natural-dominated
1638500,29544,0,0,39.2735833,-77.5431111,5,Other,1,Natural vegetation,0,0,0,0,1,0,FALSE,Natural-dominated
1643580,11328,0,0,39.2633972,-77.4357417,2,Cropland,1,Natural vegetation,0,0.5,0,0,0.5,0.5,TRUE,Ag-dominated
1645704,125928,0,0,38.88469518,-77.3324293,1,Natural vegetation,1,Natural vegetation,0.5,0,0,0,0.5,0.5,TRUE,Urban-dominated
1645762,108792,0,0,38.90888916,-77.3382627,1,Natural vegetation,1,Natural vegetation,0,0,0,0,1,0,FALSE,Natural-dominated
164578734,29400,0,0,38.9296611,-77.34113889,3,Urban,1,Natural vegetation,0,0,0,0,1,0,FALSE,Natural-dominated
1646305,102336,0,0,38.95977716,-77.1756743,1,Natural vegetation,5,Other,0,0,1,0,0,0,FALSE,Mixed
1649190,139656,0,0,39.0333611,-76.96402778,1,Natural vegetation,3,Urban,1,0,0,0,0,1,TRUE,Urban-dominated
1650800,97536,0,0,38.9862222,-77.0048611,3,Urban,3,Urban,1,0,0,0,0,1,TRUE,Urban-dominated
1654000,80928,0,0,38.81289066,-77.2283158,3,Urban,3,Urban,1,0,0,0,0,1,TRUE,Urban-dominated
1654107,25728,0,0,38.8246,-77.2667,3,Urban,3,Urban,1,0,0,0,0,1,TRUE,Urban-dominated
1654670,912,0,0,38.7751822,-77.20324308,3,Urban,3,Urban,1,0,0,0,0,1,TRUE,Urban-dominated
1668000,68520,0,0,38.30846178,-77.52915268,1,Natural vegetation,3,Urban,0.5,0.25,0,0,0.25,0.75,TRUE,Urban-dominated
16701405,12240,0,0,38.139,-78.00673889,1,Natural vegetation,1,Natural vegetation,0,0,0,0,1,0,FALSE,Natural-dominated
1673000,105840,0,0,37.76764189,-77.3322018,1,Natural vegetation,1,Natural vegetation,0,0,0,0,1,0,FALSE,Natural-dominated
1674500,12888,0,0,37.88388889,-77.16527778,1,Natural vegetation,1,Natural vegetation,0,0,0,0,1,0,FALSE,Natural-dominated
2035000,106080,0,0,37.67097957,-78.0858328,1,Natural vegetation,1,Natural vegetation,0,0,0,0,1,0,FALSE,Natural-dominated
204001,2448,0,0,-29.978146,152.725685,1,Natural vegetation,1,Natural vegetation,0,0,0,0,1,0,FALSE,Natural-dominated
2041650,13296,0,0,37.2251505,-77.475263,3,Urban,1,Natural vegetation,0.5,0,0,0,0.5,0.5,TRUE,Urban-dominated
205373035,58152,0,0,37.1870833,-80.1519167,1,Natural vegetation,1,Natural vegetation,0,0,0,0,1,0,FALSE,Natural-dominated
205373075,58464,0,0,37.1913611,-80.1440833,1,Natural vegetation,1,Natural vegetation,0,0,0,0,1,0,FALSE,Natural-dominated
205373228,60432,0,0,37.1731111,-80.1350833,1,Natural vegetation,1,Natural vegetation,0,0,0,0,1,0,FALSE,Natural-dominated
205373422,58584,0,0,37.16475,-80.1413611,1,Natural vegetation,1,Natural vegetation,0,0,0,0,1,0,FALSE,Natural-dominated
205450393,59280,0,0,37.23430556,-80.19975,1,Natural vegetation,1,Natural vegetation,0,0,0,0,1,0,FALSE,Natural-dominated
205450495,60576,0,0,37.2337222,-80.1967778,1,Natural vegetation,1,Natural vegetation,0,0,0,0,1,0,FALSE,Natural-dominated
2054550,33528,0,0,37.27818976,-80.105041,3,Urban,3,Urban,1,0,0,0,0,1,TRUE,Urban-dominated
2054750,20520,0,0,37.27155556,-80.00788889,3,Urban,3,Urban,1,0,0,0,0,1,TRUE,Urban-dominated
205551460,62280,0,0,37.27794444,-79.9375556,3,Urban,3,Urban,1,0,0,0,0,1,TRUE,Urban-dominated
205551614,39336,0,0,37.27788889,-79.9093611,3,Urban,3,Urban,1,0,0,0,0,1,TRUE,Urban-dominated
205696042,57936,0,0,37.05227778,-79.8268333,1,Natural vegetation,1,Natural vegetation,0,0,0,0,1,0,FALSE,Natural-dominated
205696095,55920,0,0,37.0558333,-79.8254722,1,Natural vegetation,1,Natural vegetation,0,0.25,0,0,0.75,0.25,FALSE,Natural-dominated
208062765,145176,0,0,36.3311111,-77.58027778,1,Natural vegetation,1,Natural vegetation,0,0.25,0,0,0.75,0.25,FALSE,Natural-dominated
2099,4242,0,0,33.042398,106.264817,2,Cropland,1,Natural vegetation,0.25,0,0,0,0.75,0.25,FALSE,Natural-dominated
2101,3414,0,0,25.032207,106.140539,1,Natural vegetation,1,Natural vegetation,0,0,0,0,1,0,FALSE,Natural-dominated
210150,21000,0,0,-32.239117,151.695523,1,Natural vegetation,1,Natural vegetation,0,0,0,0,1,0,FALSE,Natural-dominated
2102500,29112,0,0,35.4061111,-78.8133333,3,Urban,1,Natural vegetation,0,0.25,0,0,0.75,0.25,FALSE,Natural-dominated
2103,4830,0,0,30.078912,106.433255,3,Urban,2,Cropland,0,1,0,0,0,1,TRUE,Ag-dominated
2104,2562,0,0,44.069265,127.331612,1,Natural vegetation,1,Natural vegetation,0,0.25,0,0,0.75,0.25,FALSE,Natural-dominated
2105,4206,0,0,33.58455,113.403169,2,Cropland,2,Cropland,0,1,0,0,0,1,TRUE,Ag-dominated
2109,3624,0,0,41.32954,124.19027,5,Other,5,Other,0,0,1,0,0,0,FALSE,Mixed
2110,4710,0,0,41.274287,126.145747,1,Natural vegetation,1,Natural vegetation,0,0,0,0,1,0,FALSE,Natural-dominated
2112,3864,0,0,31.264172,105.07645,2,Cropland,2,Cropland,0,1,0,0,0,1,TRUE,Ag-dominated
2115,4080,0,0,36.069564,110.444343,1,Natural vegetation,1,Natural vegetation,0,0,0,0,1,0,FALSE,Natural-dominated
2117,300,0,0,33.278916,106.138647,1,Natural vegetation,1,Natural vegetation,0,0,0,0,1,0,FALSE,Natural-dominated
2119,4074,0,0,30.700479,117.229669,3,Urban,5,Other,0,0,1,0,0,0,FALSE,Mixed
2120,3714,0,0,28.630018,108.50076,1,Natural vegetation,1,Natural vegetation,0,0,0,0,1,0,FALSE,Natural-dominated
212042,1944,0,0,-33.4962,150.0984,1,Natural vegetation,1,Natural vegetation,0,0,0,0,1,0,FALSE,Natural-dominated
212058,408,0,0,-33.485416,150.076872,1,Natural vegetation,1,Natural vegetation,0,0,0,0,1,0,FALSE,Natural-dominated
2122,1086,0,0,45.326365,130.973375,3,Urban,3,Urban,1,0,0,0,0,1,TRUE,Urban-dominated
212203,18168,0,0,-34.245297,150.667111,1,Natural vegetation,1,Natural vegetation,0,0,0,0,1,0,FALSE,Natural-dominated
212209,10632,0,0,-34.477019,150.534097,1,Natural vegetation,1,Natural vegetation,0,0,0,0,1,0,FALSE,Natural-dominated
2122322,5160,0,0,-34.285578,150.901237,1,Natural vegetation,1,Natural vegetation,0,0,0,0,1,0,FALSE,Natural-dominated
212233,26736,0,0,-34.228931,150.743181,1,Natural vegetation,1,Natural vegetation,0,0,0,0,1,0,FALSE,Natural-dominated
2128,4242,0,0,37.510809,111.163242,1,Natural vegetation,1,Natural vegetation,0,0,0,0,1,0,FALSE,Natural-dominated
2130,4188,0,0,33.573434,106.064492,1,Natural vegetation,1,Natural vegetation,0,0,0,0,1,0,FALSE,Natural-dominated
2132,4922,0,0,29.777166,112.014545,2,Cropland,2,Cropland,0,1,0,0,0,1,TRUE,Ag-dominated
2133,3012,0,0,33.22567,106.963432,1,Natural vegetation,1,Natural vegetation,0,0,0,0,1,0,FALSE,Natural-dominated
2137,3438,0,0,25.860693,115.024412,3,Urban,1,Natural vegetation,0,0,0,0,1,0,FALSE,Natural-dominated
2139,3576,0,0,24.3712,102.776866,5,Other,2,Cropland,0,0.75,0.25,0,0,0.75,TRUE,Ag-dominated
2140,3552,0,0,36.830163,101.080194,1,Natural vegetation,1,Natural vegetation,0,0,0,0,1,0,FALSE,Natural-dominated
2141,2784,0,0,24.242784,102.482485,2,Cropland,3,Urban,1,0,0,0,0,1,TRUE,Urban-dominated
2141500,46776,0,0,35.77262778,-81.4306556,1,Natural vegetation,1,Natural vegetation,0,0,0,0,1,0,FALSE,Natural-dominated
214196125,44568,0,0,35.8218972,-81.1903833,1,Natural vegetation,1,Natural vegetation,0,0,0,0,1,0,FALSE,Natural-dominated
214264790,49392,0,0,35.4277333,-80.9573417,1,Natural vegetation,1,Natural vegetation,0,0,0.25,0,0.75,0,FALSE,Natural-dominated
214267602,54360,0,0,35.33400556,-80.9864083,5,Other,1,Natural vegetation,0,0,0.25,0,0.75,0,FALSE,Natural-dominated
2147,4098,0,0,25.55634,103.820802,3,Urban,2,Cropland,0.25,0.5,0,0,0.25,0.75,TRUE,Ag-dominated
2147801,16368,0,0,34.3320798,-80.69842699,5,Other,1,Natural vegetation,0,0,0,0,1,0,FALSE,Natural-dominated
2150,30,0,0,31.6083986,117.8003691,2,Cropland,2,Cropland,0,1,0,0,0,1,TRUE,Ag-dominated
2152,4272,0,0,28.369489,121.377984,3,Urban,3,Urban,1,0,0,0,0,1,TRUE,Urban-dominated
215215,51432,0,0,-34.77777778,150.3158333,1,Natural vegetation,1,Natural vegetation,0,0,0,0,1,0,FALSE,Natural-dominated
2153,4128,0,0,28.047798,113.201759,1,Natural vegetation,1,Natural vegetation,0,0,0,0,1,0,FALSE,Natural-dominated
2154,42,0,0,47.8800106,117.8676958,5,Other,5,Other,0,0,1,0,0,0,FALSE,Mixed
2155,4800,0,0,33.22046,119.316931,3,Urban,3,Urban,1,0,0,0,0,1,TRUE,Urban-dominated
2156,3840,0,0,33.348079,111.90639,1,Natural vegetation,1,Natural vegetation,0,0,0,0,1,0,FALSE,Natural-dominated
2156500,22128,0,0,34.5951393,-81.4212089,1,Natural vegetation,1,Natural vegetation,0,0,0,0,1,0,FALSE,Natural-dominated
2157,3852,0,0,30.471859,114.422632,3,Urban,3,Urban,1,0,0,0,0,1,TRUE,Urban-dominated
2158,3732,0,0,34.265472,108.954239,3,Urban,3,Urban,1,0,0,0,0,1,TRUE,Urban-dominated
2160,3774,0,0,24.517107,98.286565,1,Natural vegetation,1,Natural vegetation,0,0,0,0,1,0,FALSE,Natural-dominated
2160105,42336,0,0,34.5354163,-81.548158,1,Natural vegetation,1,Natural vegetation,0,0,0,0,1,0,FALSE,Natural-dominated
2160700,42384,0,0,34.5093039,-81.5981594,1,Natural vegetation,1,Natural vegetation,0,0,0,0,1,0,FALSE,Natural-dominated
2160991,46272,0,0,34.26070285,-81.3303747,1,Natural vegetation,1,Natural vegetation,0,0,0,0,1,0,FALSE,Natural-dominated
2161,1632,0,0,30.168904,106.667907,2,Cropland,2,Cropland,0.25,0.5,0,0,0.25,0.75,TRUE,Ag-dominated
2162,3720,0,0,38.241967,110.484742,1,Natural vegetation,1,Natural vegetation,0,0,0,0,1,0,FALSE,Natural-dominated
2162035,114144,0,0,34.0483333,-81.0733333,5,Other,1,Natural vegetation,0,0,0.5,0,0.5,0,FALSE,Natural-dominated
2163,3546,0,0,37.02715,102.404068,1,Natural vegetation,1,Natural vegetation,0,0,0,0,1,0,FALSE,Natural-dominated
2166,2394,0,0,25.3024,114.655597,5,Other,1,Natural vegetation,0,0,0,0,1,0,FALSE,Natural-dominated
2167,774,0,0,29.4698337,112.1175895,2,Cropland,2,Cropland,0,1,0,0,0,1,TRUE,Ag-dominated
2168,864,0,0,36.7282673,117.0045935,3,Urban,3,Urban,1,0,0,0,0,1,TRUE,Urban-dominated
2169,4350,0,0,30.677431,111.799442,2,Cropland,2,Cropland,0,0.75,0,0,0.25,0.75,TRUE,Ag-dominated
2170,6,0,0,28.7685731,116.0913702,5,Other,1,Natural vegetation,0.25,0.25,0.25,0,0.25,0.5,TRUE,Mixed
2171500,25848,0,0,33.45377778,-80.1413611,1,Natural vegetation,1,Natural vegetation,0,0,0,0,1,0,FALSE,Natural-dominated
2171560,23112,0,0,33.49405569,-79.9603544,1,Natural vegetation,1,Natural vegetation,0,0,0,0,1,0,FALSE,Natural-dominated
2174,3012,0,0,40.310107,97.737083,2,Cropland,2,Cropland,0,1,0,0,0,1,TRUE,Ag-dominated
2175,3882,0,0,27.0311,103.363742,1,Natural vegetation,1,Natural vegetation,0,0,0,0,1,0,FALSE,Natural-dominated
2176,3510,0,0,27.944155,102.917075,1,Natural vegetation,1,Natural vegetation,0,0.25,0,0,0.75,0.25,FALSE,Natural-dominated
2178,1050,0,0,23.6834229,113.0676568,5,Other,3,Urban,1,0,0,0,0,1,TRUE,Urban-dominated
2186,3654,0,0,24.047347,113.779963,1,Natural vegetation,1,Natural vegetation,0,0.25,0,0,0.75,0.25,FALSE,Natural-dominated
2191,624,0,0,28.675696,115.909228,3,Urban,3,Urban,1,0,0,0,0,1,TRUE,Urban-dominated
2197,4434,0,0,31.626252,121.384665,3,Urban,2,Cropland,0,0.5,0.5,0,0,0.5,TRUE,Ag-dominated
2203831,94632,0,0,33.70569444,-84.2921944,3,Urban,3,Urban,1,0,0,0,0,1,TRUE,Urban-dominated
2203863,102432,0,0,33.69319444,-84.25388889,3,Urban,3,Urban,0.75,0,0,0,0.25,0.75,TRUE,Urban-dominated
2203960,95304,0,0,33.69666667,-84.1986111,3,Urban,1,Natural vegetation,0,0,0,0,1,0,FALSE,Natural-dominated
2204037,100224,0,0,33.66819444,-84.1511667,1,Natural vegetation,1,Natural vegetation,0,0,0,0,1,0,FALSE,Natural-dominated
2207,4038,0,0,31.088307,120.985569,2,Cropland,2,Cropland,0,0.666666667,0.333333333,0,0,0.666666667,TRUE,Ag-dominated
2207135,86424,0,0,33.83041667,-84.1393333,1,Natural vegetation,1,Natural vegetation,0,0,0,0,1,0,FALSE,Natural-dominated
2207400,10416,0,0,33.82138889,-83.9425,1,Natural vegetation,1,Natural vegetation,0,0,0,0,1,0,FALSE,Natural-dominated
2207418,9096,0,0,33.72938889,-83.9363056,5,Other,1,Natural vegetation,0,0,0,0,1,0,FALSE,Natural-dominated
2207435,9624,0,0,33.7111111,-83.9144444,1,Natural vegetation,1,Natural vegetation,0,0,0,0,1,0,FALSE,Natural-dominated
2207448,8808,0,0,33.66163889,-83.9280833,1,Natural vegetation,1,Natural vegetation,0,0,0,0,1,0,FALSE,Natural-dominated
2208450,83760,0,0,33.63938889,-83.7784167,1,Natural vegetation,1,Natural vegetation,0,0,0.25,0,0.75,0,FALSE,Natural-dominated
2208493,85704,0,0,33.6285,-83.7988611,1,Natural vegetation,1,Natural vegetation,0,0,0,0,1,0,FALSE,Natural-dominated
221208,19296,0,0,-37.688768,149.4917673,1,Natural vegetation,1,Natural vegetation,0,0,0,0,1,0,FALSE,Natural-dominated
221210,18480,0,0,-37.41577078,149.5203757,1,Natural vegetation,1,Natural vegetation,0,0,0,0,1,0,FALSE,Natural-dominated
221224,27048,0,0,-37.53864684,149.156689,2,Cropland,2,Cropland,0,1,0,0,0,1,TRUE,Ag-dominated
221225,5448,0,0,-37.72962305,148.9510043,1,Natural vegetation,1,Natural vegetation,0,0,0.25,0,0.75,0,FALSE,Natural-dominated
2213,3714,0,0,22.567284,102.274306,1,Natural vegetation,1,Natural vegetation,0,0,0,0,1,0,FALSE,Natural-dominated
2216,6,0,0,24.9704441,102.6365007,5,Other,4,Wetland,0,0,0,1,0,0,FALSE,Mixed
2217,2994,0,0,22.5092497,103.9569181,3,Urban,3,Urban,1,0,0,0,0,1,TRUE,Urban-dominated
2217643,94464,0,0,34.1620583,-83.5250944,1,Natural vegetation,1,Natural vegetation,0,0,0,0,1,0,FALSE,Natural-dominated
2218,444,0,0,24.656413,102.641488,1,Natural vegetation,1,Natural vegetation,0,0,0,0,1,0,FALSE,Natural-dominated
2220,6,0,0,25.304817,102.774897,1,Natural vegetation,1,Natural vegetation,0,0.25,0,0,0.75,0.25,FALSE,Natural-dominated
222201,3696,0,0,-37.70739307,148.4509503,3,Urban,2,Cropland,0,0.75,0,0,0.25,0.75,TRUE,Ag-dominated
222203,4728,0,0,-37.79888889,148.5277778,5,Other,5,Other,0,0,1,0,0,0,FALSE,Mixed
222223,19056,0,0,-37.726682,148.54308,2,Cropland,2,Cropland,0,1,0,0,0,1,TRUE,Ag-dominated
2223,318,0,0,40.5315391,109.9285814,1,Natural vegetation,1,Natural vegetation,0.25,0.25,0,0,0.5,0.5,TRUE,Natural-dominated
2224,78,0,0,49.2773263,118.1028904,1,Natural vegetation,1,Natural vegetation,0.5,0,0,0,0.5,0.5,TRUE,Urban-dominated
2225,3715,0,0,40.81746,112.528279,1,Natural vegetation,1,Natural vegetation,0,0,0,0,1,0,FALSE,Natural-dominated
2226,1896,0,0,39.055305,106.075203,5,Other,1,Natural vegetation,0,0,0.5,0,0.5,0,FALSE,Natural-dominated
2227,4877,0,0,38.342756,103.630837,5,Other,5,Other,0,0,1,0,0,0,FALSE,Mixed
2229,2124,0,0,46.097446,122.051897,3,Urban,3,Urban,1,0,0,0,0,1,TRUE,Urban-dominated
2230,156,0,0,48.966937,117.765285,3,Urban,3,Urban,1,0,0,0,0,1,TRUE,Urban-dominated
2232,48,0,0,41.734149,126.7420146,1,Natural vegetation,1,Natural vegetation,0,0,0.25,0,0.75,0,FALSE,Natural-dominated
223218,17325,0,0,-37.727613,147.695371,1,Natural vegetation,1,Natural vegetation,0,0,0,0,1,0,FALSE,Natural-dominated
2233,1038,0,0,42.5684939,130.5272044,2,Cropland,1,Natural vegetation,0,0.5,0,0,0.5,0.5,TRUE,Ag-dominated
2234,138,0,0,45.3558586,124.7198445,5,Other,2,Cropland,0,1,0,0,0,1,TRUE,Ag-dominated
2235,2604,0,0,44.7605131,125.9212005,2,Cropland,2,Cropland,0,0.75,0.25,0,0,0.75,TRUE,Ag-dominated
2236,3234,0,0,46.2972086,123.8481347,1,Natural vegetation,2,Cropland,0,0.666666667,0,0,0.333333333,0.666666667,TRUE,Ag-dominated
2237,882,0,0,41.4121428,128.1863241,3,Urban,3,Urban,0.5,0.25,0,0,0.25,0.75,TRUE,Urban-dominated
2238,450,0,0,41.0538998,126.1257127,5,Other,1,Natural vegetation,0,0.25,0.25,0,0.5,0.25,FALSE,Natural-dominated
2239,4787,0,0,32.78015,105.430637,3,Urban,1,Natural vegetation,0,0,0,0,1,0,FALSE,Natural-dominated
2240,1266,0,0,29.528191,104.236215,1,Natural vegetation,1,Natural vegetation,0,0.5,0,0,0.5,0.5,TRUE,Ag-dominated
2241,468,0,0,32.6570828,105.8766792,3,Urban,1,Natural vegetation,0,0.25,0,0,0.75,0.25,FALSE,Natural-dominated
2242,1716,0,0,29.08974,105.607798,2,Cropland,2,Cropland,0,1,0,0,0,1,TRUE,Ag-dominated
224215,24,0,0,-37.60186405,147.3390494,1,Natural vegetation,1,Natural vegetation,0,0,0,0,1,0,FALSE,Natural-dominated
224217,32064,0,0,-37.81500036,147.5722231,2,Cropland,2,Cropland,0.25,0.75,0,0,0,1,TRUE,Ag-dominated
2243,2916,0,0,28.920485,104.264181,3,Urban,2,Cropland,0,1,0,0,0,1,TRUE,Ag-dominated
2244,4128,0,0,30.632392,104.13284,3,Urban,3,Urban,1,0,0,0,0,1,TRUE,Urban-dominated
2247,3954,0,0,40.0214909,117.7155247,5,Other,5,Other,0,0,1,0,0,0,FALSE,Mixed
2248,3318,0,0,37.4787797,105.1626375,1,Natural vegetation,1,Natural vegetation,0,0,0,0,1,0,FALSE,Natural-dominated
2250,3426,0,0,37.480632,105.297744,2,Cropland,2,Cropland,0,1,0,0,0,1,TRUE,Ag-dominated
2251,186,0,0,34.0179266,117.213674,2,Cropland,2,Cropland,0,1,0,0,0,1,TRUE,Ag-dominated
225200,312,0,0,-37.98544026,146.7801402,2,Cropland,2,Cropland,0,1,0,0,0,1,TRUE,Ag-dominated
225231,4176,0,0,-37.97499864,146.625004,1,Natural vegetation,1,Natural vegetation,0,0,0,0,1,0,FALSE,Natural-dominated
225232,3912,0,0,-38.04526544,146.9921134,2,Cropland,2,Cropland,0,1,0,0,0,1,TRUE,Ag-dominated
2254,264,0,0,31.6584795,117.4492571,5,Other,3,Urban,1,0,0,0,0,1,TRUE,Urban-dominated
2255,492,0,0,33.1674762,118.1533047,5,Other,3,Urban,1,0,0,0,0,1,TRUE,Urban-dominated
2260,1224,0,0,32.4164278,115.6365441,2,Cropland,2,Cropland,0.25,0.75,0,0,0,1,TRUE,Ag-dominated
2261,708,0,0,31.282899,118.720525,4,Wetland,4,Wetland,0,0,0,1,0,0,FALSE,Mixed
226226,288,0,0,-37.97984217,146.193315,1,Natural vegetation,1,Natural vegetation,0,0,0,0,1,0,FALSE,Natural-dominated
2265,4140,0,0,37.914529,117.683318,5,Other,2,Cropland,0.25,0.75,0,0,0,1,TRUE,Ag-dominated
2271,4704,0,0,36.48392,116.990901,5,Other,2,Cropland,0,1,0,0,0,1,TRUE,Ag-dominated
2284,1494,0,0,35.93722,116.313083,4,Wetland,2,Cropland,0.25,0.5,0,0.25,0,0.75,TRUE,Ag-dominated
2289,3270,0,0,37.864919,117.885594,5,Other,2,Cropland,0,1,0,0,0,1,TRUE,Ag-dominated
229200,6048,0,0,-37.73666667,145.22,3,Urban,1,Natural vegetation,0,0,0,0,1,0,FALSE,Natural-dominated
2295,4422,0,0,36.193418,117.455376,2,Cropland,2,Cropland,0,1,0,0,0,1,TRUE,Ag-dominated
229653,5808,0,0,-37.66721633,145.4760006,1,Natural vegetation,2,Cropland,0,0.75,0,0,0.25,0.75,TRUE,Ag-dominated
2298,1326,0,0,39.5795193,111.4302725,5,Other,1,Natural vegetation,0,0,0,0,1,0,FALSE,Natural-dominated
2300,4608,0,0,24.063586,115.257782,1,Natural vegetation,1,Natural vegetation,0.25,0,0,0,0.75,0.25,FALSE,Natural-dominated
2301,4776,0,0,24.750105,113.790692,1,Natural vegetation,1,Natural vegetation,0,0,0,0,1,0,FALSE,Natural-dominated
2305,4632,0,0,24.59357,116.31529,1,Natural vegetation,1,Natural vegetation,0,0,0,0,1,0,FALSE,Natural-dominated
2307,4596,0,0,23.241268,114.156364,3,Urban,1,Natural vegetation,0,0,0,0,1,0,FALSE,Natural-dominated
2310,1746,0,0,25.435996,113.181084,1,Natural vegetation,1,Natural vegetation,0,0,0,0,1,0,FALSE,Natural-dominated
2312,4812,0,0,22.341973,113.359214,1,Natural vegetation,1,Natural vegetation,0,0,0.25,0,0.75,0,FALSE,Natural-dominated
2313,4248,0,0,23.083921,111.396813,1,Natural vegetation,1,Natural vegetation,0,0,0,0,1,0,FALSE,Natural-dominated
2316,4215,0,0,23.43983,111.73678,1,Natural vegetation,1,Natural vegetation,0,0,0,0,1,0,FALSE,Natural-dominated
2317,4650,0,0,22.775054,115.038462,5,Other,4,Wetland,0,0,0,1,0,0,FALSE,Mixed
2320,4650,0,0,23.177386,114.458742,5,Other,2,Cropland,0,1,0,0,0,1,TRUE,Ag-dominated
2321,4458,0,0,23.296456,112.985654,5,Other,2,Cropland,0.5,0.5,0,0,0,1,TRUE,Urban-dominated
2322,2094,0,0,22.5278286,113.2008883,5,Other,5,Other,0.25,0,0.75,0,0,0.25,FALSE,Mixed
2323,4530,0,0,22.885302,111.995442,1,Natural vegetation,1,Natural vegetation,0.25,0,0,0,0.75,0.25,FALSE,Natural-dominated
2326,4248,0,0,22.693113,113.502012,5,Other,5,Other,0,0,1,0,0,0,FALSE,Mixed
2327,4524,0,0,23.51581,113.556941,3,Urban,1,Natural vegetation,0.25,0,0,0,0.75,0.25,FALSE,Natural-dominated
2328,3936,0,0,22.718191,111.271433,1,Natural vegetation,1,Natural vegetation,0,0,0,0,1,0,FALSE,Natural-dominated
2331,4842,0,0,23.488427,116.777142,3,Urban,3,Urban,1,0,0,0,0,1,TRUE,Urban-dominated
2332,4680,0,0,22.800704,113.527502,3,Urban,1,Natural vegetation,0.25,0,0.25,0,0.5,0.25,FALSE,Natural-dominated
2334500,7800,0,0,34.1261111,-84.09338889,1,Natural vegetation,3,Urban,1,0,0,0,0,1,TRUE,Urban-dominated
2335,4458,0,0,21.613011,110.266806,3,Urban,2,Cropland,0.25,0.75,0,0,0,1,TRUE,Ag-dominated
2336,4512,0,0,23.072242,112.153685,1,Natural vegetation,1,Natural vegetation,0,0,0,0,1,0,FALSE,Natural-dominated
23362095,99048,0,0,33.82138889,-84.2747222,3,Urban,3,Urban,1,0,0,0,0,1,TRUE,Urban-dominated
2336240,139440,0,0,33.8030833,-84.3406944,3,Urban,3,Urban,1,0,0,0,0,1,TRUE,Urban-dominated
2336340,100464,0,0,33.89775,-84.34525,3,Urban,3,Urban,1,0,0,0,0,1,TRUE,Urban-dominated
2336410,141984,0,0,33.8382222,-84.4392778,3,Urban,3,Urban,1,0,0,0,0,1,TRUE,Urban-dominated
2337,4656,0,0,22.599575,112.128586,1,Natural vegetation,1,Natural vegetation,0,0,0,0,1,0,FALSE,Natural-dominated
2338,4638,0,0,22.930987,115.609849,2,Cropland,3,Urban,0.5,0,0.5,0,0,0.5,TRUE,Urban-dominated
2339,4716,0,0,23.471058,113.183855,3,Urban,3,Urban,0.5,0,0.25,0,0.25,0.5,TRUE,Urban-dominated
2342,4710,0,0,22.732501,112.224538,1,Natural vegetation,1,Natural vegetation,0,0,0,0,1,0,FALSE,Natural-dominated
2343,4530,0,0,22.529583,113.447543,3,Urban,3,Urban,1,0,0,0,0,1,TRUE,Urban-dominated
2343805,60984,0,0,31.24908333,-85.1066111,1,Natural vegetation,2,Cropland,0,1,0,0,0,1,TRUE,Ag-dominated
2347,3900,0,0,25.940862,109.873784,1,Natural vegetation,1,Natural vegetation,0,0,0,0,1,0,FALSE,Natural-dominated
2348,192,0,0,24.204279,110.156699,1,Natural vegetation,1,Natural vegetation,0,0,0,0,1,0,FALSE,Natural-dominated
2349,384,0,0,22.2165526,106.7065555,1,Natural vegetation,1,Natural vegetation,0,0,0,0,1,0,FALSE,Natural-dominated
2350,4632,0,0,23.494393,109.736549,2,Cropland,1,Natural vegetation,0,0.5,0,0,0.5,0.5,TRUE,Ag-dominated
2351,1092,0,0,22.7818691,108.1314675,5,Other,2,Cropland,0,1,0,0,0,1,TRUE,Ag-dominated
2352,4572,0,0,23.379547,106.180563,1,Natural vegetation,1,Natural vegetation,0,0,0,0,1,0,FALSE,Natural-dominated
2353,480,0,0,22.4645798,106.6125759,2,Cropland,1,Natural vegetation,0,0.5,0,0,0.5,0.5,TRUE,Ag-dominated
2355,270,0,0,22.853146,106.72843,1,Natural vegetation,1,Natural vegetation,0,0,0,0,1,0,FALSE,Natural-dominated
2356,4242,0,0,25.185404,109.414808,1,Natural vegetation,1,Natural vegetation,0,0,0,0,1,0,FALSE,Natural-dominated
2356000,64848,0,0,30.91030556,-84.5805,3,Urban,1,Natural vegetation,0,0,0,0,1,0,FALSE,Natural-dominated
2358,690,0,0,25.225332,108.407467,1,Natural vegetation,1,Natural vegetation,0,0,0,0,1,0,FALSE,Natural-dominated
2359,4194,0,0,23.421211,110.539833,3,Urban,2,Cropland,0,1,0,0,0,1,TRUE,Ag-dominated
2360,4086,0,0,24.902747,110.517916,1,Natural vegetation,1,Natural vegetation,0,0.25,0,0,0.75,0.25,FALSE,Natural-dominated
2361,4500,0,0,23.987209,106.6086,5,Other,2,Cropland,0,0.5,0.5,0,0,0.5,TRUE,Ag-dominated
2362,4548,0,0,23.787609,106.821007,3,Urban,1,Natural vegetation,0,0.5,0,0,0.5,0.5,TRUE,Ag-dominated
2365,4656,0,0,23.51852,108.129669,3,Urban,1,Natural vegetation,0,0.25,0,0,0.75,0.25,FALSE,Natural-dominated
2366,1086,0,0,23.466327,110.1675757,3,Urban,2,Cropland,0,1,0,0,0,1,TRUE,Ag-dominated
2367,3906,0,0,25.304837,110.177191,2,Cropland,1,Natural vegetation,0.25,0.25,0,0,0.5,0.5,TRUE,Natural-dominated
2368,372,0,0,21.5379255,107.961648,3,Urban,2,Cropland,0.5,0.5,0,0,0,1,TRUE,Urban-dominated
2369,684,0,0,22.866259,109.287212,2,Cropland,2,Cropland,0,1,0,0,0,1,TRUE,Ag-dominated
2370,4512,0,0,24.965173,107.548562,1,Natural vegetation,1,Natural vegetation,0,0,0,0,1,0,FALSE,Natural-dominated
2371,4020,0,0,25.414973,109.543408,1,Natural vegetation,1,Natural vegetation,0,0,0,0,1,0,FALSE,Natural-dominated
2373,792,0,0,46.144595,90.988352,5,Other,5,Other,0,0,1,0,0,0,FALSE,Mixed
2375,3324,0,0,43.797645,87.609015,3,Urban,3,Urban,1,0,0,0,0,1,TRUE,Urban-dominated
2381,984,0,0,31.8864297,118.5239199,3,Urban,2,Cropland,0,0.5,0.25,0.25,0,0.5,TRUE,Ag-dominated
2388985,51840,0,0,34.3986111,-84.0566667,1,Natural vegetation,1,Natural vegetation,0,0,0,0,1,0,FALSE,Natural-dominated
2397,1172,0,0,33.9821408,117.8784662,3,Urban,2,Cropland,0,1,0,0,0,1,TRUE,Ag-dominated
2397530,133080,0,0,34.20194444,-85.45325,1,Natural vegetation,1,Natural vegetation,0,0,0,0,1,0,FALSE,Natural-dominated
2398,1086,0,0,33.647568,119.447306,3,Urban,2,Cropland,0,1,0,0,0,1,TRUE,Ag-dominated
2404,762,0,0,31.3994789,120.2294781,5,Other,5,Other,0,0,1,0,0,0,FALSE,Mixed
2410,954,0,0,33.4756166,118.099662,2,Cropland,2,Cropland,0,1,0,0,0,1,TRUE,Ag-dominated
2413,4242,0,0,33.028792,118.500556,3,Urban,5,Other,0,0,1,0,0,0,FALSE,Mixed
2413205,24192,0,0,33.5008333,-85.2525,1,Natural vegetation,1,Natural vegetation,0,0,0,0,1,0,FALSE,Natural-dominated
2413210,24360,0,0,33.49269444,-85.2793056,1,Natural vegetation,1,Natural vegetation,0,0,0,0,1,0,FALSE,Natural-dominated
2413215,24288,0,0,33.61277778,-85.2844444,1,Natural vegetation,1,Natural vegetation,0,0,0,0,1,0,FALSE,Natural-dominated
2419,798,0,0,31.1316451,120.2181405,5,Other,5,Other,0,0,0.75,0,0.25,0,FALSE,Mixed
2423,312,0,0,34.7645984,118.7054204,5,Other,2,Cropland,0,1,0,0,0,1,TRUE,Ag-dominated
2423130,1464,0,0,33.62232504,-86.599431,3,Urban,1,Natural vegetation,0,0,0,0,1,0,FALSE,Natural-dominated
2423160,39456,0,0,33.60371416,-86.5491517,1,Natural vegetation,1,Natural vegetation,0,0,0,0,1,0,FALSE,Natural-dominated
2423380,3024,0,0,33.4817724,-86.7127653,1,Natural vegetation,1,Natural vegetation,0.5,0,0,0,0.5,0.5,TRUE,Urban-dominated
2423555,1992,0,0,33.28455786,-86.8824901,1,Natural vegetation,1,Natural vegetation,0,0,0,0,1,0,FALSE,Natural-dominated
2423647,2184,0,0,33.09817509,-87.054716,1,Natural vegetation,1,Natural vegetation,0,0,0,0,1,0,FALSE,Natural-dominated
2425,180,0,0,31.318337,119.936482,5,Other,5,Other,0.333333333,0,0.666666667,0,0,0.333333333,TRUE,Mixed
2428,564,0,0,34.072752,118.296812,2,Cropland,2,Cropland,0,1,0,0,0,1,TRUE,Ag-dominated
2429,4800,0,0,34.00457,118.417778,2,Cropland,2,Cropland,0.25,0.75,0,0,0,1,TRUE,Ag-dominated
2432,3168,0,0,29.258872,117.856331,3,Urban,3,Urban,1,0,0,0,0,1,TRUE,Urban-dominated
2433,12,0,0,28.9010223,116.4236311,5,Other,5,Other,0,0,1,0,0,0,FALSE,Mixed
2434,1098,0,0,29.2504565,116.1868837,5,Other,5,Other,0,0,1,0,0,0,FALSE,Mixed
2436,4080,0,0,28.502825,116.09994,5,Other,5,Other,0,0,1,0,0,0,FALSE,Mixed
2437,4644,0,0,28.675696,115.909228,3,Urban,3,Urban,1,0,0,0,0,1,TRUE,Urban-dominated
2438,4260,0,0,29.7294296,115.9811165,3,Urban,3,Urban,0.5,0,0.5,0,0,0.5,TRUE,Urban-dominated
2439,4248,0,0,28.378044,117.449588,3,Urban,2,Cropland,0.25,0.5,0,0,0.25,0.75,TRUE,Ag-dominated
2441,4104,0,0,29.738731,116.257957,3,Urban,3,Urban,1,0,0,0,0,1,TRUE,Urban-dominated
2442,2166,0,0,28.571832,115.790844,3,Urban,2,Cropland,0.333333333,0.333333333,0.333333333,0,0,0.666666667,TRUE,Mixed
2444,3540,0,0,25.704528,114.545317,1,Natural vegetation,1,Natural vegetation,0,0,0,0,1,0,FALSE,Natural-dominated
2447,4506,0,0,29.061247,116.611057,2,Cropland,2,Cropland,0,0.5,0.5,0,0,0.5,TRUE,Ag-dominated
2448,3906,0,0,29.676932,117.448049,1,Natural vegetation,1,Natural vegetation,0,0,0,0,1,0,FALSE,Natural-dominated
2449,4332,0,0,29.20291,117.1077,3,Urban,1,Natural vegetation,0,0.25,0,0,0.75,0.25,FALSE,Natural-dominated
2451,672,0,0,38.325802,116.212332,2,Cropland,2,Cropland,0,1,0,0,0,1,TRUE,Ag-dominated
2452,4626,0,0,37.972436,113.913956,3,Urban,3,Urban,1,0,0,0,0,1,TRUE,Urban-dominated
2455,996,0,0,38.3201557,113.9937027,5,Other,3,Urban,1,0,0,0,0,1,TRUE,Urban-dominated
2457,504,0,0,32.6736289,111.7090816,3,Urban,2,Cropland,0,1,0,0,0,1,TRUE,Ag-dominated
2460,1116,0,0,32.11683,114.05857,3,Urban,3,Urban,1,0,0,0,0,1,TRUE,Urban-dominated
2465,4134,0,0,28.575709,119.34579,1,Natural vegetation,1,Natural vegetation,0,0,0,0,1,0,FALSE,Natural-dominated
2466,4632,0,0,28.824718,121.435589,1,Natural vegetation,1,Natural vegetation,0,0,0.25,0,0.75,0,FALSE,Natural-dominated
2467,4314,0,0,30.267446,120.152791,3,Urban,3,Urban,1,0,0,0,0,1,TRUE,Urban-dominated
2469100,2304,0,0,32.2376437,-88.0083498,4,Wetland,1,Natural vegetation,0,0,0,0,1,0,FALSE,Natural-dominated
2469525,23616,0,0,32.13014697,-88.0411267,1,Natural vegetation,1,Natural vegetation,0,0,0.5,0,0.5,0,FALSE,Natural-dominated
2477,4764,0,0,30.640482,119.602837,3,Urban,2,Cropland,0.25,0.5,0,0,0.25,0.75,TRUE,Ag-dominated
2488,660,0,0,29.767201,121.395288,3,Urban,2,Cropland,0,1,0,0,0,1,TRUE,Ag-dominated
2493,3882,0,0,30.267446,120.152791,3,Urban,3,Urban,1,0,0,0,0,1,TRUE,Urban-dominated
2494,1224,0,0,29.23126,121.827794,2,Cropland,2,Cropland,0.25,0.75,0,0,0,1,TRUE,Ag-dominated
2495,1956,0,0,30.370015,119.538923,1,Natural vegetation,1,Natural vegetation,0,0,0,0,1,0,FALSE,Natural-dominated
2505,4212,0,0,29.6821828,118.7920482,1,Natural vegetation,5,Other,0,0,1,0,0,0,FALSE,Mixed
2508,804,0,0,29.127464,118.918888,5,Other,1,Natural vegetation,0,0,0,0,1,0,FALSE,Natural-dominated
2512,4224,0,0,28.324525,119.936074,1,Natural vegetation,1,Natural vegetation,0,0,0,0,1,0,FALSE,Natural-dominated
2514,4296,0,0,19.329235,108.685071,1,Natural vegetation,2,Cropland,0,1,0,0,0,1,TRUE,Ag-dominated
2515,1506,0,0,18.436393,109.242338,1,Natural vegetation,1,Natural vegetation,0,0.333333333,0,0,0.666666667,0.333333333,TRUE,Natural-dominated
2516,1494,0,0,18.985702,109.005486,5,Other,5,Other,0,0,0.75,0,0.25,0,FALSE,Mixed
2517,570,0,0,19.970869,110.397589,3,Urban,3,Urban,1,0,0,0,0,1,TRUE,Urban-dominated
2528,3774,0,0,29.203638,109.225576,1,Natural vegetation,1,Natural vegetation,0,0,0,0,1,0,FALSE,Natural-dominated
2530,4710,0,0,29.740766,109.085235,1,Natural vegetation,1,Natural vegetation,0,0,0,0,1,0,FALSE,Natural-dominated
2532,354,0,0,29.146783,113.11895,3,Urban,3,Urban,1,0,0,0,0,1,TRUE,Urban-dominated
2534,3600,0,0,34.532635,106.250042,2,Cropland,1,Natural vegetation,0,0.5,0,0,0.5,0.5,TRUE,Ag-dominated
2535,3822,0,0,24.888209,118.607392,3,Urban,3,Urban,1,0,0,0,0,1,TRUE,Urban-dominated
2537,2070,0,0,24.8213,118.58747,3,Urban,3,Urban,1,0,0,0,0,1,TRUE,Urban-dominated
2538,4272,0,0,27.336408,118.713059,1,Natural vegetation,1,Natural vegetation,0,0,0,0,1,0,FALSE,Natural-dominated
2539,4458,0,0,26.7954,117.9049,5,Other,1,Natural vegetation,0,0,0,0,1,0,FALSE,Natural-dominated
2540,3924,0,0,26.986877,119.624264,1,Natural vegetation,1,Natural vegetation,0,0,0,0,1,0,FALSE,Natural-dominated
2541,4506,0,0,26.96766,119.679468,3,Urban,1,Natural vegetation,0.25,0,0.25,0,0.5,0.25,FALSE,Natural-dominated
2543,3540,0,0,27.2974,117.5617,1,Natural vegetation,1,Natural vegetation,0,0,0,0,1,0,FALSE,Natural-dominated
2544,2058,0,0,25.085454,118.534895,2,Cropland,2,Cropland,0,1,0,0,0,1,TRUE,Ag-dominated
2545,3030,0,0,29.438186,90.954869,1,Natural vegetation,1,Natural vegetation,0,0,0.25,0,0.75,0,FALSE,Natural-dominated
2546,3576,0,0,24.930468,105.034115,5,Other,1,Natural vegetation,0,0,0,0,1,0,FALSE,Natural-dominated
2547,192,0,0,26.8793,107.450544,3,Urban,2,Cropland,0,0.75,0,0,0.25,0.75,TRUE,Ag-dominated
2548,3594,0,0,25.74035,108.90642,1,Natural vegetation,1,Natural vegetation,0,0,0,0,1,0,FALSE,Natural-dominated
2549,3744,0,0,26.627461,106.675106,3,Urban,1,Natural vegetation,0,0,0,0,1,0,FALSE,Natural-dominated
2550,3750,0,0,27.504242,108.684432,1,Natural vegetation,1,Natural vegetation,0,0,0,0,1,0,FALSE,Natural-dominated
2551,3318,0,0,24.978988,104.75777,1,Natural vegetation,1,Natural vegetation,0,0.25,0,0,0.75,0.25,FALSE,Natural-dominated
2552,3642,0,0,27.66309,105.55528,2,Cropland,2,Cropland,0,1,0,0,0,1,TRUE,Ag-dominated
2553,3846,0,0,27.458087,106.232531,2,Cropland,1,Natural vegetation,0,0,0,0,1,0,FALSE,Natural-dominated
2557,1386,0,0,41.81237,123.581661,3,Urban,3,Urban,0.75,0,0.25,0,0,0.75,TRUE,Urban-dominated
2558,1002,0,0,40.1170344,124.3886435,3,Urban,3,Urban,1,0,0,0,0,1,TRUE,Urban-dominated
2562,1626,0,0,40.611139,120.702485,3,Urban,3,Urban,0.75,0.25,0,0,0,1,TRUE,Urban-dominated
2563,360,0,0,40.894132,121.842831,3,Urban,5,Other,0,0.25,0.5,0.25,0,0.25,FALSE,Mixed
2565,4146,0,0,41.940288,123.71503,2,Cropland,2,Cropland,0,1,0,0,0,1,TRUE,Ag-dominated
2568,900,0,0,41.8888159,124.0940416,5,Other,1,Natural vegetation,0.5,0,0,0,0.5,0.5,TRUE,Urban-dominated
2569,4416,0,0,42.431383,123.890069,3,Urban,2,Cropland,0,1,0,0,0,1,TRUE,Ag-dominated
2574,3030,0,0,41.370208,123.90975,1,Natural vegetation,1,Natural vegetation,0.5,0,0,0,0.5,0.5,TRUE,Urban-dominated
2578,4008,0,0,41.124616,121.388707,2,Cropland,2,Cropland,0,1,0,0,0,1,TRUE,Ag-dominated
2579,4026,0,0,30.933451,107.950317,1,Natural vegetation,1,Natural vegetation,0,0.5,0,0,0.5,0.5,TRUE,Ag-dominated
2581,2832,0,0,47.6425983,132.4690226,5,Other,3,Urban,1,0,0,0,0,1,TRUE,Urban-dominated
2582,2976,0,0,47.684003,131.062156,5,Other,3,Urban,1,0,0,0,0,1,TRUE,Urban-dominated
2585,1644,0,0,45.979708,133.676903,4,Wetland,4,Wetland,0,0,0,0.75,0.25,0,FALSE,Mixed
2594,3396,0,0,25.72075,98.561684,1,Natural vegetation,1,Natural vegetation,0,0,0,0,1,0,FALSE,Natural-dominated
2597,2544,0,0,21.675541,101.13535,1,Natural vegetation,1,Natural vegetation,0,0,0,0,1,0,FALSE,Natural-dominated
2598,3936,0,0,21.91636,101.247382,1,Natural vegetation,1,Natural vegetation,0,0,0,0,1,0,FALSE,Natural-dominated
2599,3174,0,0,23.980477,98.971934,1,Natural vegetation,1,Natural vegetation,0,0,0,0,1,0,FALSE,Natural-dominated
2600,3744,0,0,23.435832,105.258513,1,Natural vegetation,1,Natural vegetation,0,0,0,0,1,0,FALSE,Natural-dominated
2602,3462,0,0,25.09684,102.686743,3,Urban,3,Urban,1,0,0,0,0,1,TRUE,Urban-dominated
2603,3816,0,0,24.553494,100.489424,1,Natural vegetation,1,Natural vegetation,0,0,0,0,1,0,FALSE,Natural-dominated
2606,3696,0,0,23.603082,99.614273,1,Natural vegetation,1,Natural vegetation,0,0,0,0,1,0,FALSE,Natural-dominated
2610,3600,0,0,25.045806,102.710002,3,Urban,3,Urban,1,0,0,0,0,1,TRUE,Urban-dominated
2611,3468,0,0,23.589496,99.077975,3,Urban,3,Urban,1,0,0,0,0,1,TRUE,Urban-dominated
2612,3420,0,0,22.683623,103.058091,1,Natural vegetation,1,Natural vegetation,0,0,0,0,1,0,FALSE,Natural-dominated
2615,3468,0,0,23.532261,102.341173,1,Natural vegetation,1,Natural vegetation,0,0,0,0,1,0,FALSE,Natural-dominated
2619,3858,0,0,25.03425,101.54699,3,Urban,3,Urban,0.75,0,0,0,0.25,0.75,TRUE,Urban-dominated
2620,3828,0,0,22.49637,100.58072,5,Other,1,Natural vegetation,0,0,0,0,1,0,FALSE,Natural-dominated
2621,3960,0,0,21.69394,100.048093,3,Urban,3,Urban,1,0,0,0,0,1,TRUE,Urban-dominated
2622,4032,0,0,24.572973,102.964021,1,Natural vegetation,1,Natural vegetation,0,0,0.333333333,0,0.666666667,0,FALSE,Natural-dominated
2623,3114,0,0,26.865534,98.871293,1,Natural vegetation,1,Natural vegetation,0,0,0,0,1,0,FALSE,Natural-dominated
2625,3906,0,0,26.493989,99.1566,1,Natural vegetation,1,Natural vegetation,0,0,0,0,1,0,FALSE,Natural-dominated
2627,6,0,0,24.8974354,102.7598514,5,Other,3,Urban,0.5,0.25,0.25,0,0,0.75,TRUE,Urban-dominated
2628,3906,0,0,25.648198,102.646816,1,Natural vegetation,1,Natural vegetation,0,0,0,0,1,0,FALSE,Natural-dominated
2629,3696,0,0,25.045806,102.710002,3,Urban,3,Urban,1,0,0,0,0,1,TRUE,Urban-dominated
2631,3942,0,0,27.330165,103.460126,2,Cropland,2,Cropland,0,1,0,0,0,1,TRUE,Ag-dominated
2633,2634,0,0,27.731131,103.897452,2,Cropland,1,Natural vegetation,0,0,0,0,1,0,FALSE,Natural-dominated
2635,3954,0,0,25.858054,101.532609,1,Natural vegetation,1,Natural vegetation,0,0,0,0,1,0,FALSE,Natural-dominated
2637,3798,0,0,27.662574,100.781291,1,Natural vegetation,5,Other,0,0,1,0,0,0,FALSE,Mixed
2638,3984,0,0,24.997978,102.682596,3,Urban,3,Urban,1,0,0,0,0,1,TRUE,Urban-dominated
2639,3480,0,0,24.426243,99.31376,1,Natural vegetation,1,Natural vegetation,0,0,0,0,1,0,FALSE,Natural-dominated
2640,4056,0,0,24.656413,102.641488,1,Natural vegetation,1,Natural vegetation,0,0,0,0,1,0,FALSE,Natural-dominated
2641,3600,0,0,25.045806,102.710002,3,Urban,3,Urban,1,0,0,0,0,1,TRUE,Urban-dominated
2644,3918,0,0,24.219417,103.10624,3,Urban,1,Natural vegetation,0,0.25,0,0,0.75,0.25,FALSE,Natural-dominated
2654,3492,0,0,24.648205,100.228662,1,Natural vegetation,1,Natural vegetation,0,0,0,0,1,0,FALSE,Natural-dominated
2656,4026,0,0,24.985816,102.470948,1,Natural vegetation,1,Natural vegetation,0.25,0,0,0,0.75,0.25,FALSE,Natural-dominated
2657,4002,0,0,22.42942,101.412186,1,Natural vegetation,1,Natural vegetation,0,0,0,0,1,0,FALSE,Natural-dominated
2659,3762,0,0,25.588742,100.21412,3,Urban,1,Natural vegetation,0,0,0,0,1,0,FALSE,Natural-dominated
2662,3438,0,0,24.977869,102.6957,3,Urban,3,Urban,1,0,0,0,0,1,TRUE,Urban-dominated
2663,3942,0,0,27.3077,100.250903,1,Natural vegetation,1,Natural vegetation,0,0.5,0,0,0.5,0.5,TRUE,Ag-dominated
2664,4086,0,0,24.912227,103.00313,5,Other,1,Natural vegetation,0.25,0,0,0,0.75,0.25,FALSE,Natural-dominated
2666,3858,0,0,24.573611,99.942277,3,Urban,1,Natural vegetation,0,0,0,0,1,0,FALSE,Natural-dominated
2667,3462,0,0,26.022763,103.862648,1,Natural vegetation,1,Natural vegetation,0,0,0,0,1,0,FALSE,Natural-dominated
2668,3480,0,0,25.385831,102.202822,1,Natural vegetation,1,Natural vegetation,0,0,0,0,1,0,FALSE,Natural-dominated
2671,2622,0,0,40.299739,107.041572,2,Cropland,1,Natural vegetation,0,0.25,0.25,0,0.5,0.25,FALSE,Natural-dominated
2672,3552,0,0,40.953413,112.436578,1,Natural vegetation,1,Natural vegetation,0,0,0,0,1,0,FALSE,Natural-dominated
2674,378,0,0,40.545734,110.022067,5,Other,3,Urban,1,0,0,0,0,1,TRUE,Urban-dominated
2675,420,0,0,42.632207,117.396207,1,Natural vegetation,1,Natural vegetation,0,0,0,0,1,0,FALSE,Natural-dominated
2676,3966,0,0,40.875904,110.464922,1,Natural vegetation,1,Natural vegetation,0,0,0,0,1,0,FALSE,Natural-dominated
2677,174,0,0,40.869045,111.695348,3,Urban,3,Urban,1,0,0,0,0,1,TRUE,Urban-dominated
2678,4260,0,0,50.14466,124.283193,2,Cropland,1,Natural vegetation,0,0,0,0,1,0,FALSE,Natural-dominated
2679,2472,0,0,38.288916,104.435185,1,Natural vegetation,1,Natural vegetation,0,0,0,0,1,0,FALSE,Natural-dominated
2680,3702,0,0,40.893181,108.334851,2,Cropland,2,Cropland,0,1,0,0,0,1,TRUE,Ag-dominated
2682,3732,0,0,39.890237,116.187123,3,Urban,3,Urban,1,0,0,0,0,1,TRUE,Urban-dominated
2683,4422,0,0,40.319538,116.633775,3,Urban,3,Urban,1,0,0,0,0,1,TRUE,Urban-dominated
2684,5028,0,0,40.563889,116.803076,1,Natural vegetation,1,Natural vegetation,0,0,0,0,1,0,FALSE,Natural-dominated
2686,4914,0,0,40.517502,116.913914,5,Other,5,Other,0,0,0.75,0,0.25,0,FALSE,Mixed
2700,4758,0,0,42.838181,130.308639,2,Cropland,2,Cropland,0,1,0,0,0,1,TRUE,Ag-dominated
2703,4758,0,0,43.77763,126.618421,3,Urban,2,Cropland,0.5,0.5,0,0,0,1,TRUE,Urban-dominated
2706,4764,0,0,44.046496,126.474419,3,Urban,2,Cropland,0,1,0,0,0,1,TRUE,Ag-dominated
2708,3828,0,0,43.624848,124.689359,2,Cropland,2,Cropland,0,1,0,0,0,1,TRUE,Ag-dominated
2710,4422,0,0,44.885737,124.850294,2,Cropland,2,Cropland,0,1,0,0,0,1,TRUE,Ag-dominated
2711,4860,0,0,42.05251,126.687582,1,Natural vegetation,1,Natural vegetation,0,0,0,0,1,0,FALSE,Natural-dominated
2712,4446,0,0,45.186471,124.792848,3,Urban,3,Urban,1,0,0,0,0,1,TRUE,Urban-dominated
2715,1830,0,0,42.891255,129.508946,3,Urban,3,Urban,1,0,0,0,0,1,TRUE,Urban-dominated
2718,708,0,0,45.211133,124.425027,1,Natural vegetation,5,Other,0,0,0.75,0,0.25,0,FALSE,Mixed
2719,4704,0,0,43.70963,128.659731,2,Cropland,1,Natural vegetation,0,0.25,0,0.25,0.5,0.25,FALSE,Natural-dominated
2720,4506,0,0,45.33234,124.435076,2,Cropland,2,Cropland,0,1,0,0,0,1,TRUE,Ag-dominated
2721,1968,0,0,43.477863,126.909932,5,Other,5,Other,0,0,1,0,0,0,FALSE,Mixed
2725,4614,0,0,44.381638,126.52318,3,Urban,2,Cropland,0,1,0,0,0,1,TRUE,Ag-dominated
2729,4158,0,0,40.904959,125.986323,1,Natural vegetation,1,Natural vegetation,0,0,0.25,0,0.75,0,FALSE,Natural-dominated
2730,3186,0,0,41.782451,126.939949,2,Cropland,1,Natural vegetation,0,0.25,0,0,0.75,0.25,FALSE,Natural-dominated
2731,4356,0,0,42.764315,126.309242,2,Cropland,2,Cropland,0,1,0,0,0,1,TRUE,Ag-dominated
2732,4290,0,0,43.559974,128.493479,2,Cropland,2,Cropland,0,1,0,0,0,1,TRUE,Ag-dominated
2733,4656,0,0,44.846837,125.299937,2,Cropland,2,Cropland,0,1,0,0,0,1,TRUE,Ag-dominated
2735,2646,0,0,43.889729,125.302278,3,Urban,3,Urban,1,0,0,0,0,1,TRUE,Urban-dominated
2737,3960,0,0,29.351175,105.414315,1,Natural vegetation,2,Cropland,0,1,0,0,0,1,TRUE,Ag-dominated
2739,3822,0,0,29.248483,102.824629,5,Other,1,Natural vegetation,0,0,0,0,1,0,FALSE,Natural-dominated
2740,4842,0,0,30.915699,104.14104,2,Cropland,3,Urban,1,0,0,0,0,1,TRUE,Urban-dominated
2746,3978,0,0,31.351132,104.829939,5,Other,2,Cropland,0.5,0.5,0,0,0,1,TRUE,Urban-dominated
2748,4008,0,0,26.598324,101.784912,1,Natural vegetation,1,Natural vegetation,0.25,0,0,0,0.75,0.25,FALSE,Natural-dominated
2749,3912,0,0,32.058476,107.989972,1,Natural vegetation,1,Natural vegetation,0,0,0,0,1,0,FALSE,Natural-dominated
2751,4068,0,0,31.865155,104.526629,1,Natural vegetation,1,Natural vegetation,0,0,0,0,1,0,FALSE,Natural-dominated
2752,3972,0,0,31.535969,105.649402,5,Other,1,Natural vegetation,0,0,0,0,1,0,FALSE,Natural-dominated
2754,4590,0,0,30.711993,105.827923,2,Cropland,2,Cropland,0,1,0,0,0,1,TRUE,Ag-dominated
2755,3888,0,0,30.775219,106.825234,2,Cropland,2,Cropland,0,1,0,0,0,1,TRUE,Ag-dominated
2758,3438,0,0,30.107342,102.76319,1,Natural vegetation,1,Natural vegetation,0,0.5,0,0,0.5,0.5,TRUE,Ag-dominated
2759,4716,0,0,28.404328,103.57403,1,Natural vegetation,1,Natural vegetation,0,0,0,0,1,0,FALSE,Natural-dominated
2762,4020,0,0,30.651651,104.075931,3,Urban,3,Urban,1,0,0,0,0,1,TRUE,Urban-dominated
2763,4920,0,0,30.602938,104.537094,2,Cropland,2,Cropland,0,1,0,0,0,1,TRUE,Ag-dominated
2764,6,0,0,28.7791268,104.6214833,3,Urban,3,Urban,0.5,0.25,0.25,0,0,0.75,TRUE,Urban-dominated
2765,3954,0,0,32.200873,105.298706,1,Natural vegetation,1,Natural vegetation,0,0,0,0,1,0,FALSE,Natural-dominated
2767,1764,0,0,29.5168886,103.7652049,5,Other,1,Natural vegetation,0,0,0,0,1,0,FALSE,Natural-dominated
2769,978,0,0,30.811037,104.464624,1,Natural vegetation,2,Cropland,0.25,0.5,0,0,0.25,0.75,TRUE,Ag-dominated
2771,3720,0,0,31.236052,107.21441,2,Cropland,2,Cropland,0,1,0,0,0,1,TRUE,Ag-dominated
2773,4716,0,0,28.895583,105.549859,5,Other,3,Urban,0.5,0,0.25,0,0.25,0.5,TRUE,Urban-dominated
2774,3930,0,0,30.088293,104.671059,3,Urban,2,Cropland,0.5,0.5,0,0,0,1,TRUE,Urban-dominated
2775,4110,0,0,28.778317,104.676341,3,Urban,1,Natural vegetation,0.25,0.25,0,0,0.5,0.5,TRUE,Natural-dominated
2776,1320,0,0,31.624272,106.022192,1,Natural vegetation,5,Other,0,0.25,0.5,0,0.25,0.25,FALSE,Mixed
2777,3654,0,0,27.084924,102.201781,1,Natural vegetation,1,Natural vegetation,0,0,0,0,1,0,FALSE,Natural-dominated
2778,3846,0,0,29.040938,104.164944,5,Other,5,Other,0,0,1,0,0,0,FALSE,Mixed
2779,3828,0,0,29.796617,103.489224,3,Urban,1,Natural vegetation,0,0,0,0,1,0,FALSE,Natural-dominated
2781,3816,0,0,29.556038,103.755595,5,Other,5,Other,0,0,1,0,0,0,FALSE,Mixed
2782,3732,0,0,27.063134,101.908514,1,Natural vegetation,1,Natural vegetation,0,0,0,0,1,0,FALSE,Natural-dominated
2784,3372,0,0,29.903359,99.056393,1,Natural vegetation,1,Natural vegetation,0,0,0,0,1,0,FALSE,Natural-dominated
2785,5155,0,0,28.8911868,105.435826,3,Urban,3,Urban,1,0,0,0,0,1,TRUE,Urban-dominated
2787,3915,0,0,28.018072,104.891459,1,Natural vegetation,1,Natural vegetation,0,0,0,0,1,0,FALSE,Natural-dominated
2788,2304,0,0,32.246338,99.294566,1,Natural vegetation,1,Natural vegetation,0,0,0,0,1,0,FALSE,Natural-dominated
2790,3318,0,0,30.217462,103.885342,3,Urban,3,Urban,0.5,0.25,0.25,0,0,0.75,TRUE,Urban-dominated
2792,3798,0,0,30.469907,106.092085,1,Natural vegetation,2,Cropland,0,1,0,0,0,1,TRUE,Ag-dominated
2796,4020,0,0,31.667347,106.886959,1,Natural vegetation,1,Natural vegetation,0,0,0,0,1,0,FALSE,Natural-dominated
2797,900,0,0,30.625746,103.661498,3,Urban,3,Urban,1,0,0,0,0,1,TRUE,Urban-dominated
2798,3372,0,0,30.64638,103.874375,3,Urban,3,Urban,0.75,0.25,0,0,0,1,TRUE,Urban-dominated
2800,4764,0,0,28.74236,105.229785,5,Other,5,Other,0,0,1,0,0,0,FALSE,Mixed
2802,4590,0,0,29.434889,105.030264,2,Cropland,2,Cropland,0,1,0,0,0,1,TRUE,Ag-dominated
2804,4014,0,0,32.427518,105.857165,3,Urban,3,Urban,1,0,0,0,0,1,TRUE,Urban-dominated
2809,3888,0,0,31.450809,105.009724,2,Cropland,2,Cropland,0,1,0,0,0,1,TRUE,Ag-dominated
2810,4662,0,0,31.025919,103.593384,1,Natural vegetation,1,Natural vegetation,0.25,0,0,0,0.75,0.25,FALSE,Natural-dominated
2811,2736,0,0,32.1837,105.33388,1,Natural vegetation,1,Natural vegetation,0,0,0,0,1,0,FALSE,Natural-dominated
2812,3864,0,0,29.989115,102.957199,3,Urban,1,Natural vegetation,0,0.25,0,0,0.75,0.25,FALSE,Natural-dominated
2813,3282,0,0,27.611511,102.191008,2,Cropland,1,Natural vegetation,0,0.5,0,0,0.5,0.5,TRUE,Ag-dominated
2814,3834,0,0,32.169199,104.371118,1,Natural vegetation,1,Natural vegetation,0,0,0,0,1,0,FALSE,Natural-dominated
2815,3828,0,0,29.15477,103.958521,3,Urban,2,Cropland,0.5,0.5,0,0,0,1,TRUE,Urban-dominated
2816,3780,0,0,30.923649,105.024622,5,Other,2,Cropland,0,1,0,0,0,1,TRUE,Ag-dominated
2818,4301,0,0,29.926985,103.153212,1,Natural vegetation,1,Natural vegetation,0,0,0.25,0,0.75,0,FALSE,Natural-dominated
2829,5016,0,0,39.148061,117.145238,3,Urban,3,Urban,1,0,0,0,0,1,TRUE,Urban-dominated
2839,4080,0,0,38.522958,106.235269,3,Urban,3,Urban,0.5,0,0.25,0,0.25,0.5,TRUE,Urban-dominated
2841,4043,0,0,38.471317,106.258754,3,Urban,3,Urban,1,0,0,0,0,1,TRUE,Urban-dominated
2842,4092,0,0,37.492035,105.807845,2,Cropland,1,Natural vegetation,0,0.5,0,0,0.5,0.5,TRUE,Ag-dominated
2846,3858,0,0,37.536064,105.09761,1,Natural vegetation,1,Natural vegetation,0.25,0.25,0,0,0.5,0.5,TRUE,Natural-dominated
2847,2484,0,0,38.147696,106.547491,1,Natural vegetation,1,Natural vegetation,0,0,0,0,1,0,FALSE,Natural-dominated
2848,3912,0,0,31.48546,115.620216,1,Natural vegetation,1,Natural vegetation,0,0,0,0,1,0,FALSE,Natural-dominated
2849,3918,0,0,31.969757,117.417593,2,Cropland,2,Cropland,0,1,0,0,0,1,TRUE,Ag-dominated
2854,3768,0,0,32.943468,117.395278,3,Urban,3,Urban,0.75,0.25,0,0,0,1,TRUE,Urban-dominated
2858,768,0,0,32.130695,116.383512,2,Cropland,2,Cropland,0,1,0,0,0,1,TRUE,Ag-dominated
2860,3858,0,0,30.774607,117.684788,2,Cropland,2,Cropland,0,0.5,0.5,0,0,0.5,TRUE,Ag-dominated
2863,4002,0,0,31.262833,117.26247,3,Urban,2,Cropland,0.25,0.75,0,0,0,1,TRUE,Ag-dominated
2871,3798,0,0,30.42124,116.871085,4,Wetland,2,Cropland,0,0.75,0.25,0,0,0.75,TRUE,Ag-dominated
2874,4038,0,0,31.572105,116.065087,5,Other,5,Other,0,0,1,0,0,0,FALSE,Mixed
2879,6,0,0,31.861184,117.284922,3,Urban,3,Urban,1,0,0,0,0,1,TRUE,Urban-dominated
2881,4752,0,0,30.692212,118.387766,1,Natural vegetation,3,Urban,1,0,0,0,0,1,TRUE,Urban-dominated
2887,3966,0,0,30.259622,117.064422,2,Cropland,2,Cropland,0,1,0,0,0,1,TRUE,Ag-dominated
2892,4038,0,0,29.862438,118.618899,5,Other,1,Natural vegetation,0,0,0,0,1,0,FALSE,Natural-dominated
2898,3846,0,0,29.717799,118.297603,3,Urban,1,Natural vegetation,0,0,0,0,1,0,FALSE,Natural-dominated
2923,4632,0,0,31.157496,118.743402,1,Natural vegetation,1,Natural vegetation,0,0,0,0,1,0,FALSE,Natural-dominated
2927,3960,0,0,30.458399,116.300251,3,Urban,3,Urban,1,0,0,0,0,1,TRUE,Urban-dominated
2931,4758,0,0,31.43253,118.311762,5,Other,3,Urban,0.75,0,0.25,0,0,0.75,TRUE,Urban-dominated
2935,3630,0,0,30.62842,116.613475,2,Cropland,2,Cropland,0,1,0,0,0,1,TRUE,Ag-dominated
2942,4938,0,0,32.717422,118.74337,2,Cropland,2,Cropland,0,1,0,0,0,1,TRUE,Ag-dominated
2945,1926,0,0,30.926719,118.321239,3,Urban,2,Cropland,0.25,0.75,0,0,0,1,TRUE,Ag-dominated
2950,4368,0,0,31.611101,117.806853,2,Cropland,2,Cropland,0,1,0,0,0,1,TRUE,Ag-dominated
2955,4434,0,0,35.665166,118.096923,5,Other,5,Other,0,0,1,0,0,0,FALSE,Mixed
2958,3450,0,0,36.863486,116.228742,3,Urban,2,Cropland,0.5,0.5,0,0,0,1,TRUE,Urban-dominated
2973,4440,0,0,39.29562,114.422665,1,Natural vegetation,1,Natural vegetation,0,0,0,0,1,0,FALSE,Natural-dominated
2978,5022,0,0,39.978412,113.808537,1,Natural vegetation,1,Natural vegetation,0,0,0,0,1,0,FALSE,Natural-dominated
2981,4740,0,0,37.509128,112.040886,1,Natural vegetation,1,Natural vegetation,0,0,0,0,1,0,FALSE,Natural-dominated
2983,4224,0,0,37.923195,112.751459,1,Natural vegetation,1,Natural vegetation,0,0,0,0,1,0,FALSE,Natural-dominated
2986,4758,0,0,36.571283,112.799677,5,Other,2,Cropland,0,0.75,0.25,0,0,0.75,TRUE,Ag-dominated
2987,4230,0,0,38.510679,113.281555,1,Natural vegetation,1,Natural vegetation,0,0,0,0,1,0,FALSE,Natural-dominated
2995,4752,0,0,35.931234,111.064937,2,Cropland,2,Cropland,0,1,0,0,0,1,TRUE,Ag-dominated
3000,3534,0,0,35.817267,112.892592,2,Cropland,2,Cropland,0.5,0.5,0,0,0,1,TRUE,Urban-dominated
3003,3714,0,0,37.191212,110.767014,1,Natural vegetation,1,Natural vegetation,0,0,0,0,1,0,FALSE,Natural-dominated
3006,3744,0,0,36.392544,111.119482,1,Natural vegetation,1,Natural vegetation,0,0,0,0,1,0,FALSE,Natural-dominated
3007800,63984,0,0,41.81867578,-78.29279129,1,Natural vegetation,1,Natural vegetation,0,0,0,0,1,0,FALSE,Natural-dominated
3010,3942,0,0,22.63393,114.426587,3,Urban,1,Natural vegetation,0,0,0.25,0,0.75,0,FALSE,Natural-dominated
3011,4734,0,0,23.658045,112.992758,2,Cropland,2,Cropland,0.25,0.5,0.25,0,0,0.75,TRUE,Ag-dominated
3012545,4152,0,0,41.8386722,-79.004925,1,Natural vegetation,1,Natural vegetation,0,0,0.25,0,0.75,0,FALSE,Natural-dominated
3012550,4368,0,0,41.84144917,-79.0119846,1,Natural vegetation,1,Natural vegetation,0,0,0.25,0,0.75,0,FALSE,Natural-dominated
3016,4026,0,0,21.615819,111.95378,2,Cropland,5,Other,0,0,1,0,0,0,FALSE,Mixed
3023,3540,0,0,23.455017,116.716879,3,Urban,3,Urban,1,0,0,0,0,1,TRUE,Urban-dominated
3026,4914,0,0,22.185259,113.320854,3,Urban,3,Urban,1,0,0,0,0,1,TRUE,Urban-dominated
3028,4824,0,0,22.354748,113.277283,1,Natural vegetation,1,Natural vegetation,0,0,0,0,1,0,FALSE,Natural-dominated
3030,1020,0,0,23.778596,114.629071,1,Natural vegetation,1,Natural vegetation,0,0,0,0,1,0,FALSE,Natural-dominated
3033,4500,0,0,21.518345,110.66572,3,Urban,2,Cropland,0,1,0,0,0,1,TRUE,Ag-dominated
3034000,66168,0,0,40.93923105,-79.00836738,1,Natural vegetation,1,Natural vegetation,0,0,0,0,1,0,FALSE,Natural-dominated
3036000,94680,0,0,40.9275653,-79.2911508,1,Natural vegetation,1,Natural vegetation,0,0.5,0,0,0.5,0.5,TRUE,Ag-dominated
3043,4350,0,0,22.917427,114.213266,1,Natural vegetation,1,Natural vegetation,0,0,0,0,1,0,FALSE,Natural-dominated
3046,4854,0,0,22.144068,110.986244,5,Other,1,Natural vegetation,0,0,0,0,1,0,FALSE,Natural-dominated
3049,3948,0,0,23.816207,116.541195,1,Natural vegetation,1,Natural vegetation,0,0,0,0,1,0,FALSE,Natural-dominated
3049640,60336,0,0,40.5361302,-79.81475899,5,Other,3,Urban,1,0,0,0,0,1,TRUE,Urban-dominated
3050,1944,0,0,21.29799,110.310359,3,Urban,3,Urban,0.75,0.25,0,0,0,1,TRUE,Urban-dominated
3052,4368,0,0,23.406813,113.459421,3,Urban,1,Natural vegetation,0,0,0,0,1,0,FALSE,Natural-dominated
3053,4668,0,0,22.081743,113.268814,5,Other,3,Urban,0.5,0,0.5,0,0,0.5,TRUE,Urban-dominated
3055,4362,0,0,22.902323,108.729323,1,Natural vegetation,1,Natural vegetation,0,0,0,0,1,0,FALSE,Natural-dominated
3056,4056,0,0,23.297972,109.233416,2,Cropland,2,Cropland,0,1,0,0,0,1,TRUE,Ag-dominated
3058,4994,0,0,21.859164,109.314957,1,Natural vegetation,1,Natural vegetation,0,0.333333333,0,0,0.666666667,0.333333333,TRUE,Natural-dominated
3058000,106560,0,0,39.00452778,-80.4733611,1,Natural vegetation,1,Natural vegetation,0,0,0,0,1,0,FALSE,Natural-dominated
3059,3396,0,0,23.716759,111.047065,5,Other,1,Natural vegetation,0,0,0,0,1,0,FALSE,Natural-dominated
3060,4914,0,0,23.760171,106.713662,2,Cropland,5,Other,0,0,1,0,0,0,FALSE,Mixed
3061,4788,0,0,23.527328,108.095434,2,Cropland,2,Cropland,0,1,0,0,0,1,TRUE,Ag-dominated
3061000,101232,0,0,39.42230818,-80.2759187,1,Natural vegetation,1,Natural vegetation,0,0,0,0,1,0,FALSE,Natural-dominated
3063,4026,0,0,24.412143,109.45227,1,Natural vegetation,1,Natural vegetation,0.25,0,0,0,0.75,0.25,FALSE,Natural-dominated
3065,12,0,0,24.841618,109.086756,2,Cropland,2,Cropland,0,1,0,0,0,1,TRUE,Ag-dominated
3066,3960,0,0,23.712343,107.344794,1,Natural vegetation,1,Natural vegetation,0,0,0,0,1,0,FALSE,Natural-dominated
3067510,124224,0,0,38.6170576,-79.8697849,1,Natural vegetation,1,Natural vegetation,0,0,0,0,1,0,FALSE,Natural-dominated
3068,1548,0,0,23.828315,111.789524,1,Natural vegetation,1,Natural vegetation,0,0.25,0,0,0.75,0.25,FALSE,Natural-dominated
3069,4032,0,0,21.755239,108.341088,3,Urban,1,Natural vegetation,0,0,0,0,1,0,FALSE,Natural-dominated
3070,3450,0,0,24.008638,111.73259,2,Cropland,1,Natural vegetation,0,0.5,0,0,0.5,0.5,TRUE,Ag-dominated
3071,4788,0,0,22.406804,107.157188,2,Cropland,1,Natural vegetation,0,0,0,0,1,0,FALSE,Natural-dominated
3072,3792,0,0,25.248311,110.356664,2,Cropland,1,Natural vegetation,0.25,0.25,0,0,0.5,0.5,TRUE,Natural-dominated
3072655,56184,0,0,39.8250275,-79.9228206,1,Natural vegetation,1,Natural vegetation,0,0,0,0,1,0,FALSE,Natural-dominated
3073,3978,0,0,23.878907,109.370345,2,Cropland,2,Cropland,0,1,0,0,0,1,TRUE,Ag-dominated
3073000,61752,0,0,39.92313056,-80.072558,1,Natural vegetation,1,Natural vegetation,0,0,0,0,1,0,FALSE,Natural-dominated
3074,4830,0,0,22.614994,107.620837,1,Natural vegetation,1,Natural vegetation,0,0.5,0,0,0.5,0.5,TRUE,Ag-dominated
3075,642,0,0,22.580836,110.81614,1,Natural vegetation,1,Natural vegetation,0.25,0,0,0,0.75,0.25,FALSE,Natural-dominated
3075070,66480,0,0,40.26224454,-79.9011517,3,Urban,1,Natural vegetation,0,0,0,0,1,0,FALSE,Natural-dominated
3076,4824,0,0,21.570177,107.945238,1,Natural vegetation,3,Urban,1,0,0,0,0,1,TRUE,Urban-dominated
3077,4776,0,0,23.677842,109.691139,2,Cropland,1,Natural vegetation,0,0,0.5,0,0.5,0,FALSE,Natural-dominated
3077100,56592,0,0,39.80138889,-79.3686111,1,Natural vegetation,1,Natural vegetation,0,0,0,0,1,0,FALSE,Natural-dominated
3079,4788,0,0,21.857575,108.464468,5,Other,1,Natural vegetation,0,0.25,0.25,0,0.5,0.25,FALSE,Natural-dominated
3081,3966,0,0,24.328632,111.661029,3,Urban,3,Urban,1,0,0,0,0,1,TRUE,Urban-dominated
3081000,53352,0,0,39.8275767,-79.3725353,1,Natural vegetation,1,Natural vegetation,0,0,0,0,1,0,FALSE,Natural-dominated
3083500,46368,0,0,40.2402222,-79.8066944,3,Urban,1,Natural vegetation,0,0,0,0,1,0,FALSE,Natural-dominated
3085,4620,0,0,24.7709036,110.497554,3,Urban,1,Natural vegetation,0,0,0,0,1,0,FALSE,Natural-dominated
3085000,37560,0,0,40.39113189,-79.8580943,3,Urban,3,Urban,1,0,0,0,0,1,TRUE,Urban-dominated
3086,4332,0,0,23.265396,106.626888,1,Natural vegetation,1,Natural vegetation,0,0,0,0,1,0,FALSE,Natural-dominated
3088,3876,0,0,24.441674,109.294024,2,Cropland,2,Cropland,0,0.5,0.5,0,0,0.5,TRUE,Ag-dominated
3089,4620,0,0,23.19284,109.147307,2,Cropland,1,Natural vegetation,0,0.5,0,0,0.5,0.5,TRUE,Ag-dominated
3094,3774,0,0,43.793026,87.627704,3,Urban,3,Urban,1,0,0,0,0,1,TRUE,Urban-dominated
3095,1434,0,0,47.281648,87.284673,5,Other,5,Other,0,0,1,0,0,0,FALSE,Mixed
3096,2016,0,0,41.974899,86.633666,3,Urban,2,Cropland,0,1,0,0,0,1,TRUE,Ag-dominated
3097,1872,0,0,41.747452,86.775271,2,Cropland,2,Cropland,0,0.5,0.5,0,0,0.5,TRUE,Ag-dominated
3098,1710,0,0,41.97979,86.632002,3,Urban,2,Cropland,0,1,0,0,0,1,TRUE,Ag-dominated
3098600,52416,0,0,41.10527778,-80.6655556,3,Urban,3,Urban,1,0,0,0,0,1,TRUE,Urban-dominated
3099,2052,0,0,42.051982,86.279858,2,Cropland,1,Natural vegetation,0,0.5,0,0,0.5,0.5,TRUE,Ag-dominated
3100,3444,0,0,43.769566,81.879815,1,Natural vegetation,2,Cropland,0.25,0.5,0,0,0.25,0.75,TRUE,Ag-dominated
3101,3450,0,0,47.358937,89.661082,1,Natural vegetation,1,Natural vegetation,0,0.333333333,0,0,0.666666667,0.333333333,TRUE,Natural-dominated
3102,1896,0,0,43.9216,81.302551,3,Urban,3,Urban,1,0,0,0,0,1,TRUE,Urban-dominated
3103,3576,0,0,43.925264,81.312678,3,Urban,3,Urban,1,0,0,0,0,1,TRUE,Urban-dominated
3104,762,0,0,42.926359,80.77015,1,Natural vegetation,1,Natural vegetation,0,0.5,0,0,0.5,0.5,TRUE,Ag-dominated
3105,3546,0,0,39.214262,75.565924,2,Cropland,2,Cropland,0,0.5,0.25,0,0.25,0.5,TRUE,Ag-dominated
3105500,67776,0,0,40.88867389,-80.3370083,3,Urban,1,Natural vegetation,0,0,0,0,1,0,FALSE,Natural-dominated
3106000,66744,0,0,40.8170092,-80.2422837,1,Natural vegetation,1,Natural vegetation,0,0,0,0,1,0,FALSE,Natural-dominated
3108,1698,0,0,37.882358,77.429946,3,Urban,2,Cropland,0,1,0,0,0,1,TRUE,Ag-dominated
3108500,16752,0,0,40.64724128,-80.3886663,1,Natural vegetation,3,Urban,1,0,0,0,0,1,TRUE,Urban-dominated
3109,2940,0,0,43.644475,87.548992,5,Other,5,Other,0,0.25,0.5,0,0.25,0.25,FALSE,Mixed
3110,2760,0,0,46.599598,87.935061,1,Natural vegetation,5,Other,0,0.25,0.5,0,0.25,0.25,FALSE,Mixed
3111,2268,0,0,43.496815,83.354533,2,Cropland,2,Cropland,0,1,0,0,0,1,TRUE,Ag-dominated
3112,3060,0,0,43.421744,82.48857,5,Other,1,Natural vegetation,0,0.25,0,0,0.75,0.25,FALSE,Natural-dominated
3113,3948,0,0,31.342268,120.640035,3,Urban,3,Urban,1,0,0,0,0,1,TRUE,Urban-dominated
3116,4602,0,0,32.3252145,119.6991839,3,Urban,3,Urban,1,0,0,0,0,1,TRUE,Urban-dominated
3127,4842,0,0,32.084891,119.184865,5,Other,2,Cropland,0,1,0,0,0,1,TRUE,Ag-dominated
3139,4710,0,0,31.782611,120.554152,3,Urban,3,Urban,1,0,0,0,0,1,TRUE,Urban-dominated
3141,4692,0,0,31.492944,120.993712,1,Natural vegetation,2,Cropland,0,1,0,0,0,1,TRUE,Ag-dominated
3142,4476,0,0,31.16419,120.641046,3,Urban,3,Urban,1,0,0,0,0,1,TRUE,Urban-dominated
3145483,9000,0,0,40.06888889,-82.5516667,2,Cropland,2,Cropland,0,1,0,0,0,1,TRUE,Ag-dominated
3161,792,0,0,33.518002,119.119448,3,Urban,3,Urban,1,0,0,0,0,1,TRUE,Urban-dominated
317154954,58008,0,0,37.3132222,-80.50888889,1,Natural vegetation,1,Natural vegetation,0,0,0,0,1,0,FALSE,Natural-dominated
317155123,58872,0,0,37.311,-80.5169444,1,Natural vegetation,1,Natural vegetation,0,0,0,0,1,0,FALSE,Natural-dominated
3171597,61176,0,0,37.34316667,-80.6195556,1,Natural vegetation,1,Natural vegetation,0,0,0,0,1,0,FALSE,Natural-dominated
317159760,60480,0,0,37.33955556,-80.6245556,1,Natural vegetation,1,Natural vegetation,0,0,0,0,1,0,FALSE,Natural-dominated
3179000,36912,0,0,37.54400779,-81.0103678,1,Natural vegetation,1,Natural vegetation,0,0,0,0,1,0,FALSE,Natural-dominated
3183500,97176,0,0,37.7242874,-80.641468,1,Natural vegetation,1,Natural vegetation,0,0,0,0,1,0,FALSE,Natural-dominated
3184,2592,0,0,31.800701,118.901999,2,Cropland,2,Cropland,0.25,0.75,0,0,0,1,TRUE,Ag-dominated
3185,4434,0,0,31.671141,120.474809,3,Urban,2,Cropland,0.25,0.75,0,0,0,1,TRUE,Ag-dominated
3185400,45456,0,0,37.95511285,-81.07648838,1,Natural vegetation,1,Natural vegetation,0,0,0,0,1,0,FALSE,Natural-dominated
3190,4009,0,0,34.072752,118.296812,2,Cropland,2,Cropland,0,1,0,0,0,1,TRUE,Ag-dominated
3191,2868,0,0,33.285402,118.872243,3,Urban,5,Other,0.25,0.25,0.5,0,0,0.5,TRUE,Mixed
3191982,32304,0,0,38.2267611,-81.1531556,1,Natural vegetation,1,Natural vegetation,0,0,0,0,1,0,FALSE,Natural-dominated
3194,4512,0,0,25.76277,114.564865,1,Natural vegetation,1,Natural vegetation,0,0,0,0,1,0,FALSE,Natural-dominated
3196,4836,0,0,27.449948,115.124723,1,Natural vegetation,5,Other,0,0,1,0,0,0,FALSE,Mixed
3197,3252,0,0,28.943204,113.978794,1,Natural vegetation,1,Natural vegetation,0,0,0,0,1,0,FALSE,Natural-dominated
3197937,9432,0,0,38.3692472,-81.60695,3,Urban,3,Urban,1,0,0,0,0,1,TRUE,Urban-dominated
3197950,9288,0,0,38.3581527,-81.627068,3,Urban,3,Urban,1,0,0,0,0,1,TRUE,Urban-dominated
3198,4224,0,0,28.687873,115.889562,3,Urban,3,Urban,0.75,0,0.25,0,0,0.75,TRUE,Urban-dominated
3201,4146,0,0,29.027675,114.5361,3,Urban,1,Natural vegetation,0.5,0,0,0,0.5,0.5,TRUE,Urban-dominated
3203,2826,0,0,28.611744,116.386425,2,Cropland,5,Other,0,0,1,0,0,0,FALSE,Mixed
3205,2052,0,0,28.493828,116.479433,2,Cropland,2,Cropland,0,1,0,0,0,1,TRUE,Ag-dominated
3206,4398,0,0,27.895566,115.455573,2,Cropland,2,Cropland,0,1,0,0,0,1,TRUE,Ag-dominated
3209,4242,0,0,28.077279,115.740841,2,Cropland,2,Cropland,0,1,0,0,0,1,TRUE,Ag-dominated
3211,1290,0,0,27.975141,116.360265,3,Urban,3,Urban,1,0,0,0,0,1,TRUE,Urban-dominated
3213,3546,0,0,27.811853,114.452951,3,Urban,3,Urban,1,0,0,0,0,1,TRUE,Urban-dominated
3216070,75504,0,0,38.53205556,-82.6859444,5,Other,1,Natural vegetation,0.5,0,0,0,0.5,0.5,TRUE,Urban-dominated
3217,2406,0,0,29.016918,116.062341,2,Cropland,2,Cropland,0,1,0,0,0,1,TRUE,Ag-dominated
3219,4188,0,0,27.582759,113.826919,1,Natural vegetation,1,Natural vegetation,0,0,0,0,1,0,FALSE,Natural-dominated
3220,4452,0,0,26.445815,116.007183,3,Urban,3,Urban,1,0,0,0,0,1,TRUE,Urban-dominated
3220510,336,0,0,40.15311775,-83.1263,3,Urban,3,Urban,1,0,0,0,0,1,TRUE,Urban-dominated
3221,3306,0,0,25.853142,115.616498,1,Natural vegetation,1,Natural vegetation,0,0,0,0,1,0,FALSE,Natural-dominated
3222,4872,0,0,28.143197,117.700931,1,Natural vegetation,1,Natural vegetation,0,0,0,0,1,0,FALSE,Natural-dominated
3223,4044,0,0,29.307041,114.643257,1,Natural vegetation,1,Natural vegetation,0,0,0,0,1,0,FALSE,Natural-dominated
3224,3996,0,0,28.287951,117.278338,1,Natural vegetation,1,Natural vegetation,0,0,0,0,1,0,FALSE,Natural-dominated
3227,4242,0,0,28.831606,115.523104,2,Cropland,2,Cropland,0,1,0,0,0,1,TRUE,Ag-dominated
3228,3882,0,0,28.408802,116.88053,2,Cropland,2,Cropland,0,1,0,0,0,1,TRUE,Ag-dominated
3228300,192,0,0,40.2361735,-82.8512892,3,Urban,2,Cropland,0,0.75,0.25,0,0,0.75,TRUE,Ag-dominated
3230,4296,0,0,28.267969,116.873314,1,Natural vegetation,2,Cropland,0,1,0,0,0,1,TRUE,Ag-dominated
3232,4758,0,0,27.502703,116.648777,2,Cropland,3,Urban,1,0,0,0,0,1,TRUE,Urban-dominated
3233,4350,0,0,28.422023,115.994774,2,Cropland,2,Cropland,0.333333333,0.666666667,0,0,0,1,TRUE,Ag-dominated
3235,3990,0,0,26.653952,114.831916,1,Natural vegetation,1,Natural vegetation,0,0.5,0,0,0.5,0.5,TRUE,Ag-dominated
3239,4098,0,0,28.719697,115.009313,1,Natural vegetation,1,Natural vegetation,0,0,0,0,1,0,FALSE,Natural-dominated
3240,4770,0,0,26.511634,114.69945,2,Cropland,2,Cropland,0,1,0,0,0,1,TRUE,Ag-dominated
3242,4560,0,0,28.675696,115.909228,3,Urban,3,Urban,1,0,0,0,0,1,TRUE,Urban-dominated
3243,4254,0,0,28.315217,117.709451,3,Urban,3,Urban,1,0,0,0,0,1,TRUE,Urban-dominated
3244,1698,0,0,28.442408,115.521937,2,Cropland,2,Cropland,0,1,0,0,0,1,TRUE,Ag-dominated
3245,4584,0,0,24.907362,114.814769,3,Urban,3,Urban,0.5,0.25,0,0,0.25,0.75,TRUE,Urban-dominated
3249,714,0,0,39.953975,116.824239,3,Urban,3,Urban,1,0,0,0,0,1,TRUE,Urban-dominated
3251,3402,0,0,38.358695,113.861347,2,Cropland,2,Cropland,0,1,0,0,0,1,TRUE,Ag-dominated
3253,4896,0,0,38.065176,114.600669,3,Urban,3,Urban,0.75,0.25,0,0,0,1,TRUE,Urban-dominated
3258,4500,0,0,37.260106,114.778632,2,Cropland,2,Cropland,0,1,0,0,0,1,TRUE,Ag-dominated
3265,4512,0,0,40.420427,117.242605,1,Natural vegetation,1,Natural vegetation,0,0,0,0,1,0,FALSE,Natural-dominated
3266,4620,0,0,40.559135,118.381182,1,Natural vegetation,1,Natural vegetation,0,0.25,0,0,0.75,0.25,FALSE,Natural-dominated
3267,948,0,0,39.32171,115.254284,2,Cropland,1,Natural vegetation,0,0.5,0,0,0.5,0.5,TRUE,Ag-dominated
3271,4626,0,0,40.218147,118.304493,5,Other,5,Other,0,0,1,0,0,0,FALSE,Mixed
3275,3708,0,0,40.68112,114.715335,3,Urban,2,Cropland,0.25,0.75,0,0,0,1,TRUE,Ag-dominated
3275500,56976,0,0,39.80671459,-84.907183,2,Cropland,2,Cropland,0.5,0.5,0,0,0,1,TRUE,Urban-dominated
3279,2364,0,0,39.083817,113.972268,1,Natural vegetation,1,Natural vegetation,0,0,0,0,1,0,FALSE,Natural-dominated
3287600,3024,0,0,38.07646608,-84.4132694,2,Cropland,2,Cropland,0.25,0.75,0,0,0,1,TRUE,Ag-dominated
3289,4224,0,0,39.898234,118.832748,2,Cropland,2,Cropland,0.5,0.5,0,0,0,1,TRUE,Urban-dominated
3290,3582,0,0,38.850254,114.835328,3,Urban,3,Urban,1,0,0,0,0,1,TRUE,Urban-dominated
329247350,29712,0,0,38.32812414,-85.5938499,1,Natural vegetation,3,Urban,1,0,0,0,0,1,TRUE,Urban-dominated
3292900,29712,0,0,38.2400708,-85.6344054,3,Urban,3,Urban,1,0,0,0,0,1,TRUE,Urban-dominated
3301,4860,0,0,35.518042,114.288454,2,Cropland,2,Cropland,0,1,0,0,0,1,TRUE,Ag-dominated
3301900,110352,0,0,38.1756242,-85.615237,1,Natural vegetation,3,Urban,1,0,0,0,0,1,TRUE,Urban-dominated
3303280,10944,0,0,37.89950088,-86.70554179,5,Other,2,Cropland,0.5,0.5,0,0,0,1,TRUE,Urban-dominated
3305,84,0,0,33.3876268,115.0716483,3,Urban,3,Urban,1,0,0,0,0,1,TRUE,Urban-dominated
3308,1170,0,0,34.899869,113.425778,2,Cropland,2,Cropland,0.25,0.75,0,0,0,1,TRUE,Ag-dominated
3309,3960,0,0,32.678301,115.062234,2,Cropland,2,Cropland,0,1,0,0,0,1,TRUE,Ag-dominated
3312,4140,0,0,34.680768,113.56538,3,Urban,3,Urban,1,0,0,0,0,1,TRUE,Urban-dominated
3318,3300,0,0,33.743832,112.761253,5,Other,2,Cropland,0,0.75,0.25,0,0,0.75,TRUE,Ag-dominated
3324,4446,0,0,35.700245,115.00289,3,Urban,2,Cropland,0.25,0.75,0,0,0,1,TRUE,Ag-dominated
3325,3888,0,0,34.345749,113.249318,5,Other,2,Cropland,0,1,0,0,0,1,TRUE,Ag-dominated
3329,2832,0,0,33.780524,115.264464,2,Cropland,2,Cropland,0,1,0,0,0,1,TRUE,Ag-dominated
3331,3582,0,0,34.175108,112.528488,2,Cropland,2,Cropland,0.25,0.75,0,0,0,1,TRUE,Ag-dominated
3343,4590,0,0,29.546429,118.968529,5,Other,5,Other,0,0,1,0,0,0,FALSE,Mixed
3344,4872,0,0,30.288081,120.12163,3,Urban,3,Urban,1,0,0,0,0,1,TRUE,Urban-dominated
3346,4596,0,0,30.290266,120.590799,3,Urban,3,Urban,1,0,0,0,0,1,TRUE,Urban-dominated
3349,4878,0,0,29.237912,120.04101,2,Cropland,3,Urban,0.5,0.25,0,0,0.25,0.75,TRUE,Urban-dominated
3351,4782,0,0,29.071245,120.435644,1,Natural vegetation,1,Natural vegetation,0.5,0,0,0,0.5,0.5,TRUE,Urban-dominated
3352,4650,0,0,28.269015,119.711093,1,Natural vegetation,1,Natural vegetation,0,0,0,0,1,0,FALSE,Natural-dominated
3353,1950,0,0,29.980851,120.654718,1,Natural vegetation,1,Natural vegetation,0,0.5,0,0,0.5,0.5,TRUE,Ag-dominated
3353200,112224,0,0,39.94642897,-86.2602702,3,Urban,3,Urban,1,0,0,0,0,1,TRUE,Urban-dominated
3354,4728,0,0,28.302934,119.709158,1,Natural vegetation,1,Natural vegetation,0,0,0,0,1,0,FALSE,Natural-dominated
3356,4986,0,0,28.001303,119.638965,3,Urban,1,Natural vegetation,0,0,0,0,1,0,FALSE,Natural-dominated
3357,1752,0,0,28.186716,121.288071,5,Other,1,Natural vegetation,0.5,0,0,0,0.5,0.5,TRUE,Urban-dominated
3359,4596,0,0,29.365627,119.526751,1,Natural vegetation,1,Natural vegetation,0,0,0.5,0,0.5,0,FALSE,Natural-dominated
3360,3984,0,0,28.151839,120.426483,1,Natural vegetation,1,Natural vegetation,0,0,0,0,1,0,FALSE,Natural-dominated
3361,4596,0,0,28.965018,121.593658,2,Cropland,2,Cropland,0,1,0,0,0,1,TRUE,Ag-dominated
3362,4224,0,0,29.65592,120.83622,3,Urban,3,Urban,1,0,0,0,0,1,TRUE,Urban-dominated
3364,4848,0,0,28.536111,119.396815,3,Urban,2,Cropland,0,1,0,0,0,1,TRUE,Ag-dominated
3365,4536,0,0,28.883511,120.937057,1,Natural vegetation,1,Natural vegetation,0,0,0,0,1,0,FALSE,Natural-dominated
3366,4560,0,0,29.809832,119.686874,5,Other,3,Urban,1,0,0,0,0,1,TRUE,Urban-dominated
3367,4344,0,0,29.793535,119.691434,3,Urban,3,Urban,0.75,0,0,0,0.25,0.75,TRUE,Urban-dominated
3372,4932,0,0,28.945164,121.059509,1,Natural vegetation,1,Natural vegetation,0,0,0,0,1,0,FALSE,Natural-dominated
3373,4752,0,0,28.971763,118.899071,3,Urban,1,Natural vegetation,0.5,0,0,0,0.5,0.5,TRUE,Urban-dominated
3374,4566,0,0,30.267446,120.152791,3,Urban,3,Urban,1,0,0,0,0,1,TRUE,Urban-dominated
3374100,95472,0,0,38.4897695,-87.55002269,2,Cropland,2,Cropland,0,1,0,0,0,1,TRUE,Ag-dominated
3380,4710,0,0,28.125885,120.340033,3,Urban,1,Natural vegetation,0,0,0,0,1,0,FALSE,Natural-dominated
3382,4860,0,0,27.635937,119.721589,1,Natural vegetation,1,Natural vegetation,0,0,0,0,1,0,FALSE,Natural-dominated
3388,4968,0,0,29.062154,120.733326,5,Other,1,Natural vegetation,0,0,0,0,1,0,FALSE,Natural-dominated
3391,4584,0,0,30.245638,122.199853,3,Urban,5,Other,0,0,1,0,0,0,FALSE,Mixed
3394,4398,0,0,20.046635,110.362581,3,Urban,3,Urban,1,0,0,0,0,1,TRUE,Urban-dominated
3396,4830,0,0,18.840112,109.319906,1,Natural vegetation,1,Natural vegetation,0,0,0,0,1,0,FALSE,Natural-dominated
3398,4674,0,0,20.033524,110.392915,3,Urban,3,Urban,1,0,0,0,0,1,TRUE,Urban-dominated
3400,1608,0,0,19.41804,109.55144,1,Natural vegetation,1,Natural vegetation,0,0,0,0,1,0,FALSE,Natural-dominated
3404,4728,0,0,19.738661,110.220908,1,Natural vegetation,1,Natural vegetation,0,0.5,0,0,0.5,0.5,TRUE,Ag-dominated
3408,4806,0,0,18.892128,110.410343,2,Cropland,2,Cropland,0.25,0.75,0,0,0,1,TRUE,Ag-dominated
3410,4632,0,0,18.401897,109.457375,1,Natural vegetation,1,Natural vegetation,0,0,0,0,1,0,FALSE,Natural-dominated
3412,4434,0,0,19.108343,110.142541,1,Natural vegetation,1,Natural vegetation,0,0,0,0,1,0,FALSE,Natural-dominated
3418,4422,0,0,18.407165,109.757936,3,Urban,1,Natural vegetation,0,0,0,0,1,0,FALSE,Natural-dominated
3419,4716,0,0,20.017377,110.349228,3,Urban,3,Urban,1,0,0,0,0,1,TRUE,Urban-dominated
3421,1920,0,0,30.321016,108.973817,1,Natural vegetation,1,Natural vegetation,0,0,0,0,1,0,FALSE,Natural-dominated
3422,1962,0,0,31.53784,114.381695,1,Natural vegetation,1,Natural vegetation,0,0,0,0,1,0,FALSE,Natural-dominated
3423,4428,0,0,29.838404,115.478264,1,Natural vegetation,1,Natural vegetation,0.25,0,0.25,0,0.5,0.25,FALSE,Natural-dominated
3424,4926,0,0,29.965459,111.356735,1,Natural vegetation,1,Natural vegetation,0,0.25,0,0,0.75,0.25,FALSE,Natural-dominated
3425,4224,0,0,30.234653,110.780916,1,Natural vegetation,1,Natural vegetation,0,0,0,0,1,0,FALSE,Natural-dominated
3426,1980,0,0,30.482451,111.459715,2,Cropland,2,Cropland,0,1,0,0,0,1,TRUE,Ag-dominated
3427,462,0,0,29.503051,113.177059,5,Other,2,Cropland,0,1,0,0,0,1,TRUE,Ag-dominated
3428,4248,0,0,31.894499,112.146347,3,Urban,3,Urban,1,0,0,0,0,1,TRUE,Urban-dominated
3428180,93864,0,0,35.8989535,-86.42554779,3,Urban,3,Urban,0.5,0.25,0,0,0.25,0.75,TRUE,Urban-dominated
3431,4482,0,0,30.7608061,111.2731883,5,Other,1,Natural vegetation,0,0,0.5,0,0.5,0,FALSE,Natural-dominated
3431091,133704,0,0,36.1653343,-86.7213866,3,Urban,3,Urban,1,0,0,0,0,1,TRUE,Urban-dominated
34324146,61920,0,0,35.9581186,-86.88972369,2,Cropland,3,Urban,1,0,0,0,0,1,TRUE,Urban-dominated
3433,4452,0,0,30.207272,108.575117,1,Natural vegetation,1,Natural vegetation,0,0.25,0,0,0.75,0.25,FALSE,Natural-dominated
3435,2058,0,0,32.5548899,111.4861982,5,Other,3,Urban,0.75,0,0.25,0,0,0.75,TRUE,Urban-dominated
3437,3450,0,0,31.315339,114.439622,3,Urban,2,Cropland,0,1,0,0,0,1,TRUE,Ag-dominated
3440,4788,0,0,31.169278,113.559505,2,Cropland,2,Cropland,0,1,0,0,0,1,TRUE,Ag-dominated
3441,4764,0,0,29.634778,114.632684,5,Other,5,Other,0,0,1,0,0,0,FALSE,Mixed
3447687,47064,0,0,35.42916667,-82.5525,2,Cropland,1,Natural vegetation,0.25,0.25,0,0,0.5,0.5,TRUE,Natural-dominated
3447890,47568,0,0,35.4997222,-82.5927778,1,Natural vegetation,1,Natural vegetation,0,0,0,0,1,0,FALSE,Natural-dominated
3448050,46848,0,0,35.5122222,-82.5772222,1,Natural vegetation,1,Natural vegetation,0,0,0,0,1,0,FALSE,Natural-dominated
344878100,46488,0,0,35.56138889,-82.5969444,1,Natural vegetation,1,Natural vegetation,0,0,0,0,1,0,FALSE,Natural-dominated
3449,4968,0,0,30.510951,114.257402,5,Other,3,Urban,0.75,0,0.25,0,0,0.75,TRUE,Urban-dominated
3450,3690,0,0,29.74052,112.764352,5,Other,2,Cropland,0,0.75,0.25,0,0,0.75,TRUE,Ag-dominated
3451,4212,0,0,30.442134,110.377318,1,Natural vegetation,1,Natural vegetation,0,0,0,0,1,0,FALSE,Natural-dominated
3451200,47352,0,0,35.585,-82.5686111,3,Urban,3,Urban,0.75,0,0,0,0.25,0.75,TRUE,Urban-dominated
3451500,46584,0,0,35.60888889,-82.5780556,3,Urban,3,Urban,1,0,0,0,0,1,TRUE,Urban-dominated
3453,1273,0,0,30.5855806,114.1831827,3,Urban,3,Urban,1,0,0,0,0,1,TRUE,Urban-dominated
3454,4794,0,0,30.39249,113.423134,3,Urban,2,Cropland,0,1,0,0,0,1,TRUE,Ag-dominated
3456,4470,0,0,32.609233,111.476807,1,Natural vegetation,1,Natural vegetation,0,0,0,0,1,0,FALSE,Natural-dominated
3459,1362,0,0,30.663212,114.790216,2,Cropland,2,Cropland,0,1,0,0,0,1,TRUE,Ag-dominated
3460795,49008,0,0,35.7836111,-83.1119444,1,Natural vegetation,1,Natural vegetation,0,0,0,0,1,0,FALSE,Natural-dominated
3461,4596,0,0,32.584254,111.322581,5,Other,5,Other,0,0,1,0,0,0,FALSE,Mixed
3463,4908,0,0,29.804503,112.133505,2,Cropland,2,Cropland,0,0.75,0.25,0,0,0.75,TRUE,Ag-dominated
3465,4014,0,0,31.015929,112.026092,5,Other,1,Natural vegetation,0.25,0.25,0.25,0,0.25,0.5,TRUE,Mixed
3466,4734,0,0,32.275998,110.140305,1,Natural vegetation,1,Natural vegetation,0,0,0,0,1,0,FALSE,Natural-dominated
3468,3408,0,0,30.340783,115.090053,5,Other,5,Other,0,0.25,0.5,0,0.25,0.25,FALSE,Mixed
3471,6,0,0,32.185797,109.604925,1,Natural vegetation,1,Natural vegetation,0,0,0,0,1,0,FALSE,Natural-dominated
3472,4764,0,0,30.663265,115.00732,1,Natural vegetation,2,Cropland,0,1,0,0,0,1,TRUE,Ag-dominated
3473,4776,0,0,31.032601,111.90805,1,Natural vegetation,1,Natural vegetation,0,0,0,0,1,0,FALSE,Natural-dominated
3475,4170,0,0,30.684134,112.601291,2,Cropland,2,Cropland,0,1,0,0,0,1,TRUE,Ag-dominated
3476,4842,0,0,30.326834,114.624255,3,Urban,2,Cropland,0,1,0,0,0,1,TRUE,Ag-dominated
3478,2052,0,0,30.323773,114.629606,2,Cropland,2,Cropland,0,1,0,0,0,1,TRUE,Ag-dominated
3483,2034,0,0,31.236873,113.858844,2,Cropland,2,Cropland,0,1,0,0,0,1,TRUE,Ag-dominated
3485,726,0,0,30.478143,111.573224,2,Cropland,2,Cropland,0,1,0,0,0,1,TRUE,Ag-dominated
3486,1392,0,0,30.56645,115.606361,1,Natural vegetation,1,Natural vegetation,0,0,0,0,1,0,FALSE,Natural-dominated
3488,4830,0,0,30.441152,111.149919,5,Other,1,Natural vegetation,0,0,0,0,1,0,FALSE,Natural-dominated
3489,2778,0,0,30.155202,115.252772,3,Urban,1,Natural vegetation,0,0,0.5,0,0.5,0,FALSE,Natural-dominated
3490,4728,0,0,30.400125,110.542539,1,Natural vegetation,1,Natural vegetation,0,0,0,0,1,0,FALSE,Natural-dominated
3494,4938,0,0,28.81482,112.406512,3,Urban,4,Wetland,0,0.25,0,0.75,0,0.25,FALSE,Mixed
3495,330,0,0,27.732112,111.241062,2,Cropland,2,Cropland,0,0.75,0,0,0.25,0.75,TRUE,Ag-dominated
3498,4542,0,0,29.042992,111.655849,3,Urban,3,Urban,1,0,0,0,0,1,TRUE,Urban-dominated
3499,4572,0,0,28.445534,110.375592,5,Other,1,Natural vegetation,0,0,0.5,0,0.5,0,FALSE,Natural-dominated
3502,4782,0,0,28.700937,110.007623,5,Other,5,Other,0,0,1,0,0,0,FALSE,Mixed
3503,4422,0,0,28.835372,113.085455,2,Cropland,5,Other,0,0,1,0,0,0,FALSE,Mixed
3504,4458,0,0,25.961503,111.67281,5,Other,1,Natural vegetation,0,0,0.25,0,0.75,0,FALSE,Natural-dominated
3505,4530,0,0,26.746337,112.685627,3,Urban,2,Cropland,0.5,0.5,0,0,0,1,TRUE,Urban-dominated
3507,4608,0,0,27.747428,111.305717,3,Urban,3,Urban,0.5,0.25,0,0,0.25,0.75,TRUE,Urban-dominated
3509,4440,0,0,26.991688,111.276184,3,Urban,1,Natural vegetation,0,0,0,0,1,0,FALSE,Natural-dominated
3510,990,0,0,27.490188,111.383624,1,Natural vegetation,1,Natural vegetation,0,0,0,0,1,0,FALSE,Natural-dominated
3512,4530,0,0,25.854236,113.327856,5,Other,1,Natural vegetation,0,0,0,0,1,0,FALSE,Natural-dominated
3512000,85296,0,0,35.46138889,-83.3536111,1,Natural vegetation,1,Natural vegetation,0,0,0,0,1,0,FALSE,Natural-dominated
3514,4872,0,0,28.844937,112.324734,5,Other,5,Other,0.25,0.25,0.5,0,0,0.5,TRUE,Mixed
3515,4614,0,0,29.3929733,113.0886216,5,Other,5,Other,0,0,1,0,0,0,FALSE,Mixed
3516,948,0,0,29.1535674,113.0019857,5,Other,5,Other,0,0.25,0.5,0,0.25,0.25,FALSE,Mixed
3517,1284,0,0,28.916674,112.1189206,3,Urban,5,Other,0,0,1,0,0,0,FALSE,Mixed
3518,2202,0,0,26.542749,112.194302,5,Other,5,Other,0,0,1,0,0,0,FALSE,Mixed
3519,720,0,0,27.111289,109.62923,3,Urban,5,Other,0,0,1,0,0,0,FALSE,Mixed
3521,4110,0,0,27.965494,113.011588,3,Urban,5,Other,0.25,0,0.5,0,0.25,0.25,FALSE,Mixed
3522,4572,0,0,27.211791,111.440175,3,Urban,3,Urban,1,0,0,0,0,1,TRUE,Urban-dominated
3527,4812,0,0,25.278395,112.579064,1,Natural vegetation,1,Natural vegetation,0,0,0,0,1,0,FALSE,Natural-dominated
3530,1086,0,0,27.572029,111.489179,2,Cropland,2,Cropland,0,0.75,0,0,0.25,0.75,TRUE,Ag-dominated
3531,1104,0,0,27.937483,112.980792,5,Other,5,Other,0,0,1,0,0,0,FALSE,Mixed
3532,4836,0,0,28.665556,112.450578,2,Cropland,2,Cropland,0,1,0,0,0,1,TRUE,Ag-dominated
3535,4932,0,0,26.790429,113.204597,1,Natural vegetation,1,Natural vegetation,0,0.25,0,0,0.75,0.25,FALSE,Natural-dominated
3536,4860,0,0,28.452749,110.38956,3,Urban,5,Other,0,0,1,0,0,0,FALSE,Mixed
3537,4554,0,0,27.305029,112.934515,5,Other,5,Other,0,0,1,0,0,0,FALSE,Mixed
3538,4320,0,0,27.603169,111.449612,1,Natural vegetation,1,Natural vegetation,0.25,0.25,0,0,0.5,0.5,TRUE,Natural-dominated
3538830,21024,0,0,36.06166667,-84.96138889,1,Natural vegetation,1,Natural vegetation,0,0,0,0,1,0,FALSE,Natural-dominated
3541,3216,0,0,29.591,111.879256,2,Cropland,2,Cropland,0,0.5,0.5,0,0,0.5,TRUE,Ag-dominated
3542,4332,0,0,26.288739,110.791755,1,Natural vegetation,2,Cropland,0,1,0,0,0,1,TRUE,Ag-dominated
3543,4344,0,0,26.743028,110.072736,1,Natural vegetation,1,Natural vegetation,0,0,0,0,1,0,FALSE,Natural-dominated
3544,3606,0,0,26.296705,111.288738,1,Natural vegetation,1,Natural vegetation,0,0,0,0,1,0,FALSE,Natural-dominated
3546,2106,0,0,25.540421,113.706965,3,Urban,1,Natural vegetation,0,0,0,0,1,0,FALSE,Natural-dominated
3547,3318,0,0,25.072475,111.846913,1,Natural vegetation,1,Natural vegetation,0,0,0,0,1,0,FALSE,Natural-dominated
3549,4320,0,0,27.867778,110.390846,3,Urban,1,Natural vegetation,0,0,0,0,1,0,FALSE,Natural-dominated
3550,4008,0,0,26.894641,113.189857,1,Natural vegetation,1,Natural vegetation,0,0,0,0,1,0,FALSE,Natural-dominated
3552,4842,0,0,28.822488,112.20676,5,Other,5,Other,0,0,1,0,0,0,FALSE,Mixed
3554,1506,0,0,29.35625,112.899042,4,Wetland,5,Other,0,0,0.75,0.25,0,0,FALSE,Mixed
3555,4224,0,0,25.962041,112.48946,1,Natural vegetation,1,Natural vegetation,0,0,0,0,1,0,FALSE,Natural-dominated
3557,4602,0,0,26.197088,111.623754,3,Urban,2,Cropland,0,1,0,0,0,1,TRUE,Ag-dominated
3558,366,0,0,27.737731,113.65048,2,Cropland,1,Natural vegetation,0,0.25,0,0,0.75,0.25,FALSE,Natural-dominated
3559,4812,0,0,28.787386,109.298786,3,Urban,1,Natural vegetation,0,0,0,0,1,0,FALSE,Natural-dominated
3560,4254,0,0,28.112444,112.98381,3,Urban,3,Urban,1,0,0,0,0,1,TRUE,Urban-dominated
3561,1344,0,0,28.3590072,112.8521403,5,Other,1,Natural vegetation,0.5,0,0,0,0.5,0.5,TRUE,Urban-dominated
3562,1794,0,0,27.852961,113.047794,5,Other,1,Natural vegetation,0.333333333,0,0.333333333,0,0.333333333,0.333333333,TRUE,Mixed
3563,4728,0,0,29.634794,112.114893,2,Cropland,2,Cropland,0,1,0,0,0,1,TRUE,Ag-dominated
3564,4674,0,0,27.32822,109.08309,3,Urban,3,Urban,1,0,0,0,0,1,TRUE,Urban-dominated
3565,3414,0,0,33.433584,104.787727,3,Urban,1,Natural vegetation,0,0,0,0,1,0,FALSE,Natural-dominated
3566,3618,0,0,37.16923,104.29416,1,Natural vegetation,2,Cropland,0,1,0,0,0,1,TRUE,Ag-dominated
3567,3966,0,0,36.150864,103.993225,1,Natural vegetation,1,Natural vegetation,0,0,0,0,1,0,FALSE,Natural-dominated
3568,2466,0,0,36.801105,102.734399,1,Natural vegetation,1,Natural vegetation,0,0,0,0,1,0,FALSE,Natural-dominated
3569,2478,0,0,37.858419,102.705305,3,Urban,2,Cropland,0,1,0,0,0,1,TRUE,Ag-dominated
3570,2208,0,0,38.279316,100.841336,1,Natural vegetation,1,Natural vegetation,0,0,0,0,1,0,FALSE,Natural-dominated
3571,3600,0,0,33.327076,105.082771,1,Natural vegetation,1,Natural vegetation,0,0,0,0,1,0,FALSE,Natural-dominated
3573,3774,0,0,33.327425,105.606528,3,Urban,1,Natural vegetation,0,0,0,0,1,0,FALSE,Natural-dominated
3575,3150,0,0,35.381435,103.426929,2,Cropland,2,Cropland,0,1,0,0,0,1,TRUE,Ag-dominated
3576,2736,0,0,35.581194,103.787401,3,Urban,2,Cropland,0,0.75,0,0,0.25,0.75,TRUE,Ag-dominated
3577,1260,0,0,36.337031,103.944896,3,Urban,1,Natural vegetation,0,0,0,0,1,0,FALSE,Natural-dominated
3578,2910,0,0,33.998387,102.072639,3,Urban,1,Natural vegetation,0,0,0,0,1,0,FALSE,Natural-dominated
3579,3546,0,0,37.912691,101.844367,5,Other,1,Natural vegetation,0,0.25,0,0,0.75,0.25,FALSE,Natural-dominated
3580,3168,0,0,38.399594,102.888018,5,Other,5,Other,0,0,1,0,0,0,FALSE,Mixed
3581,3690,0,0,38.810096,100.160119,1,Natural vegetation,1,Natural vegetation,0,0,0,0,1,0,FALSE,Natural-dominated
3582,1950,0,0,39.930227,98.855668,5,Other,5,Other,0,0,0.75,0,0.25,0,FALSE,Mixed
3585,3444,0,0,36.059421,103.826308,3,Urban,3,Urban,1,0,0,0,0,1,TRUE,Urban-dominated
3586,3930,0,0,36.067756,103.825814,3,Urban,3,Urban,1,0,0,0,0,1,TRUE,Urban-dominated
3587,3714,0,0,35.382401,103.855148,3,Urban,3,Urban,1,0,0,0,0,1,TRUE,Urban-dominated
3588,2286,0,0,37.560335,102.738688,5,Other,5,Other,0,0,1,0,0,0,FALSE,Mixed
3590,2496,0,0,25.029821,116.447085,3,Urban,1,Natural vegetation,0,0,0,0,1,0,FALSE,Natural-dominated
3592,4470,0,0,26.810521,119.569207,1,Natural vegetation,1,Natural vegetation,0,0,0,0,1,0,FALSE,Natural-dominated
3594,4926,0,0,25.033597,118.478314,3,Urban,3,Urban,0.75,0.25,0,0,0,1,TRUE,Urban-dominated
3598,3570,0,0,25.82232,117.97768,1,Natural vegetation,1,Natural vegetation,0,0,0,0,1,0,FALSE,Natural-dominated
3599,3726,0,0,26.175309,116.759826,1,Natural vegetation,1,Natural vegetation,0,0,0,0,1,0,FALSE,Natural-dominated
3602,4566,0,0,26.100779,119.295144,3,Urban,3,Urban,1,0,0,0,0,1,TRUE,Urban-dominated
3604,3762,0,0,26.82863,116.948359,1,Natural vegetation,1,Natural vegetation,0,0,0,0,1,0,FALSE,Natural-dominated
3605,4650,0,0,27.2072,118.2109,1,Natural vegetation,1,Natural vegetation,0,0,0,0,1,0,FALSE,Natural-dominated
3606,4782,0,0,27.563409,118.409036,1,Natural vegetation,1,Natural vegetation,0,0,0,0,1,0,FALSE,Natural-dominated
3607,3918,0,0,26.314279,117.682267,1,Natural vegetation,1,Natural vegetation,0.25,0,0,0,0.75,0.25,FALSE,Natural-dominated
3609,4284,0,0,27.4979,118.0807,1,Natural vegetation,1,Natural vegetation,0,0,0,0,1,0,FALSE,Natural-dominated
3614,4986,0,0,25.882692,118.933046,3,Urban,1,Natural vegetation,0,0,0,0,1,0,FALSE,Natural-dominated
3616,4668,0,0,27.12725,119.647502,1,Natural vegetation,1,Natural vegetation,0,0,0,0,1,0,FALSE,Natural-dominated
3617,372,0,0,25.9737169,119.459778,3,Urban,5,Other,0,0,1,0,0,0,FALSE,Mixed
3618,918,0,0,27.378477,120.103534,1,Natural vegetation,1,Natural vegetation,0,0,0,0,1,0,FALSE,Natural-dominated
3620,4686,0,0,26.137615,119.56057,3,Urban,3,Urban,1,0,0,0,0,1,TRUE,Urban-dominated
3621,1806,0,0,25.490233,116.324225,1,Natural vegetation,1,Natural vegetation,0,0,0,0,1,0,FALSE,Natural-dominated
3626,3966,0,0,26.049567,106.617924,1,Natural vegetation,1,Natural vegetation,0.25,0,0,0,0.75,0.25,FALSE,Natural-dominated
3627,3930,0,0,27.727316,108.211309,1,Natural vegetation,2,Cropland,0,1,0,0,0,1,TRUE,Ag-dominated
3628,2040,0,0,26.299092,106.945617,1,Natural vegetation,1,Natural vegetation,0,0,0,0,1,0,FALSE,Natural-dominated
3629,3666,0,0,25.453177,105.225155,3,Urban,1,Natural vegetation,0,0,0,0,1,0,FALSE,Natural-dominated
3630,6,0,0,27.545454,108.232482,3,Urban,1,Natural vegetation,0,0,0,0,1,0,FALSE,Natural-dominated
3631,3918,0,0,28.501509,107.334652,1,Natural vegetation,2,Cropland,0,1,0,0,0,1,TRUE,Ag-dominated
3633,3744,0,0,25.469452,105.788393,1,Natural vegetation,1,Natural vegetation,0,0.25,0,0,0.75,0.25,FALSE,Natural-dominated
3634,3804,0,0,28.749019,106.83572,2,Cropland,2,Cropland,0,1,0,0,0,1,TRUE,Ag-dominated
3635,3714,0,0,26.50267,106.885877,1,Natural vegetation,3,Urban,1,0,0,0,0,1,TRUE,Urban-dominated
3636,3564,0,0,27.197683,106.69382,1,Natural vegetation,2,Cropland,0,1,0,0,0,1,TRUE,Ag-dominated
3637,3858,0,0,26.395302,106.25089,3,Urban,2,Cropland,0.5,0.5,0,0,0,1,TRUE,Urban-dominated
3639,3756,0,0,25.424586,106.349905,1,Natural vegetation,1,Natural vegetation,0,0,0,0,1,0,FALSE,Natural-dominated
3640,3804,0,0,26.454783,106.024287,1,Natural vegetation,1,Natural vegetation,0,0,0,0,1,0,FALSE,Natural-dominated
3641,12,0,0,26.59063,105.814847,1,Natural vegetation,1,Natural vegetation,0,0,0,0,1,0,FALSE,Natural-dominated
3642,3312,0,0,25.338895,106.859982,1,Natural vegetation,1,Natural vegetation,0,0,0,0,1,0,FALSE,Natural-dominated
3643,3540,0,0,27.019474,107.194447,1,Natural vegetation,1,Natural vegetation,0,0,0,0,1,0,FALSE,Natural-dominated
3644,3900,0,0,25.959223,108.413673,1,Natural vegetation,1,Natural vegetation,0,0,0,0,1,0,FALSE,Natural-dominated
3646,3216,0,0,24.965662,106.150154,5,Other,5,Other,0,0,1,0,0,0,FALSE,Mixed
3647,1014,0,0,27.856315,106.831306,1,Natural vegetation,1,Natural vegetation,0,0,0,0,1,0,FALSE,Natural-dominated
3649,3888,0,0,25.047065,104.993971,1,Natural vegetation,1,Natural vegetation,0,0,0,0,1,0,FALSE,Natural-dominated
3650,6,0,0,27.072791,105.517573,2,Cropland,2,Cropland,0,1,0,0,0,1,TRUE,Ag-dominated
3651,1794,0,0,28.557576,107.503885,1,Natural vegetation,1,Natural vegetation,0,0.25,0,0,0.75,0.25,FALSE,Natural-dominated
3652,3336,0,0,27.433498,107.267449,1,Natural vegetation,1,Natural vegetation,0,0,0,0,1,0,FALSE,Natural-dominated
3653,3960,0,0,24.971523,105.136215,1,Natural vegetation,1,Natural vegetation,0,0,0,0,1,0,FALSE,Natural-dominated
3657,4314,0,0,39.961939,123.075717,5,Other,1,Natural vegetation,0,0,0,0,1,0,FALSE,Natural-dominated
3660,4584,0,0,40.981633,123.268332,1,Natural vegetation,2,Cropland,0,1,0,0,0,1,TRUE,Ag-dominated
3661,4752,0,0,38.860947,121.463803,1,Natural vegetation,1,Natural vegetation,0,0,0,0,1,0,FALSE,Natural-dominated
3665,4182,0,0,40.486587,123.490455,2,Cropland,1,Natural vegetation,0,0.5,0,0,0.5,0.5,TRUE,Ag-dominated
3667,4830,0,0,41.24599,125.36858,2,Cropland,3,Urban,1,0,0,0,0,1,TRUE,Urban-dominated
3668,4656,0,0,41.305127,123.102284,3,Urban,2,Cropland,0.25,0.75,0,0,0,1,TRUE,Ag-dominated
3677,4656,0,0,41.48316,120.128193,2,Cropland,1,Natural vegetation,0,0.5,0,0,0.5,0.5,TRUE,Ag-dominated
3680,4560,0,0,42.524463,124.304236,5,Other,1,Natural vegetation,0,0,0,0,1,0,FALSE,Natural-dominated
3684,3450,0,0,41.764823,123.384579,3,Urban,3,Urban,1,0,0,0,0,1,TRUE,Urban-dominated
3686,3426,0,0,42.374136,124.253848,1,Natural vegetation,2,Cropland,0,1,0,0,0,1,TRUE,Ag-dominated
3689,3954,0,0,42.148935,123.208802,2,Cropland,2,Cropland,0,1,0,0,0,1,TRUE,Ag-dominated
3690,1740,0,0,30.929362,109.550509,1,Natural vegetation,1,Natural vegetation,0,0.25,0,0,0.75,0.25,FALSE,Natural-dominated
3692,4836,0,0,29.413806,106.51258,3,Urban,3,Urban,1,0,0,0,0,1,TRUE,Urban-dominated
3694,3420,0,0,30.085963,107.261426,2,Cropland,2,Cropland,0,1,0,0,0,1,TRUE,Ag-dominated
3695,4254,0,0,29.005539,106.597789,2,Cropland,2,Cropland,0,1,0,0,0,1,TRUE,Ag-dominated
3696,4356,0,0,29.563009,106.551556,3,Urban,3,Urban,1,0,0,0,0,1,TRUE,Urban-dominated
3697,4356,0,0,30.368252,108.002879,2,Cropland,2,Cropland,0,1,0,0,0,1,TRUE,Ag-dominated
3698,4674,0,0,30.763157,108.708795,2,Cropland,1,Natural vegetation,0,0.25,0,0,0.75,0.25,FALSE,Natural-dominated
3699,4542,0,0,29.121704,106.644916,2,Cropland,1,Natural vegetation,0,0,0,0,1,0,FALSE,Natural-dominated
3701,4734,0,0,31.005798,110.098175,1,Natural vegetation,1,Natural vegetation,0,0,0.5,0,0.5,0,FALSE,Natural-dominated
3702,4782,0,0,30.102043,106.049755,3,Urban,2,Cropland,0,1,0,0,0,1,TRUE,Ag-dominated
3703,4074,0,0,29.621463,106.602261,5,Other,3,Urban,1,0,0,0,0,1,TRUE,Urban-dominated
3707,4536,0,0,29.251332,106.366631,3,Urban,2,Cropland,0,0.75,0,0,0.25,0.75,TRUE,Ag-dominated
3708,4854,0,0,30.828186,108.446025,5,Other,1,Natural vegetation,0,0,0,0,1,0,FALSE,Natural-dominated
3710,4782,0,0,29.061302,105.951826,5,Other,2,Cropland,0,1,0,0,0,1,TRUE,Ag-dominated
3712,636,0,0,29.746691,107.271477,3,Urban,1,Natural vegetation,0.5,0,0,0,0.5,0.5,TRUE,Urban-dominated
3713,4710,0,0,31.22178,108.79675,3,Urban,2,Cropland,0,1,0,0,0,1,TRUE,Ag-dominated
3714,4506,0,0,29.261202,106.256699,5,Other,5,Other,0,0,1,0,0,0,FALSE,Mixed
3715,3996,0,0,31.245599,108.823067,1,Natural vegetation,2,Cropland,0,1,0,0,0,1,TRUE,Ag-dominated
3716,4290,0,0,30.716465,109.010961,4,Wetland,1,Natural vegetation,0,0,0,0,1,0,FALSE,Natural-dominated
3717,4596,0,0,28.406041,108.915397,1,Natural vegetation,2,Cropland,0,1,0,0,0,1,TRUE,Ag-dominated
3718,4590,0,0,29.909241,108.052345,2,Cropland,2,Cropland,0,1,0,0,0,1,TRUE,Ag-dominated
3719,4188,0,0,30.321895,105.77896,2,Cropland,2,Cropland,0,1,0,0,0,1,TRUE,Ag-dominated
3721,4656,0,0,31.042249,109.574601,5,Other,1,Natural vegetation,0,0,0,0,1,0,FALSE,Natural-dominated
3722,4506,0,0,29.63389,106.594924,3,Urban,3,Urban,1,0,0,0,0,1,TRUE,Urban-dominated
3723,4764,0,0,29.393512,107.544528,1,Natural vegetation,1,Natural vegetation,0,0,0,0,1,0,FALSE,Natural-dominated
3724,4416,0,0,29.72171,106.484536,1,Natural vegetation,2,Cropland,0,1,0,0,0,1,TRUE,Ag-dominated
3725,4362,0,0,29.806015,107.376194,2,Cropland,2,Cropland,0,1,0,0,0,1,TRUE,Ag-dominated
3726,4626,0,0,31.302134,109.655803,1,Natural vegetation,1,Natural vegetation,0,0.25,0,0,0.75,0.25,FALSE,Natural-dominated
3727,4398,0,0,29.745967,106.718388,2,Cropland,2,Cropland,0,0.75,0,0,0.25,0.75,TRUE,Ag-dominated
3729,4428,0,0,29.300114,108.164057,3,Urban,3,Urban,1,0,0,0,0,1,TRUE,Urban-dominated
3732,4266,0,0,28.211705,108.877248,1,Natural vegetation,1,Natural vegetation,0,0,0,0,1,0,FALSE,Natural-dominated
3734,4806,0,0,29.45246,107.3781,2,Cropland,1,Natural vegetation,0,0.25,0,0,0.75,0.25,FALSE,Natural-dominated
3735,4416,0,0,31.16287,108.35898,3,Urban,3,Urban,1,0,0,0,0,1,TRUE,Urban-dominated
3737,4104,0,0,33.004823,107.892183,1,Natural vegetation,1,Natural vegetation,0,0.25,0,0,0.75,0.25,FALSE,Natural-dominated
3738,3690,0,0,34.366644,107.312554,3,Urban,3,Urban,1,0,0,0,0,1,TRUE,Urban-dominated
3742,3642,0,0,38.449826,110.337091,1,Natural vegetation,1,Natural vegetation,0,0,0,0,1,0,FALSE,Natural-dominated
3743,3924,0,0,37.448286,110.712318,1,Natural vegetation,1,Natural vegetation,0,0,0,0,1,0,FALSE,Natural-dominated
3744,54,0,0,37.071869,110.424431,1,Natural vegetation,1,Natural vegetation,0,0,0,0,1,0,FALSE,Natural-dominated
3746,4038,0,0,32.664393,108.977515,1,Natural vegetation,1,Natural vegetation,0,0.5,0,0,0.5,0.5,TRUE,Ag-dominated
3748,4290,0,0,33.903743,106.484069,1,Natural vegetation,2,Cropland,0,1,0,0,0,1,TRUE,Ag-dominated
3749,3666,0,0,38.966786,110.982543,1,Natural vegetation,1,Natural vegetation,0,0,0,0,1,0,FALSE,Natural-dominated
3750,3804,0,0,32.712122,109.051295,3,Urban,3,Urban,0.75,0.25,0,0,0,1,TRUE,Urban-dominated
3751,1380,0,0,37.921796,109.181303,1,Natural vegetation,1,Natural vegetation,0,0,0,0,1,0,FALSE,Natural-dominated
3752,1266,0,0,34.292807,109.042987,3,Urban,3,Urban,1,0,0,0,0,1,TRUE,Urban-dominated
3755,4134,0,0,34.194785,106.830416,1,Natural vegetation,1,Natural vegetation,0,0,0,0,1,0,FALSE,Natural-dominated
3756,3498,0,0,35.978848,100.84115,1,Natural vegetation,1,Natural vegetation,0,0,0,0,1,0,FALSE,Natural-dominated
3757,3402,0,0,36.99726,101.631766,2,Cropland,2,Cropland,0,1,0,0,0,1,TRUE,Ag-dominated
3758,3534,0,0,36.3246,102.815227,3,Urban,1,Natural vegetation,0.5,0,0,0,0.5,0.5,TRUE,Urban-dominated
3762,3678,0,0,36.753606,101.769897,3,Urban,2,Cropland,0.5,0.5,0,0,0,1,TRUE,Urban-dominated
3763,3630,0,0,37.06595,102.356194,1,Natural vegetation,1,Natural vegetation,0,0,0,0,1,0,FALSE,Natural-dominated
3764,4122,0,0,36.121257,101.009202,5,Other,1,Natural vegetation,0,0,0,0,1,0,FALSE,Natural-dominated
3767,1152,0,0,46.809606,130.361634,3,Urban,3,Urban,1,0,0,0,0,1,TRUE,Urban-dominated
3768,4740,0,0,50.420486,124.128555,3,Urban,3,Urban,1,0,0,0,0,1,TRUE,Urban-dominated
3769,4488,0,0,47.84086,128.83562,3,Urban,3,Urban,1,0,0,0,0,1,TRUE,Urban-dominated
3770,4170,0,0,49.372476,127.928958,2,Cropland,2,Cropland,0,0.75,0,0,0.25,0.75,TRUE,Ag-dominated
3771,2622,0,0,51.666357,126.620243,2,Cropland,2,Cropland,0,0.5,0.25,0,0.25,0.5,TRUE,Ag-dominated
3772,264,0,0,48.885439,130.392465,3,Urban,2,Cropland,0,1,0,0,0,1,TRUE,Ag-dominated
3773,3648,0,0,48.874699,125.288803,3,Urban,2,Cropland,0.5,0.5,0,0,0,1,TRUE,Urban-dominated
3775,12,0,0,48.525048,127.086814,5,Other,5,Other,0,0,1,0,0,0,FALSE,Mixed
3776,570,0,0,47.861712,125.457141,2,Cropland,2,Cropland,0,1,0,0,0,1,TRUE,Ag-dominated
3777,1932,0,0,45.877356,124.469417,1,Natural vegetation,1,Natural vegetation,0,0,0.333333333,0,0.666666667,0,FALSE,Natural-dominated
3779,1476,0,0,47.096761,122.896086,2,Cropland,2,Cropland,0,1,0,0,0,1,TRUE,Ag-dominated
3780,3498,0,0,48.442197,129.574798,3,Urban,1,Natural vegetation,0.25,0,0,0,0.75,0.25,FALSE,Natural-dominated
3781,3612,0,0,47.913029,123.500856,3,Urban,3,Urban,1,0,0,0,0,1,TRUE,Urban-dominated
3782,2520,0,0,44.556533,129.647051,3,Urban,3,Urban,0.75,0.25,0,0,0,1,TRUE,Urban-dominated
3783,4050,0,0,45.74691,126.680971,3,Urban,3,Urban,1,0,0,0,0,1,TRUE,Urban-dominated
3784,3348,0,0,46.924027,133.353365,1,Natural vegetation,1,Natural vegetation,0,0,0,0,1,0,FALSE,Natural-dominated
3786,1098,0,0,48.8890811,130.3980333,3,Urban,2,Cropland,0,0.666666667,0,0,0.333333333,0.666666667,TRUE,Ag-dominated
3789,3678,0,0,22.505995,103.966272,3,Urban,3,Urban,1,0,0,0,0,1,TRUE,Urban-dominated
3790,3462,0,0,23.227246,102.825559,3,Urban,3,Urban,1,0,0,0,0,1,TRUE,Urban-dominated
3800,3450,0,0,25.428822,99.342167,1,Natural vegetation,1,Natural vegetation,0,0,0,0,1,0,FALSE,Natural-dominated
3801,3222,0,0,25.7492,99.2347,1,Natural vegetation,3,Urban,1,0,0,0,0,1,TRUE,Urban-dominated
3806,2280,0,0,26.884715,100.426897,1,Natural vegetation,1,Natural vegetation,0,0,0,0,1,0,FALSE,Natural-dominated
3807,3276,0,0,26.452374,104.167562,1,Natural vegetation,1,Natural vegetation,0,0,0,0,1,0,FALSE,Natural-dominated
3814,1110,0,0,46.357501,121.91548,5,Other,1,Natural vegetation,0,0,0.5,0,0.5,0,FALSE,Natural-dominated
3817,2388,0,0,45.926269,122.236209,3,Urban,2,Cropland,0,0.75,0,0,0.25,0.75,TRUE,Ag-dominated
3819,2166,0,0,49.214612,125.07349,3,Urban,2,Cropland,0,1,0,0,0,1,TRUE,Ag-dominated
3821,1032,0,0,50.1992823,119.3613977,1,Natural vegetation,1,Natural vegetation,0,0,0,0,1,0,FALSE,Natural-dominated
3823,36,0,0,39.659091,115.499761,1,Natural vegetation,1,Natural vegetation,0,0,0,0,1,0,FALSE,Natural-dominated
3826,3318,0,0,42.095669,129.0034,2,Cropland,2,Cropland,0,0.75,0,0,0.25,0.75,TRUE,Ag-dominated
3828,3960,0,0,43.716348,125.37562,2,Cropland,2,Cropland,0,1,0,0,0,1,TRUE,Ag-dominated
3829,906,0,0,44.3011504,126.488645,2,Cropland,2,Cropland,0,1,0,0,0,1,TRUE,Ag-dominated
3871,4680,0,0,31.495596,118.368319,3,Urban,3,Urban,0.5,0,0.5,0,0,0.5,TRUE,Urban-dominated
3891,4626,0,0,35.545109,116.398556,2,Cropland,2,Cropland,0,1,0,0,0,1,TRUE,Ag-dominated
3892,642,0,0,36.4882979,115.2760986,2,Cropland,2,Cropland,0,1,0,0,0,1,TRUE,Ag-dominated
3903,4044,0,0,35.275713,112.641421,1,Natural vegetation,1,Natural vegetation,0,0,0,0,1,0,FALSE,Natural-dominated
3907,2730,0,0,35.661524,110.633701,3,Urban,3,Urban,1,0,0,0,0,1,TRUE,Urban-dominated
3911,4170,0,0,22.625011,114.021759,3,Urban,3,Urban,1,0,0,0,0,1,TRUE,Urban-dominated
3921,549,0,0,26.23545,110.741813,1,Natural vegetation,1,Natural vegetation,0,0,0,0,1,0,FALSE,Natural-dominated
3922,2682,0,0,38.379104,77.400724,1,Natural vegetation,2,Cropland,0,0.5,0.5,0,0,0.5,TRUE,Ag-dominated
3923,2154,0,0,39.492391,75.885192,2,Cropland,2,Cropland,0,0.75,0.25,0,0,0.75,TRUE,Ag-dominated
3924,2790,0,0,47.321782,87.942574,1,Natural vegetation,1,Natural vegetation,0,0.25,0,0,0.75,0.25,FALSE,Natural-dominated
3927,3624,0,0,43.652473,87.573626,5,Other,5,Other,0,0,1,0,0,0,FALSE,Mixed
3929,2124,0,0,43.796438,87.607432,3,Urban,3,Urban,1,0,0,0,0,1,TRUE,Urban-dominated
3932,90,0,0,33.187639,119.393936,2,Cropland,2,Cropland,0,1,0,0,0,1,TRUE,Ag-dominated
39321,26232,0,0,39.54975,-107.3301,3,Urban,1,Natural vegetation,0.25,0,0,0,0.75,0.25,FALSE,Natural-dominated
3938,36,0,0,31.2108663,119.914114,5,Other,2,Cropland,0,1,0,0,0,1,TRUE,Ag-dominated
3950,4524,0,0,28.296352,117.713131,3,Urban,1,Natural vegetation,0.5,0,0,0,0.5,0.5,TRUE,Urban-dominated
39531,29304,0,0,39.89416667,-83.2169444,1,Natural vegetation,1,Natural vegetation,0,0,0,0,1,0,FALSE,Natural-dominated
3959,4122,0,0,28.380294,117.886282,5,Other,1,Natural vegetation,0.25,0.25,0,0,0.5,0.5,TRUE,Natural-dominated
3970,1386,0,0,37.242002,114.365986,2,Cropland,2,Cropland,0,1,0,0,0,1,TRUE,Ag-dominated
3971,642,0,0,41.935244,117.275885,1,Natural vegetation,1,Natural vegetation,0,0,0,0,1,0,FALSE,Natural-dominated
3972,1518,0,0,40.748003,118.139283,2,Cropland,1,Natural vegetation,0.25,0,0,0,0.75,0.25,FALSE,Natural-dominated
3973,1800,0,0,40.748003,118.139283,2,Cropland,1,Natural vegetation,0.25,0,0,0,0.75,0.25,FALSE,Natural-dominated
3977,3966,0,0,40.980027,117.761063,2,Cropland,2,Cropland,0,1,0,0,0,1,TRUE,Ag-dominated
3983,4176,0,0,39.956513,119.793347,5,Other,5,Other,0,0,1,0,0,0,FALSE,Mixed
3988,4590,0,0,34.652664,110.906022,2,Cropland,2,Cropland,0,1,0,0,0,1,TRUE,Ag-dominated
3994,4386,0,0,36.090043,114.595831,2,Cropland,2,Cropland,0,1,0,0,0,1,TRUE,Ag-dominated
3995,4302,0,0,36.223898,113.755761,1,Natural vegetation,1,Natural vegetation,0,0,0,0,1,0,FALSE,Natural-dominated
3996,4002,0,0,33.013801,112.619984,3,Urban,3,Urban,1,0,0,0,0,1,TRUE,Urban-dominated
3998,3828,0,0,33.820669,113.581377,2,Cropland,2,Cropland,0,1,0,0,0,1,TRUE,Ag-dominated
4000,3276,0,0,34.9212315,112.4006733,5,Other,5,Other,0,0,1,0,0,0,FALSE,Mixed
4001,3204,0,0,35.939563,113.676228,1,Natural vegetation,1,Natural vegetation,0,0.25,0,0,0.75,0.25,FALSE,Natural-dominated
4004,4068,0,0,34.98639,113.518359,2,Cropland,2,Cropland,0,1,0,0,0,1,TRUE,Ag-dominated
4005,2274,0,0,34.343022,111.458961,2,Cropland,2,Cropland,0,1,0,0,0,1,TRUE,Ag-dominated
4006,2148,0,0,34.06456,111.087564,3,Urban,3,Urban,1,0,0,0,0,1,TRUE,Urban-dominated
4007,3954,0,0,33.085054,111.221863,1,Natural vegetation,2,Cropland,0,1,0,0,0,1,TRUE,Ag-dominated
4008,4074,0,0,33.243547,111.024888,3,Urban,2,Cropland,0,1,0,0,0,1,TRUE,Ag-dominated
4009,1266,0,0,33.136314,111.16439,1,Natural vegetation,2,Cropland,0,1,0,0,0,1,TRUE,Ag-dominated
4011,2790,0,0,34.387848,111.119843,1,Natural vegetation,1,Natural vegetation,0,0,0,0,1,0,FALSE,Natural-dominated
40151,15336,0,0,40.2575,-105.7997222,1,Natural vegetation,1,Natural vegetation,0,0,0,0,1,0,FALSE,Natural-dominated
401549,5616,0,0,-36.1691,148.02585,2,Cropland,2,Cropland,0,0.75,0,0,0.25,0.75,TRUE,Ag-dominated
4017,4302,0,0,35.601019,113.750164,2,Cropland,1,Natural vegetation,0,0,0,0,1,0,FALSE,Natural-dominated
402091282210020_,20616,0,0,39.2775,140.4,2,Cropland,2,Cropland,0,1,0,0,0,1,TRUE,Ag-dominated
4024000,56520,0,0,46.7032765,-92.4188018,3,Urban,1,Natural vegetation,0.25,0,0,0,0.75,0.25,FALSE,Natural-dominated
4026561,2568,0,0,46.3947222,-90.59,1,Natural vegetation,1,Natural vegetation,0,0,0,0,1,0,FALSE,Natural-dominated
4027000,100512,0,0,46.4866144,-90.696297,1,Natural vegetation,1,Natural vegetation,0,0,0,0,1,0,FALSE,Natural-dominated
4030,4086,0,0,27.784936,120.274093,1,Natural vegetation,1,Natural vegetation,0,0,0,0,1,0,FALSE,Natural-dominated
403021283322111_,3600,0,0,36.3711,140.5183,3,Urban,3,Urban,0.75,0.25,0,0,0,1,TRUE,Urban-dominated
403051283310140_,8208,0,0,35.5364,139.7081,3,Urban,3,Urban,1,0,0,0,0,1,TRUE,Urban-dominated
4032150,10032,0,0,46.69605696,-89.97406,1,Natural vegetation,1,Natural vegetation,0,0,0.25,0,0.75,0,FALSE,Natural-dominated
40325155,10584,0,0,46.83227778,-89.546,1,Natural vegetation,1,Natural vegetation,0,0,0.5,0,0.5,0,FALSE,Natural-dominated
4040000,59040,0,0,46.7207742,-89.207086,1,Natural vegetation,1,Natural vegetation,0,0,0,0,1,0,FALSE,Natural-dominated
4043016,3000,0,0,47.0840943,-88.5506792,1,Natural vegetation,2,Cropland,0,1,0,0,0,1,TRUE,Ag-dominated
4044,4284,0,0,32.180435,113.39884,2,Cropland,1,Natural vegetation,0,0.5,0,0,0.5,0.5,TRUE,Ag-dominated
4049,4398,0,0,30.507143,113.093585,2,Cropland,2,Cropland,0,1,0,0,0,1,TRUE,Ag-dominated
405091285515020_,25680,0,0,35.1081,136.7136,5,Other,3,Urban,1,0,0,0,0,1,TRUE,Urban-dominated
405091285515160_,55968,0,0,35.0833,136.695,5,Other,3,Urban,1,0,0,0,0,1,TRUE,Urban-dominated
4051,4698,0,0,31.645799,112.606746,2,Cropland,2,Cropland,0,0.75,0,0,0.25,0.75,TRUE,Ag-dominated
405101285514051_,2712,0,0,34.9019,136.595,3,Urban,3,Urban,1,0,0,0,0,1,TRUE,Urban-dominated
4052,4608,0,0,30.231899,109.494461,1,Natural vegetation,1,Natural vegetation,0,0,0,0,1,0,FALSE,Natural-dominated
4055,2832,0,0,32.71694,110.859346,1,Natural vegetation,1,Natural vegetation,0,0,0,0,1,0,FALSE,Natural-dominated
4056,3936,0,0,33.158044,110.035539,3,Urban,1,Natural vegetation,0,0.25,0,0,0.75,0.25,FALSE,Natural-dominated
4057,4590,0,0,31.054534,112.726799,2,Cropland,2,Cropland,0,1,0,0,0,1,TRUE,Ag-dominated
4057801,32424,0,0,46.49326948,-87.8679127,1,Natural vegetation,1,Natural vegetation,0,0,0,0,1,0,FALSE,Natural-dominated
4058,3468,0,0,30.552122,114.600261,5,Other,2,Cropland,0,0.5,0.5,0,0,0.5,TRUE,Ag-dominated
4059,4236,0,0,31.199489,112.581188,3,Urban,3,Urban,1,0,0,0,0,1,TRUE,Urban-dominated
4059500,73056,0,0,45.7549674,-87.2020793,1,Natural vegetation,1,Natural vegetation,0,0.25,0,0.25,0.5,0.25,FALSE,Natural-dominated
4060,408,0,0,31.086694,113.029547,2,Cropland,2,Cropland,0,1,0,0,0,1,TRUE,Ag-dominated
406041286603310_,59976,0,0,35.0819,135.9192,5,Other,5,Other,0,0,1,0,0,0,FALSE,Mixed
406041286603480_,53760,0,0,34.9394,135.9108,3,Urban,1,Natural vegetation,0.25,0.25,0,0,0.5,0.5,TRUE,Natural-dominated
4062,3750,0,0,32.787298,110.269339,5,Other,1,Natural vegetation,0,0,0,0,1,0,FALSE,Natural-dominated
4064,4644,0,0,30.554858,112.738881,2,Cropland,2,Cropland,0,1,0,0,0,1,TRUE,Ag-dominated
4066,4152,0,0,29.972589,111.939649,2,Cropland,2,Cropland,0,0.75,0,0,0.25,0.75,TRUE,Ag-dominated
4067500,110664,0,0,45.3258333,-87.6633333,1,Natural vegetation,1,Natural vegetation,0,0,0,0,1,0,FALSE,Natural-dominated
4068,4236,0,0,30.394359,113.427483,3,Urban,2,Cropland,0,1,0,0,0,1,TRUE,Ag-dominated
407071287715050_,30168,0,0,34.0636,131.5583,3,Urban,3,Urban,1,0,0,0,0,1,TRUE,Urban-dominated
4072,4818,0,0,29.862706,114.19535,2,Cropland,1,Natural vegetation,0,0,0,0,1,0,FALSE,Natural-dominated
4073,606,0,0,29.766525,113.854687,1,Natural vegetation,1,Natural vegetation,0,0,0,0,1,0,FALSE,Natural-dominated
408041288808020_,23304,0,0,33.5283,133.4299,5,Other,3,Urban,0.5,0.25,0,0,0.25,0.75,TRUE,Urban-dominated
4083,3228,0,0,29.484977,109.738754,1,Natural vegetation,1,Natural vegetation,0,0,0,0,1,0,FALSE,Natural-dominated
40851385,2232,0,0,44.5286111,-88.01,3,Urban,3,Urban,1,0,0,0,0,1,TRUE,Urban-dominated
4086,4530,0,0,26.178062,117.372355,1,Natural vegetation,1,Natural vegetation,0,0,0,0,1,0,FALSE,Natural-dominated
4087,4080,0,0,25.963816,119.239609,3,Urban,3,Urban,0.75,0,0.25,0,0,0.75,TRUE,Urban-dominated
4088,138,0,0,25.940286,119.241465,5,Other,3,Urban,0.75,0,0.25,0,0,0.75,TRUE,Urban-dominated
409001,3600,0,0,-36.09163611,146.9071167,3,Urban,3,Urban,0.5,0.25,0,0,0.25,0.75,TRUE,Urban-dominated
4092,3894,0,0,27.39656,107.706988,1,Natural vegetation,1,Natural vegetation,0,0,0,0,1,0,FALSE,Natural-dominated
4096,4128,0,0,26.517989,106.698497,3,Urban,3,Urban,0.75,0,0,0,0.25,0.75,TRUE,Urban-dominated
4098,3672,0,0,28.707484,107.99651,1,Natural vegetation,1,Natural vegetation,0,0,0,0,1,0,FALSE,Natural-dominated
4100,990,0,0,40.8774,122.274212,2,Cropland,2,Cropland,0,1,0,0,0,1,TRUE,Ag-dominated
4101,3822,0,0,40.453067,124.061637,3,Urban,3,Urban,0.75,0,0,0,0.25,0.75,TRUE,Urban-dominated
4101500,109296,0,0,41.8292138,-86.2597325,3,Urban,1,Natural vegetation,0.5,0,0,0,0.5,0.5,TRUE,Urban-dominated
4103,3444,0,0,41.986207,124.380704,1,Natural vegetation,1,Natural vegetation,0.25,0,0,0,0.75,0.25,FALSE,Natural-dominated
4105,4572,0,0,39.400898,121.669792,3,Urban,3,Urban,0.5,0,0.5,0,0,0.5,TRUE,Urban-dominated
4107,852,0,0,38.94363,121.57324,3,Urban,3,Urban,1,0,0,0,0,1,TRUE,Urban-dominated
4108,6,0,0,42.243274,124.036625,5,Other,1,Natural vegetation,0,0.25,0,0,0.75,0.25,FALSE,Natural-dominated
4108660,107568,0,0,42.65085976,-86.106703,1,Natural vegetation,2,Cropland,0,1,0,0,0,1,TRUE,Ag-dominated
4110,30,0,0,41.1048788,123.3651187,5,Other,5,Other,0,0,1,0,0,0,FALSE,Mixed
4114,4026,0,0,40.465339,124.654708,1,Natural vegetation,1,Natural vegetation,0,0,0,0,1,0,FALSE,Natural-dominated
41141,46896,0,0,41.23388889,-80.8233333,3,Urban,3,Urban,1,0,0,0,0,1,TRUE,Urban-dominated
4115,1302,0,0,40.99881,121.55659,2,Cropland,2,Cropland,0,1,0,0,0,1,TRUE,Ag-dominated
4116,3108,0,0,40.972106,121.987833,3,Urban,2,Cropland,0,1,0,0,0,1,TRUE,Ag-dominated
4117,210,0,0,42.024141,121.687474,3,Urban,3,Urban,1,0,0,0,0,1,TRUE,Urban-dominated
4118564,35064,0,0,43.02277778,-85.6608333,3,Urban,3,Urban,1,0,0,0,0,1,TRUE,Urban-dominated
4119400,106992,0,0,43.0241884,-86.0264354,5,Other,2,Cropland,0,0.75,0,0,0.25,0.75,TRUE,Ag-dominated
4121,4572,0,0,29.989201,108.360404,1,Natural vegetation,1,Natural vegetation,0,0,0,0,1,0,FALSE,Natural-dominated
41211,15408,0,0,41.3561111,-83.10388889,3,Urban,3,Urban,1,0,0,0,0,1,TRUE,Urban-dominated
4121650,86184,0,0,43.693634,-85.4675442,3,Urban,3,Urban,1,0,0,0,0,1,TRUE,Urban-dominated
4121944,84744,0,0,43.43085818,-85.5955989,1,Natural vegetation,1,Natural vegetation,0,0,0,0,1,0,FALSE,Natural-dominated
4124,4338,0,0,29.831884,106.421929,3,Urban,1,Natural vegetation,0.25,0.25,0,0,0.5,0.5,TRUE,Natural-dominated
4124000,74880,0,0,44.43639239,-85.6986792,1,Natural vegetation,1,Natural vegetation,0,0,0,0,1,0,FALSE,Natural-dominated
4124200,85896,0,0,44.3630596,-85.820905,1,Natural vegetation,1,Natural vegetation,0,0,0,0,1,0,FALSE,Natural-dominated
4125460,84312,0,0,44.19334009,-85.7697863,1,Natural vegetation,1,Natural vegetation,0,0,0,0,1,0,FALSE,Natural-dominated
4125550,81024,0,0,44.25944459,-85.9416248,5,Other,1,Natural vegetation,0,0,0,0,1,0,FALSE,Natural-dominated
4130,3822,0,0,31.334417,108.422913,2,Cropland,1,Natural vegetation,0,0.5,0,0,0.5,0.5,TRUE,Ag-dominated
41310024,3548,0,0,-34.3351,142.3473,1,Natural vegetation,1,Natural vegetation,0,0,0,0,1,0,FALSE,Natural-dominated
4136000,64296,0,0,44.6769593,-84.2925146,1,Natural vegetation,1,Natural vegetation,0,0,0,0,1,0,FALSE,Natural-dominated
41361,4272,0,0,41.61277778,-87.4336111,3,Urban,3,Urban,1,0,0,0,0,1,TRUE,Urban-dominated
4136500,64584,0,0,44.66001385,-84.1311167,1,Natural vegetation,1,Natural vegetation,0,0,0,0,1,0,FALSE,Natural-dominated
4136900,77712,0,0,44.61277537,-83.8376616,1,Natural vegetation,1,Natural vegetation,0,0,0,0,1,0,FALSE,Natural-dominated
4137005,71328,0,0,44.56084749,-83.802764,5,Other,5,Other,0,0,1,0,0,0,FALSE,Mixed
4137020,61944,0,0,44.46334886,-83.7213714,5,Other,1,Natural vegetation,0,0,0,0,1,0,FALSE,Natural-dominated
4137025,63816,0,0,44.4541823,-83.6744254,1,Natural vegetation,1,Natural vegetation,0,0,0,0,1,0,FALSE,Natural-dominated
4137500,117240,0,0,44.43640447,-83.4338609,1,Natural vegetation,1,Natural vegetation,0,0,0,0,1,0,FALSE,Natural-dominated
4138,4500,0,0,32.116549,108.426453,1,Natural vegetation,1,Natural vegetation,0,0,0,0,1,0,FALSE,Natural-dominated
4143,1668,0,0,29.567942,106.588306,3,Urban,3,Urban,1,0,0,0,0,1,TRUE,Urban-dominated
4144,1908,0,0,29.24257,106.103799,2,Cropland,2,Cropland,0,1,0,0,0,1,TRUE,Ag-dominated
4147,3744,0,0,29.367217,107.959745,1,Natural vegetation,1,Natural vegetation,0,0,0,0,1,0,FALSE,Natural-dominated
4151,3858,0,0,33.692346,110.328793,3,Urban,1,Natural vegetation,0,0.25,0,0,0.75,0.25,FALSE,Natural-dominated
4152,3996,0,0,34.255578,108.415865,3,Urban,2,Cropland,0.25,0.75,0,0,0,1,TRUE,Ag-dominated
4155,3906,0,0,34.340908,108.761697,3,Urban,3,Urban,0.75,0.25,0,0,0,1,TRUE,Urban-dominated
4157,3624,0,0,33.890881,109.908749,3,Urban,1,Natural vegetation,0.5,0,0,0,0.5,0.5,TRUE,Urban-dominated
4161,300,0,0,33.227866,110.067047,2,Cropland,1,Natural vegetation,0,0,0,0,1,0,FALSE,Natural-dominated
4161820,28080,0,0,42.6144781,-83.02659329,3,Urban,3,Urban,1,0,0,0,0,1,TRUE,Urban-dominated
4163,3438,0,0,34.081339,110.48559,2,Cropland,1,Natural vegetation,0,0,0,0,1,0,FALSE,Natural-dominated
4168,2316,0,0,36.620901,101.780199,3,Urban,3,Urban,1,0,0,0,0,1,TRUE,Urban-dominated
4173,3372,0,0,46.809606,130.361634,3,Urban,3,Urban,1,0,0,0,0,1,TRUE,Urban-dominated
4176500,111984,0,0,41.9606008,-83.53104619,2,Cropland,2,Cropland,0,1,0,0,0,1,TRUE,Ag-dominated
4178,2664,0,0,48.3653288,134.2871925,3,Urban,3,Urban,1,0,0,0,0,1,TRUE,Urban-dominated
4180,2994,0,0,45.901258,128.158834,2,Cropland,2,Cropland,0,1,0,0,0,1,TRUE,Ag-dominated
4181,1620,0,0,48.422633,124.301919,2,Cropland,2,Cropland,0,1,0,0,0,1,TRUE,Ag-dominated
4183,1584,0,0,46.771624,123.684912,1,Natural vegetation,2,Cropland,0,0.5,0.25,0,0.25,0.5,TRUE,Ag-dominated
4185,2772,0,0,47.364485,123.915962,3,Urban,3,Urban,0.5,0,0.25,0,0.25,0.5,TRUE,Urban-dominated
4188,3834,0,0,47.949987,123.40733,5,Other,2,Cropland,0,0.75,0.25,0,0,0.75,TRUE,Ag-dominated
4190,690,0,0,45.5358451,131.9635795,4,Wetland,2,Cropland,0,1,0,0,0,1,TRUE,Ag-dominated
419020,96,0,0,-30.70678611,150.7032861,2,Cropland,1,Natural vegetation,0,0,0,0,1,0,FALSE,Natural-dominated
419043,24,0,0,-30.58572778,150.6893694,1,Natural vegetation,1,Natural vegetation,0,0,0,0,1,0,FALSE,Natural-dominated
419056,2328,0,0,-30.64396667,150.6782278,2,Cropland,1,Natural vegetation,0,0.5,0,0,0.5,0.5,TRUE,Ag-dominated
4213152,62376,0,0,42.07388889,-80.2347222,1,Natural vegetation,5,Other,0,0,1,0,0,0,FALSE,Mixed
4213500,112512,0,0,42.46344444,-78.9345278,3,Urban,2,Cropland,0,0.75,0,0,0.25,0.75,TRUE,Ag-dominated
4218601,19176,0,0,43.17469444,-78.6890556,3,Urban,3,Urban,0.666666667,0,0,0,0.333333333,0.666666667,TRUE,Urban-dominated
4219768,37368,0,0,43.31380556,-78.7154167,2,Cropland,2,Cropland,0,0.75,0.25,0,0,0.75,TRUE,Ag-dominated
4219915,34896,0,0,43.3608333,-78.2645278,2,Cropland,2,Cropland,0,0.5,0.5,0,0,0.5,TRUE,Ag-dominated
422016550,36600,0,0,43.301,-78.3104444,2,Cropland,2,Cropland,0,1,0,0,0,1,TRUE,Ag-dominated
422018610,32688,0,0,43.35330556,-78.1930556,2,Cropland,2,Cropland,0,0.5,0.5,0,0,0.5,TRUE,Ag-dominated
4226000,25272,0,0,42.6824722,-77.8286944,2,Cropland,2,Cropland,0,1,0,0,0,1,TRUE,Ag-dominated
4231600,117648,0,0,43.1417222,-77.6163056,3,Urban,3,Urban,1,0,0,0,0,1,TRUE,Urban-dominated
4249000,114408,0,0,43.45166667,-76.50527778,3,Urban,5,Other,0.25,0,0.5,0,0.25,0.25,FALSE,Mixed
45271,36240,0,0,45.4586111,-123.1559167,2,Cropland,1,Natural vegetation,0,0,0,0,1,0,FALSE,Natural-dominated
45302,5784,0,0,45.50748056,-122.6666139,3,Urban,3,Urban,1,0,0,0,0,1,TRUE,Urban-dominated
45304,40056,0,0,45.510878,-123.115666,3,Urban,2,Cropland,0.5,0.5,0,0,0,1,TRUE,Urban-dominated
5082500,133440,0,0,47.9269234,-97.0292435,3,Urban,3,Urban,0.75,0.25,0,0,0,1,TRUE,Urban-dominated
5357206,17784,0,0,46.03277778,-89.6077778,1,Natural vegetation,1,Natural vegetation,0,0,0,0,1,0,FALSE,Natural-dominated
5420400,25032,0,0,41.8944725,-90.156793,5,Other,5,Other,0,0,1,0,0,0,FALSE,Mixed
5517500,67944,0,0,41.2200392,-86.968356,2,Cropland,2,Cropland,0,1,0,0,0,1,TRUE,Ag-dominated
5518000,72984,0,0,41.1828134,-87.3403096,2,Cropland,2,Cropland,0,1,0,0,0,1,TRUE,Ag-dominated
5538020,74688,0,0,41.5,-88.1069444,3,Urban,3,Urban,1,0,0,0,0,1,TRUE,Urban-dominated
5543010,66408,0,0,41.29988889,-88.6141944,2,Cropland,2,Cropland,0,1,0,0,0,1,TRUE,Ag-dominated
5568705,20376,0,0,40.3265833,-89.9141111,2,Cropland,2,Cropland,0,1,0,0,0,1,TRUE,Ag-dominated
5587498,1368,0,0,38.88730556,-90.184,5,Other,3,Urban,1,0,0,0,0,1,TRUE,Urban-dominated
6076590,13728,0,0,46.6784861,-111.1939194,2,Cropland,1,Natural vegetation,0,0.5,0,0,0.5,0.5,TRUE,Ag-dominated
6174500,4464,0,0,48.13005278,-106.3643139,2,Cropland,1,Natural vegetation,0,0.5,0,0,0.5,0.5,TRUE,Ag-dominated
6177000,4416,0,0,48.067325,-105.5330972,5,Other,1,Natural vegetation,0,0.5,0,0,0.5,0.5,TRUE,Ag-dominated
6197,2706,0,0,40.54447,81.2973,3,Urban,3,Urban,1,0,0,0,0,1,TRUE,Urban-dominated
6203,3348,0,0,41.8857,124.0815,3,Urban,3,Urban,0.5,0.25,0,0,0.25,0.75,TRUE,Urban-dominated
6204,3870,0,0,40.1157,124.39,5,Other,3,Urban,1,0,0,0,0,1,TRUE,Urban-dominated
6207,3690,0,0,42.565,130.5272,1,Natural vegetation,1,Natural vegetation,0,0.5,0,0,0.5,0.5,TRUE,Ag-dominated
6208,1878,0,0,45.5313,131.9585,4,Wetland,2,Cropland,0,1,0,0,0,1,TRUE,Ag-dominated
6209,2922,0,0,48.7083,130.5703,5,Other,1,Natural vegetation,0,0.25,0,0,0.75,0.25,FALSE,Natural-dominated
6210,174,0,0,53.4837,122.3591,5,Other,1,Natural vegetation,0.333333333,0,0,0,0.666666667,0.333333333,TRUE,Natural-dominated
6212,42,0,0,31.3789,120.2461,5,Other,5,Other,0,0,1,0,0,0,FALSE,Mixed
6220,3906,0,0,28.177,120.2003,1,Natural vegetation,1,Natural vegetation,0,0,0,0,1,0,FALSE,Natural-dominated
6236,3024,0,0,28.9406,116.4269,5,Other,5,Other,0,0,1,0,0,0,FALSE,Mixed
6241,3362,0,0,32.669,111.7053,1,Natural vegetation,2,Cropland,0,1,0,0,0,1,TRUE,Ag-dominated
6244,4413,0,0,30.5772,114.216,3,Urban,3,Urban,1,0,0,0,0,1,TRUE,Urban-dominated
6247,3822,0,0,29.1541,112.9886,5,Other,5,Other,0,0.25,0.5,0,0.25,0.25,FALSE,Mixed
6249,4092,0,0,28.913,112.1176,5,Other,5,Other,0,0,1,0,0,0,FALSE,Mixed
6250,3282,0,0,28.6168,112.3867,5,Other,5,Other,0,0,1,0,0,0,FALSE,Mixed
6252,3936,0,0,28.705,109.5954,1,Natural vegetation,1,Natural vegetation,0,0,0,0,1,0,FALSE,Natural-dominated
6254,3858,0,0,23.6832,113.0691,3,Urban,3,Urban,1,0,0,0,0,1,TRUE,Urban-dominated
6257,3366,0,0,23.4832,110.166,5,Other,2,Cropland,0,1,0,0,0,1,TRUE,Ag-dominated
6258,540,0,0,22.4671,106.5805,3,Urban,1,Natural vegetation,0,0,0,0,1,0,FALSE,Natural-dominated
6259,162,0,0,22.2183,106.7032,1,Natural vegetation,1,Natural vegetation,0,0,0,0,1,0,FALSE,Natural-dominated
6262,4171,0,0,28.7799,104.6233,3,Urban,3,Urban,0.5,0.25,0.25,0,0,0.75,TRUE,Urban-dominated
6263,3234,0,0,28.6078,105.7339,3,Urban,1,Natural vegetation,0.25,0.25,0,0,0.5,0.5,TRUE,Natural-dominated
6265,4122,0,0,24.89,102.7492,5,Other,3,Urban,0.5,0.25,0.25,0,0,0.75,TRUE,Urban-dominated
6267,3636,0,0,24.7355,98.971,1,Natural vegetation,1,Natural vegetation,0,0,0,0,1,0,FALSE,Natural-dominated
6271,1590,0,0,29.4782,94.6247,5,Other,1,Natural vegetation,0,0,0,0.5,0.5,0,FALSE,Natural-dominated
6332,1788,0,0,40.5317,109.9147,1,Natural vegetation,1,Natural vegetation,0.333333333,0.333333333,0,0,0.333333333,0.666666667,TRUE,Mixed
6336000,15360,0,0,46.9180722,-103.5303444,1,Natural vegetation,1,Natural vegetation,0,0,0,0,1,0,FALSE,Natural-dominated
6337,3240,0,0,45.3245,124.7062,2,Cropland,1,Natural vegetation,0,0.5,0,0,0.5,0.5,TRUE,Ag-dominated
6339,48,0,0,45.2537,132.0127,5,Other,4,Wetland,0,0,0,1,0,0,FALSE,Mixed
6340,180,0,0,45.0598,132.8526,4,Wetland,5,Other,0,0.25,0.5,0,0.25,0.25,FALSE,Mixed
6340590,14160,0,0,47.3580547,-101.3976595,2,Cropland,2,Cropland,0,0.75,0.25,0,0,0.75,TRUE,Ag-dominated
6347,2886,0,0,32.1658,109.5825,1,Natural vegetation,1,Natural vegetation,0,0,0,0,1,0,FALSE,Natural-dominated
6356,2562,0,0,29.2076,115.4868,5,Other,1,Natural vegetation,0,0,0.25,0,0.75,0,FALSE,Natural-dominated
6360,2850,0,0,40.619,118.1416,1,Natural vegetation,1,Natural vegetation,0,0,0,0,1,0,FALSE,Natural-dominated
6362,2256,0,0,37.6493,115.6312,5,Other,2,Cropland,0,0.75,0.25,0,0,0.75,TRUE,Ag-dominated
6372,2910,0,0,42.8658,129.6342,2,Cropland,1,Natural vegetation,0,0,0.25,0,0.75,0,FALSE,Natural-dominated
6375,2220,0,0,46.5751,129.834,5,Other,2,Cropland,0,1,0,0,0,1,TRUE,Ag-dominated
6380,2694,0,0,29.5071,119.212,5,Other,1,Natural vegetation,0,0,0,0,1,0,FALSE,Natural-dominated
6386,2898,0,0,30.3723,118.0149,5,Other,1,Natural vegetation,0,0,0.5,0,0.5,0,FALSE,Natural-dominated
6388,2730,0,0,30.669,117.46,3,Urban,3,Urban,1,0,0,0,0,1,TRUE,Urban-dominated
6391,2814,0,0,25.1817,118.4147,5,Other,1,Natural vegetation,0,0,0,0,1,0,FALSE,Natural-dominated
6392,2574,0,0,25.4639,116.2935,1,Natural vegetation,1,Natural vegetation,0,0,0,0,1,0,FALSE,Natural-dominated
6393,2766,0,0,27.7532,114.7049,5,Other,1,Natural vegetation,0,0,0.25,0,0.75,0,FALSE,Natural-dominated
6394,462,0,0,28.7348,114.2951,1,Natural vegetation,1,Natural vegetation,0,0,0,0,1,0,FALSE,Natural-dominated
6406,2124,0,0,33.1537,111.1579,2,Cropland,2,Cropland,0,0.75,0,0,0.25,0.75,TRUE,Ag-dominated
6411,2868,0,0,30.2403,114.4533,5,Other,5,Other,0,0,1,0,0,0,FALSE,Mixed
6412,2748,0,0,32.5647,111.4826,5,Other,5,Other,0,0,1,0,0,0,FALSE,Mixed
6413,2802,0,0,30.9585,111.6822,2,Cropland,1,Natural vegetation,0,0,0.25,0,0.75,0,FALSE,Natural-dominated
6414,2784,0,0,30.5712,111.9617,3,Urban,2,Cropland,0,1,0,0,0,1,TRUE,Ag-dominated
6415,2808,0,0,30.431,111.4379,5,Other,2,Cropland,0,0.5,0.25,0,0.25,0.5,TRUE,Ag-dominated
6423,636,0,0,29.5884,111.2985,5,Other,1,Natural vegetation,0,0,0,0,1,0,FALSE,Natural-dominated
6427,2838,0,0,23.4143,114.6263,5,Other,1,Natural vegetation,0,0,0,0,1,0,FALSE,Natural-dominated
6427850,19320,0,0,44.5894282,-104.7038545,1,Natural vegetation,1,Natural vegetation,0,0,0,0,1,0,FALSE,Natural-dominated
6432,2646,0,0,18.4351,109.2399,1,Natural vegetation,1,Natural vegetation,0,0,0,0,1,0,FALSE,Natural-dominated
6433,2346,0,0,19.383,109.5534,5,Other,5,Other,0,0,0.75,0,0.25,0,FALSE,Mixed
6435,2772,0,0,18.9656,109.0124,5,Other,5,Other,0,0,0.75,0,0.25,0,FALSE,Mixed
6443,2796,0,0,29.9614,104.6532,1,Natural vegetation,2,Cropland,0,1,0,0,0,1,TRUE,Ag-dominated
6461500,25872,0,0,42.90207778,-100.3625278,1,Natural vegetation,1,Natural vegetation,0,0,0,0,1,0,FALSE,Natural-dominated
6478522,21144,0,0,42.76527778,-97.1725667,2,Cropland,2,Cropland,0,1,0,0,0,1,TRUE,Ag-dominated
6488,1464,0,0,30.3812,117.033,5,Other,5,Other,0,0,1,0,0,0,FALSE,Mixed
6490,1842,0,0,36.8995,109.0897,1,Natural vegetation,1,Natural vegetation,0,0,0,0,1,0,FALSE,Natural-dominated
6610505,95040,0,0,41.18916667,-95.8625,5,Other,1,Natural vegetation,0.25,0.25,0.25,0,0.25,0.5,TRUE,Mixed
6670500,18432,0,0,42.2005103,-104.5383548,1,Natural vegetation,1,Natural vegetation,0,0,0,0,1,0,FALSE,Natural-dominated
6707525,14304,0,0,39.41641667,-105.1510556,1,Natural vegetation,1,Natural vegetation,0,0,0,0,1,0,FALSE,Natural-dominated
6729470,15936,0,0,39.93244444,-105.3086667,1,Natural vegetation,1,Natural vegetation,0,0,0,0,1,0,FALSE,Natural-dominated
6796500,40536,0,0,41.32,-96.4038889,5,Other,2,Cropland,0,1,0,0,0,1,TRUE,Ag-dominated
6887000,28272,0,0,39.2372186,-96.5713918,2,Cropland,2,Cropland,0,1,0,0,0,1,TRUE,Ag-dominated
6892495,8688,0,0,38.97805556,-94.9227778,1,Natural vegetation,1,Natural vegetation,0,0,0,0,1,0,FALSE,Natural-dominated
6893100,8304,0,0,38.8422222,-94.6122222,2,Cropland,2,Cropland,0.25,0.5,0,0,0.25,0.75,TRUE,Ag-dominated
6894000,145368,0,0,39.1005609,-94.3005038,2,Cropland,2,Cropland,0,0.75,0,0,0.25,0.75,TRUE,Ag-dominated
6901500,17976,0,0,39.89594444,-93.2365278,2,Cropland,2,Cropland,0,1,0,0,0,1,TRUE,Ag-dominated
7020850,52056,0,0,37.30188889,-89.518,3,Urban,3,Urban,0.5,0.25,0.25,0,0,0.75,TRUE,Urban-dominated
7049000,21744,0,0,36.2,-93.855,1,Natural vegetation,1,Natural vegetation,0,0,0,0,1,0,FALSE,Natural-dominated
7054502,77664,0,0,36.3622222,-92.5863889,1,Natural vegetation,1,Natural vegetation,0,0,0,0,1,0,FALSE,Natural-dominated
7106000,103728,0,0,38.6016647,-104.6702503,1,Natural vegetation,1,Natural vegetation,0,0,0,0,1,0,FALSE,Natural-dominated
7144780,47304,0,0,37.8621972,-98.0137806,1,Natural vegetation,1,Natural vegetation,0,0,0,0,1,0,FALSE,Natural-dominated
7191288,17736,0,0,36.37925097,-94.936901,1,Natural vegetation,1,Natural vegetation,0,0,0,0,1,0,FALSE,Natural-dominated
7214550,2160,0,0,36.03521667,-105.3799833,1,Natural vegetation,1,Natural vegetation,0,0,0,0,1,0,FALSE,Natural-dominated
7218525,1848,0,0,35.77298889,-105.3044806,1,Natural vegetation,1,Natural vegetation,0,0,0,0,1,0,FALSE,Natural-dominated
7374000,11784,0,0,30.44566667,-91.1915556,3,Urban,3,Urban,1,0,0,0,0,1,TRUE,Urban-dominated
7381600,14232,0,0,29.6928482,-91.2119507,3,Urban,5,Other,0,0,1,0,0,0,FALSE,Mixed
8062500,125760,0,0,32.42652988,-96.4630415,2,Cropland,2,Cropland,0,1,0,0,0,1,TRUE,Ag-dominated
8067000,17952,0,0,30.05771539,-94.8182567,1,Natural vegetation,1,Natural vegetation,0,0,0,0,1,0,FALSE,Natural-dominated
8180800,49536,0,0,29.26218286,-98.5814074,1,Natural vegetation,1,Natural vegetation,0,0,0,0,1,0,FALSE,Natural-dominated
8317400,50784,0,0,35.618,-106.3239444,5,Other,1,Natural vegetation,0,0.25,0,0,0.75,0.25,FALSE,Natural-dominated
8380500,11880,0,0,35.65199444,-105.3188306,1,Natural vegetation,1,Natural vegetation,0,0,0,0,1,0,FALSE,Natural-dominated
8405400,29088,0,0,32.2359472,-104.1966472,1,Natural vegetation,1,Natural vegetation,0,0,0,0,1,0,FALSE,Natural-dominated
8447300,102816,0,0,30.314,-101.7415556,1,Natural vegetation,1,Natural vegetation,0,0,0,0,1,0,FALSE,Natural-dominated
8447410,105912,0,0,29.8029823,-101.4462223,1,Natural vegetation,1,Natural vegetation,0,0,0,0,1,0,FALSE,Natural-dominated
8449000,21624,0,0,29.96353604,-101.1453849,1,Natural vegetation,1,Natural vegetation,0,0,0,0,1,0,FALSE,Natural-dominated
9010500,10320,0,0,40.32581784,-105.8566791,1,Natural vegetation,1,Natural vegetation,0,0,0,0,1,0,FALSE,Natural-dominated
9013500,10896,0,0,40.23637409,-105.7983437,1,Natural vegetation,1,Natural vegetation,0,0,0,0,1,0,FALSE,Natural-dominated
9020500,13368,0,0,40.15579444,-105.9805639,1,Natural vegetation,1,Natural vegetation,0,0,0,0,1,0,FALSE,Natural-dominated
9027100,13512,0,0,39.9903333,-105.8297778,1,Natural vegetation,1,Natural vegetation,0,0,0,0,1,0,FALSE,Natural-dominated
9034250,13416,0,0,40.108319,-106.0041847,1,Natural vegetation,1,Natural vegetation,0,0,0,0,1,0,FALSE,Natural-dominated
9040500,13704,0,0,40.05866389,-106.3051778,1,Natural vegetation,1,Natural vegetation,0,0,0,0,1,0,FALSE,Natural-dominated
9058000,10776,0,0,40.03665248,-106.4400324,1,Natural vegetation,1,Natural vegetation,0,0,0,0,1,0,FALSE,Natural-dominated
9060799,20016,0,0,39.8911,-106.8316944,1,Natural vegetation,1,Natural vegetation,0,0,0,0,1,0,FALSE,Natural-dominated
9070500,30960,0,0,39.6446111,-107.0780139,1,Natural vegetation,1,Natural vegetation,0,0,0,0,1,0,FALSE,Natural-dominated
9071750,33744,0,0,39.5588711,-107.2908874,1,Natural vegetation,1,Natural vegetation,0,0,0,0,1,0,FALSE,Natural-dominated
9085000,30384,0,0,39.54666667,-107.3308333,3,Urban,1,Natural vegetation,0.25,0,0,0,0.75,0.25,FALSE,Natural-dominated
9085150,34416,0,0,39.56166667,-107.4066667,1,Natural vegetation,1,Natural vegetation,0,0,0,0,1,0,FALSE,Natural-dominated
9085160,24,0,0,39.56527778,-107.4172222,1,Natural vegetation,1,Natural vegetation,0,0,0,0,1,0,FALSE,Natural-dominated
9092570,13272,0,0,39.49414529,-107.9389593,1,Natural vegetation,1,Natural vegetation,0,0,0,0,1,0,FALSE,Natural-dominated
9114500,15264,0,0,38.54193567,-106.9497661,3,Urban,1,Natural vegetation,0.25,0,0,0,0.75,0.25,FALSE,Natural-dominated
9136100,28920,0,0,38.78516667,-107.8334167,1,Natural vegetation,1,Natural vegetation,0,0,0,0,1,0,FALSE,Natural-dominated
9144250,29256,0,0,38.75303944,-108.078403,3,Urban,2,Cropland,0,0.5,0.5,0,0,0.5,TRUE,Ag-dominated
9149500,29160,0,0,38.74194444,-108.0804167,3,Urban,2,Cropland,0,1,0,0,0,1,TRUE,Ag-dominated
9152500,28704,0,0,38.98331575,-108.4506446,1,Natural vegetation,1,Natural vegetation,0,0,0.25,0,0.75,0,FALSE,Natural-dominated
9163500,29496,0,0,39.13276047,-109.0270546,1,Natural vegetation,1,Natural vegetation,0,0,0,0,1,0,FALSE,Natural-dominated
9180500,24552,0,0,38.81054095,-109.2934493,1,Natural vegetation,1,Natural vegetation,0,0,0,0,1,0,FALSE,Natural-dominated
9261000,23760,0,0,40.4093915,-109.2354283,2,Cropland,1,Natural vegetation,0,0,0,0,1,0,FALSE,Natural-dominated
9315000,27192,0,0,38.9860831,-110.1512475,3,Urban,1,Natural vegetation,0,0.25,0.25,0,0.5,0.25,FALSE,Natural-dominated
9380000,5424,0,0,36.8643333,-111.5878722,1,Natural vegetation,1,Natural vegetation,0,0,0.5,0,0.5,0,FALSE,Natural-dominated
9429490,9768,0,0,32.8849361,-114.468111,3,Urban,1,Natural vegetation,0,0,0,0,1,0,FALSE,Natural-dominated
9504950,2256,0,0,34.6116972,-111.8984306,1,Natural vegetation,1,Natural vegetation,0,0,0,0,1,0,FALSE,Natural-dominated
9510000,9576,0,0,33.80837509,-111.6634729,1,Natural vegetation,1,Natural vegetation,0,0,0,0,1,0,FALSE,Natural-dominated
A2391101,1104,0,0,-36.578322,139.892183,4,Wetland,2,Cropland,0,0.75,0,0,0.25,0.75,TRUE,Ag-dominated
A2391149,717,0,0,-36.586391,140.023176,1,Natural vegetation,1,Natural vegetation,0,0.25,0,0,0.75,0.25,FALSE,Natural-dominated
A2391185,144,0,0,-37.147386,139.918731,1,Natural vegetation,1,Natural vegetation,0,0.5,0,0,0.5,0.5,TRUE,Ag-dominated
A4260652,25344,0,0,-34.164663,140.34276,4,Wetland,1,Natural vegetation,0,0,0,0,1,0,FALSE,Natural-dominated
A4260704,12360,0,0,-34.023928,140.844545,1,Natural vegetation,1,Natural vegetation,0,0.25,0,0,0.75,0.25,FALSE,Natural-dominated
A4261135,96,0,0,-35.695657,139.161785,5,Other,1,Natural vegetation,0,0,0,0,1,0,FALSE,Natural-dominated
A4261278,45312,0,0,-34.27097,140.62432,3,Urban,1,Natural vegetation,0,0,0,0.25,0.75,0,FALSE,Natural-dominated
A4261791,14232,0,0,-34.02934,140.98738,1,Natural vegetation,1,Natural vegetation,0,0.25,0.25,0,0.5,0.25,FALSE,Natural-dominated
A4261809,168,0,0,-34.19591,140.42724,5,Other,1,Natural vegetation,0,0,0.333333333,0,0.666666667,0,FALSE,Natural-dominated
AND,0,0,0,46.253409,7.109632,1,Natural vegetation,1,Natural vegetation,0,0,0,0,1,0,FALSE,Natural-dominated
ANU,0,0,0,46.231599,7.101972,1,Natural vegetation,1,Natural vegetation,0,0,0.5,0,0.5,0,FALSE,Natural-dominated
ardevel amont vernus,4800,0,0,46.143176,4.650175,1,Natural vegetation,1,Natural vegetation,0,0,0,0,1,0,FALSE,Natural-dominated
ardieres amont morcilles,4992,0,0,46.1259744,4.7008734,2,Cropland,1,Natural vegetation,0,0.25,0,0,0.75,0.25,FALSE,Natural-dominated
ardieres amont rochefort,5040,0,0,46.1843956,4.549346,1,Natural vegetation,1,Natural vegetation,0,0,0,0,1,0,FALSE,Natural-dominated
ardieres amont st didier,5040,0,0,46.1659543,4.5680373,1,Natural vegetation,1,Natural vegetation,0,0,0,0,1,0,FALSE,Natural-dominated
Avon_Knapp_Mill,14328,0,0,50.74896,-1.81136,3,Urban,3,Urban,0.5,0.25,0,0,0.25,0.75,TRUE,Urban-dominated
charbonnieres,4776,0,0,45.7582257,4.7554117,3,Urban,3,Urban,1,0,0,0,0,1,TRUE,Urban-dominated
Coise amont St Symphorien,3288,0,0,45.605031,4.38102,1,Natural vegetation,1,Natural vegetation,0,0,0,0,1,0,FALSE,Natural-dominated
Coise le Nézel,5088,0,0,45.627972,4.525581,2,Cropland,2,Cropland,0,1,0,0,0,1,TRUE,Ag-dominated
Coise Vaudragon,4992,0,0,45.625576,4.507024,2,Cropland,2,Cropland,0,1,0,0,0,1,TRUE,Ag-dominated
FED,0,0,0,45.905091,7.115597,1,Natural vegetation,1,Natural vegetation,0,0,0,0,1,0,FALSE,Natural-dominated
FEU,0,0,0,45.883084,7.130949,1,Natural vegetation,1,Natural vegetation,0,0,0.5,0,0.5,0,FALSE,Natural-dominated
FR,14352,0,0,41.8333,2.5,1,Natural vegetation,1,Natural vegetation,0,0,0,0,1,0,FALSE,Natural-dominated
Le Potensinet,5064,0,0,45.628619,4.525674,2,Cropland,2,Cropland,0,1,0,0,0,1,TRUE,Ag-dominated
les presles,4752,0,0,45.755424,4.6689631,1,Natural vegetation,2,Cropland,0.5,0.5,0,0,0,1,TRUE,Urban-dominated
Leven_Newby_Bridge,55584,0,0,54.2682,-2.9752,1,Natural vegetation,1,Natural vegetation,0,0,0,0,1,0,FALSE,Natural-dominated
Lignon St Etienne le Molard,6144,0,0,45.722039,4.094749,2,Cropland,1,Natural vegetation,0,0.5,0,0,0.5,0.5,TRUE,Ag-dominated
M1,0,0,0,68.3464,18.9542,1,Natural vegetation,1,Natural vegetation,0,0,0,0,1,0,FALSE,Natural-dominated
M10,0,0,0,68.3012,18.9459,1,Natural vegetation,1,Natural vegetation,0,0,0,0,1,0,FALSE,Natural-dominated
M16,0,0,0,68.3426,18.9511,1,Natural vegetation,1,Natural vegetation,0,0,0,0,1,0,FALSE,Natural-dominated
M17,0,0,0,68.3108,18.9223,1,Natural vegetation,1,Natural vegetation,0,0,0,0,1,0,FALSE,Natural-dominated
M6,0,0,0,68.3051,18.9149,1,Natural vegetation,1,Natural vegetation,0,0,0,0,1,0,FALSE,Natural-dominated
M9,0,0,0,68.301,18.9444,1,Natural vegetation,1,Natural vegetation,0,0,0,0,1,0,FALSE,Natural-dominated
mercier amont ratier,4992,0,0,45.7565375,4.699425,1,Natural vegetation,2,Cropland,0.5,0.5,0,0,0,1,TRUE,Urban-dominated
PEU,0,0,0,45.893655,7.107973,1,Natural vegetation,1,Natural vegetation,0,0,0.5,0,0.5,0,FALSE,Natural-dominated
ratier,4824,0,0,45.7567226,4.6994699,1,Natural vegetation,2,Cropland,0.5,0.5,0,0,0,1,TRUE,Urban-dominated
ribes,4896,0,0,45.7559644,4.7436197,3,Urban,3,Urban,0.75,0.25,0,0,0,1,TRUE,Urban-dominated
RIC,0,0,0,46.253521,7.110105,1,Natural vegetation,1,Natural vegetation,0,0,0,0,1,0,FALSE,Natural-dominated
rochefort,5040,0,0,46.18427,4.5496659,1,Natural vegetation,1,Natural vegetation,0,0,0,0,1,0,FALSE,Natural-dominated
Ruisseau de Violay,4992,0,0,45.826981,4.368869,1,Natural vegetation,1,Natural vegetation,0,0,0,0,1,0,FALSE,Natural-dominated
samsons amont thielas,5040,0,0,46.1105995,4.6112859,1,Natural vegetation,1,Natural vegetation,0,0,0,0,1,0,FALSE,Natural-dominated
Taplow,11136,0,0,51.557559,-0.615023,3,Urban,1,Natural vegetation,0,0,0,0,1,0,FALSE,Natural-dominated
VAD,0,0,0,45.935034,7.226898,1,Natural vegetation,1,Natural vegetation,0,0,0.25,0,0.75,0,FALSE,Natural-dominated
VAU,0,0,0,45.929509,7.244578,1,Natural vegetation,1,Natural vegetation,0,0,0,0,1,0,FALSE,Natural-dominated
vauxonne amont sallarin,5040,0,0,46.0549003,4.6509092,1,Natural vegetation,1,Natural vegetation,0,0,0,0,1,0,FALSE,Natural-dominated
VEL,0,0,0,45.92677,7.24452,1,Natural vegetation,1,Natural vegetation,0,0,0.5,0,0.5,0,FALSE,Natural-dominated
VID,0,0,0,46.159321,6.814734,1,Natural vegetation,1,Natural vegetation,0,0,0,0,1,0,FALSE,Natural-dominated
VIM,0,0,0,46.157014,6.801199,1,Natural vegetation,1,Natural vegetation,0,0,0,0,1,0,FALSE,Natural-dominated
VIU,0,0,0,46.154945,6.8002,1,Natural vegetation,1,Natural vegetation,0,0,0,0,1,0,FALSE,Natural-dominated
Windsor,14760,0,0,51.441559,-0.554023,1,Natural vegetation,1,Natural vegetation,0,0,0,0,1,0,FALSE,Natural-dominated
yzeron amont miloniere,4824,0,0,45.7177929,4.6293654,1,Natural vegetation,1,Natural vegetation,0.25,0.25,0,0,0.5,0.5,TRUE,Natural-dominated
yzeron amont thiollet,4992,0,0,45.7146207,4.5748122,1,Natural vegetation,1,Natural vegetation,0,0,0,0,1,0,FALSE,Natural-dominated
405091285502850_,152304,1,6.57E-04,35.3614,136.7569,3,Urban,3,Urban,1,0,0,0,0,1,TRUE,Urban-dominated
7109500,132144,2,0.0015135,38.24805799,-104.3991356,1,Natural vegetation,1,Natural vegetation,0,0,0,0,1,0,FALSE,Natural-dominated
7177500,131712,2,0.001518465,36.27842534,-95.954162,1,Natural vegetation,1,Natural vegetation,0,0,0,0,1,0,FALSE,Natural-dominated
3612600,54720,1,0.001827485,37.17921867,-89.058404,5,Other,2,Cropland,0,0.5,0.25,0.25,0,0.5,TRUE,Ag-dominated
214244102,51336,1,0.001947951,35.75719444,-81.08915,1,Natural vegetation,1,Natural vegetation,0,0,0,0,1,0,FALSE,Natural-dominated
2336300,126936,3,0.002363396,33.82030556,-84.40763889,3,Urban,3,Urban,1,0,0,0,0,1,TRUE,Urban-dominated
2207160,77184,2,0.002591211,33.77327778,-84.0771667,3,Urban,1,Natural vegetation,0.5,0,0,0,0.5,0.5,TRUE,Urban-dominated
4220223,37056,1,0.002698618,43.3390833,-77.9152222,2,Cropland,2,Cropland,0,1,0,0,0,1,TRUE,Ag-dominated
1611500,97080,3,0.003090235,39.5823158,-78.3097312,1,Natural vegetation,1,Natural vegetation,0,0,0,0,1,0,FALSE,Natural-dominated
14151000,32328,1,0.003093294,43.94429299,-122.774794,1,Natural vegetation,1,Natural vegetation,0,0,0,0,1,0,FALSE,Natural-dominated
407051287711030_,30744,1,0.003252667,34.8169,132.8342,1,Natural vegetation,1,Natural vegetation,0,0,0,0,1,0,FALSE,Natural-dominated
7178200,52992,2,0.003774155,36.2231514,-95.8194322,3,Urban,1,Natural vegetation,0.5,0,0,0,0.5,0.5,TRUE,Urban-dominated
406041286618020_,26088,1,0.00383318,34.8789,135.8467,1,Natural vegetation,1,Natural vegetation,0,0,0,0,1,0,FALSE,Natural-dominated
1477050,102216,4,0.003913282,39.83677934,-75.36630199,5,Other,5,Other,0,0,1,0,0,0,FALSE,Mixed
1646000,99816,4,0.004007374,38.97594346,-77.24581439,1,Natural vegetation,1,Natural vegetation,0.25,0,0,0,0.75,0.25,FALSE,Natural-dominated
6856600,48336,2,0.004137703,39.3555515,-97.1275203,2,Cropland,2,Cropland,0,1,0,0,0,1,TRUE,Ag-dominated
2135000,94560,4,0.004230118,34.05675,-79.2477222,1,Natural vegetation,1,Natural vegetation,0,0,0,0.25,0.75,0,FALSE,Natural-dominated
2336728,138384,6,0.004335761,33.74352778,-84.5681667,3,Urban,3,Urban,1,0,0,0,0,1,TRUE,Urban-dominated
405061285512050_,40512,2,0.004936809,34.8106,137.4186,3,Urban,3,Urban,1,0,0,0,0,1,TRUE,Urban-dominated
406041286603430_,101136,5,0.004943838,35.0139,135.8603,3,Urban,5,Other,0.25,0,0.5,0,0.25,0.25,FALSE,Mixed
2337170,136488,7,0.005128656,33.65666667,-84.6736111,1,Natural vegetation,1,Natural vegetation,0,0,0,0,1,0,FALSE,Natural-dominated
5054000,136320,7,0.005134977,46.861075,-96.7836924,3,Urban,3,Urban,1,0,0,0,0,1,TRUE,Urban-dominated
4087170,76536,4,0.005226299,43.02444444,-87.8983333,3,Urban,3,Urban,1,0,0,0,0,1,TRUE,Urban-dominated
9406000,144312,8,0.005543545,37.2041494,-113.1807789,1,Natural vegetation,1,Natural vegetation,0,0,0,0,1,0,FALSE,Natural-dominated
405071285512040_,17592,1,0.005684402,34.8894,137.0583,3,Urban,3,Urban,1,0,0,0,0,1,TRUE,Urban-dominated
403031283305030_,31152,2,0.006420134,35.8458,139.8911,3,Urban,3,Urban,1,0,0,0,0,1,TRUE,Urban-dominated
3099500,44976,3,0.006670224,41.03672598,-80.5361815,3,Urban,1,Natural vegetation,0,0,0,0,1,0,FALSE,Natural-dominated
402011282218070_,84696,7,0.008264853,37.7272,140.4731,3,Urban,3,Urban,0.75,0,0,0,0.25,0.75,TRUE,Urban-dominated
402011282228070_,84696,7,0.008264853,37.3972,140.4864,2,Cropland,2,Cropland,0,1,0,0,0,1,TRUE,Ag-dominated
9095500,36000,3,0.008333333,39.2391463,-108.2661946,1,Natural vegetation,1,Natural vegetation,0,0,0,0,1,0,FALSE,Natural-dominated
4057800,11808,1,0.008468835,46.49910267,-87.8865238,1,Natural vegetation,1,Natural vegetation,0,0,0,0,1,0,FALSE,Natural-dominated
8188060,105576,9,0.008524665,28.84869444,-97.7371389,1,Natural vegetation,1,Natural vegetation,0,0.5,0,0,0.5,0.5,TRUE,Ag-dominated
2358000,56448,5,0.00885771,30.7010251,-84.8590871,5,Other,1,Natural vegetation,0,0,0,0,1,0,FALSE,Natural-dominated
343233905,78120,7,0.008960573,35.89984185,-86.8428894,1,Natural vegetation,3,Urban,0.5,0.25,0,0,0.25,0.75,TRUE,Urban-dominated
5406457,66360,6,0.009041591,43.1097222,-89.6408333,3,Urban,1,Natural vegetation,0,0.25,0,0,0.75,0.25,FALSE,Natural-dominated
2336360,139200,13,0.00933908,33.86916667,-84.37888889,3,Urban,3,Urban,1,0,0,0,0,1,TRUE,Urban-dominated
4157005,106704,10,0.00937172,43.4219699,-83.951918,3,Urban,3,Urban,1,0,0,0,0,1,TRUE,Urban-dominated
401081281107090_,50328,5,0.009934828,42.8078,143.5117,2,Cropland,2,Cropland,0,1,0,0,0,1,TRUE,Ag-dominated
2203900,104640,11,0.010512232,33.66577778,-84.224,3,Urban,1,Natural vegetation,0.5,0,0,0,0.5,0.5,TRUE,Urban-dominated
402101282209020_,63096,7,0.011094206,39.3536,140.0697,2,Cropland,2,Cropland,0.333333333,0.666666667,0,0,0,1,TRUE,Ag-dominated
404121284412020_,25632,3,0.01170412,36.4061,136.4872,3,Urban,2,Cropland,0.5,0.5,0,0,0,1,TRUE,Urban-dominated
405091285502120_,152088,18,0.011835253,35.2967,136.6711,5,Other,2,Cropland,0.25,0.5,0.25,0,0,0.75,TRUE,Ag-dominated
405111285514021_,57144,7,0.012249755,34.6467,136.5131,3,Urban,3,Urban,1,0,0,0,0,1,TRUE,Urban-dominated
7076000,97128,12,0.012354831,35.5172222,-91.9972222,1,Natural vegetation,1,Natural vegetation,0,0,0,0,1,0,FALSE,Natural-dominated
405091285515010_,55872,7,0.012528637,35.2261,136.6797,5,Other,5,Other,0,0,1,0,0,0,FALSE,Mixed
4087119,46320,6,0.012953368,43.0438333,-88.0051111,3,Urban,3,Urban,1,0,0,0,0,1,TRUE,Urban-dominated
1654500,89184,12,0.013455328,38.81358508,-77.2364549,3,Urban,3,Urban,1,0,0,0,0,1,TRUE,Urban-dominated
9037500,14568,2,0.01372872,40.0002,-106.1803667,1,Natural vegetation,1,Natural vegetation,0,0.333333333,0,0,0.666666667,0.333333333,TRUE,Natural-dominated
5524500,72480,10,0.013796909,40.87059306,-87.3066912,2,Cropland,2,Cropland,0,1,0,0,0,1,TRUE,Ag-dominated
5062130,35784,5,0.013972725,47.0926944,-96.8170556,2,Cropland,2,Cropland,0,1,0,0,0,1,TRUE,Ag-dominated
1574000,41472,6,0.014467593,40.0809008,-76.7180813,2,Cropland,2,Cropland,0,0.75,0.25,0,0,0.75,TRUE,Ag-dominated
8211200,135744,20,0.014733616,27.93779594,-97.7758308,2,Cropland,2,Cropland,0,0.5,0,0.5,0,0.5,TRUE,Ag-dominated
2394682,69936,11,0.015728666,34.0789722,-84.8544444,1,Natural vegetation,1,Natural vegetation,0,0,0,0,1,0,FALSE,Natural-dominated
404071284408030_,25176,4,0.015888147,36.7303,137.2828,2,Cropland,3,Urban,0.666666667,0.333333333,0,0,0,1,TRUE,Urban-dominated
2336120,143496,23,0.016028321,33.83155556,-84.3427778,3,Urban,3,Urban,1,0,0,0,0,1,TRUE,Urban-dominated
2129375,37416,6,0.01603592,34.8662583,-79.878925,1,Natural vegetation,1,Natural vegetation,0,0,0,0,1,0,FALSE,Natural-dominated
9379500,24720,4,0.01618123,37.15067778,-109.8666889,1,Natural vegetation,1,Natural vegetation,0,0,0,0,1,0,FALSE,Natural-dominated
3298150,92352,15,0.016242204,38.16006729,-85.5421797,1,Natural vegetation,1,Natural vegetation,0.25,0,0,0,0.75,0.25,FALSE,Natural-dominated
6888990,48960,8,0.016339869,39.07194435,-95.7163715,3,Urban,2,Cropland,0.5,0.5,0,0,0,1,TRUE,Urban-dominated
3431514,134304,22,0.016380748,36.1889717,-86.8283959,3,Urban,3,Urban,1,0,0,0,0,1,TRUE,Urban-dominated
6805500,78792,13,0.016499137,41.01497778,-96.1575,3,Urban,2,Cropland,0,1,0,0,0,1,TRUE,Ag-dominated
3417500,66480,11,0.01654633,36.5542507,-85.5143938,1,Natural vegetation,1,Natural vegetation,0,0,0,0,1,0,FALSE,Natural-dominated
6801000,23592,4,0.0169549,41.06225556,-96.3245139,5,Other,2,Cropland,0,1,0,0,0,1,TRUE,Ag-dominated
3292480,81600,14,0.017156863,38.3127635,-85.6261558,1,Natural vegetation,3,Urban,0.5,0,0.25,0,0.25,0.5,TRUE,Urban-dominated
12507573,11400,2,0.01754386,46.2852222,-120.0919944,2,Cropland,2,Cropland,0,1,0,0,0,1,TRUE,Ag-dominated
405091285502090_,55680,10,0.01795977,35.3619,136.6878,3,Urban,3,Urban,1,0,0,0,0,1,TRUE,Urban-dominated
3298000,91512,17,0.018576799,38.18840166,-85.460235,1,Natural vegetation,1,Natural vegetation,0,0,0,0,1,0,FALSE,Natural-dominated
2301500,37368,7,0.018732605,27.872248,-82.2112008,1,Natural vegetation,1,Natural vegetation,0.25,0,0,0,0.75,0.25,FALSE,Natural-dominated
3378500,46752,9,0.019250513,38.130879,-87.941419,2,Cropland,5,Other,0,0,1,0,0,0,FALSE,Mixed
2736,5124,1,0.019516003,30.913256,104.394305,5,Other,2,Cropland,0,1,0,0,0,1,TRUE,Ag-dominated
2502,5088,1,0.019654088,30.82326,119.780421,2,Cropland,2,Cropland,0.5,0.5,0,0,0,1,TRUE,Urban-dominated
thielas,5040,1,0.01984127,46.1103645,4.6113778,1,Natural vegetation,1,Natural vegetation,0,0,0,0,1,0,FALSE,Natural-dominated
402041282204010_,60096,12,0.019968051,39.835,141.1614,2,Cropland,2,Cropland,0,1,0,0,0,1,TRUE,Ag-dominated
2795,4994,1,0.020024029,31.065617,105.190887,5,Other,2,Cropland,0,1,0,0,0,1,TRUE,Ag-dominated
ratier amont ribes,4992,1,0.020032051,45.7558605,4.7437924,3,Urban,3,Urban,0.75,0.25,0,0,0,1,TRUE,Urban-dominated
mercier amont presles,4968,1,0.020128824,45.7549898,4.6686959,1,Natural vegetation,2,Cropland,0.5,0.5,0,0,0,1,TRUE,Urban-dominated
3477,4944,1,0.020226537,30.169848,114.668405,2,Cropland,2,Cropland,0,0.5,0.25,0,0.25,0.5,TRUE,Ag-dominated
3013,4908,1,0.020374898,23.103511,113.299762,3,Urban,3,Urban,1,0,0,0,0,1,TRUE,Urban-dominated
402011282228160_,88296,18,0.020385974,37.4142,140.4908,2,Cropland,2,Cropland,0.5,0.5,0,0,0,1,TRUE,Urban-dominated
4165500,107232,22,0.020516264,42.5958674,-82.90881,3,Urban,3,Urban,1,0,0,0,0,1,TRUE,Urban-dominated
3399,4818,1,0.0207555,20.03468,110.341344,3,Urban,3,Urban,1,0,0,0,0,1,TRUE,Urban-dominated
3469,4818,1,0.0207555,30.328291,114.606334,3,Urban,2,Cropland,0,0.5,0.5,0,0,0.5,TRUE,Ag-dominated
2573,4782,1,0.020911752,40.607377,120.762881,3,Urban,3,Urban,0.75,0,0.25,0,0,0.75,TRUE,Urban-dominated
2949,4782,1,0.020911752,29.905695,115.966227,2,Cropland,2,Cropland,0,1,0,0,0,1,TRUE,Ag-dominated
3225,4764,1,0.020990764,26.235491,114.492474,1,Natural vegetation,1,Natural vegetation,0,0,0,0,1,0,FALSE,Natural-dominated
2689,4746,1,0.021070375,40.309662,116.592811,5,Other,5,Other,0,0,1,0,0,0,FALSE,Mixed
2743,4734,1,0.021123785,28.46181,105.617896,1,Natural vegetation,1,Natural vegetation,0,0,0,0,1,0,FALSE,Natural-dominated
2971,4734,1,0.021123785,36.007278,112.369528,1,Natural vegetation,1,Natural vegetation,0,0.25,0,0,0.75,0.25,FALSE,Natural-dominated
2203655,136680,29,0.021217442,33.67891667,-84.35813889,3,Urban,3,Urban,1,0,0,0,0,1,TRUE,Urban-dominated
3401,4710,1,0.021231423,19.23792,108.90976,2,Cropland,2,Cropland,0,1,0,0,0,1,TRUE,Ag-dominated
3529,4698,1,0.021285653,27.674002,111.421332,3,Urban,3,Urban,1,0,0,0,0,1,TRUE,Urban-dominated
2100,4668,1,0.021422451,30.84969,120.418512,3,Urban,3,Urban,0.5,0.25,0,0,0.25,0.75,TRUE,Urban-dominated
2697,4650,1,0.021505376,40.430962,115.959848,2,Cropland,3,Urban,1,0,0,0,0,1,TRUE,Urban-dominated
4045,4626,1,0.021616948,30.236456,115.418687,3,Urban,3,Urban,1,0,0,0,0,1,TRUE,Urban-dominated
3151,4584,1,0.021815009,31.22454,119.850415,1,Natural vegetation,1,Natural vegetation,0,0.5,0,0,0.5,0.5,TRUE,Ag-dominated
3414002,22896,5,0.021837876,36.88405556,-85.12963889,2,Cropland,1,Natural vegetation,0,0,0,0,1,0,FALSE,Natural-dominated
2473,4578,1,0.0218436,28.687516,118.813398,1,Natural vegetation,1,Natural vegetation,0,0,0,0,1,0,FALSE,Natural-dominated
2485,4554,1,0.021958718,30.8909035,120.1005112,3,Urban,3,Urban,1,0,0,0,0,1,TRUE,Urban-dominated
3250,4548,1,0.021987687,41.014807,117.961347,3,Urban,3,Urban,1,0,0,0,0,1,TRUE,Urban-dominated
3967,4548,1,0.021987687,40.842139,118.073132,1,Natural vegetation,1,Natural vegetation,0.5,0,0,0,0.5,0.5,TRUE,Urban-dominated
3017,4542,1,0.022016733,23.557082,113.573502,3,Urban,3,Urban,0.5,0.25,0,0,0.25,0.75,TRUE,Urban-dominated
3214,4518,1,0.022133687,29.348431,117.805492,1,Natural vegetation,1,Natural vegetation,0,0,0,0,1,0,FALSE,Natural-dominated
2817,4502,1,0.02221235,26.5972815,101.5065686,5,Other,1,Natural vegetation,0,0,0,0,1,0,FALSE,Natural-dominated
2880,4494,1,0.022251891,31.549437,118.479184,3,Urban,2,Cropland,0.25,0.75,0,0,0,1,TRUE,Ag-dominated
3216,4476,1,0.022341376,28.330102,117.517337,2,Cropland,2,Cropland,0,1,0,0,0,1,TRUE,Ag-dominated
5435950,128496,29,0.022568796,42.94916667,-89.5441667,2,Cropland,2,Cropland,0,1,0,0,0,1,TRUE,Ag-dominated
3608,4428,1,0.022583559,27.647798,118.688747,1,Natural vegetation,1,Natural vegetation,0,0,0,0,1,0,FALSE,Natural-dominated
2280,4416,1,0.022644928,34.507991,118.195764,2,Cropland,3,Urban,1,0,0,0,0,1,TRUE,Urban-dominated
402111282216010_,70488,16,0.022698899,38.6642,140.2731,1,Natural vegetation,1,Natural vegetation,0,0,0,0,1,0,FALSE,Natural-dominated
4089,4404,1,0.02270663,24.981593,116.978429,1,Natural vegetation,1,Natural vegetation,0,0,0,0,1,0,FALSE,Natural-dominated
405091285515110_,61584,14,0.022733177,35.2711,136.6742,3,Urban,5,Other,0,0,1,0,0,0,FALSE,Mixed
3148,4392,1,0.02276867,31.452117,120.427174,3,Urban,3,Urban,1,0,0,0,0,1,TRUE,Urban-dominated
2363,4368,1,0.022893773,23.415838,111.174427,1,Natural vegetation,1,Natural vegetation,0,0,0,0,1,0,FALSE,Natural-dominated
3299,4362,1,0.022925264,35.222893,113.457855,3,Urban,2,Cropland,0.25,0.75,0,0,0,1,TRUE,Ag-dominated
3615,4350,1,0.022988506,26.057304,119.209604,3,Urban,5,Other,0,0,1,0,0,0,FALSE,Mixed
2357,4338,1,0.023052098,24.507607,108.884472,2,Cropland,2,Cropland,0,1,0,0,0,1,TRUE,Ag-dominated
2131,4332,1,0.023084026,20.009525,110.375224,4,Wetland,3,Urban,1,0,0,0,0,1,TRUE,Urban-dominated
3285,4332,1,0.023084026,40.349608,115.373872,3,Urban,2,Cropland,0,1,0,0,0,1,TRUE,Ag-dominated
3276,4314,1,0.023180343,38.269558,114.17444,3,Urban,2,Cropland,0.5,0.5,0,0,0,1,TRUE,Urban-dominated
3384,4308,1,0.023212628,28.691077,121.480529,5,Other,1,Natural vegetation,0.25,0.25,0.25,0,0.25,0.5,TRUE,Mixed
3204,4266,1,0.023441163,28.694779,116.71726,1,Natural vegetation,2,Cropland,0.25,0.75,0,0,0,1,TRUE,Ag-dominated
3342,4236,1,0.023607177,33.308204,113.525593,2,Cropland,3,Urban,1,0,0,0,0,1,TRUE,Urban-dominated
2561,4224,1,0.023674242,40.544025,120.708427,5,Other,3,Urban,0.5,0,0.5,0,0,0.5,TRUE,Urban-dominated
4165,4176,1,0.02394636,33.216619,107.952694,1,Natural vegetation,1,Natural vegetation,0,0,0,0,1,0,FALSE,Natural-dominated
3747,4152,1,0.024084778,34.341042,109.029633,3,Urban,3,Urban,1,0,0,0,0,1,TRUE,Urban-dominated
4069,4152,1,0.024084778,31.45536,112.424951,3,Urban,2,Cropland,0,0.666666667,0.333333333,0,0,0.666666667,TRUE,Ag-dominated
3274,4104,1,0.024366472,36.29222,114.171204,5,Other,2,Cropland,0,0.75,0.25,0,0,0.75,TRUE,Ag-dominated
2766,4086,1,0.024473813,30.381788,103.869644,2,Cropland,2,Cropland,0.25,0.5,0,0,0.25,0.75,TRUE,Ag-dominated
2364,4080,1,0.024509804,23.850452,109.516111,2,Cropland,3,Urban,1,0,0,0,0,1,TRUE,Urban-dominated
3688,4074,1,0.024545901,41.948698,124.130817,2,Cropland,1,Natural vegetation,0.25,0.25,0,0,0.5,0.5,TRUE,Natural-dominated
2738,4050,1,0.024691358,31.938295,106.016657,1,Natural vegetation,1,Natural vegetation,0,0,0,0,1,0,FALSE,Natural-dominated
8049500,129264,32,0.024755539,32.7625,-96.9944444,3,Urban,3,Urban,0.75,0,0,0,0.25,0.75,TRUE,Urban-dominated
3124,4026,1,0.024838549,31.211617,119.89146,3,Urban,2,Cropland,0,0.5,0.25,0,0.25,0.5,TRUE,Ag-dominated
3685,4026,1,0.024838549,39.781799,123.129198,2,Cropland,2,Cropland,0,1,0,0,0,1,TRUE,Ag-dominated
2760,4002,1,0.024987506,30.651651,104.075931,3,Urban,3,Urban,1,0,0,0,0,1,TRUE,Urban-dominated
2875,3996,1,0.025025025,31.095417,116.90207,1,Natural vegetation,1,Natural vegetation,0,0,0,0,1,0,FALSE,Natural-dominated
3849,3996,1,0.025025025,31.40885,107.240246,1,Natural vegetation,2,Cropland,0,1,0,0,0,1,TRUE,Ag-dominated
6255,3978,1,0.02513826,22.7836,108.1264,2,Cropland,2,Cropland,0,1,0,0,0,1,TRUE,Ag-dominated
2297,3966,1,0.025214322,37.075474,120.471352,2,Cropland,2,Cropland,0,1,0,0,0,1,TRUE,Ag-dominated
2456,3966,1,0.025214322,34.765515,113.753602,3,Urban,3,Urban,1,0,0,0,0,1,TRUE,Urban-dominated
3195,3960,1,0.025252525,28.251621,115.874299,2,Cropland,2,Cropland,0,1,0,0,0,1,TRUE,Ag-dominated
2472,3954,1,0.025290845,28.769243,118.659728,1,Natural vegetation,1,Natural vegetation,0.25,0.25,0,0,0.5,0.5,TRUE,Natural-dominated
2941,3948,1,0.025329281,31.539384,116.332494,2,Cropland,2,Cropland,0,1,0,0,0,1,TRUE,Ag-dominated
3534,3948,1,0.025329281,25.986252,109.782371,1,Natural vegetation,1,Natural vegetation,0,0,0,0,1,0,FALSE,Natural-dominated
2445,3942,1,0.025367834,29.6051759,116.1272585,5,Other,5,Other,0,0,1,0,0,0,FALSE,Mixed
2193,3930,1,0.025445293,32.262114,115.392074,2,Cropland,2,Cropland,0,1,0,0,0,1,TRUE,Ag-dominated
6238,3918,1,0.025523226,34.8042,117.1695,2,Cropland,2,Cropland,0,1,0,0,0,1,TRUE,Ag-dominated
2384,3912,1,0.025562372,31.744229,119.803875,2,Cropland,3,Urban,1,0,0,0,0,1,TRUE,Urban-dominated
2940,3912,1,0.025562372,31.589232,117.271944,2,Cropland,2,Cropland,0,1,0,0,0,1,TRUE,Ag-dominated
3682,3900,1,0.025641026,40.754672,120.59247,2,Cropland,2,Cropland,0,1,0,0,0,1,TRUE,Ag-dominated
2592,3894,1,0.025680534,27.17941,99.151708,1,Natural vegetation,1,Natural vegetation,0,0,0,0,1,0,FALSE,Natural-dominated
3385,3888,1,0.025720165,28.722889,119.366656,1,Natural vegetation,1,Natural vegetation,0,0,0,0,1,0,FALSE,Natural-dominated
2134,3876,1,0.025799794,34.183074,108.187798,2,Cropland,2,Cropland,0.25,0.75,0,0,0,1,TRUE,Ag-dominated
2650,3876,1,0.025799794,25.771733,103.920583,5,Other,1,Natural vegetation,0.25,0,0,0,0.75,0.25,FALSE,Natural-dominated
6199,3870,1,0.025839793,35.451425,109.462752,2,Cropland,1,Natural vegetation,0,0,0,0,1,0,FALSE,Natural-dominated
3078,3858,1,0.025920166,22.80351,108.925424,1,Natural vegetation,2,Cropland,0,1,0,0,0,1,TRUE,Ag-dominated
6330,3840,1,0.026041667,26.6586,106.8425,1,Natural vegetation,1,Natural vegetation,0,0,0,0,1,0,FALSE,Natural-dominated
2616,3834,1,0.02608242,23.262287,99.676621,1,Natural vegetation,1,Natural vegetation,0,0,0,0,1,0,FALSE,Natural-dominated
2169000,130320,34,0.026089626,34.0140416,-81.0878717,3,Urban,3,Urban,0.75,0,0.25,0,0,0.75,TRUE,Urban-dominated
2564,3810,1,0.026246719,40.317253,124.659946,2,Cropland,1,Natural vegetation,0,0.5,0,0,0.5,0.5,TRUE,Ag-dominated
2180,3804,1,0.026288118,31.391125,113.98047,2,Cropland,2,Cropland,0,1,0,0,0,1,TRUE,Ag-dominated
3754,3804,1,0.026288118,37.993818,109.854869,3,Urban,1,Natural vegetation,0,0,0,0,1,0,FALSE,Natural-dominated
4002,3798,1,0.026329647,35.227856,113.870157,2,Cropland,2,Cropland,0,1,0,0,0,1,TRUE,Ag-dominated
405081285505021_,90240,24,0.026595745,35.3256,137.2947,1,Natural vegetation,1,Natural vegetation,0,0,0,0,1,0,FALSE,Natural-dominated
225212,3744,1,0.026709402,-38.01068638,146.8810046,2,Cropland,2,Cropland,0,1,0,0,0,1,TRUE,Ag-dominated
3524,3738,1,0.026752274,27.712051,109.609609,1,Natural vegetation,1,Natural vegetation,0,0,0,0,1,0,FALSE,Natural-dominated
402111282214070_,59472,16,0.026903417,38.4203,140.3261,2,Cropland,2,Cropland,0.25,0.5,0,0,0.25,0.75,TRUE,Ag-dominated
3990,3696,1,0.027056277,34.691727,112.318621,3,Urban,2,Cropland,0.5,0.5,0,0,0,1,TRUE,Urban-dominated
3654,3690,1,0.027100271,24.871249,104.586066,1,Natural vegetation,1,Natural vegetation,0,0,0,0,1,0,FALSE,Natural-dominated
2647,3684,1,0.027144408,24.85047,101.999503,1,Natural vegetation,1,Natural vegetation,0,0,0,0,1,0,FALSE,Natural-dominated
405091285515070_,51240,14,0.027322404,35.1867,136.63,3,Urban,5,Other,0,0,1,0,0,0,FALSE,Mixed
2794,3654,1,0.027367269,31.040764,106.862146,2,Cropland,1,Natural vegetation,0,0.5,0,0,0.5,0.5,TRUE,Ag-dominated
4183500,47424,13,0.027412281,41.19893889,-84.7444033,2,Cropland,2,Cropland,0,1,0,0,0,1,TRUE,Ag-dominated
406041286608010_,167568,46,0.027451542,34.855,135.415,3,Urban,3,Urban,1,0,0,0,0,1,TRUE,Urban-dominated
2136,3606,1,0.027731559,38.507579,110.896829,1,Natural vegetation,1,Natural vegetation,0,0,0,0,1,0,FALSE,Natural-dominated
3210,3595,1,0.027816412,28.540289,116.780174,1,Natural vegetation,1,Natural vegetation,0,0,0,0,1,0,FALSE,Natural-dominated
2643,3534,1,0.028296548,25.211904,102.47833,1,Natural vegetation,1,Natural vegetation,0.25,0,0,0,0.75,0.25,FALSE,Natural-dominated
402011282218040_,28152,8,0.028417164,37.4081,140.4094,3,Urban,2,Cropland,0.5,0.5,0,0,0,1,TRUE,Urban-dominated
2555,3498,1,0.028587764,26.768079,107.879014,2,Cropland,1,Natural vegetation,0,0.5,0,0,0.5,0.5,TRUE,Ag-dominated
2990,3468,1,0.028835063,35.802291,112.325978,2,Cropland,1,Natural vegetation,0,0.25,0,0,0.75,0.25,FALSE,Natural-dominated
2962,3456,1,0.028935185,36.467925,119.51198,5,Other,5,Other,0,0,1,0,0,0,FALSE,Mixed
3218,3444,1,0.029036005,25.283983,115.077844,1,Natural vegetation,1,Natural vegetation,0,0,0,0,1,0,FALSE,Natural-dominated
6893820,126768,37,0.029187177,39.0173611,-94.3872778,3,Urban,1,Natural vegetation,0,0,0,0,1,0,FALSE,Natural-dominated
3655,3372,1,0.029655991,26.09237,107.267217,1,Natural vegetation,1,Natural vegetation,0,0,0,0,1,0,FALSE,Natural-dominated
4160,3366,1,0.029708853,34.45589,109.005226,3,Urban,3,Urban,0.75,0,0.25,0,0,0.75,TRUE,Urban-dominated
3106,3216,1,0.031094527,42.871439,90.201337,3,Urban,3,Urban,1,0,0,0,0,1,TRUE,Urban-dominated
2554,3084,1,0.032425422,27.017328,108.63525,1,Natural vegetation,1,Natural vegetation,0,0,0,0,1,0,FALSE,Natural-dominated
6879150,12288,4,0.032552083,39.0902755,-96.7133394,2,Cropland,2,Cropland,0,1,0,0,0,1,TRUE,Ag-dominated
3292470,91608,30,0.032748232,38.36117864,-85.57459969,1,Natural vegetation,2,Cropland,0,1,0,0,0,1,TRUE,Ag-dominated
6343,3048,1,0.032808399,25.427,106.5798,1,Natural vegetation,1,Natural vegetation,0,0,0,0,1,0,FALSE,Natural-dominated
5586300,102960,34,0.033022533,39.63275,-90.6076667,5,Other,2,Cropland,0,1,0,0,0,1,TRUE,Ag-dominated
8188500,43488,15,0.034492274,28.6492861,-97.3848583,1,Natural vegetation,1,Natural vegetation,0,0.25,0,0,0.75,0.25,FALSE,Natural-dominated
135749950,31848,11,0.034539061,42.78569444,-73.7104167,3,Urban,1,Natural vegetation,0.5,0,0,0,0.5,0.5,TRUE,Urban-dominated
406041286606240_,136056,47,0.034544599,34.9075,135.7167,3,Urban,3,Urban,1,0,0,0,0,1,TRUE,Urban-dominated
2138520,51768,18,0.034770515,35.74125,-81.8352528,1,Natural vegetation,1,Natural vegetation,0,0,0,0,1,0,FALSE,Natural-dominated
7048600,60096,21,0.034944089,36.07305556,-94.0811111,1,Natural vegetation,1,Natural vegetation,0,0,0,0,1,0,FALSE,Natural-dominated
A4260702,22656,8,0.035310734,-34.062186,139.839139,2,Cropland,1,Natural vegetation,0,0,0,0,1,0,FALSE,Natural-dominated
6355,2826,1,0.035385704,28.6074,121.0616,5,Other,1,Natural vegetation,0,0,0.5,0,0.5,0,FALSE,Natural-dominated
404031284416310_,50760,18,0.035460993,36.2672,137.9436,1,Natural vegetation,3,Urban,1,0,0,0,0,1,TRUE,Urban-dominated
4184,2808,1,0.035612536,45.316643,132.585736,5,Other,5,Other,0,0,1,0,0,0,FALSE,Mixed
3292475,92448,33,0.035695742,38.3034027,-85.62801689,1,Natural vegetation,3,Urban,0.5,0,0.25,0,0.25,0.5,TRUE,Urban-dominated
406041286603170_,88344,32,0.036222041,35.2672,136.2225,5,Other,3,Urban,0.5,0,0.25,0,0.25,0.5,TRUE,Urban-dominated
2171645,120888,45,0.037224538,33.4275,-79.915,1,Natural vegetation,1,Natural vegetation,0,0,0,0,1,0,FALSE,Natural-dominated
6389,2682,1,0.037285608,31.1034,118.9031,5,Other,5,Other,0,0,0.75,0,0.25,0,FALSE,Mixed
2182,2628,1,0.03805175,28.950873,105.359266,1,Natural vegetation,1,Natural vegetation,0,0,0,0,1,0,FALSE,Natural-dominated
4041,2622,1,0.038138825,31.537412,114.68585,1,Natural vegetation,1,Natural vegetation,0,0,0,0,1,0,FALSE,Natural-dominated
2203603,134688,52,0.038607745,33.68388889,-84.4152778,3,Urban,3,Urban,1,0,0,0,0,1,TRUE,Urban-dominated
2123,2478,1,0.040355125,31.620979,119.021234,1,Natural vegetation,3,Urban,1,0,0,0,0,1,TRUE,Urban-dominated
2747,4932,2,0.0405515,30.499615,104.035727,3,Urban,3,Urban,0.75,0,0,0,0.25,0.75,TRUE,Urban-dominated
2844,2448,1,0.040849673,37.481685,105.563539,1,Natural vegetation,1,Natural vegetation,0,0,0,0,1,0,FALSE,Natural-dominated
2916,4884,2,0.040950041,32.407674,116.887689,5,Other,5,Other,0,0,1,0,0,0,FALSE,Mixed
8068500,133152,55,0.041306176,30.11049517,-95.4363275,3,Urban,1,Natural vegetation,0,0,0,0,1,0,FALSE,Natural-dominated
2929,4836,2,0.041356493,30.832508,117.091176,5,Other,5,Other,0,0,0.75,0.25,0,0,FALSE,Mixed
3208,4836,2,0.041356493,27.809566,114.968562,3,Urban,2,Cropland,0,1,0,0,0,1,TRUE,Ag-dominated
3186,4782,2,0.041823505,31.907854,120.204109,3,Urban,3,Urban,1,0,0,0,0,1,TRUE,Urban-dominated
3368,4782,2,0.041823505,31.123297,119.902583,3,Urban,2,Cropland,0,1,0,0,0,1,TRUE,Ag-dominated
3431083,142752,60,0.042030935,36.16394545,-86.699164,1,Natural vegetation,3,Urban,1,0,0,0,0,1,TRUE,Urban-dominated
3281,4752,2,0.042087542,39.615082,118.20546,3,Urban,3,Urban,1,0,0,0,0,1,TRUE,Urban-dominated
2890,4746,2,0.04214075,32.271894,116.220503,2,Cropland,2,Cropland,0,0.75,0.25,0,0,0.75,TRUE,Ag-dominated
2830,4740,2,0.042194093,40.037261,117.444056,5,Other,3,Urban,0.75,0,0,0.25,0,0.75,TRUE,Urban-dominated
3129,4734,2,0.042247571,34.639856,116.715063,5,Other,2,Cropland,0.5,0.5,0,0,0,1,TRUE,Urban-dominated
403031283303100_,66072,28,0.042378012,35.935,140.5503,3,Urban,2,Cropland,0.25,0.75,0,0,0,1,TRUE,Ag-dominated
4121970,112944,48,0.042498938,43.43474558,-85.6653239,5,Other,5,Other,0,0,1,0,0,0,FALSE,Mixed
3313,4692,2,0.042625746,36.07964,114.135423,1,Natural vegetation,3,Urban,0.75,0.25,0,0,0,1,TRUE,Urban-dominated
3917,4656,2,0.042955326,22.184873,113.416799,5,Other,5,Other,0,0,1,0,0,0,FALSE,Mixed
2932,4596,2,0.043516101,32.045256,116.621515,2,Cropland,2,Cropland,0,1,0,0,0,1,TRUE,Ag-dominated
2717,4584,2,0.043630017,43.342228,125.288981,3,Urban,3,Urban,1,0,0,0,0,1,TRUE,Urban-dominated
6198,2286,1,0.043744532,35.874223,94.566714,1,Natural vegetation,1,Natural vegetation,0,0,0,0,1,0,FALSE,Natural-dominated
2701,4524,2,0.044208665,41.722564,125.941497,3,Urban,3,Urban,1,0,0,0,0,1,TRUE,Urban-dominated
2409,4518,2,0.044267375,34.67746,119.151436,3,Urban,2,Cropland,0,1,0,0,0,1,TRUE,Ag-dominated
2354,2250,1,0.044444444,23.556576,110.390755,3,Urban,3,Urban,1,0,0,0,0,1,TRUE,Urban-dominated
3414,4500,2,0.044444444,18.272081,109.575045,3,Urban,1,Natural vegetation,0,0,0,0,1,0,FALSE,Natural-dominated
4082,4500,2,0.044444444,27.190669,111.536969,2,Cropland,2,Cropland,0,1,0,0,0,1,TRUE,Ag-dominated
2491,4488,2,0.04456328,30.736711,120.911908,2,Cropland,2,Cropland,0,1,0,0,0,1,TRUE,Ag-dominated
3236,4458,2,0.044863167,26.584506,114.51329,1,Natural vegetation,1,Natural vegetation,0,0,0,0,1,0,FALSE,Natural-dominated
3330,4440,2,0.045045045,32.167866,114.660307,2,Cropland,2,Cropland,0,1,0,0,0,1,TRUE,Ag-dominated
3659,4410,2,0.045351474,41.330582,123.154762,3,Urban,2,Cropland,0.5,0.5,0,0,0,1,TRUE,Urban-dominated
2111,4368,2,0.045787546,43.628448,126.308376,1,Natural vegetation,1,Natural vegetation,0,0.5,0,0,0.5,0.5,TRUE,Ag-dominated
3247,4368,2,0.045787546,40.616037,117.774843,1,Natural vegetation,1,Natural vegetation,0,0,0,0,1,0,FALSE,Natural-dominated
7061270,136512,63,0.046149789,37.55255556,-90.8424444,2,Cropland,1,Natural vegetation,0,0,0,0,1,0,FALSE,Natural-dominated
6348,2160,1,0.046296296,36.1678,103.483,3,Urban,1,Natural vegetation,0.25,0,0,0,0.75,0.25,FALSE,Natural-dominated
2463,4272,2,0.046816479,35.850782,113.931199,2,Cropland,2,Cropland,0,0.75,0,0,0.25,0.75,TRUE,Ag-dominated
3326,4266,2,0.046882325,33.722364,113.250862,3,Urban,3,Urban,0.75,0,0.25,0,0,0.75,TRUE,Urban-dominated
2572,4260,2,0.046948357,41.599141,120.69456,2,Cropland,1,Natural vegetation,0,0.25,0,0,0.75,0.25,FALSE,Natural-dominated
4187,2124,1,0.047080979,45.4936489,125.0451846,3,Urban,2,Cropland,0,0.5,0.5,0,0,0.5,TRUE,Ag-dominated
3207,4236,2,0.047214353,29.406277,116.62703,2,Cropland,2,Cropland,0,0.5,0.25,0,0.25,0.5,TRUE,Ag-dominated
2688,2112,1,0.047348485,39.899404,116.44061,3,Urban,3,Urban,1,0,0,0,0,1,TRUE,Urban-dominated
2489,4170,2,0.047961631,28.401886,119.538611,1,Natural vegetation,1,Natural vegetation,0,0,0,0,1,0,FALSE,Natural-dominated
2203873,91608,44,0.04803074,33.70941667,-84.2391667,3,Urban,3,Urban,1,0,0,0,0,1,TRUE,Urban-dominated
6711565,140496,68,0.048399954,39.66498738,-105.004149,3,Urban,3,Urban,1,0,0,0,0,1,TRUE,Urban-dominated
2207385,10320,5,0.048449612,33.81527778,-83.99013889,1,Natural vegetation,1,Natural vegetation,0,0,0,0,1,0,FALSE,Natural-dominated
3766,4110,2,0.0486618,44.780159,129.522687,1,Natural vegetation,2,Cropland,0,1,0,0,0,1,TRUE,Ag-dominated
11044000,106200,52,0.048964218,33.4739175,-117.1422536,1,Natural vegetation,3,Urban,0.75,0,0,0,0.25,0.75,TRUE,Urban-dominated
2195,4074,2,0.049091802,30.246073,109.493289,1,Natural vegetation,1,Natural vegetation,0.25,0.25,0,0,0.5,0.5,TRUE,Natural-dominated
3234,4056,2,0.049309665,28.675696,115.909228,3,Urban,3,Urban,1,0,0,0,0,1,TRUE,Urban-dominated
3487,2022,1,0.049455984,31.170363,115.004703,3,Urban,3,Urban,0.5,0.25,0.25,0,0,0.75,TRUE,Urban-dominated
2741,4032,2,0.049603175,29.106833,105.649307,2,Cropland,2,Cropland,0,0.75,0,0,0.25,0.75,TRUE,Ag-dominated
4046,4026,2,0.049677099,32.816347,110.777179,5,Other,5,Other,0,0,1,0,0,0,FALSE,Mixed
3226,2010,1,0.049751244,28.549469,115.935611,3,Urban,3,Urban,1,0,0,0,0,1,TRUE,Urban-dominated
3898,4014,2,0.04982561,35.13497,111.825047,2,Cropland,2,Cropland,0,1,0,0,0,1,TRUE,Ag-dominated
3212,3996,2,0.05005005,27.286929,115.507866,1,Natural vegetation,1,Natural vegetation,0,0,0,0,1,0,FALSE,Natural-dominated
406041286603270_,165288,83,0.050215382,35.1192,135.9419,3,Urban,3,Urban,1,0,0,0,0,1,TRUE,Urban-dominated
405071285512021_,93024,47,0.050524596,35.0022,137.1667,3,Urban,3,Urban,1,0,0,0,0,1,TRUE,Urban-dominated
2630,3942,2,0.050735667,24.111735,102.75097,3,Urban,3,Urban,1,0,0,0,0,1,TRUE,Urban-dominated
3638,3924,2,0.0509684,27.576213,107.191157,2,Cropland,1,Natural vegetation,0,0.5,0,0,0.5,0.5,TRUE,Ag-dominated
3705,3912,2,0.051124744,28.653371,108.637456,1,Natural vegetation,1,Natural vegetation,0,0,0,0,1,0,FALSE,Natural-dominated
2868,3906,2,0.051203277,31.016411,118.952277,2,Cropland,2,Cropland,0,0.5,0,0.25,0.25,0.5,TRUE,Ag-dominated
2915,3894,2,0.051361068,29.699942,118.293416,3,Urban,3,Urban,1,0,0,0,0,1,TRUE,Urban-dominated
403031283307130_,25104,13,0.051784576,36.2475,139.9983,2,Cropland,2,Cropland,0,1,0,0,0,1,TRUE,Ag-dominated
5051522,36288,19,0.052358907,46.65968548,-96.7959154,2,Cropland,2,Cropland,0,1,0,0,0,1,TRUE,Ag-dominated
3760,3804,2,0.052576236,36.980189,99.825521,1,Natural vegetation,1,Natural vegetation,0,0,0,0,1,0,FALSE,Natural-dominated
2742,3756,2,0.053248136,32.386776,105.739457,1,Natural vegetation,2,Cropland,0.25,0.5,0,0,0.25,0.75,TRUE,Ag-dominated
405131285514021_,56280,30,0.053304904,34.4892,136.6856,3,Urban,3,Urban,1,0,0,0,0,1,TRUE,Urban-dominated
4154,3744,2,0.053418803,34.353997,107.271763,3,Urban,3,Urban,1,0,0,0,0,1,TRUE,Urban-dominated
4104,3738,2,0.053504548,39.510908,122.475631,3,Urban,2,Cropland,0,1,0,0,0,1,TRUE,Ag-dominated
8068000,90504,49,0.054141253,30.24465738,-95.4571616,3,Urban,3,Urban,1,0,0,0,0,1,TRUE,Urban-dominated
3925,1830,1,0.054644809,40.506678,81.301296,3,Urban,2,Cropland,0,1,0,0,0,1,TRUE,Ag-dominated
402091282209020_,56256,31,0.055105233,39.6144,140.1558,5,Other,2,Cropland,0,1,0,0,0,1,TRUE,Ag-dominated
9041400,144480,80,0.055370986,40.10859628,-106.4139212,1,Natural vegetation,1,Natural vegetation,0,0,0,0,1,0,FALSE,Natural-dominated
402011282228040_,82680,46,0.055636188,37.4242,140.5247,2,Cropland,2,Cropland,0.25,0.75,0,0,0,1,TRUE,Ag-dominated
21474095,53592,30,0.055978504,34.55801667,-80.8935,1,Natural vegetation,5,Other,0,0,1,0,0,0,FALSE,Mixed
2793,3558,2,0.056211355,29.891922,104.636796,2,Cropland,2,Cropland,0,1,0,0,0,1,TRUE,Ag-dominated
3008,3552,2,0.056306306,36.451597,110.666933,1,Natural vegetation,1,Natural vegetation,0,0,0,0,1,0,FALSE,Natural-dominated
3193,3498,2,0.057175529,33.401736,118.538133,2,Cropland,2,Cropland,0,0.5,0.5,0,0,0.5,TRUE,Ag-dominated
3889,3450,2,0.057971014,36.997097,116.580564,2,Cropland,2,Cropland,0,1,0,0,0,1,TRUE,Ag-dominated
406021286614020_,58608,34,0.058012558,34.3469,135.6889,3,Urban,1,Natural vegetation,0.25,0,0,0,0.75,0.25,FALSE,Natural-dominated
3256,3426,2,0.058377116,39.223947,115.765844,3,Urban,2,Cropland,0,1,0,0,0,1,TRUE,Ag-dominated
4121660,85584,51,0.059590578,43.61308,-85.4778209,1,Natural vegetation,1,Natural vegetation,0,0,0,0,1,0,FALSE,Natural-dominated
3774,1674,1,0.059737157,47.314285,126.848283,2,Cropland,2,Cropland,0,1,0,0,0,1,TRUE,Ag-dominated
2301635,38280,23,0.060083595,27.85715556,-82.26858889,3,Urban,3,Urban,0.75,0,0,0,0.25,0.75,TRUE,Urban-dominated
3418420,51048,31,0.060727159,36.2867558,-85.94079609,1,Natural vegetation,5,Other,0.25,0,0.5,0,0.25,0.25,FALSE,Mixed
2912,4908,3,0.061124694,31.08593,119.031442,2,Cropland,5,Other,0,0,1,0,0,0,FALSE,Mixed
3664,4902,3,0.06119951,42.754086,124.083179,3,Urban,2,Cropland,0.25,0.75,0,0,0,1,TRUE,Ag-dominated
1649500,141312,87,0.061565897,38.96025,-76.9259722,3,Urban,3,Urban,1,0,0,0,0,1,TRUE,Urban-dominated
ratier amont charbonnieres,4872,3,0.061576355,45.7581675,4.7554872,3,Urban,3,Urban,1,0,0,0,0,1,TRUE,Urban-dominated
7164500,82488,51,0.061827175,36.14064807,-96.0063866,3,Urban,3,Urban,1,0,0,0,0,1,TRUE,Urban-dominated
3289193,22608,14,0.061924982,38.06674334,-84.5543852,3,Urban,3,Urban,0.5,0.25,0,0,0.25,0.75,TRUE,Urban-dominated
2724,4824,3,0.062189055,41.997573,127.333863,1,Natural vegetation,1,Natural vegetation,0,0,0,0,1,0,FALSE,Natural-dominated
Thames_Taplow,55968,35,0.062535735,51.5366,-0.698,3,Urban,3,Urban,1,0,0,0,0,1,TRUE,Urban-dominated
Trout Beck_ Calgaith,55968,35,0.062535735,54.3955,-2.92045,1,Natural vegetation,1,Natural vegetation,0,0,0.25,0,0.75,0,FALSE,Natural-dominated
402071282201010_,49320,31,0.062854826,40.5922,140.4142,2,Cropland,2,Cropland,0.25,0.75,0,0,0,1,TRUE,Ag-dominated
2838,4740,3,0.063291139,40.135123,117.975537,3,Urban,2,Cropland,0.5,0.5,0,0,0,1,TRUE,Urban-dominated
3333,4728,3,0.063451777,33.606101,113.763482,2,Cropland,2,Cropland,0.5,0.5,0,0,0,1,TRUE,Urban-dominated
3918,4704,3,0.06377551,23.115118,116.355037,2,Cropland,1,Natural vegetation,0,0,0,0,1,0,FALSE,Natural-dominated
406031286607060_,162936,104,0.063828743,34.5819,135.6169,3,Urban,1,Natural vegetation,0.5,0,0,0,0.5,0.5,TRUE,Urban-dominated
402011282218090_,62208,40,0.064300412,37.8933,140.6428,1,Natural vegetation,1,Natural vegetation,0,0,0,0,1,0,FALSE,Natural-dominated
2734,4584,3,0.065445026,43.651058,125.886685,2,Cropland,2,Cropland,0,1,0,0,0,1,TRUE,Ag-dominated
3479,4548,3,0.065963061,29.689218,112.635912,2,Cropland,2,Cropland,0,1,0,0,0,1,TRUE,Ag-dominated
3375,4470,3,0.067114094,29.071266,119.671617,3,Urban,2,Cropland,0.5,0.5,0,0,0,1,TRUE,Urban-dominated
2518,4410,3,0.068027211,19.882588,110.416458,5,Other,1,Natural vegetation,0,0.25,0,0,0.75,0.25,FALSE,Natural-dominated
2907,4380,3,0.068493151,29.690279,118.312937,3,Urban,1,Natural vegetation,0.5,0,0,0,0.5,0.5,TRUE,Urban-dominated
215216,34800,24,0.068965517,-34.83943446,150.4318317,1,Natural vegetation,1,Natural vegetation,0,0,0,0,1,0,FALSE,Natural-dominated
2113,4308,3,0.069637883,27.094325,109.614806,5,Other,1,Natural vegetation,0,0,0.5,0,0.5,0,FALSE,Natural-dominated
1363121256010_,52776,37,0.070107625,38.7736,139.8489,2,Cropland,2,Cropland,0,1,0,0,0,1,TRUE,Ag-dominated
2376,2832,2,0.070621469,47.329765,87.819778,3,Urban,2,Cropland,0.5,0.5,0,0,0,1,TRUE,Urban-dominated
2142,4230,3,0.070921986,39.918966,119.631456,5,Other,3,Urban,0.75,0,0.25,0,0,0.75,TRUE,Urban-dominated
4166500,118464,85,0.071751756,42.3730923,-83.2546513,3,Urban,3,Urban,1,0,0,0,0,1,TRUE,Urban-dominated
2713,4170,3,0.071942446,43.804344,125.902096,2,Cropland,2,Cropland,0,1,0,0,0,1,TRUE,Ag-dominated
3896,4140,3,0.072463768,37.266821,117.073018,2,Cropland,2,Cropland,0,1,0,0,0,1,TRUE,Ag-dominated
4065,4140,3,0.072463768,31.724546,113.298941,1,Natural vegetation,2,Cropland,0,0.75,0,0,0.25,0.75,TRUE,Ag-dominated
2728,4128,3,0.072674419,44.348903,126.741232,2,Cropland,2,Cropland,0,1,0,0,0,1,TRUE,Ag-dominated
2506,4068,3,0.073746313,29.622386,119.815549,1,Natural vegetation,1,Natural vegetation,0,0,0,0,1,0,FALSE,Natural-dominated
3669,4056,3,0.073964497,40.234403,123.328585,2,Cropland,1,Natural vegetation,0,0.25,0,0,0.75,0.25,FALSE,Natural-dominated
2149,1344,1,0.074404762,31.50139,117.270311,2,Cropland,2,Cropland,0,1,0,0,0,1,TRUE,Ag-dominated
2319,3966,3,0.075642965,24.347717,113.855428,1,Natural vegetation,1,Natural vegetation,0,0,0,0,1,0,FALSE,Natural-dominated
2167600,3960,3,0.075757576,34.09930647,-81.5684382,1,Natural vegetation,1,Natural vegetation,0,0,0.25,0,0.75,0,FALSE,Natural-dominated
3328,3942,3,0.076103501,33.27192,113.548952,5,Other,1,Natural vegetation,0.25,0.25,0,0,0.5,0.5,TRUE,Natural-dominated
164579522,30120,23,0.076361222,38.9256,-77.32933889,3,Urban,1,Natural vegetation,0,0,0,0,1,0,FALSE,Natural-dominated
1656903,104568,81,0.077461556,38.8823899,-77.4319047,3,Urban,3,Urban,1,0,0,0,0,1,TRUE,Urban-dominated
3290500,48744,38,0.077958313,38.43895654,-84.9632844,1,Natural vegetation,1,Natural vegetation,0,0,0,0,1,0,FALSE,Natural-dominated
2906,1260,1,0.079365079,30.991272,119.936981,3,Urban,3,Urban,1,0,0,0,0,1,TRUE,Urban-dominated
3745,3768,3,0.079617834,38.421699,110.750542,1,Natural vegetation,1,Natural vegetation,0,0,0,0,1,0,FALSE,Natural-dominated
3765,3762,3,0.079744817,44.266976,128.639537,1,Natural vegetation,1,Natural vegetation,0,0,0,0,1,0,FALSE,Natural-dominated
5406469,22344,18,0.080558539,43.12527778,-89.635,2,Cropland,1,Natural vegetation,0,0.5,0,0,0.5,0.5,TRUE,Ag-dominated
Curraize,6144,5,0.081380208,45.580995,4.171648,2,Cropland,2,Cropland,0,1,0,0,0,1,TRUE,Ag-dominated
2780,4806,4,0.083229297,29.504172,103.74717,1,Natural vegetation,1,Natural vegetation,0.25,0.25,0,0,0.5,0.5,TRUE,Natural-dominated
3018,4764,4,0.083963056,21.788581,111.940695,3,Urban,5,Other,0,0,1,0,0,0,FALSE,Mixed
406041286606060_,146016,123,0.084237344,34.8125,135.6317,3,Urban,3,Urban,1,0,0,0,0,1,TRUE,Urban-dominated
2903,4746,4,0.0842815,30.691628,118.98031,3,Urban,3,Urban,1,0,0,0,0,1,TRUE,Urban-dominated
6892518,66288,56,0.084479846,39.0461111,-94.7894444,3,Urban,3,Urban,1,0,0,0,0,1,TRUE,Urban-dominated
8070200,138288,117,0.08460604,30.14523056,-95.1246139,1,Natural vegetation,1,Natural vegetation,0,0,0,0,1,0,FALSE,Natural-dominated
3241,4668,4,0.085689803,27.678079,113.666161,1,Natural vegetation,1,Natural vegetation,0,0,0,0,1,0,FALSE,Natural-dominated
6201,3492,3,0.085910653,37.3924,110.631,1,Natural vegetation,1,Natural vegetation,0,0,0,0,1,0,FALSE,Natural-dominated
6934500,117192,101,0.086183357,38.70980556,-91.4385,5,Other,2,Cropland,0.333333333,0.333333333,0.333333333,0,0,0.666666667,TRUE,Mixed
403031283302041_,28872,25,0.086589083,35.8564,140.135,3,Urban,3,Urban,0.5,0.25,0.25,0,0,0.75,TRUE,Urban-dominated
2556,2298,2,0.087032202,25.282076,105.533786,1,Natural vegetation,1,Natural vegetation,0,0.333333333,0,0,0.666666667,0.333333333,TRUE,Natural-dominated
3986,3444,3,0.087108014,37.823713,115.686356,2,Cropland,2,Cropland,0.5,0.5,0,0,0,1,TRUE,Urban-dominated
2840,3390,3,0.088495575,38.813644,106.67004,2,Cropland,2,Cropland,0,1,0,0,0,1,TRUE,Ag-dominated
3002,4512,4,0.088652482,38.602968,110.89649,1,Natural vegetation,1,Natural vegetation,0,0,0,0,1,0,FALSE,Natural-dominated
3539,1128,1,0.088652482,28.6460477,112.4147437,5,Other,2,Cropland,0,0.75,0.25,0,0,0.75,TRUE,Ag-dominated
2304,4506,4,0.088770528,22.979087,115.832299,3,Urban,2,Cropland,0.25,0.5,0,0,0.25,0.75,TRUE,Ag-dominated
3084,3348,3,0.089605735,21.952482,108.629303,3,Urban,3,Urban,0.666666667,0,0,0,0.333333333,0.666666667,TRUE,Urban-dominated
1465798,2208,2,0.09057971,40.0569557,-74.9851603,3,Urban,3,Urban,1,0,0,0,0,1,TRUE,Urban-dominated
2947,4356,4,0.091827365,31.657076,117.545139,2,Cropland,2,Cropland,0,1,0,0,0,1,TRUE,Ag-dominated
3831,1086,1,0.092081031,44.623803,122.961691,2,Cropland,2,Cropland,0,0.75,0,0,0.25,0.75,TRUE,Ag-dominated
3378,4266,4,0.093764651,28.363673,120.690527,1,Natural vegetation,1,Natural vegetation,0,0,0,0,1,0,FALSE,Natural-dominated
4137030,68832,65,0.094432822,44.47279328,-83.57108839,1,Natural vegetation,1,Natural vegetation,0,0,0.25,0,0.75,0,FALSE,Natural-dominated
4102,3126,3,0.09596929,41.036863,122.926206,3,Urban,3,Urban,1,0,0,0,0,1,TRUE,Urban-dominated
3369,2082,2,0.096061479,28.670578,121.323929,3,Urban,2,Cropland,0,1,0,0,0,1,TRUE,Ag-dominated
3969,3108,3,0.096525097,39.437191,116.167531,2,Cropland,2,Cropland,0,1,0,0,0,1,TRUE,Ag-dominated
3298200,73536,71,0.096551349,38.08534216,-85.5549556,1,Natural vegetation,3,Urban,1,0,0,0,0,1,TRUE,Urban-dominated
403011283322030_,42360,41,0.096789424,36.4964,140.5544,2,Cropland,3,Urban,0.666666667,0.333333333,0,0,0,1,TRUE,Urban-dominated
4071,3090,3,0.097087379,31.736074,110.833152,1,Natural vegetation,1,Natural vegetation,0,0,0,0,1,0,FALSE,Natural-dominated
2177,4116,4,0.09718173,33.352881,115.953353,2,Cropland,2,Cropland,0,1,0,0,0,1,TRUE,Ag-dominated
5435943,221232,215,0.097183048,42.97694444,-89.5394444,3,Urban,2,Cropland,0,1,0,0,0,1,TRUE,Ag-dominated
2783,4110,4,0.097323601,31.286621,105.271433,1,Natural vegetation,1,Natural vegetation,0,0,0,0,1,0,FALSE,Natural-dominated
2336526,142032,139,0.09786527,33.7944722,-84.4741944,3,Urban,3,Urban,1,0,0,0,0,1,TRUE,Urban-dominated
7075270,109128,107,0.098049996,35.5697222,-92.6219444,1,Natural vegetation,1,Natural vegetation,0,0,0,0,1,0,FALSE,Natural-dominated
5406479,49512,49,0.098965907,43.1147222,-89.6641667,3,Urban,1,Natural vegetation,0,0,0,0,1,0,FALSE,Natural-dominated
2521,3006,3,0.099800399,30.425803,115.027978,3,Urban,2,Cropland,0,0.5,0.5,0,0,0.5,TRUE,Ag-dominated
7144100,45840,46,0.10034904,37.88306739,-97.4244864,2,Cropland,2,Cropland,0,1,0,0,0,1,TRUE,Ag-dominated
3574,3978,4,0.100553042,35.618085,103.237716,3,Urban,2,Cropland,0.25,0.75,0,0,0,1,TRUE,Ag-dominated
2203950,105336,106,0.100630364,33.7632222,-84.2203611,3,Urban,3,Urban,1,0,0,0,0,1,TRUE,Urban-dominated
2148,3918,4,0.102092905,27.840777,102.269485,4,Wetland,1,Natural vegetation,0.333333333,0,0,0,0.666666667,0.333333333,TRUE,Natural-dominated
5558300,46776,48,0.102616727,41.10727778,-89.3562222,5,Other,4,Wetland,0,0,0,1,0,0,FALSE,Mixed
2709,1944,2,0.102880658,43.667467,126.657307,1,Natural vegetation,1,Natural vegetation,0,0,0,0,1,0,FALSE,Natural-dominated
3672,4860,5,0.102880658,40.375511,124.742974,5,Other,1,Natural vegetation,0,0,0.5,0,0.5,0,FALSE,Natural-dominated
3467,4854,5,0.103007829,30.415972,112.858475,3,Urban,2,Cropland,0.5,0.5,0,0,0,1,TRUE,Urban-dominated
3623,3864,4,0.103519669,26.146209,119.107921,3,Urban,3,Urban,1,0,0,0,0,1,TRUE,Urban-dominated
3683,4824,5,0.103648425,41.72692,125.03679,3,Urban,3,Urban,1,0,0,0,0,1,TRUE,Urban-dominated
2789,1926,2,0.10384216,28.898659,104.95491,2,Cropland,2,Cropland,0,1,0,0,0,1,TRUE,Ag-dominated
3584,3840,4,0.104166667,35.33874,107.744589,3,Urban,2,Cropland,0,1,0,0,0,1,TRUE,Ag-dominated
3172,4776,5,0.104690117,30.831855,120.558677,2,Cropland,3,Urban,0.5,0.25,0,0,0.25,0.75,TRUE,Urban-dominated
8057000,55104,58,0.105255517,32.7748517,-96.8219464,3,Urban,3,Urban,1,0,0,0,0,1,TRUE,Urban-dominated
4109,2850,3,0.105263158,41.307508,124.132657,3,Urban,1,Natural vegetation,0.25,0,0,0,0.75,0.25,FALSE,Natural-dominated
2138,4740,5,0.105485232,28.944771,106.741756,2,Cropland,2,Cropland,0,1,0,0,0,1,TRUE,Ag-dominated
2510,948,1,0.105485232,28.186588,119.602925,1,Natural vegetation,1,Natural vegetation,0,0,0,0,1,0,FALSE,Natural-dominated
3622,4728,5,0.105752961,26.100779,119.295144,3,Urban,3,Urban,1,0,0,0,0,1,TRUE,Urban-dominated
2588,942,1,0.106157113,31.032082,120.872697,3,Urban,2,Cropland,0,1,0,0,0,1,TRUE,Ag-dominated
2388,4680,5,0.106837607,32.061707,118.763232,3,Urban,3,Urban,1,0,0,0,0,1,TRUE,Urban-dominated
2893,4578,5,0.109217999,31.98873,117.087304,2,Cropland,2,Cropland,0,1,0,0,0,1,TRUE,Ag-dominated
2396,906,1,0.110375276,34.6214143,118.1051302,2,Cropland,2,Cropland,0,1,0,0,0,1,TRUE,Ag-dominated
1043110332180_,36840,41,0.111292074,42.8325,141.6597,3,Urban,3,Urban,1,0,0,0,0,1,TRUE,Urban-dominated
4192,1776,2,0.112612613,50.2386399,127.5357671,3,Urban,3,Urban,0.5,0,0.5,0,0,0.5,TRUE,Urban-dominated
402041282204090_,146304,165,0.112778871,39.1967,141.1272,2,Cropland,3,Urban,1,0,0,0,0,1,TRUE,Urban-dominated
6800500,80448,91,0.113116547,41.2933333,-96.2838889,2,Cropland,2,Cropland,0,1,0,0,0,1,TRUE,Ag-dominated
3446,3468,4,0.115340254,30.691979,113.943238,3,Urban,3,Urban,1,0,0,0,0,1,TRUE,Urban-dominated
37531,41352,49,0.118494873,37.89713889,-97.4411111,2,Cropland,2,Cropland,0,1,0,0,0,1,TRUE,Ag-dominated
2595,3366,4,0.118835413,26.341758,103.264753,2,Cropland,1,Natural vegetation,0,0,0,0,1,0,FALSE,Natural-dominated
6889160,33072,40,0.120948234,39.4631449,-95.9505944,2,Cropland,2,Cropland,0,1,0,0,0,1,TRUE,Ag-dominated
3387,4950,6,0.121212121,29.200956,119.492445,2,Cropland,3,Urban,0.75,0,0,0,0.25,0.75,TRUE,Urban-dominated
2786,4896,6,0.12254902,28.887274,105.401685,3,Urban,1,Natural vegetation,0.5,0,0,0,0.5,0.5,TRUE,Urban-dominated
3171,4080,5,0.12254902,32.032782,118.752935,3,Urban,3,Urban,1,0,0,0,0,1,TRUE,Urban-dominated
402031282207080_,67560,83,0.12285376,38.5311,141.0058,2,Cropland,1,Natural vegetation,0.25,0.25,0,0,0.5,0.5,TRUE,Natural-dominated
2857,4062,5,0.123092073,32.388833,116.429457,2,Cropland,2,Cropland,0,0.75,0.25,0,0,0.75,TRUE,Ag-dominated
2431,4044,5,0.12363996,28.720414,115.456909,2,Cropland,2,Cropland,0.25,0.75,0,0,0,1,TRUE,Ag-dominated
2770,4818,6,0.124533001,31.376229,104.896536,2,Cropland,2,Cropland,0,1,0,0,0,1,TRUE,Ag-dominated
2497,4800,6,0.125,30.030173,120.604399,3,Urban,3,Urban,1,0,0,0,0,1,TRUE,Urban-dominated
6373,2394,3,0.125313283,44.3966,127.692,1,Natural vegetation,1,Natural vegetation,0,0,0,0,1,0,FALSE,Natural-dominated
3087,3954,5,0.126454224,23.271717,107.640959,3,Urban,1,Natural vegetation,0,0.5,0,0,0.5,0.5,TRUE,Ag-dominated
2172,3949,5,0.126614333,30.000985,121.325079,2,Cropland,2,Cropland,0,0.5,0.5,0,0,0.5,TRUE,Ag-dominated
2772,3948,5,0.126646403,31.676821,107.62806,1,Natural vegetation,1,Natural vegetation,0,0,0,0,1,0,FALSE,Natural-dominated
3533,4716,6,0.127226463,33.827571,119.307466,2,Cropland,2,Cropland,0,1,0,0,0,1,TRUE,Ag-dominated
2698,4692,6,0.127877238,40.094418,116.298616,3,Urban,3,Urban,1,0,0,0,0,1,TRUE,Urban-dominated
3999,1548,2,0.129198966,34.664817,112.264874,2,Cropland,2,Cropland,0.25,0.75,0,0,0,1,TRUE,Ag-dominated
2147505,48696,63,0.129374076,34.5411111,-80.8752778,1,Natural vegetation,5,Other,0,0,1,0,0,0,FALSE,Mixed
3670,4620,6,0.12987013,39.471652,122.582711,5,Other,5,Other,0,0,1,0,0,0,FALSE,Mixed
2761,4614,6,0.130039012,31.31484,104.400543,2,Cropland,2,Cropland,0,1,0,0,0,1,TRUE,Ag-dominated
3551,4602,6,0.130378096,27.136894,110.032419,1,Natural vegetation,1,Natural vegetation,0.25,0.25,0,0,0.5,0.5,TRUE,Natural-dominated
6489,1506,2,0.132802125,40.8675,108.7942,5,Other,5,Other,0,0,1,0,0,0,FALSE,Mixed
405081285505031_,93216,124,0.133024373,35.3172,137.3103,1,Natural vegetation,1,Natural vegetation,0,0,0,0,1,0,FALSE,Natural-dominated
3150,4416,6,0.135869565,34.217261,117.249737,3,Urban,3,Urban,1,0,0,0,0,1,TRUE,Urban-dominated
6900050,10992,15,0.136462882,40.0266111,-93.4362222,2,Cropland,2,Cropland,0,1,0,0,0,1,TRUE,Ag-dominated
2272,3648,5,0.137061404,35.80937,119.639585,5,Other,2,Cropland,0,1,0,0,0,1,TRUE,Ag-dominated
3414000,26856,37,0.13777182,36.88395484,-85.1394008,1,Natural vegetation,1,Natural vegetation,0,0,0.25,0,0.75,0,FALSE,Natural-dominated
3493,3618,5,0.138197899,32.653896,111.205815,5,Other,1,Natural vegetation,0,0,0.333333333,0,0.666666667,0,FALSE,Natural-dominated
3339,4266,6,0.140646976,34.357765,114.467138,2,Cropland,2,Cropland,0,1,0,0,0,1,TRUE,Ag-dominated
3458,4260,6,0.14084507,31.062773,113.791446,2,Cropland,2,Cropland,0.25,0.75,0,0,0,1,TRUE,Ag-dominated
403031283301060_,34080,48,0.14084507,36.1433,139.7047,3,Urban,3,Urban,1,0,0,0,0,1,TRUE,Urban-dominated
402021282206050_,25944,37,0.142614863,38.2156,140.9094,3,Urban,3,Urban,1,0,0,0,0,1,TRUE,Urban-dominated
4111,4206,6,0.142653352,41.835441,123.42944,3,Urban,3,Urban,1,0,0,0,0,1,TRUE,Urban-dominated
3906,3498,5,0.142938822,37.641851,110.797948,1,Natural vegetation,1,Natural vegetation,0,0,0,0,1,0,FALSE,Natural-dominated
8447000,101184,145,0.143303289,30.65961373,-101.7701244,1,Natural vegetation,1,Natural vegetation,0,0,0,0,1,0,FALSE,Natural-dominated
2268,690,1,0.144927536,34.7022325,118.4786666,5,Other,2,Cropland,0,0.75,0.25,0,0,0.75,TRUE,Ag-dominated
6818000,121896,177,0.145205749,39.75325,-94.8568333,3,Urban,2,Cropland,0.5,0.5,0,0,0,1,TRUE,Urban-dominated
thiollet,4800,7,0.145833333,45.7144619,4.5749122,1,Natural vegetation,1,Natural vegetation,0,0,0,0,1,0,FALSE,Natural-dominated
3393,4782,7,0.146382267,28.401295,119.958275,1,Natural vegetation,1,Natural vegetation,0,0,0,0,1,0,FALSE,Natural-dominated
3144,4740,7,0.147679325,31.953122,120.252139,3,Urban,5,Other,0,0,1,0,0,0,FALSE,Mixed
2135,4716,7,0.148430874,35.909376,119.156486,2,Cropland,2,Cropland,0,1,0,0,0,1,TRUE,Ag-dominated
403021283322090_,122976,185,0.150435857,36.4594,140.4086,2,Cropland,1,Natural vegetation,0,0.5,0,0,0.5,0.5,TRUE,Ag-dominated
3009,4638,7,0.150927124,34.787733,110.74778,2,Cropland,1,Natural vegetation,0,0,0,0,1,0,FALSE,Natural-dominated
2114,3972,6,0.151057402,34.889459,108.989429,3,Urban,3,Urban,1,0,0,0,0,1,TRUE,Urban-dominated
3700,4614,7,0.15171218,29.035039,105.761294,2,Cropland,2,Cropland,0,1,0,0,0,1,TRUE,Ag-dominated
3302058,13800,21,0.152173913,37.9922222,-85.9220556,1,Natural vegetation,1,Natural vegetation,0,0.25,0,0,0.75,0.25,FALSE,Natural-dominated
2308,4596,7,0.152306353,22.800286,114.92215,3,Urban,3,Urban,0.5,0.25,0,0,0.25,0.75,TRUE,Urban-dominated
4153,3906,6,0.153609831,35.00617,108.73628,1,Natural vegetation,2,Cropland,0,1,0,0,0,1,TRUE,Ag-dominated
6261,3870,6,0.15503876,30.2604,103.891,3,Urban,2,Cropland,0.25,0.5,0.25,0,0,0.75,TRUE,Ag-dominated
2299,4512,7,0.155141844,22.888331,113.267097,3,Urban,2,Cropland,0.5,0.5,0,0,0,1,TRUE,Urban-dominated
3679,4512,7,0.155141844,42.243274,124.036625,5,Other,1,Natural vegetation,0,0.25,0,0,0.75,0.25,FALSE,Natural-dominated
212880025,69240,108,0.155979203,34.9834833,-79.8775806,5,Other,1,Natural vegetation,0,0,0.25,0,0.75,0,FALSE,Natural-dominated
4112,3198,5,0.156347717,40.223583,124.507297,5,Other,1,Natural vegetation,0.25,0,0.25,0,0.5,0.25,FALSE,Natural-dominated
3390,3834,6,0.156494523,29.432919,120.991562,1,Natural vegetation,1,Natural vegetation,0,0,0,0,1,0,FALSE,Natural-dominated
6899900,17856,28,0.156810036,40.45444444,-93.2863889,2,Cropland,2,Cropland,0,1,0,0,0,1,TRUE,Ag-dominated
4179,1884,3,0.159235669,46.567284,132.633838,2,Cropland,2,Cropland,0,1,0,0,0,1,TRUE,Ag-dominated
5545750,21960,35,0.159380692,42.61085116,-88.225923,2,Cropland,2,Cropland,0,1,0,0,0,1,TRUE,Ag-dominated
6902000,8760,14,0.159817352,39.64002778,-93.2736944,2,Cropland,4,Wetland,0,0,0,1,0,0,FALSE,Mixed
2670,3744,6,0.16025641,26.93877,100.061806,1,Natural vegetation,5,Other,0,0,1,0,0,0,FALSE,Mixed
A2391082,3118,5,0.160359205,-36.546058,139.881494,4,Wetland,2,Cropland,0,1,0,0,0,1,TRUE,Ag-dominated
402011282206020_,62736,101,0.160992094,37.9217,140.7628,1,Natural vegetation,1,Natural vegetation,0,0.5,0,0,0.5,0.5,TRUE,Ag-dominated
3625,3102,5,0.161186331,25.24576,117.150525,1,Natural vegetation,1,Natural vegetation,0,0,0,0,1,0,FALSE,Natural-dominated
405081285511070_,87264,141,0.161578658,35.1992,136.8747,3,Urban,3,Urban,1,0,0,0,0,1,TRUE,Urban-dominated
405091285502200_,47568,77,0.161873528,35.2561,136.615,2,Cropland,2,Cropland,0,1,0,0,0,1,TRUE,Ag-dominated
7143672,36240,59,0.162803532,38.02853056,-97.5405417,2,Cropland,2,Cropland,0,1,0,0,0,1,TRUE,Ag-dominated
2380,4284,7,0.163398693,32.331747,119.478663,2,Cropland,3,Urban,0.5,0.25,0.25,0,0,0.75,TRUE,Urban-dominated
2997,3060,5,0.163398693,38.08174,111.885129,5,Other,1,Natural vegetation,0,0,0.5,0,0.5,0,FALSE,Natural-dominated
2714,1830,3,0.163934426,44.42767,126.363826,2,Cropland,2,Cropland,0,1,0,0,0,1,TRUE,Ag-dominated
2590,3624,6,0.165562914,25.045806,102.710002,3,Urban,3,Urban,1,0,0,0,0,1,TRUE,Urban-dominated
2215,3618,6,0.165837479,23.001322,104.778803,1,Natural vegetation,1,Natural vegetation,0,0,0,0,1,0,FALSE,Natural-dominated
403031283303191_,31104,52,0.16718107,35.9622,140.6097,3,Urban,1,Natural vegetation,0.25,0.25,0.25,0,0.25,0.5,TRUE,Mixed
2222,1194,2,0.167504188,39.5163998,106.7539556,5,Other,5,Other,0.25,0,0.5,0,0.25,0.25,FALSE,Mixed
3400800,37920,64,0.168776371,36.75230974,-83.2574012,1,Natural vegetation,1,Natural vegetation,0,0,0,0,1,0,FALSE,Natural-dominated
3676,4140,7,0.169082126,41.125026,121.908957,2,Cropland,1,Natural vegetation,0,0,0,0,1,0,FALSE,Natural-dominated
1043110325021_,101064,171,0.169199715,43.7631,142.275,1,Natural vegetation,1,Natural vegetation,0,0,0,0,1,0,FALSE,Natural-dominated
404081284408040_,63528,108,0.170003778,36.7461,137.2181,3,Urban,5,Other,0,0,1,0,0,0,FALSE,Mixed
409061289901500_,169824,290,0.170765027,33.33,130.5261,3,Urban,3,Urban,0.75,0.25,0,0,0,1,TRUE,Urban-dominated
11153000,4680,8,0.170940171,36.98,-121.3802778,2,Cropland,1,Natural vegetation,0,0,0,0,1,0,FALSE,Natural-dominated
3090,4092,7,0.171065494,23.750608,109.204224,3,Urban,3,Urban,0.75,0.25,0,0,0,1,TRUE,Urban-dominated
50048565,69432,119,0.171390713,18.4070314,-66.118083,3,Urban,3,Urban,0.75,0,0.25,0,0,0.75,TRUE,Urban-dominated
3293530,89520,154,0.172028597,38.27645917,-85.693573,3,Urban,5,Other,0,0,1,0,0,0,FALSE,Mixed
7054527,78768,136,0.172658948,36.3436111,-92.5741667,1,Natural vegetation,1,Natural vegetation,0,0,0,0,1,0,FALSE,Natural-dominated
3317,4626,8,0.172935581,34.323191,113.778832,2,Cropland,2,Cropland,0,1,0,0,0,1,TRUE,Ag-dominated
3525,576,1,0.173611111,28.56049,112.812316,3,Urban,1,Natural vegetation,0,0.25,0,0,0.75,0.25,FALSE,Natural-dominated
2914,4590,8,0.174291939,31.645018,117.858773,3,Urban,1,Natural vegetation,0,0,0,0,1,0,FALSE,Natural-dominated
2953,4584,8,0.17452007,36.074312,118.753745,2,Cropland,2,Cropland,0,1,0,0,0,1,TRUE,Ag-dominated
3497,1704,3,0.176056338,29.254035,113.028626,5,Other,5,Other,0,0,1,0,0,0,FALSE,Mixed
3293000,104328,184,0.176366843,38.237293,-85.6646834,3,Urban,3,Urban,1,0,0,0,0,1,TRUE,Urban-dominated
3593,4530,8,0.176600442,25.107288,117.555005,1,Natural vegetation,1,Natural vegetation,0,0,0,0,1,0,FALSE,Natural-dominated
2446,3390,6,0.17699115,28.941453,117.151076,3,Urban,2,Cropland,0.5,0.5,0,0,0,1,TRUE,Urban-dominated
2998,3342,6,0.179533214,37.394505,111.933908,2,Cropland,2,Cropland,0,1,0,0,0,1,TRUE,Ag-dominated
2147310,51216,92,0.179631365,34.59805556,-80.8905556,1,Natural vegetation,1,Natural vegetation,0,0,0,0,1,0,FALSE,Natural-dominated
2580,2202,4,0.181653043,48.258915,134.6728087,4,Wetland,5,Other,0,0,1,0,0,0,FALSE,Mixed
406031286607040_,90144,164,0.181931132,34.5844,135.6839,3,Urban,1,Natural vegetation,0.5,0,0,0,0.5,0.5,TRUE,Urban-dominated
4171,2730,5,0.183150183,33.011787,97.255347,1,Natural vegetation,1,Natural vegetation,0,0,0,0,1,0,FALSE,Natural-dominated
3289200,9096,17,0.186895339,38.103687,-84.5879977,2,Cropland,2,Cropland,0,1,0,0,0,1,TRUE,Ag-dominated
40871488,23424,44,0.18784153,42.99025,-87.9523333,3,Urban,3,Urban,1,0,0,0,0,1,TRUE,Urban-dominated
8065350,120768,227,0.187963699,31.33851319,-95.6563407,1,Natural vegetation,1,Natural vegetation,0,0,0,0,1,0,FALSE,Natural-dominated
2125,3187,6,0.188264826,23.366544,104.253525,3,Urban,3,Urban,1,0,0,0,0,1,TRUE,Urban-dominated
3885,3186,6,0.188323917,36.272938,117.379726,2,Cropland,2,Cropland,0,1,0,0,0,1,TRUE,Ag-dominated
403031283305120_,51456,97,0.188510572,35.8478,139.8419,3,Urban,3,Urban,1,0,0,0,0,1,TRUE,Urban-dominated
3238,3180,6,0.188679245,29.573067,116.767532,2,Cropland,1,Natural vegetation,0,0.5,0,0,0.5,0.5,TRUE,Ag-dominated
5515500,88464,167,0.188777356,41.38963889,-86.7061667,2,Cropland,2,Cropland,0,1,0,0,0,1,TRUE,Ag-dominated
3975,2640,5,0.189393939,39.320799,115.666086,3,Urban,3,Urban,1,0,0,0,0,1,TRUE,Urban-dominated
2203,4218,8,0.189663348,31.023111,121.041476,3,Urban,2,Cropland,0.25,0.5,0.25,0,0,0.75,TRUE,Ag-dominated
2845,3672,7,0.190631808,38.44729,106.29814,3,Urban,3,Urban,1,0,0,0,0,1,TRUE,Urban-dominated
8181800,144720,277,0.191404091,29.2221853,-98.3558463,1,Natural vegetation,2,Cropland,0,1,0,0,0,1,TRUE,Ag-dominated
2560,4164,8,0.192122959,41.265244,123.704185,3,Urban,1,Natural vegetation,0.5,0,0,0,0.5,0.5,TRUE,Urban-dominated
8181500,145200,280,0.192837466,29.2641276,-98.4908493,4,Wetland,1,Natural vegetation,0,0,0,0,1,0,FALSE,Natural-dominated
4135,4134,8,0.193517175,28.9994404,105.8508137,5,Other,1,Natural vegetation,0,0,0,0,1,0,FALSE,Natural-dominated
2228,4631,9,0.194342475,40.966814,106.948099,2,Cropland,2,Cropland,0,1,0,0,0,1,TRUE,Ag-dominated
2575,1014,2,0.197238659,40.6805983,122.217647,3,Urban,3,Urban,0.75,0,0,0,0.25,0.75,TRUE,Urban-dominated
39191,29376,58,0.197440087,39.33119444,-108.2178056,2,Cropland,1,Natural vegetation,0,0.25,0,0,0.75,0.25,FALSE,Natural-dominated
2665,4026,8,0.198708395,24.396192,98.518682,3,Urban,2,Cropland,0.5,0.5,0,0,0,1,TRUE,Urban-dominated
3979,1494,3,0.200803213,36.951398,114.845351,2,Cropland,3,Urban,0.75,0.25,0,0,0,1,TRUE,Urban-dominated
6893620,45984,93,0.202244259,39.11194444,-94.4722222,3,Urban,3,Urban,1,0,0,0,0,1,TRUE,Urban-dominated
406041286606050_,138192,281,0.20334028,34.8911,135.6994,1,Natural vegetation,3,Urban,1,0,0,0,0,1,TRUE,Urban-dominated
406041286618030_,57960,118,0.203588682,34.88,135.8281,1,Natural vegetation,1,Natural vegetation,0.5,0,0,0,0.5,0.5,TRUE,Urban-dominated
5474500,22080,45,0.203804348,40.39365535,-91.374318,5,Other,5,Other,0,0,1,0,0,0,FALSE,Mixed
3021,1962,4,0.203873598,21.426139,110.797865,3,Urban,3,Urban,1,0,0,0,0,1,TRUE,Urban-dominated
2934,1956,4,0.204498978,31.229151,118.288408,3,Urban,2,Cropland,0,1,0,0,0,1,TRUE,Ag-dominated
3178,4392,9,0.204918033,31.554449,120.284393,3,Urban,3,Urban,1,0,0,0,0,1,TRUE,Urban-dominated
3442,3414,7,0.205038079,31.82216,112.710238,2,Cropland,2,Cropland,0,1,0,0,0,1,TRUE,Ag-dominated
3753,3900,8,0.205128205,34.881673,106.710551,2,Cropland,2,Cropland,0,1,0,0,0,1,TRUE,Ag-dominated
212250,18024,37,0.205281846,-33.87124191,150.2540137,1,Natural vegetation,1,Natural vegetation,0,0,0,0,1,0,FALSE,Natural-dominated
3298250,84552,176,0.208155928,38.0792321,-85.6160683,1,Natural vegetation,1,Natural vegetation,0.333333333,0,0,0,0.666666667,0.333333333,TRUE,Natural-dominated
4054,2400,5,0.208333333,30.480375,114.411567,3,Urban,3,Urban,1,0,0,0,0,1,TRUE,Urban-dominated
2453,954,2,0.209643606,38.037057,114.468664,3,Urban,3,Urban,1,0,0,0,0,1,TRUE,Urban-dominated
3231,4770,10,0.209643606,26.887366,114.504463,1,Natural vegetation,1,Natural vegetation,0,0,0,0,1,0,FALSE,Natural-dominated
2618,4278,9,0.210378682,28.598761,103.971257,3,Urban,1,Natural vegetation,0,0,0.25,0.25,0.5,0,FALSE,Natural-dominated
6426,2838,6,0.21141649,21.4314,110.7946,3,Urban,3,Urban,1,0,0,0,0,1,TRUE,Urban-dominated
1302020,27792,59,0.212291307,40.86230556,-73.87438889,3,Urban,3,Urban,1,0,0,0,0,1,TRUE,Urban-dominated
2726,1884,4,0.212314225,43.829095,126.56626,3,Urban,3,Urban,1,0,0,0,0,1,TRUE,Urban-dominated
3443,4710,10,0.212314225,30.925216,113.588349,3,Urban,2,Cropland,0.25,0.75,0,0,0,1,TRUE,Ag-dominated
4182,1872,4,0.213675214,45.401432,126.299118,3,Urban,3,Urban,1,0,0,0,0,1,TRUE,Urban-dominated
3989,2328,5,0.214776632,34.827747,111.344163,5,Other,1,Natural vegetation,0,0.5,0,0,0.5,0.5,TRUE,Ag-dominated
2443,4584,10,0.218150087,28.675696,115.909228,3,Urban,3,Urban,1,0,0,0,0,1,TRUE,Urban-dominated
402041282220220_,15408,34,0.22066459,39.835,141.1614,2,Cropland,2,Cropland,0,1,0,0,0,1,TRUE,Ag-dominated
2699,4926,11,0.223304913,39.956847,116.39537,3,Urban,3,Urban,1,0,0,0,0,1,TRUE,Urban-dominated
3165,1788,4,0.223713647,31.46746,118.882541,5,Other,5,Other,0,0,1,0,0,0,FALSE,Mixed
2888,4896,11,0.224673203,31.484455,118.492964,2,Cropland,3,Urban,1,0,0,0,0,1,TRUE,Urban-dominated
1473900,16776,38,0.226514068,40.1239987,-75.2198992,1,Natural vegetation,1,Natural vegetation,0,0,0,0,1,0,FALSE,Natural-dominated
11273400,121584,276,0.227003553,37.3472151,-120.9761777,2,Cropland,2,Cropland,0.25,0.75,0,0,0,1,TRUE,Ag-dominated
3470,4398,10,0.22737608,31.265037,114.468486,2,Cropland,2,Cropland,0,1,0,0,0,1,TRUE,Ag-dominated
3064,4788,11,0.229741019,23.496188,111.315001,3,Urban,3,Urban,1,0,0,0,0,1,TRUE,Urban-dominated
2919,3882,9,0.231839258,30.509513,117.000948,2,Cropland,2,Cropland,0.25,0.5,0.25,0,0,0.75,TRUE,Ag-dominated
11126400,116808,274,0.234572974,34.5901111,-120.025361,1,Natural vegetation,1,Natural vegetation,0,0,0,0,1,0,FALSE,Natural-dominated
3462,5105,12,0.235063663,31.706189,113.357381,3,Urban,3,Urban,1,0,0,0,0,1,TRUE,Urban-dominated
2480,3828,9,0.235109718,28.892731,118.545013,1,Natural vegetation,1,Natural vegetation,0,0,0,0,1,0,FALSE,Natural-dominated
3678,4236,10,0.236071766,39.841474,122.117254,1,Natural vegetation,2,Cropland,0.5,0.5,0,0,0,1,TRUE,Urban-dominated
215220,46075,109,0.236570808,-34.72798991,150.5224407,1,Natural vegetation,2,Cropland,0,1,0,0,0,1,TRUE,Ag-dominated
3316,3804,9,0.23659306,32.7135129,115.0622929,2,Cropland,2,Cropland,0,1,0,0,0,1,TRUE,Ag-dominated
Charpassonne Chanin,5064,12,0.236966825,45.81982,4.311937,1,Natural vegetation,1,Natural vegetation,0.25,0,0,0,0.75,0.25,FALSE,Natural-dominated
3137,4596,11,0.239338555,32.090435,120.288398,2,Cropland,2,Cropland,0.5,0.5,0,0,0,1,TRUE,Urban-dominated
3062,3714,9,0.242326333,22.62867,110.154484,3,Urban,3,Urban,1,0,0,0,0,1,TRUE,Urban-dominated
6234,3300,8,0.242424242,29.2455,116.1894,5,Other,5,Other,0,0.25,0.75,0,0,0.25,FALSE,Mixed
3572,3270,8,0.244648318,34.144303,104.847086,1,Natural vegetation,1,Natural vegetation,0,0,0,0,1,0,FALSE,Natural-dominated
1104430,1224,3,0.245098039,42.3981512,-71.2733903,3,Urban,5,Other,0,0,1,0,0,0,FALSE,Mixed
3173,4440,11,0.247747748,34.5227503,117.9285451,2,Cropland,2,Cropland,0,1,0,0,0,1,TRUE,Ag-dominated
3445,4440,11,0.247747748,29.6665,113.329487,5,Other,2,Cropland,0,0.5,0.5,0,0,0.5,TRUE,Ag-dominated
402031282207090_,70584,175,0.247931543,38.4156,141.1386,1,Natural vegetation,3,Urban,0.5,0.25,0,0,0.25,0.75,TRUE,Urban-dominated
st didier,4824,12,0.248756219,46.1658245,4.5684728,1,Natural vegetation,1,Natural vegetation,0,0,0,0,1,0,FALSE,Natural-dominated
14206950,67800,169,0.249262537,45.403452,-122.7548185,3,Urban,3,Urban,0.75,0,0,0,0.25,0.75,TRUE,Urban-dominated
2999,3594,9,0.250417362,37.545849,112.623635,2,Cropland,2,Cropland,0,1,0,0,0,1,TRUE,Ag-dominated
2843,3186,8,0.251098556,35.834736,106.8165,2,Cropland,2,Cropland,0,1,0,0,0,1,TRUE,Ag-dominated
7239450,105096,264,0.251198904,35.6169933,-98.0653316,2,Cropland,2,Cropland,0,1,0,0,0,1,TRUE,Ag-dominated
2673,1188,3,0.252525253,40.819102,111.664859,3,Urban,3,Urban,1,0,0,0,0,1,TRUE,Urban-dominated
2314,4746,12,0.252844501,23.023376,113.333231,3,Urban,3,Urban,1,0,0,0,0,1,TRUE,Urban-dominated
3001,4350,11,0.252873563,37.848604,113.648897,3,Urban,3,Urban,0.5,0.25,0,0,0.25,0.75,TRUE,Urban-dominated
3741,3924,10,0.254841998,33.999268,109.439328,1,Natural vegetation,1,Natural vegetation,0,0,0,0,1,0,FALSE,Natural-dominated
3107,1566,4,0.255427842,44.487779,81.158159,1,Natural vegetation,1,Natural vegetation,0,0,0.25,0,0.75,0,FALSE,Natural-dominated
2636,1170,3,0.256410256,25.717534,100.238235,1,Natural vegetation,5,Other,0,0,1,0,0,0,FALSE,Mixed
6194,4236,11,0.259678942,30.317805,103.970525,3,Urban,2,Cropland,0,1,0,0,0,1,TRUE,Ag-dominated
3448,4578,12,0.262123198,30.167878,113.345876,2,Cropland,2,Cropland,0,1,0,0,0,1,TRUE,Ag-dominated
3991,1518,4,0.263504611,34.673653,114.11387,2,Cropland,2,Cropland,0,1,0,0,0,1,TRUE,Ag-dominated
1484525,115656,305,0.26371308,38.59455556,-75.29102778,3,Urban,1,Natural vegetation,0,0,0.5,0,0.5,0,FALSE,Natural-dominated
3457,4926,13,0.263905806,30.479428,114.441717,3,Urban,3,Urban,1,0,0,0,0,1,TRUE,Urban-dominated
2972,4452,12,0.269541779,35.6432,111.311222,2,Cropland,2,Cropland,0,1,0,0,0,1,TRUE,Ag-dominated
402041282204110_,98112,265,0.270099478,38.95,141.1817,2,Cropland,2,Cropland,0,0.75,0,0,0.25,0.75,TRUE,Ag-dominated
3434,4440,12,0.27027027,29.980468,113.915926,3,Urban,3,Urban,1,0,0,0,0,1,TRUE,Urban-dominated
2151,4068,11,0.270403147,36.276864,116.117321,2,Cropland,2,Cropland,0.25,0.75,0,0,0,1,TRUE,Ag-dominated
3613,4428,12,0.27100271,25.284037,118.383698,1,Natural vegetation,1,Natural vegetation,0,0,0,0,1,0,FALSE,Natural-dominated
2805,4056,11,0.271203156,32.189997,105.415702,1,Natural vegetation,1,Natural vegetation,0,0,0,0,1,0,FALSE,Natural-dominated
2322700,23496,64,0.272386789,29.95273288,-82.7859573,1,Natural vegetation,1,Natural vegetation,0,0,0,0,1,0,FALSE,Natural-dominated
1191000,69984,191,0.272919524,41.78443889,-72.7080556,3,Urban,3,Urban,1,0,0,0,0,1,TRUE,Urban-dominated
2179,366,1,0.273224044,31.87893,120.977622,2,Cropland,2,Cropland,0,1,0,0,0,1,TRUE,Ag-dominated
2918,3630,10,0.275482094,30.4956203,117.0053119,5,Other,2,Cropland,0.25,0.5,0.25,0,0,0.75,TRUE,Ag-dominated
2856,3624,10,0.27593819,30.20963,116.914531,3,Urban,5,Other,0,0,1,0,0,0,FALSE,Mixed
2144,4666,13,0.27861123,41.879991,120.98351,2,Cropland,1,Natural vegetation,0,0.5,0,0,0.5,0.5,TRUE,Ag-dominated
6805000,77016,217,0.281759634,41.05166667,-96.3386111,2,Cropland,2,Cropland,0,1,0,0,0,1,TRUE,Ag-dominated
2566,2820,8,0.283687943,41.003403,122.507547,2,Cropland,2,Cropland,0,1,0,0,0,1,TRUE,Ag-dominated
2542,2106,6,0.284900285,26.205703,119.555245,3,Urban,3,Urban,1,0,0,0,0,1,TRUE,Urban-dominated
2894,3858,11,0.285121825,29.961077,118.504612,2,Cropland,1,Natural vegetation,0,0.25,0,0,0.75,0.25,FALSE,Natural-dominated
3548,4548,13,0.28583993,30.839666,111.06395,5,Other,1,Natural vegetation,0,0,0.25,0,0.75,0,FALSE,Natural-dominated
3123,4542,13,0.286217525,33.597258,118.897236,2,Cropland,2,Cropland,0.5,0.5,0,0,0,1,TRUE,Urban-dominated
3420,4164,12,0.288184438,19.146787,110.324964,2,Cropland,1,Natural vegetation,0,0,0,0,1,0,FALSE,Natural-dominated
3297800,90504,261,0.288385044,37.9911111,-85.6411111,1,Natural vegetation,1,Natural vegetation,0,0,0,0,1,0,FALSE,Natural-dominated
3286,4854,14,0.28842192,39.750631,118.773574,3,Urban,3,Urban,1,0,0,0,0,1,TRUE,Urban-dominated
3612,4836,14,0.289495451,26.086997,117.444817,3,Urban,1,Natural vegetation,0,0,0,0,1,0,FALSE,Natural-dominated
3460,4116,12,0.29154519,30.287569,108.9049,3,Urban,1,Natural vegetation,0.25,0,0,0,0.75,0.25,FALSE,Natural-dominated
2609,2742,8,0.291757841,27.795905,99.813832,1,Natural vegetation,1,Natural vegetation,0,0,0,0,1,0,FALSE,Natural-dominated
2172002,66984,198,0.295592977,33.21491667,-79.9749167,1,Natural vegetation,1,Natural vegetation,0,0,0,0,1,0,FALSE,Natural-dominated
2394,672,2,0.297619048,33.191976,117.990686,2,Cropland,2,Cropland,0,0.75,0.25,0,0,0.75,TRUE,Ag-dominated
2513,4704,14,0.297619048,19.624334,110.717366,2,Cropland,1,Natural vegetation,0,0.5,0,0,0.5,0.5,TRUE,Ag-dominated
6237,3348,10,0.298685783,36.725,116.9886,3,Urban,3,Urban,1,0,0,0,0,1,TRUE,Urban-dominated
2374,996,3,0.301204819,46.473199,82.814172,1,Natural vegetation,1,Natural vegetation,0,0,0,0,1,0,FALSE,Natural-dominated
4177,2316,7,0.30224525,51.763712,126.639504,5,Other,1,Natural vegetation,0,0,0,0,1,0,FALSE,Natural-dominated
3255,4620,14,0.303030303,40.772528,118.599514,2,Cropland,2,Cropland,0,1,0,0,0,1,TRUE,Ag-dominated
7332622,108768,330,0.303398058,33.74416667,-95.9611111,1,Natural vegetation,1,Natural vegetation,0,0,0,0,1,0,FALSE,Natural-dominated
3057,4614,14,0.303424361,22.32444,107.00286,5,Other,1,Natural vegetation,0,0,0,0,1,0,FALSE,Natural-dominated
3761,3624,11,0.303532009,32.90242,100.796611,1,Natural vegetation,1,Natural vegetation,0,0,0,0,1,0,FALSE,Natural-dominated
404021284402300_,79152,241,0.304477461,37.8533,139.1547,3,Urban,5,Other,0,0,1,0,0,0,FALSE,Mixed
3183,3918,12,0.306278714,31.577007,120.556522,2,Cropland,1,Natural vegetation,0,0.5,0,0,0.5,0.5,TRUE,Ag-dominated
2702,3882,12,0.309119011,44.682265,123.168748,2,Cropland,2,Cropland,0,1,0,0,0,1,TRUE,Ag-dominated
2807,4518,14,0.309871625,30.558761,105.511944,2,Cropland,1,Natural vegetation,0,0,0,0,1,0,FALSE,Natural-dominated
3523,4830,15,0.310559006,28.52605,112.150471,1,Natural vegetation,3,Urban,1,0,0,0,0,1,TRUE,Urban-dominated
3730,3864,12,0.310559006,29.122363,109.124363,2,Cropland,1,Natural vegetation,0,0,0,0,1,0,FALSE,Natural-dominated
402041282207090_,71664,225,0.313965171,38.5,141.2489,2,Cropland,2,Cropland,0,1,0,0,0,1,TRUE,Ag-dominated
2954,3492,11,0.315005727,34.764207,118.710756,2,Cropland,2,Cropland,0,1,0,0,0,1,TRUE,Ag-dominated
3143,4440,14,0.315315315,31.405592,120.135477,5,Other,5,Other,0,0,1,0,0,0,FALSE,Mixed
407091287712070_,22152,70,0.315998555,34.4972,132.5139,3,Urban,1,Natural vegetation,0.5,0,0,0,0.5,0.5,TRUE,Urban-dominated
3177,4416,14,0.317028986,33.104157,118.736352,3,Urban,5,Other,0,0,1,0,0,0,FALSE,Mixed
1475548,39288,125,0.318163307,39.9327861,-75.2376361,3,Urban,3,Urban,1,0,0,0,0,1,TRUE,Urban-dominated
2459,3756,12,0.319488818,33.124041,111.460461,3,Urban,1,Natural vegetation,0.333333333,0.333333333,0,0,0.333333333,0.666666667,TRUE,Mixed
Stour_Wixoe,70368,225,0.319747613,52.0571,0.4997,2,Cropland,2,Cropland,0,1,0,0,0,1,TRUE,Ag-dominated
2279,4686,15,0.320102433,36.868794,118.793639,3,Urban,3,Urban,1,0,0,0,0,1,TRUE,Urban-dominated
14078260,4344,14,0.32228361,44.062,-120.0433056,1,Natural vegetation,1,Natural vegetation,0,0,0,0,1,0,FALSE,Natural-dominated
2996,4644,15,0.322997416,40.527234,114.26629,1,Natural vegetation,1,Natural vegetation,0,0,0,0,1,0,FALSE,Natural-dominated
6894650,11088,36,0.324675325,39.1336111,-94.0638889,2,Cropland,2,Cropland,0,1,0,0,0,1,TRUE,Ag-dominated
3298135,80928,264,0.326215896,38.19479109,-85.557181,3,Urban,3,Urban,1,0,0,0,0,1,TRUE,Urban-dominated
2286,4266,14,0.328176278,37.620396,117.327253,2,Cropland,2,Cropland,0,1,0,0,0,1,TRUE,Ag-dominated
403031283303091_,20040,66,0.329341317,35.9647,140.4889,5,Other,5,Other,0,0,1,0,0,0,FALSE,Mixed
2145910,38976,129,0.330972906,35.01641944,-81.00156389,1,Natural vegetation,3,Urban,0.75,0,0,0,0.25,0.75,TRUE,Urban-dominated
2994,1812,6,0.331125828,37.116438,111.938469,2,Cropland,3,Urban,0.75,0.25,0,0,0,1,TRUE,Urban-dominated
3082,4830,16,0.33126294,21.478081,109.088091,3,Urban,3,Urban,1,0,0,0,0,1,TRUE,Urban-dominated
2975,1206,4,0.331674959,37.391903,110.638294,1,Natural vegetation,1,Natural vegetation,0,0,0,0,1,0,FALSE,Natural-dominated
3812,1206,4,0.331674959,42.441301,120.807707,1,Natural vegetation,1,Natural vegetation,0,0.5,0,0,0.5,0.5,TRUE,Ag-dominated
2693,4200,14,0.333333333,39.941767,116.32528,3,Urban,3,Urban,1,0,0,0,0,1,TRUE,Urban-dominated
3321500,91440,305,0.333552056,37.8583774,-87.4097294,2,Cropland,2,Cropland,0,1,0,0,0,1,TRUE,Ag-dominated
2651,4182,14,0.334768054,26.588653,100.188942,3,Urban,2,Cropland,0,1,0,0,0,1,TRUE,Ag-dominated
3556,4458,15,0.336473755,26.756175,112.751951,2,Cropland,2,Cropland,0.333333333,0.666666667,0,0,0,1,TRUE,Ag-dominated
2152201,9504,32,0.336700337,-34.712767,150.582545,1,Natural vegetation,1,Natural vegetation,0,0,0,0,1,0,FALSE,Natural-dominated
Charpassonne Moulin de Ronzy,3816,13,0.34067086,45.78491,4.314855,1,Natural vegetation,1,Natural vegetation,0,0,0,0,1,0,FALSE,Natural-dominated
4168400,50448,172,0.340945132,42.30837099,-83.2527063,3,Urban,3,Urban,1,0,0,0,0,1,TRUE,Urban-dominated
3739,4074,14,0.343642612,34.342738,109.597958,2,Cropland,2,Cropland,0,0.75,0,0,0.25,0.75,TRUE,Ag-dominated
3336,4314,15,0.347705146,33.894563,114.636783,2,Cropland,2,Cropland,0,1,0,0,0,1,TRUE,Ag-dominated
2877,4026,14,0.347739692,32.373979,116.498832,2,Cropland,2,Cropland,0,1,0,0,0,1,TRUE,Ag-dominated
Caversham,15816,55,0.347749115,51.465551,-0.976395,3,Urban,1,Natural vegetation,0.5,0,0,0,0.5,0.5,TRUE,Urban-dominated
2571,4014,14,0.348779273,42.2059018,123.5529584,2,Cropland,2,Cropland,0,1,0,0,0,1,TRUE,Ag-dominated
A4261789,20640,72,0.348837209,-34.26358,140.38606,5,Other,5,Other,0,0,1,0,0,0,FALSE,Mixed
2282,4572,16,0.349956255,35.431478,116.008235,2,Cropland,2,Cropland,0,1,0,0,0,1,TRUE,Ag-dominated
A4261168,74064,260,0.351047742,-34.026439,140.84037,4,Wetland,1,Natural vegetation,0,0.25,0,0,0.75,0.25,FALSE,Natural-dominated
2346,4272,15,0.351123596,21.66039,109.136571,2,Cropland,2,Cropland,0,1,0,0,0,1,TRUE,Ag-dominated
2593,3690,13,0.352303523,24.195343,103.108814,1,Natural vegetation,1,Natural vegetation,0,0,0,0,1,0,FALSE,Natural-dominated
6395,2796,10,0.357653791,36.2594,120.4698,5,Other,3,Urban,0.5,0,0.25,0,0.25,0.5,TRUE,Urban-dominated
2283,4176,15,0.359195402,36.937298,119.395341,3,Urban,2,Cropland,0,1,0,0,0,1,TRUE,Ag-dominated
2146,3330,12,0.36036036,46.934667,133.853376,1,Natural vegetation,1,Natural vegetation,0,0,0,0,1,0,FALSE,Natural-dominated
403031283303160_,44544,161,0.361440374,36.1231,140.5286,5,Other,1,Natural vegetation,0.5,0,0,0,0.5,0.5,TRUE,Urban-dominated
5537980,58848,213,0.361949429,41.5364722,-88.0836944,3,Urban,3,Urban,1,0,0,0,0,1,TRUE,Urban-dominated
3282,4686,17,0.362782757,39.906055,119.576813,5,Other,3,Urban,1,0,0,0,0,1,TRUE,Urban-dominated
2412,4680,17,0.363247863,34.954826,119.144615,3,Urban,2,Cropland,0,1,0,0,0,1,TRUE,Ag-dominated
2980,4938,18,0.364520049,37.011252,112.659155,1,Natural vegetation,1,Natural vegetation,0,0,0,0,1,0,FALSE,Natural-dominated
2899,3810,14,0.367454068,30.27099,116.669977,5,Other,5,Other,0,0,1,0,0,0,FALSE,Mixed
402041282204050_,121008,448,0.370223456,39.5514,141.175,2,Cropland,1,Natural vegetation,0.333333333,0.333333333,0,0,0.333333333,0.666666667,TRUE,Mixed
3297,4314,16,0.370885489,33.93393,113.949926,2,Cropland,2,Cropland,0,1,0,0,0,1,TRUE,Ag-dominated
2190,4566,17,0.372317127,29.637542,117.303815,1,Natural vegetation,1,Natural vegetation,0,0,0,0,1,0,FALSE,Natural-dominated
3619,4002,15,0.374812594,26.100779,119.295144,3,Urban,3,Urban,1,0,0,0,0,1,TRUE,Urban-dominated
3363,4530,17,0.375275938,30.225321,120.726949,5,Other,5,Other,0,0,1,0,0,0,FALSE,Mixed
2928,4788,18,0.37593985,31.130526,118.012738,1,Natural vegetation,1,Natural vegetation,0.25,0,0.25,0,0.5,0.25,FALSE,Natural-dominated
3296,4248,16,0.376647834,33.877112,113.779832,3,Urban,2,Cropland,0,1,0,0,0,1,TRUE,Ag-dominated
3246,3978,15,0.377073906,26.294256,115.733224,1,Natural vegetation,1,Natural vegetation,0,0,0,0,1,0,FALSE,Natural-dominated
3219500,74880,283,0.377938034,40.4195042,-83.1971372,2,Cropland,2,Cropland,0,1,0,0,0,1,TRUE,Ag-dominated
4106,3690,14,0.379403794,41.061356,122.282673,3,Urban,3,Urban,1,0,0,0,0,1,TRUE,Urban-dominated
223209,27336,104,0.380450688,-37.7573062,147.8491161,2,Cropland,2,Cropland,0,1,0,0,0,1,TRUE,Ag-dominated
3402,4716,18,0.381679389,18.868383,110.446856,3,Urban,3,Urban,1,0,0,0,0,1,TRUE,Urban-dominated
2490,4182,16,0.382592061,30.724406,120.994556,3,Urban,2,Cropland,0.5,0.5,0,0,0,1,TRUE,Urban-dominated
8474115,8088,31,0.383283877,25.95733333,-97.4215,3,Urban,3,Urban,0.5,0.25,0,0.25,0,0.75,TRUE,Urban-dominated
2462,4434,17,0.383400992,33.8792895,115.4910372,3,Urban,2,Cropland,0.25,0.75,0,0,0,1,TRUE,Ag-dominated
3883,3648,14,0.38377193,34.5519243,117.7168927,3,Urban,3,Urban,1,0,0,0,0,1,TRUE,Urban-dominated
2624,4164,16,0.384245917,26.743353,103.505731,1,Natural vegetation,1,Natural vegetation,0,0,0,0,1,0,FALSE,Natural-dominated
2570,4404,17,0.386012716,40.619733,119.485351,2,Cropland,2,Cropland,0,1,0,0,0,1,TRUE,Ag-dominated
3405,4644,18,0.387596899,18.899736,110.478603,3,Urban,1,Natural vegetation,0,0,0,0,1,0,FALSE,Natural-dominated
miloniere,4872,19,0.38998358,45.717876,4.6293848,1,Natural vegetation,1,Natural vegetation,0.25,0.25,0,0,0.5,0.5,TRUE,Natural-dominated
A4261023,62256,243,0.390323824,-34.2524,140.7166,4,Wetland,1,Natural vegetation,0,0,0,0,1,0,FALSE,Natural-dominated
406091286605020_,31944,125,0.391309792,35.3075,135.2261,3,Urban,1,Natural vegetation,0,0,0,0,1,0,FALSE,Natural-dominated
7054501,77112,305,0.395528582,36.365,-92.575,1,Natural vegetation,1,Natural vegetation,0.25,0,0,0,0.75,0.25,FALSE,Natural-dominated
3371,5028,20,0.397772474,28.276705,121.68638,5,Other,5,Other,0,0,1,0,0,0,FALSE,Mixed
3215,4008,16,0.399201597,26.807029,115.212355,2,Cropland,2,Cropland,0,1,0,0,0,1,TRUE,Ag-dominated
2604,3732,15,0.40192926,25.568941,100.178267,1,Natural vegetation,1,Natural vegetation,0,0,0,0,1,0,FALSE,Natural-dominated
3430,4722,19,0.402371876,32.479431,111.08413,1,Natural vegetation,1,Natural vegetation,0,0,0,0,1,0,FALSE,Natural-dominated
8377200,103608,420,0.405374102,29.78075694,-101.7559523,1,Natural vegetation,1,Natural vegetation,0,0,0,0,1,0,FALSE,Natural-dominated
8057410,56136,229,0.407937865,32.70763139,-96.7358319,4,Wetland,3,Urban,0.5,0,0,0.25,0.25,0.5,TRUE,Urban-dominated
45303,41064,169,0.411552698,45.5081944,-122.9335,3,Urban,3,Urban,1,0,0,0,0,1,TRUE,Urban-dominated
2529,3870,16,0.413436693,30.262804,115.423717,3,Urban,2,Cropland,0,1,0,0,0,1,TRUE,Ag-dominated
3452,4092,17,0.41544477,30.254048,114.571771,5,Other,5,Other,0,0,1,0,0,0,FALSE,Mixed
3706,4308,18,0.417827298,29.708068,106.821893,2,Cropland,2,Cropland,0.5,0.5,0,0,0,1,TRUE,Urban-dominated
2722,4530,19,0.419426049,44.835289,126.530466,3,Urban,3,Urban,1,0,0,0,0,1,TRUE,Urban-dominated
3067,4764,20,0.419815281,21.49836,109.487331,2,Cropland,2,Cropland,0,0.5,0.5,0,0,0.5,TRUE,Ag-dominated
4040,4518,19,0.420540062,30.891566,113.312214,2,Cropland,2,Cropland,0,1,0,0,0,1,TRUE,Ag-dominated
2704,3546,15,0.423011844,44.598827,125.944944,2,Cropland,2,Cropland,0,1,0,0,0,1,TRUE,Ag-dominated
2649,3504,15,0.428082192,24.666808,98.233033,2,Cropland,1,Natural vegetation,0,0.25,0,0,0.75,0.25,FALSE,Natural-dominated
2576,3260,14,0.429447853,41.835441,123.42944,3,Urban,3,Urban,1,0,0,0,0,1,TRUE,Urban-dominated
3417,4644,20,0.430663221,18.584272,109.899226,1,Natural vegetation,1,Natural vegetation,0,0,0,0,1,0,FALSE,Natural-dominated
2450,3684,16,0.434310532,40.3405825,115.5478498,2,Cropland,1,Natural vegetation,0,0.25,0,0,0.75,0.25,FALSE,Natural-dominated
2861,4110,18,0.437956204,33.127823,117.879486,3,Urban,2,Cropland,0.25,0.75,0,0,0,1,TRUE,Ag-dominated
2507,4782,21,0.439146801,30.301193,119.973122,2,Cropland,2,Cropland,0.5,0.5,0,0,0,1,TRUE,Urban-dominated
4016,4326,19,0.439204808,33.874388,115.484812,3,Urban,2,Cropland,0.5,0.5,0,0,0,1,TRUE,Urban-dominated
1402000,12696,56,0.441083806,40.475,-74.5758333,2,Cropland,3,Urban,1,0,0,0,0,1,TRUE,Urban-dominated
FUI,27792,123,0.442573402,41.6833,2.5667,1,Natural vegetation,1,Natural vegetation,0,0,0,0,1,0,FALSE,Natural-dominated
4080,2238,10,0.446827525,29.398746,112.329403,2,Cropland,2,Cropland,0,1,0,0,0,1,TRUE,Ag-dominated
2976,4470,20,0.447427293,39.046414,112.928209,2,Cropland,2,Cropland,0,1,0,0,0,1,TRUE,Ag-dominated
403031283303071_,27432,123,0.448381452,36.0378,140.4039,5,Other,5,Other,0,0.25,0.75,0,0,0.25,FALSE,Mixed
3119,4890,22,0.449897751,33.311428,118.304098,2,Cropland,2,Cropland,0,1,0,0,0,1,TRUE,Ag-dominated
6223,3972,18,0.453172205,32.7923,117.9642,2,Cropland,2,Cropland,0.25,0.75,0,0,0,1,TRUE,Ag-dominated
405011285508040_,52176,237,0.454231831,35.0983,138.8706,3,Urban,3,Urban,1,0,0,0,0,1,TRUE,Urban-dominated
3335,3714,17,0.457727518,32.635434,113.938979,5,Other,2,Cropland,0,0.5,0.25,0,0.25,0.5,TRUE,Ag-dominated
3169,4578,21,0.458715596,32.427353,119.265049,3,Urban,2,Cropland,0,1,0,0,0,1,TRUE,Ag-dominated
3292474,80640,370,0.458829365,38.2759036,-85.606072,1,Natural vegetation,1,Natural vegetation,0,0,0,0,1,0,FALSE,Natural-dominated
2806,4554,21,0.46113307,31.018642,104.859137,3,Urban,2,Cropland,0,1,0,0,0,1,TRUE,Ag-dominated
2318500,38688,179,0.462675765,30.79330556,-83.4534444,1,Natural vegetation,1,Natural vegetation,0,0,0,0,1,0,FALSE,Natural-dominated
3263,4746,22,0.463548251,38.477117,117.542157,2,Cropland,2,Cropland,0,0.5,0.5,0,0,0.5,TRUE,Ag-dominated
3430200,135624,636,0.46894355,36.1864446,-86.6327739,3,Urban,3,Urban,1,0,0,0,0,1,TRUE,Urban-dominated
3304,2328,11,0.472508591,34.571616,111.478756,1,Natural vegetation,1,Natural vegetation,0,0.5,0,0,0.5,0.5,TRUE,Ag-dominated
3277,4866,23,0.472667489,39.802411,119.450936,5,Other,5,Other,0,0,1,0,0,0,FALSE,Mixed
212270,49680,235,0.473027375,-34.227667,150.252806,1,Natural vegetation,1,Natural vegetation,0,0,0,0,1,0,FALSE,Natural-dominated
2967,4854,23,0.473836012,35.389133,116.593313,3,Urban,3,Urban,1,0,0,0,0,1,TRUE,Urban-dominated
2344673,82680,392,0.474117078,33.38316667,-84.5727222,3,Urban,3,Urban,1,0,0,0,0,1,TRUE,Urban-dominated
3027,4614,22,0.47680971,21.912125,110.292455,5,Other,5,Other,0,0,1,0,0,0,FALSE,Mixed
3189,4806,23,0.478568456,32.061707,118.763232,3,Urban,3,Urban,1,0,0,0,0,1,TRUE,Urban-dominated
2901,4596,22,0.478677111,30.593188,114.273591,3,Urban,3,Urban,0.75,0,0.25,0,0,0.75,TRUE,Urban-dominated
2285,3750,18,0.48,35.03919,116.951152,3,Urban,2,Cropland,0,1,0,0,0,1,TRUE,Ag-dominated
3506,4374,21,0.480109739,26.82305,113.156194,1,Natural vegetation,1,Natural vegetation,0,0.25,0,0,0.75,0.25,FALSE,Natural-dominated
72632966,131808,636,0.482520029,34.87527778,-92.6538889,5,Other,1,Natural vegetation,0,0,0.5,0,0.5,0,FALSE,Natural-dominated
3283,3726,18,0.483091787,39.776323,119.421414,5,Other,3,Urban,0.5,0,0.5,0,0,0.5,TRUE,Urban-dominated
2129,4548,22,0.483729112,33.686867,114.196677,2,Cropland,2,Cropland,0,1,0,0,0,1,TRUE,Ag-dominated
2486,4326,21,0.485436893,28.439517,121.543023,3,Urban,2,Cropland,0.25,0.75,0,0,0,1,TRUE,Ag-dominated
3540,1236,6,0.485436893,29.0557678,112.3110917,2,Cropland,2,Cropland,0,1,0,0,0,1,TRUE,Ag-dominated
2660,3084,15,0.486381323,27.559972,99.035696,1,Natural vegetation,1,Natural vegetation,0,0,0,0,1,0,FALSE,Natural-dominated
2974,4932,24,0.486618005,39.385192,112.7273,5,Other,2,Cropland,0,1,0,0,0,1,TRUE,Ag-dominated
4166,3690,18,0.487804878,36.556856,101.930057,1,Natural vegetation,1,Natural vegetation,0,0,0,0,1,0,FALSE,Natural-dominated
3132,4914,24,0.488400488,31.816204,121.022964,3,Urban,3,Urban,1,0,0,0,0,1,TRUE,Urban-dominated
2801,3666,18,0.490998363,29.401596,103.827306,3,Urban,2,Cropland,0.5,0.5,0,0,0,1,TRUE,Urban-dominated
406041286603390_,32568,160,0.491279784,35.0331,135.9136,5,Other,5,Other,0,0,1,0,0,0,FALSE,Mixed
405081285505035_,88632,438,0.494178175,35.3319,137.3231,1,Natural vegetation,1,Natural vegetation,0,0,0,0,1,0,FALSE,Natural-dominated
3816,1008,5,0.496031746,43.174106,117.758673,1,Natural vegetation,1,Natural vegetation,0,0,0,0,1,0,FALSE,Natural-dominated
2357150,64152,322,0.501932909,30.903,-84.7495,1,Natural vegetation,2,Cropland,0,1,0,0,0,1,TRUE,Ag-dominated
2198,3978,20,0.502765209,31.193231,121.785769,2,Cropland,3,Urban,0.666666667,0,0.333333333,0,0,0.666666667,TRUE,Urban-dominated
3083,4770,24,0.503144654,22.658889,107.052149,1,Natural vegetation,1,Natural vegetation,0,0.25,0,0,0.75,0.25,FALSE,Natural-dominated
2799,3576,18,0.503355705,31.535904,104.372125,2,Cropland,2,Cropland,0,1,0,0,0,1,TRUE,Ag-dominated
2902,3966,20,0.504286435,31.332876,117.096014,3,Urban,2,Cropland,0,1,0,0,0,1,TRUE,Ag-dominated
3992,3162,16,0.506008855,35.403717,113.944923,3,Urban,2,Cropland,0,1,0,0,0,1,TRUE,Ag-dominated
3997,4140,21,0.507246377,35.511776,114.197142,2,Cropland,2,Cropland,0,1,0,0,0,1,TRUE,Ag-dominated
406051286611030_,138624,704,0.507848569,34.9653,134.9728,3,Urban,3,Urban,1,0,0,0,0,1,TRUE,Urban-dominated
4015,2946,15,0.509164969,34.755454,112.153882,2,Cropland,2,Cropland,0,1,0,0,0,1,TRUE,Ag-dominated
4048,3126,16,0.511836212,29.933344,112.791924,2,Cropland,2,Cropland,0,1,0,0,0,1,TRUE,Ag-dominated
2992,4752,25,0.526094276,38.204692,111.790879,1,Natural vegetation,1,Natural vegetation,0,0,0,0,1,0,FALSE,Natural-dominated
2098,3222,17,0.527622595,40.363954,120.273091,2,Cropland,2,Cropland,0,1,0,0,0,1,TRUE,Ag-dominated
2326526,71088,376,0.5289219,30.3013159,-83.9796085,1,Natural vegetation,1,Natural vegetation,0,0,0,0,1,0,FALSE,Natural-dominated
3600,4530,24,0.529801325,25.050703,118.266127,3,Urban,1,Natural vegetation,0,0.5,0,0,0.5,0.5,TRUE,Ag-dominated
3036,4692,25,0.532821824,22.909763,115.33408,5,Other,5,Other,0,0,1,0,0,0,FALSE,Mixed
406041286608040_,166320,892,0.536315536,34.7989,135.4233,3,Urban,3,Urban,1,0,0,0,0,1,TRUE,Urban-dominated
405091285515090_,3912,21,0.536809816,35.0267,136.7103,5,Other,3,Urban,0.5,0,0.5,0,0,0.5,TRUE,Urban-dominated
3709,4458,24,0.538358008,29.207546,107.506786,1,Natural vegetation,1,Natural vegetation,0,0,0,0,1,0,FALSE,Natural-dominated
6233,3525,19,0.539007092,28.7682,116.0853,5,Other,1,Natural vegetation,0.25,0.25,0.25,0,0.25,0.5,TRUE,Mixed
403031283323030_,47472,258,0.543478261,36.2794,139.1203,3,Urban,3,Urban,1,0,0,0,0,1,TRUE,Urban-dominated
3152,4740,26,0.548523207,32.492358,119.50462,1,Natural vegetation,1,Natural vegetation,0,0,0,0,1,0,FALSE,Natural-dominated
2306,4554,25,0.54896794,22.238874,112.720441,1,Natural vegetation,1,Natural vegetation,0,0,0,0,1,0,FALSE,Natural-dominated
3820,2538,14,0.551615445,50.308321,119.371214,1,Natural vegetation,1,Natural vegetation,0,0,0,0,1,0,FALSE,Natural-dominated
3595,4674,26,0.556268721,24.951791,118.44607,3,Urban,3,Urban,1,0,0,0,0,1,TRUE,Urban-dominated
3164,4488,25,0.557040998,31.191479,120.661595,3,Urban,3,Urban,0.5,0.25,0.25,0,0,0.75,TRUE,Urban-dominated
3297900,66192,370,0.558979937,38.28534776,-85.4674592,1,Natural vegetation,1,Natural vegetation,0,0,0,0,1,0,FALSE,Natural-dominated
6398,2856,16,0.56022409,35.0394,116.6677,2,Cropland,2,Cropland,0,1,0,0,0,1,TRUE,Ag-dominated
2959,4806,27,0.561797753,34.90613,117.237479,3,Urban,2,Cropland,0.25,0.75,0,0,0,1,TRUE,Ag-dominated
2965,3204,18,0.561797753,36.748637,115.927885,2,Cropland,2,Cropland,0,1,0,0,0,1,TRUE,Ag-dominated
6486,1602,9,0.561797753,21.3002,110.3065,2,Cropland,3,Urban,1,0,0,0,0,1,TRUE,Urban-dominated
2753,4062,23,0.566223535,30.899389,103.960365,2,Cropland,2,Cropland,0,1,0,0,0,1,TRUE,Ag-dominated
2344630,128352,727,0.566411119,33.35727778,-84.5826111,1,Natural vegetation,1,Natural vegetation,0,0,0,0,1,0,FALSE,Natural-dominated
8052745,107448,610,0.567716477,33.219298,-96.8919565,3,Urban,2,Cropland,0.5,0.5,0,0,0,1,TRUE,Urban-dominated
6227,4044,23,0.568743818,32.4286,115.6024,2,Cropland,2,Cropland,0,1,0,0,0,1,TRUE,Ag-dominated
405091285515170_,4032,23,0.570436508,35.0603,136.7131,5,Other,3,Urban,1,0,0,0,0,1,TRUE,Urban-dominated
2194,2976,17,0.571236559,30.280827,120.135191,3,Urban,3,Urban,1,0,0,0,0,1,TRUE,Urban-dominated
2276,4014,23,0.572994519,37.701315,118.126414,3,Urban,2,Cropland,0.25,0.75,0,0,0,1,TRUE,Ag-dominated
2963,4866,28,0.575421291,37.41156,116.317671,3,Urban,3,Urban,0.75,0.25,0,0,0,1,TRUE,Urban-dominated
404101284408300_,20736,120,0.578703704,36.7558,136.9819,3,Urban,1,Natural vegetation,0.5,0,0,0,0.5,0.5,TRUE,Urban-dominated
403031283301222_,31392,182,0.579765545,36.2114,139.6786,5,Other,2,Cropland,0.5,0.5,0,0,0,1,TRUE,Urban-dominated
3528,4464,26,0.582437276,28.112444,112.98381,3,Urban,3,Urban,1,0,0,0,0,1,TRUE,Urban-dominated
401031281104010_,44472,260,0.584637525,43.8181,142.4258,3,Urban,3,Urban,1,0,0,0,0,1,TRUE,Urban-dominated
406051286611060_,136752,804,0.587925588,34.7975,134.8994,3,Urban,3,Urban,1,0,0,0,0,1,TRUE,Urban-dominated
3260,4854,29,0.597445406,38.037057,114.468664,3,Urban,3,Urban,1,0,0,0,0,1,TRUE,Urban-dominated
2523,4350,26,0.597701149,30.1823,112.866681,2,Cropland,2,Cropland,0,1,0,0,0,1,TRUE,Ag-dominated
3610,4506,27,0.599201065,26.548915,117.996231,1,Natural vegetation,1,Natural vegetation,0,0,0,0,1,0,FALSE,Natural-dominated
2336313,137016,827,0.603579144,33.82163889,-84.43863889,3,Urban,3,Urban,1,0,0,0,0,1,TRUE,Urban-dominated
3886,3972,24,0.604229607,34.868596,116.175491,2,Cropland,2,Cropland,0,1,0,0,0,1,TRUE,Ag-dominated
6193,1320,8,0.606060606,29.821683,113.463833,3,Urban,3,Urban,1,0,0,0,0,1,TRUE,Urban-dominated
401011281104040_,46968,285,0.606796117,44.4814,142.335,1,Natural vegetation,1,Natural vegetation,0,0.5,0,0,0.5,0.5,TRUE,Ag-dominated
Fowey_Restormel,35376,215,0.607756671,50.4309,-4.6788,1,Natural vegetation,1,Natural vegetation,0,0.25,0,0,0.75,0.25,FALSE,Natural-dominated
403031283303181_,32208,196,0.608544461,36.0167,140.565,5,Other,5,Other,0.25,0.25,0.5,0,0,0.5,TRUE,Mixed
2167716,16752,102,0.608882521,34.0795843,-81.5617714,5,Other,1,Natural vegetation,0,0,0,0,1,0,FALSE,Natural-dominated
2645,3774,23,0.609432962,24.448543,103.436917,2,Cropland,1,Natural vegetation,0.25,0,0,0,0.75,0.25,FALSE,Natural-dominated
6387,2130,13,0.610328638,30.7703,117.7527,5,Other,5,Other,0,0,1,0,0,0,FALSE,Mixed
3740,4080,25,0.612745098,34.331984,109.10789,3,Urban,3,Urban,1,0,0,0,0,1,TRUE,Urban-dominated
3123499,1944,12,0.617283951,38.2150706,-85.7480176,3,Urban,3,Urban,1,0,0,0,0,1,TRUE,Urban-dominated
38171,1944,12,0.617283951,38.2846833,-85.821925,3,Urban,1,Natural vegetation,0.5,0,0,0,0.5,0.5,TRUE,Urban-dominated
3034,4854,30,0.618046972,22.548277,114.144205,3,Urban,3,Urban,1,0,0,0,0,1,TRUE,Urban-dominated
3160,4530,28,0.618101545,32.245055,119.911408,3,Urban,3,Urban,1,0,0,0,0,1,TRUE,Urban-dominated
3187,4530,28,0.618101545,31.460995,120.869564,3,Urban,3,Urban,1,0,0,0,0,1,TRUE,Urban-dominated
404031284401300_,112992,699,0.618627867,37.8817,139.0189,3,Urban,3,Urban,1,0,0,0,0,1,TRUE,Urban-dominated
2921,4032,25,0.620039683,32.641579,116.915776,5,Other,2,Cropland,0,1,0,0,0,1,TRUE,Ag-dominated
406061286611050_,81936,509,0.621216559,34.8014,134.5631,3,Urban,1,Natural vegetation,0.5,0,0,0,0.5,0.5,TRUE,Urban-dominated
8374200,83448,521,0.624340907,29.51962973,-104.2865896,1,Natural vegetation,1,Natural vegetation,0,0,0,0,1,0,FALSE,Natural-dominated
3264,3030,19,0.627062706,37.865007,115.813964,3,Urban,3,Urban,1,0,0,0,0,1,TRUE,Urban-dominated
2828,4776,30,0.628140704,39.399788,117.364817,3,Urban,2,Cropland,0,1,0,0,0,1,TRUE,Ag-dominated
3500,4296,27,0.62849162,29.248398,113.492368,1,Natural vegetation,1,Natural vegetation,0,0,0,0,1,0,FALSE,Natural-dominated
406071286601060_,94176,592,0.628610262,36.0878,136.1864,3,Urban,1,Natural vegetation,0.25,0.25,0,0,0.5,0.5,TRUE,Natural-dominated
3319,2544,16,0.628930818,34.060856,112.972621,1,Natural vegetation,2,Cropland,0,1,0,0,0,1,TRUE,Ag-dominated
3115,3810,24,0.62992126,33.909789,118.294211,3,Urban,3,Urban,1,0,0,0,0,1,TRUE,Urban-dominated
11152900,5352,34,0.635276532,37.0499451,-121.327431,1,Natural vegetation,1,Natural vegetation,0,0,0,0,1,0,FALSE,Natural-dominated
2685,4722,30,0.635324015,39.834406,116.425261,3,Urban,3,Urban,1,0,0,0,0,1,TRUE,Urban-dominated
5559900,10824,69,0.637472284,40.72503739,-89.5495396,4,Wetland,3,Urban,1,0,0,0,0,1,TRUE,Urban-dominated
212378405,70296,450,0.640150222,35.20066667,-80.0618056,5,Other,1,Natural vegetation,0,0,0,0,1,0,FALSE,Natural-dominated
7049691,69864,448,0.641245849,36.4208333,-93.8472222,1,Natural vegetation,1,Natural vegetation,0,0,0,0,1,0,FALSE,Natural-dominated
4061,3108,20,0.643500644,32.662319,110.789239,3,Urban,3,Urban,1,0,0,0,0,1,TRUE,Urban-dominated
10129900,137256,884,0.64405199,40.73522634,-111.4760313,1,Natural vegetation,1,Natural vegetation,0,0,0,0,1,0,FALSE,Natural-dominated
2956,4500,29,0.644444444,38.018599,118.909417,5,Other,5,Other,0,0,1,0,0,0,FALSE,Mixed
2336152,105072,680,0.64717527,33.81044444,-84.2479722,3,Urban,3,Urban,1,0,0,0,0,1,TRUE,Urban-dominated
3302030,89256,579,0.648695886,38.05423677,-85.8716296,1,Natural vegetation,1,Natural vegetation,0.5,0,0,0,0.5,0.5,TRUE,Urban-dominated
2913,4776,31,0.649078727,32.570486,116.5909,4,Wetland,2,Cropland,0,1,0,0,0,1,TRUE,Ag-dominated
2803,4002,26,0.649675162,32.389563,105.781436,1,Natural vegetation,1,Natural vegetation,0.25,0,0,0,0.75,0.25,FALSE,Natural-dominated
2926,4140,27,0.652173913,33.483853,117.215577,2,Cropland,2,Cropland,0,1,0,0,0,1,TRUE,Ag-dominated
3278,4134,27,0.653120464,36.766382,114.95768,3,Urban,2,Cropland,0.5,0.5,0,0,0,1,TRUE,Urban-dominated
3691,4134,27,0.653120464,31.17634,108.13505,2,Cropland,2,Cropland,0,0.75,0,0,0.25,0.75,TRUE,Ag-dominated
406021286614111_,86064,566,0.657650121,34.2542,135.1956,3,Urban,1,Natural vegetation,0.5,0,0,0,0.5,0.5,TRUE,Urban-dominated
3166,4398,29,0.659390632,32.375163,120.845123,2,Cropland,2,Cropland,0,1,0,0,0,1,TRUE,Ag-dominated
2281,3936,26,0.660569106,34.862105,116.042865,2,Cropland,2,Cropland,0,1,0,0,0,1,TRUE,Ag-dominated
2291,3780,25,0.661375661,37.025299,116.233597,2,Cropland,2,Cropland,0,1,0,0,0,1,TRUE,Ag-dominated
3675,3906,26,0.665642601,42.01371,122.951184,2,Cropland,2,Cropland,0,1,0,0,0,1,TRUE,Ag-dominated
2189,4044,27,0.667655786,28.675696,115.909228,3,Urban,3,Urban,1,0,0,0,0,1,TRUE,Urban-dominated
406091286605050_,147744,992,0.671431666,35.3556,135.1153,1,Natural vegetation,1,Natural vegetation,0,0,0,0,1,0,FALSE,Natural-dominated
402081282211040_,53184,365,0.686296631,40.1978,140.2336,1,Natural vegetation,1,Natural vegetation,0.333333333,0,0,0,0.666666667,0.333333333,TRUE,Natural-dominated
2820,2586,18,0.696055684,40.040942,117.498843,5,Other,5,Other,0.25,0,0.5,0.25,0,0.25,FALSE,Mixed
3508,4740,33,0.696202532,29.4497926,113.14871,3,Urban,5,Other,0.25,0,0.75,0,0,0.25,FALSE,Mixed
3648,3420,24,0.701754386,26.050708,107.859702,1,Natural vegetation,1,Natural vegetation,0,0,0,0,1,0,FALSE,Natural-dominated
401061281105020_,64032,456,0.712143928,42.5733,141.9367,2,Cropland,2,Cropland,0,0.5,0.25,0,0.25,0.5,TRUE,Ag-dominated
A4261263,63888,455,0.712183822,-34.406627,140.48899,4,Wetland,1,Natural vegetation,0,0,0,0,1,0,FALSE,Natural-dominated
3307,4746,34,0.716392752,32.081175,115.421399,2,Cropland,2,Cropland,0,1,0,0,0,1,TRUE,Ag-dominated
616,59160,425,0.718390805,48.8798,12.7473,2,Cropland,2,Cropland,0,1,0,0,0,1,TRUE,Ag-dominated
2768,3750,27,0.72,27.888273,102.251128,3,Urban,3,Urban,1,0,0,0,0,1,TRUE,Urban-dominated
2081094,147072,1061,0.721415361,35.81305556,-76.89277778,1,Natural vegetation,1,Natural vegetation,0,0,0,0.5,0.5,0,FALSE,Natural-dominated
4020,1104,8,0.724637681,30.9232021,120.7132892,5,Other,2,Cropland,0.25,0.5,0.25,0,0,0.75,TRUE,Ag-dominated
2716,3582,26,0.72585148,45.704479,124.033104,1,Natural vegetation,1,Natural vegetation,0,0,0,0,1,0,FALSE,Natural-dominated
3914,4512,33,0.731382979,22.552676,112.007501,3,Urban,3,Urban,1,0,0,0,0,1,TRUE,Urban-dominated
3910,4362,32,0.733608436,22.462587,112.742789,2,Cropland,2,Cropland,0,1,0,0,0,1,TRUE,Ag-dominated
2126,3816,28,0.733752621,41.149403,121.813325,3,Urban,3,Urban,0.666666667,0.333333333,0,0,0,1,TRUE,Urban-dominated
2900,2034,15,0.737463127,31.618256,117.2443,2,Cropland,2,Cropland,0,1,0,0,0,1,TRUE,Ag-dominated
3005,4140,31,0.748792271,38.437547,112.760715,2,Cropland,2,Cropland,0.5,0.5,0,0,0,1,TRUE,Urban-dominated
4012,3444,26,0.754936121,34.721917,112.605462,3,Urban,3,Urban,1,0,0,0,0,1,TRUE,Urban-dominated
2596,3570,27,0.756302521,27.188602,100.904089,1,Natural vegetation,1,Natural vegetation,0,0.25,0,0,0.75,0.25,FALSE,Natural-dominated
7241520,80880,614,0.759149357,35.5656147,-97.367258,1,Natural vegetation,1,Natural vegetation,0,0,0,0,1,0,FALSE,Natural-dominated
6251,3942,30,0.761035008,29.063,112.2989,5,Other,2,Cropland,0,1,0,0,0,1,TRUE,Ag-dominated
2313700,50640,387,0.764218009,29.20413378,-82.769001,4,Wetland,1,Natural vegetation,0,0,0,0.25,0.75,0,FALSE,Natural-dominated
3376,4704,36,0.765306122,29.772181,120.238368,2,Cropland,2,Cropland,0,1,0,0,0,1,TRUE,Ag-dominated
2427,4296,33,0.768156425,32.238702,119.241225,3,Urban,3,Urban,0.5,0,0.5,0,0,0.5,TRUE,Urban-dominated
A4261262,10152,78,0.768321513,-34.24422,140.74787,1,Natural vegetation,1,Natural vegetation,0,0,0,0,1,0,FALSE,Natural-dominated
8374510,58800,455,0.773809524,29.1547222,-103.5977778,1,Natural vegetation,1,Natural vegetation,0,0,0,0,1,0,FALSE,Natural-dominated
2646,3996,31,0.775775776,26.890883,100.219753,3,Urban,1,Natural vegetation,0.5,0,0,0,0.5,0.5,TRUE,Urban-dominated
2275,4614,36,0.78023407,38.010543,117.686232,3,Urban,2,Cropland,0,1,0,0,0,1,TRUE,Ag-dominated
A4261055,9216,72,0.78125,-34.223598,140.808045,1,Natural vegetation,1,Natural vegetation,0,0.25,0,0.25,0.5,0.25,FALSE,Natural-dominated
3432,3324,26,0.782190132,31.850714,113.318907,2,Cropland,2,Cropland,0,1,0,0,0,1,TRUE,Ag-dominated
2690,4776,38,0.795644891,39.907408,116.618333,3,Urban,3,Urban,1,0,0,0,0,1,TRUE,Urban-dominated
2424,4266,34,0.796999531,34.786466,119.144453,3,Urban,5,Other,0.25,0.25,0.5,0,0,0.5,TRUE,Mixed
3202,4266,34,0.796999531,29.007762,115.826974,3,Urban,2,Cropland,0.5,0.5,0,0,0,1,TRUE,Urban-dominated
2423571,49464,395,0.798560569,33.52093809,-86.7169325,3,Urban,1,Natural vegetation,0.5,0,0,0,0.5,0.5,TRUE,Urban-dominated
3302000,71256,575,0.80694959,38.1197916,-85.7957955,1,Natural vegetation,1,Natural vegetation,0,0,0,0,1,0,FALSE,Natural-dominated
3302,3942,32,0.811770675,36.108471,115.06861,2,Cropland,2,Cropland,0,1,0,0,0,1,TRUE,Ag-dominated
2957,2088,17,0.814176245,36.94308,118.106575,3,Urban,2,Cropland,0,1,0,0,0,1,TRUE,Ag-dominated
3254520,125496,1023,0.815165424,38.9203417,-84.44799549,1,Natural vegetation,1,Natural vegetation,0,0,0,0,1,0,FALSE,Natural-dominated
3409,4782,39,0.815558344,18.365332,109.16614,3,Urban,3,Urban,0.666666667,0.333333333,0,0,0,1,TRUE,Urban-dominated
3882,3792,31,0.817510549,36.866154,116.459246,2,Cropland,2,Cropland,0,1,0,0,0,1,TRUE,Ag-dominated
A4261224,73200,603,0.823770492,-34.00223,140.862866,5,Other,1,Natural vegetation,0,0,0,0,1,0,FALSE,Natural-dominated
2246,4362,36,0.825309491,38.871337,117.424182,3,Urban,3,Urban,0.666666667,0.333333333,0,0,0,1,TRUE,Urban-dominated
6384,2874,24,0.835073069,31.2695,118.3338,3,Urban,3,Urban,0.5,0.25,0,0.25,0,0.75,TRUE,Urban-dominated
2982,4662,39,0.836550837,37.061278,111.84924,3,Urban,3,Urban,1,0,0,0,0,1,TRUE,Urban-dominated
3658,4020,34,0.845771144,40.95209,120.862859,2,Cropland,2,Cropland,0,1,0,0,0,1,TRUE,Ag-dominated
3300,3894,33,0.847457627,34.765515,113.753602,3,Urban,3,Urban,1,0,0,0,0,1,TRUE,Urban-dominated
A4260703,58176,495,0.850866337,-34.15414,140.77938,5,Other,3,Urban,1,0,0,0,0,1,TRUE,Urban-dominated
3893,3990,34,0.852130326,37.569847,116.335396,2,Cropland,2,Cropland,0,1,0,0,0,1,TRUE,Ag-dominated
3146,4788,41,0.856307435,31.758783,120.00259,3,Urban,3,Urban,1,0,0,0,0,1,TRUE,Urban-dominated
3310,4650,40,0.860215054,35.134576,114.605094,2,Cropland,2,Cropland,0.25,0.75,0,0,0,1,TRUE,Ag-dominated
6889110,23088,199,0.861919612,39.6095472,-95.9760556,2,Cropland,2,Cropland,0,1,0,0,0,1,TRUE,Ag-dominated
2859,4740,41,0.864978903,32.199777,118.417907,3,Urban,2,Cropland,0.5,0.5,0,0,0,1,TRUE,Urban-dominated
3583,2886,25,0.866250866,38.370496,102.0513,1,Natural vegetation,1,Natural vegetation,0,0,0,0,1,0,FALSE,Natural-dominated
2359170,63216,552,0.873196659,29.94937094,-85.0154686,1,Natural vegetation,4,Wetland,0,0,0,1,0,0,FALSE,Mixed
vernus,4680,41,0.876068376,46.1429728,4.6500288,1,Natural vegetation,1,Natural vegetation,0,0,0,0,1,0,FALSE,Natural-dominated
3048,4656,41,0.880584192,21.899485,111.599009,1,Natural vegetation,1,Natural vegetation,0,0,0,0,1,0,FALSE,Natural-dominated
3045,4734,42,0.887198986,21.914394,110.800196,1,Natural vegetation,2,Cropland,0,1,0,0,0,1,TRUE,Ag-dominated
2909,4110,37,0.900243309,33.637904,116.048247,2,Cropland,2,Cropland,0,1,0,0,0,1,TRUE,Ag-dominated
6195,2106,19,0.902184236,41.741893,83.171831,2,Cropland,5,Other,0,0.25,0.75,0,0,0.25,FALSE,Mixed
A4260554,4320,39,0.902777778,-34.021444,139.68861,1,Natural vegetation,1,Natural vegetation,0,0,0,0,1,0,FALSE,Natural-dominated
3632,3648,33,0.904605263,26.315435,104.751606,2,Cropland,2,Cropland,0,0.75,0,0,0.25,0.75,TRUE,Ag-dominated
3136,4524,41,0.90627763,31.635595,119.506363,5,Other,2,Cropland,0.25,0.25,0.25,0.25,0,0.5,TRUE,Mixed
3345,4602,42,0.912646675,28.467694,119.416539,2,Cropland,2,Cropland,0,1,0,0,0,1,TRUE,Ag-dominated
morcilles,4488,41,0.913547237,46.1259817,4.7009917,2,Cropland,1,Natural vegetation,0,0.25,0,0,0.75,0.25,FALSE,Natural-dominated
3047,4368,40,0.915750916,26.040433,119.30373,3,Urban,3,Urban,1,0,0,0,0,1,TRUE,Urban-dominated
sallarin,4992,46,0.921474359,46.0550185,4.651791,1,Natural vegetation,1,Natural vegetation,0,0,0,0,1,0,FALSE,Natural-dominated
8069500,121680,1124,0.923734385,30.02716385,-95.2579888,1,Natural vegetation,3,Urban,1,0,0,0,0,1,TRUE,Urban-dominated
2583,2916,27,0.925925926,46.003555,126.646118,3,Urban,3,Urban,1,0,0,0,0,1,TRUE,Urban-dominated
2905,3984,37,0.928714859,31.18298,118.794129,2,Cropland,1,Natural vegetation,0,0.25,0,0,0.75,0.25,FALSE,Natural-dominated
406041286603500_,24096,224,0.929614874,35.4011,136.2319,2,Cropland,2,Cropland,0,1,0,0,0,1,TRUE,Ag-dominated
3436,4392,41,0.933515483,30.607998,114.739996,5,Other,3,Urban,1,0,0,0,0,1,TRUE,Urban-dominated
2614,4032,38,0.942460317,25.220989,102.505553,3,Urban,3,Urban,1,0,0,0,0,1,TRUE,Urban-dominated
4156,3390,32,0.943952802,34.460378,109.251996,2,Cropland,2,Cropland,0.25,0.75,0,0,0,1,TRUE,Ag-dominated
3174,3960,38,0.95959596,32.302834,121.193199,3,Urban,2,Cropland,0.5,0.5,0,0,0,1,TRUE,Urban-dominated
403031283302231_,23064,222,0.962539022,35.8586,140.0244,3,Urban,3,Urban,0.75,0.25,0,0,0,1,TRUE,Urban-dominated
403051283310180_,36336,350,0.963232056,35.665,139.4122,3,Urban,3,Urban,1,0,0,0,0,1,TRUE,Urban-dominated
403031283301050_,56544,552,0.9762309,36.1725,139.4725,2,Cropland,3,Urban,0.5,0.25,0.25,0,0,0.75,TRUE,Urban-dominated
8474320,5616,55,0.979344729,25.95666667,-97.3754167,3,Urban,3,Urban,0.5,0,0,0.5,0,0.5,TRUE,Urban-dominated
2184,4380,43,0.98173516,34.879613,117.027314,3,Urban,3,Urban,1,0,0,0,0,1,TRUE,Urban-dominated
2270,4266,42,0.984528833,35.651181,115.517942,2,Cropland,2,Cropland,0,1,0,0,0,1,TRUE,Ag-dominated
2324,1824,18,0.986842105,23.711524,113.217941,2,Cropland,2,Cropland,0,1,0,0,0,1,TRUE,Ag-dominated
406021286614090_,42504,423,0.995200452,34.2514,135.3106,3,Urban,1,Natural vegetation,0.5,0,0,0,0.5,0.5,TRUE,Urban-dominated
2378,4308,43,0.99814299,34.786621,116.916933,2,Cropland,2,Cropland,0.25,0.75,0,0,0,1,TRUE,Ag-dominated
2296,4296,43,1.000931099,36.508114,118.537078,3,Urban,3,Urban,1,0,0,0,0,1,TRUE,Urban-dominated
6218,4092,41,1.001955034,33.4816,118.1131,2,Cropland,2,Cropland,0,1,0,0,0,1,TRUE,Ag-dominated
3429,3582,36,1.005025126,30.932298,114.664435,2,Cropland,2,Cropland,0.25,0.75,0,0,0,1,TRUE,Ag-dominated
A4261108,60120,608,1.011310712,-34.383541,140.546401,1,Natural vegetation,1,Natural vegetation,0,0,0,0,1,0,FALSE,Natural-dominated
2411,690,7,1.014492754,33.282706,118.637266,5,Other,5,Other,0,0,1,0,0,0,FALSE,Mixed
A4261024,58632,596,1.016509756,-34.4505,140.511,2,Cropland,2,Cropland,0,0.5,0,0.5,0,0.5,TRUE,Ag-dominated
3704,4128,42,1.01744186,30.944318,108.674842,5,Other,3,Urban,1,0,0,0,0,1,TRUE,Urban-dominated
4220045,36816,375,1.018578879,43.17430556,-78.38638889,2,Cropland,2,Cropland,0,1,0,0,0,1,TRUE,Ag-dominated
2822,3714,38,1.023155627,38.763512,117.565847,4,Wetland,3,Urban,0.5,0,0.5,0,0,0.5,TRUE,Urban-dominated
3306,4386,45,1.025991792,33.503413,114.574433,2,Cropland,2,Cropland,0,1,0,0,0,1,TRUE,Ag-dominated
3671,4674,48,1.026957638,40.549855,122.652461,2,Cropland,2,Cropland,0,1,0,0,0,1,TRUE,Ag-dominated
11152880,2136,22,1.029962547,37.04368056,-121.2759028,1,Natural vegetation,1,Natural vegetation,0,0,0,0,1,0,FALSE,Natural-dominated
2642,3864,40,1.035196687,25.041489,102.748474,3,Urban,3,Urban,1,0,0,0,0,1,TRUE,Urban-dominated
3596,4230,44,1.040189125,24.46201,117.405013,2,Cropland,1,Natural vegetation,0.25,0,0,0,0.75,0.25,FALSE,Natural-dominated
224203,1152,12,1.041666667,-37.76358991,147.3747776,2,Cropland,2,Cropland,0,1,0,0,0,1,TRUE,Ag-dominated
6365,2784,29,1.041666667,40.2585,111.148,1,Natural vegetation,1,Natural vegetation,0.5,0,0,0,0.5,0.5,TRUE,Urban-dominated
3294,3444,36,1.045296167,38.823736,116.024029,4,Wetland,2,Cropland,0,0.333333333,0.333333333,0.333333333,0,0.333333333,TRUE,Mixed
2669,3882,41,1.05615662,25.090788,103.134416,1,Natural vegetation,1,Natural vegetation,0,0,0,0,1,0,FALSE,Natural-dominated
4042,4260,45,1.056338028,32.36496,112.468554,2,Cropland,2,Cropland,0,1,0,0,0,1,TRUE,Ag-dominated
A4261022,71256,765,1.073593803,-33.9798,140.9615,1,Natural vegetation,1,Natural vegetation,0,0,0.25,0,0.75,0,FALSE,Natural-dominated
2168504,64584,694,1.074569553,34.0509822,-81.2095418,3,Urban,3,Urban,0.5,0,0.25,0,0.25,0.5,TRUE,Urban-dominated
1670200,12096,130,1.07473545,38.1545801,-77.9502747,1,Natural vegetation,1,Natural vegetation,0,0.5,0,0,0.5,0.5,TRUE,Ag-dominated
3511,3894,42,1.078582435,29.206544,112.515163,5,Other,5,Other,0,0,1,0,0,0,FALSE,Mixed
3154,4164,45,1.080691643,32.410881,119.560684,3,Urban,3,Urban,1,0,0,0,0,1,TRUE,Urban-dominated
404031284403300_,92808,1003,1.0807258,37.4506,138.8364,3,Urban,3,Urban,0.5,0.25,0.25,0,0,0.75,TRUE,Urban-dominated
2989,3324,36,1.083032491,38.507979,112.970149,2,Cropland,2,Cropland,0,1,0,0,0,1,TRUE,Ag-dominated
3728,4596,50,1.087902524,29.818174,107.12328,2,Cropland,2,Cropland,0,1,0,0,0,1,TRUE,Ag-dominated
3321,2106,23,1.092117759,32.895127,114.406066,2,Cropland,2,Cropland,0,1,0,0,0,1,TRUE,Ag-dominated
3004,2010,22,1.094527363,38.349717,112.736862,2,Cropland,2,Cropland,0,1,0,0,0,1,TRUE,Ag-dominated
403031283306041_,66456,729,1.096966414,36.3269,139.4531,3,Urban,3,Urban,1,0,0,0,0,1,TRUE,Urban-dominated
2531,3462,38,1.097631427,30.395714,114.092344,1,Natural vegetation,2,Cropland,0,1,0,0,0,1,TRUE,Ag-dominated
11092450,10584,117,1.105442177,34.16167247,-118.466749,3,Urban,3,Urban,1,0,0,0,0,1,TRUE,Urban-dominated
7288500,16752,186,1.110315186,33.5473557,-90.5431579,2,Cropland,3,Urban,1,0,0,0,0,1,TRUE,Urban-dominated
406101286610020_,150312,1676,1.115014104,35.5436,134.83,3,Urban,3,Urban,1,0,0,0,0,1,TRUE,Urban-dominated
402071282201080_,128904,1441,1.117886179,40.8078,140.4375,3,Urban,3,Urban,1,0,0,0,0,1,TRUE,Urban-dominated
Loise amont Doise Salt,7872,88,1.117886179,45.737758,4.29548,1,Natural vegetation,1,Natural vegetation,0,0.5,0,0,0.5,0.5,TRUE,Ag-dominated
402051282201010_,97536,1094,1.121637139,40.4861,141.4281,3,Urban,2,Cropland,0.25,0.5,0,0,0.25,0.75,TRUE,Ag-dominated
Charpassonne la Valette,3816,43,1.126834382,45.765039,4.29147,1,Natural vegetation,1,Natural vegetation,0,0.333333333,0,0,0.666666667,0.333333333,TRUE,Natural-dominated
4193500,17208,196,1.139005114,41.5000526,-83.7127145,2,Cropland,2,Cropland,0,1,0,0,0,1,TRUE,Ag-dominated
2303,4734,54,1.140684411,23.665131,117.003995,3,Urban,3,Urban,0.5,0,0.5,0,0,0.5,TRUE,Urban-dominated
2869,4104,47,1.145224172,31.410873,116.91384,2,Cropland,2,Cropland,0,1,0,0,0,1,TRUE,Ag-dominated
3311,4176,48,1.149425287,34.765515,113.753602,3,Urban,3,Urban,1,0,0,0,0,1,TRUE,Urban-dominated
3484,2430,28,1.152263374,29.90909,113.688546,3,Urban,2,Cropland,0,0.5,0.5,0,0,0.5,TRUE,Ag-dominated
3520,4638,54,1.164294955,28.259883,113.008048,3,Urban,3,Urban,1,0,0,0,0,1,TRUE,Urban-dominated
2159,2832,33,1.165254237,34.749162,110.050793,2,Cropland,2,Cropland,0,1,0,0,0,1,TRUE,Ag-dominated
403031283305140_,42888,502,1.17049058,35.7786,139.8506,3,Urban,3,Urban,1,0,0,0,0,1,TRUE,Urban-dominated
3868,3924,46,1.172273191,39.439892,117.075969,2,Cropland,2,Cropland,0,1,0,0,0,1,TRUE,Ag-dominated
2407,4254,50,1.175364363,33.39845,119.609473,2,Cropland,2,Cropland,0,1,0,0,0,1,TRUE,Ag-dominated
3341,4338,51,1.175656985,32.272325,114.035868,2,Cropland,2,Cropland,0,1,0,0,0,1,TRUE,Ag-dominated
3181,4932,58,1.175993512,32.123444,119.57278,3,Urban,3,Urban,1,0,0,0,0,1,TRUE,Urban-dominated
7061290,131976,1564,1.185063951,37.4936111,-90.8383333,1,Natural vegetation,1,Natural vegetation,0,0,0,0,1,0,FALSE,Natural-dominated
2204,4050,48,1.185185185,31.1155091,120.9170361,5,Other,5,Other,0,0,1,0,0,0,FALSE,Mixed
8375300,97440,1159,1.189449918,29.1835386,-102.9754409,1,Natural vegetation,1,Natural vegetation,0,0,0,0,1,0,FALSE,Natural-dominated
3673,4524,54,1.193633952,40.210189,120.433988,2,Cropland,2,Cropland,0,1,0,0,0,1,TRUE,Ag-dominated
3020,4014,48,1.195814649,22.528784,113.3708,3,Urban,3,Urban,1,0,0,0,0,1,TRUE,Urban-dominated
3327,4002,48,1.1994003,34.765515,113.753602,3,Urban,3,Urban,1,0,0,0,0,1,TRUE,Urban-dominated
2333,4620,56,1.212121212,22.54716,112.97655,1,Natural vegetation,1,Natural vegetation,0,0,0,0,1,0,FALSE,Natural-dominated
3145,4926,60,1.218026797,32.099615,118.503297,3,Urban,1,Natural vegetation,0.25,0.25,0,0,0.5,0.5,TRUE,Natural-dominated
3597,3492,43,1.231386025,24.567778,117.518239,2,Cropland,2,Cropland,0,1,0,0,0,1,TRUE,Ag-dominated
3122,3804,47,1.235541535,31.678267,120.154207,3,Urban,3,Urban,1,0,0,0,0,1,TRUE,Urban-dominated
3128,4746,59,1.243152128,32.061707,118.763232,3,Urban,3,Urban,1,0,0,0,0,1,TRUE,Urban-dominated
3039,4806,60,1.248439451,21.704117,110.314917,1,Natural vegetation,5,Other,0.25,0.25,0.5,0,0,0.5,TRUE,Mixed
2882,1350,17,1.259259259,33.4530255,117.8850083,1,Natural vegetation,2,Cropland,0.25,0.75,0,0,0,1,TRUE,Ag-dominated
6892900,6768,86,1.270685579,39.0440833,-94.6560139,3,Urban,3,Urban,1,0,0,0,0,1,TRUE,Urban-dominated
3674,4278,55,1.285647499,40.269321,120.469041,1,Natural vegetation,2,Cropland,0.25,0.5,0.25,0,0,0.75,TRUE,Ag-dominated
2274,3810,49,1.286089239,36.35474,120.524975,2,Cropland,3,Urban,0.75,0.25,0,0,0,1,TRUE,Urban-dominated
2993,3864,50,1.293995859,40.248502,112.313511,1,Natural vegetation,1,Natural vegetation,0,0,0,0,1,0,FALSE,Natural-dominated
3229,4482,58,1.294065149,28.712683,116.433667,5,Other,5,Other,0,0,1,0,0,0,FALSE,Mixed
3019,4758,62,1.303068516,23.123124,113.804508,3,Urban,3,Urban,1,0,0,0,0,1,TRUE,Urban-dominated
7198000,94680,1234,1.303337558,35.5731511,-95.0688458,1,Natural vegetation,1,Natural vegetation,0,0,0,0,1,0,FALSE,Natural-dominated
3176,1740,23,1.32183908,31.346315,119.223289,2,Cropland,2,Cropland,0,1,0,0,0,1,TRUE,Ag-dominated
407041287705100_,34320,454,1.322843823,35.4656,133.0533,3,Urban,3,Urban,0.5,0,0.25,0.25,0,0.5,TRUE,Urban-dominated
2757,4452,59,1.32524708,30.45568,104.003892,2,Cropland,3,Urban,1,0,0,0,0,1,TRUE,Urban-dominated
2908,4212,56,1.329534663,30.459931,118.245551,1,Natural vegetation,1,Natural vegetation,0,0,0,0,1,0,FALSE,Natural-dominated
2853,4602,62,1.34724033,31.95972,117.499594,2,Cropland,2,Cropland,0,1,0,0,0,1,TRUE,Ag-dominated
2476,5184,70,1.350308642,29.506424,120.897324,3,Urban,2,Cropland,0.25,0.75,0,0,0,1,TRUE,Ag-dominated
2661,4068,55,1.352015733,24.876459,102.477035,1,Natural vegetation,2,Cropland,0,1,0,0,0,1,TRUE,Ag-dominated
2991,4206,58,1.378982406,34.827824,110.350121,2,Cropland,2,Cropland,0,1,0,0,0,1,TRUE,Ag-dominated
404021284415300_,77712,1081,1.39103356,37.5586,139.8564,2,Cropland,2,Cropland,0,1,0,0,0,1,TRUE,Ag-dominated
2653,3804,53,1.393270242,23.018383,103.344087,3,Urban,1,Natural vegetation,0,0.25,0,0,0.75,0.25,FALSE,Natural-dominated
3663,4518,63,1.394422311,40.375511,124.742974,5,Other,1,Natural vegetation,0,0,0.5,0,0.5,0,FALSE,Natural-dominated
3736,4644,65,1.399655469,30.412865,108.159455,5,Other,5,Other,0,0,1,0,0,0,FALSE,Mixed
3395,4632,65,1.40328152,18.309346,109.296015,2,Cropland,5,Other,0,0,1,0,0,0,FALSE,Mixed
6214,4020,57,1.417910448,34.7589,117.0059,2,Cropland,2,Cropland,0.5,0.5,0,0,0,1,TRUE,Urban-dominated
2359223,34896,496,1.421366346,29.7695111,-85.0842806,4,Wetland,4,Wetland,0,0,0,1,0,0,FALSE,Mixed
3438,3162,45,1.423149905,29.77652,109.816955,1,Natural vegetation,1,Natural vegetation,0,0,0,0,1,0,FALSE,Natural-dominated
2201,4416,63,1.426630435,31.535298,121.6762,2,Cropland,2,Cropland,0,1,0,0,0,1,TRUE,Ag-dominated
2691,4968,71,1.429146538,39.7572,116.03895,3,Urban,3,Urban,1,0,0,0,0,1,TRUE,Urban-dominated
Charpassonne la Jamarie,1536,22,1.432291667,45.807908,4.319506,1,Natural vegetation,1,Natural vegetation,0,0,0,0,1,0,FALSE,Natural-dominated
3591,4806,69,1.435705368,23.94656,117.3503,3,Urban,2,Cropland,0.5,0.5,0,0,0,1,TRUE,Urban-dominated
2681,4284,62,1.447245565,39.673915,116.526519,2,Cropland,2,Cropland,0.25,0.75,0,0,0,1,TRUE,Ag-dominated
1043110332210_,66096,959,1.450919874,43.0378,141.355,3,Urban,3,Urban,0.75,0,0,0,0.25,0.75,TRUE,Urban-dominated
3416,4608,67,1.453993056,19.107418,110.517393,2,Cropland,1,Natural vegetation,0,0.5,0,0,0.5,0.5,TRUE,Ag-dominated
3662,5046,74,1.466508125,41.5986,121.935696,2,Cropland,2,Cropland,0,1,0,0,0,1,TRUE,Ag-dominated
2344,1704,25,1.46713615,24.487936,115.497302,1,Natural vegetation,1,Natural vegetation,0,0,0,0,1,0,FALSE,Natural-dominated
3415,4632,68,1.468048359,18.299466,109.537206,3,Urban,1,Natural vegetation,0.5,0,0,0,0.5,0.5,TRUE,Urban-dominated
A4260594,58256,856,1.469376545,-34.15,139.9151,5,Other,2,Cropland,0,0.75,0,0,0.25,0.75,TRUE,Ag-dominated
2988,4950,73,1.474747475,35.721123,110.611691,1,Natural vegetation,2,Cropland,0,0.75,0,0,0.25,0.75,TRUE,Ag-dominated
3370,4746,70,1.474926254,30.25332,119.866868,2,Cropland,1,Natural vegetation,0,0.25,0,0,0.75,0.25,FALSE,Natural-dominated
401081281107070_,60336,894,1.481702466,42.9344,143.2033,3,Urban,3,Urban,1,0,0,0,0,1,TRUE,Urban-dominated
3269,1008,15,1.488095238,39.44595,116.73027,2,Cropland,2,Cropland,0,1,0,0,0,1,TRUE,Ag-dominated
2979,4566,68,1.489268506,39.881319,113.436835,1,Natural vegetation,1,Natural vegetation,0,0.25,0,0,0.75,0.25,FALSE,Natural-dominated
3355,4758,71,1.492223623,29.266018,120.051391,3,Urban,3,Urban,1,0,0,0,0,1,TRUE,Urban-dominated
4162,3684,55,1.492942454,34.613631,110.2348456,2,Cropland,2,Cropland,0,0.75,0,0.25,0,0.75,TRUE,Ag-dominated
2203800,3600,55,1.527777778,33.6796111,-84.3079444,1,Natural vegetation,3,Urban,0.75,0,0,0,0.25,0.75,TRUE,Urban-dominated
2520,2814,43,1.528073916,30.775926,113.43734,2,Cropland,2,Cropland,0,1,0,0,0,1,TRUE,Ag-dominated
2479,4104,63,1.535087719,30.921099,120.177691,2,Cropland,2,Cropland,0,0.5,0.5,0,0,0.5,TRUE,Ag-dominated
2707,3378,52,1.53937241,43.252547,124.374963,2,Cropland,2,Cropland,0,1,0,0,0,1,TRUE,Ag-dominated
3406,4674,72,1.540436457,19.641482,110.90946,2,Cropland,1,Natural vegetation,0,0.5,0,0,0.5,0.5,TRUE,Ag-dominated
2461,4608,71,1.540798611,33.68667,114.16434,2,Cropland,2,Cropland,0,1,0,0,0,1,TRUE,Ag-dominated
2440,4080,63,1.544117647,28.947317,117.572119,3,Urban,1,Natural vegetation,0,0,0,0,1,0,FALSE,Natural-dominated
2605,3942,61,1.547437849,24.200715,102.4234,1,Natural vegetation,1,Natural vegetation,0,0,0,0,1,0,FALSE,Natural-dominated
4035,4470,70,1.565995526,31.658505,113.558856,2,Cropland,2,Cropland,0,1,0,0,0,1,TRUE,Ag-dominated
3845,762,12,1.57480315,31.80927,101.44973,1,Natural vegetation,1,Natural vegetation,0,0,0,0,1,0,FALSE,Natural-dominated
2526,1776,28,1.576576577,30.278016,113.109137,2,Cropland,2,Cropland,0,1,0,0,0,1,TRUE,Ag-dominated
2946,4818,76,1.577418016,29.992903,116.466746,5,Other,5,Other,0,0,1,0,0,0,FALSE,Mixed
3926,1770,28,1.581920904,37.445847,78.5372,5,Other,5,Other,0,0,1,0,0,0,FALSE,Mixed
5057000,84720,1343,1.585221907,47.43277097,-98.0275954,2,Cropland,2,Cropland,0,1,0,0,0,1,TRUE,Ag-dominated
2196,4596,73,1.588337685,31.579754,121.798307,2,Cropland,2,Cropland,0,1,0,0,0,1,TRUE,Ag-dominated
4119,4578,73,1.594582787,39.324437,122.211445,2,Cropland,2,Cropland,0,0.5,0.25,0,0.25,0.5,TRUE,Ag-dominated
3733,4560,73,1.600877193,29.808129,106.977916,1,Natural vegetation,3,Urban,1,0,0,0,0,1,TRUE,Urban-dominated
2750,4242,68,1.603017445,31.141915,102.423009,1,Natural vegetation,1,Natural vegetation,0,0,0,0,1,0,FALSE,Natural-dominated
3778,4386,71,1.61878705,45.726806,126.523186,3,Urban,3,Urban,0.75,0,0,0,0.25,0.75,TRUE,Urban-dominated
3054,4818,78,1.618929016,22.043911,110.84747,2,Cropland,2,Cropland,0,0.75,0,0,0.25,0.75,TRUE,Ag-dominated
3118,4704,77,1.636904762,31.581693,119.733919,2,Cropland,2,Cropland,0,0.75,0,0.25,0,0.75,TRUE,Ag-dominated
3121,4800,79,1.645833333,32.002485,120.026617,2,Cropland,2,Cropland,0,0.75,0.25,0,0,0.75,TRUE,Ag-dominated
409016,5400,89,1.648148148,-36.09927778,147.0239833,2,Cropland,2,Cropland,0,0.5,0,0.5,0,0.5,TRUE,Ag-dominated
6400,2412,40,1.658374793,35.8937,116.5525,5,Other,2,Cropland,0,1,0,0,0,1,TRUE,Ag-dominated
3455,4098,68,1.659346022,30.205647,113.846046,5,Other,5,Other,0,0.25,0.5,0.25,0,0.25,FALSE,Mixed
2723,4152,69,1.661849711,41.470043,126.137606,1,Natural vegetation,1,Natural vegetation,0,0,0,0,1,0,FALSE,Natural-dominated
2262,780,13,1.666666667,31.647649,117.811618,2,Cropland,2,Cropland,0,1,0,0,0,1,TRUE,Ag-dominated
2897,4800,80,1.666666667,31.769141,117.754946,3,Urban,3,Urban,1,0,0,0,0,1,TRUE,Urban-dominated
2264051,44208,741,1.67616721,28.37444444,-81.515,3,Urban,3,Urban,1,0,0,0,0,1,TRUE,Urban-dominated
Moulin Piquet aval,7512,126,1.677316294,45.806483,4.319036,1,Natural vegetation,1,Natural vegetation,0,0,0,0,1,0,FALSE,Natural-dominated
2819,4944,83,1.678802589,40.030984,117.613633,5,Other,5,Other,0,0,1,0,0,0,FALSE,Mixed
2870,3990,67,1.679197995,30.128011,116.618304,2,Cropland,2,Cropland,0,1,0,0,0,1,TRUE,Ag-dominated
212274,1128,19,1.684397163,-34.57719481,150.5775536,2,Cropland,2,Cropland,0,1,0,0,0,1,TRUE,Ag-dominated
2559,3258,55,1.688152241,41.251133,122.63783,3,Urban,2,Cropland,0,1,0,0,0,1,TRUE,Ag-dominated
2970,1830,31,1.693989071,35.093029,116.390365,2,Cropland,2,Cropland,0,1,0,0,0,1,TRUE,Ag-dominated
3024,4584,78,1.701570681,21.817654,112.20793,3,Urban,5,Other,0,0,1,0,0,0,FALSE,Mixed
A2391077,24086,410,1.702233663,-37.391211,139.945693,5,Other,4,Wetland,0,0,0.5,0.5,0,0,FALSE,Mixed
3261,4530,78,1.721854305,37.905393,116.131193,2,Cropland,2,Cropland,0,1,0,0,0,1,TRUE,Ag-dominated
3007,3678,64,1.740076128,37.473111,112.332332,3,Urban,2,Cropland,0,1,0,0,0,1,TRUE,Ag-dominated
8047050,14544,254,1.746424642,32.6951316,-97.4472422,3,Urban,3,Urban,1,0,0,0,0,1,TRUE,Urban-dominated
2825,2742,48,1.750547046,38.075104,114.295174,3,Urban,2,Cropland,0.5,0.5,0,0,0,1,TRUE,Urban-dominated
2278,4566,80,1.752080596,35.346292,116.765526,3,Urban,2,Cropland,0,1,0,0,0,1,TRUE,Ag-dominated
3337,3930,69,1.755725191,33.404611,113.899043,3,Urban,2,Cropland,0.25,0.75,0,0,0,1,TRUE,Ag-dominated
3464,4488,79,1.760249554,30.71412,114.353979,3,Urban,3,Urban,1,0,0,0,0,1,TRUE,Urban-dominated
4183038,25080,444,1.770334928,41.1830833,-84.8696944,2,Cropland,2,Cropland,0,1,0,0,0,1,TRUE,Ag-dominated
2522,3954,70,1.77035913,32.059363,112.382843,2,Cropland,2,Cropland,0,1,0,0,0,1,TRUE,Ag-dominated
3029,4710,84,1.78343949,23.031892,115.691944,1,Natural vegetation,1,Natural vegetation,0,0.25,0,0,0.75,0.25,FALSE,Natural-dominated
3294570,56304,1007,1.788505257,38.07812588,-85.8899635,1,Natural vegetation,3,Urban,0.5,0,0.25,0,0.25,0.5,TRUE,Urban-dominated
2389,4770,86,1.80293501,34.661703,119.182412,3,Urban,3,Urban,0.5,0.25,0.25,0,0,0.75,TRUE,Urban-dominated
2696,4710,85,1.804670913,39.977668,116.365688,3,Urban,3,Urban,1,0,0,0,0,1,TRUE,Urban-dominated
3120,4812,87,1.80798005,31.547984,120.010409,2,Cropland,2,Cropland,0.25,0.75,0,0,0,1,TRUE,Ag-dominated
3153,4800,87,1.8125,31.768555,120.810987,3,Urban,2,Cropland,0,0.75,0.25,0,0,0.75,TRUE,Ag-dominated
2891,4116,75,1.822157434,32.775789,117.103527,2,Cropland,2,Cropland,0.5,0.5,0,0,0,1,TRUE,Urban-dominated
4003,4278,78,1.823281907,33.313765,113.234746,2,Cropland,2,Cropland,0,1,0,0,0,1,TRUE,Ag-dominated
2173,4158,76,1.827801828,27.878331,111.357444,2,Cropland,1,Natural vegetation,0,0.5,0,0,0.5,0.5,TRUE,Ag-dominated
3114,4860,89,1.83127572,32.009033,118.826554,3,Urban,3,Urban,1,0,0,0,0,1,TRUE,Urban-dominated
2185,4458,82,1.839389861,35.538668,116.84332,2,Cropland,2,Cropland,0.5,0.5,0,0,0,1,TRUE,Urban-dominated
2269,1032,19,1.841085271,34.5999124,118.1425578,2,Cropland,2,Cropland,0,1,0,0,0,1,TRUE,Ag-dominated
403071283310010_,40416,750,1.855700713,35.3319,139.3672,3,Urban,3,Urban,1,0,0,0,0,1,TRUE,Urban-dominated
4159,3438,64,1.861547411,34.564536,109.485973,2,Cropland,2,Cropland,0.25,0.75,0,0,0,1,TRUE,Ag-dominated
2124,4470,84,1.879194631,33.626572,114.680083,3,Urban,3,Urban,1,0,0,0,0,1,TRUE,Urban-dominated
403031283303010_,52776,995,1.885326664,36.1392,140.3397,5,Other,5,Other,0,0,1,0,0,0,FALSE,Mixed
3731,1692,32,1.891252955,30.737812,108.609295,2,Cropland,1,Natural vegetation,0,0.5,0,0,0.5,0.5,TRUE,Ag-dominated
2379,4248,81,1.906779661,34.087534,120.247992,3,Urban,2,Cropland,0,1,0,0,0,1,TRUE,Ag-dominated
7380255,28344,542,1.912221281,29.57673333,-89.9864083,4,Wetland,5,Other,0,0,0.75,0.25,0,0,FALSE,Mixed
3491,4392,84,1.912568306,30.020142,115.315117,2,Cropland,3,Urban,1,0,0,0,0,1,TRUE,Urban-dominated
6253,3996,77,1.926926927,23.1376,113.7508,5,Other,2,Cropland,0,1,0,0,0,1,TRUE,Ag-dominated
3199,4566,88,1.927288655,29.287166,115.795165,2,Cropland,3,Urban,0.75,0,0,0,0.25,0.75,TRUE,Urban-dominated
2952,1842,36,1.954397394,36.665194,117.065407,3,Urban,3,Urban,1,0,0,0,0,1,TRUE,Urban-dominated
403051283310040_,40680,797,1.959193707,35.6969,139.3475,3,Urban,3,Urban,0.75,0,0,0,0.25,0.75,TRUE,Urban-dominated
2390,4416,87,1.970108696,34.305619,120.05062,3,Urban,2,Cropland,0,1,0,0,0,1,TRUE,Ag-dominated
2293,4908,97,1.976365118,36.66853,117.020359,3,Urban,3,Urban,1,0,0,0,0,1,TRUE,Urban-dominated
5114000,24096,480,1.992031873,48.98995719,-101.9583348,2,Cropland,2,Cropland,0,1,0,0,0,1,TRUE,Ag-dominated
2756,3972,80,2.014098691,27.965618,102.131198,2,Cropland,1,Natural vegetation,0,0.25,0,0,0.75,0.25,FALSE,Natural-dominated
2288,4212,85,2.018043685,37.44649,116.27445,3,Urban,3,Urban,1,0,0,0,0,1,TRUE,Urban-dominated
3379,4848,98,2.021452145,28.401983,121.313909,3,Urban,3,Urban,1,0,0,0,0,1,TRUE,Urban-dominated
3301940,87912,1780,2.024752025,38.1503466,-85.6935714,3,Urban,3,Urban,0.75,0,0,0,0.25,0.75,TRUE,Urban-dominated
4047,2406,49,2.036575229,29.861698,115.437402,3,Urban,1,Natural vegetation,0.25,0,0.25,0,0.5,0.25,FALSE,Natural-dominated
406041286603450_,10008,204,2.038369305,35.0108,135.9214,3,Urban,3,Urban,0.5,0,0.5,0,0,0.5,TRUE,Urban-dominated
2977,4878,100,2.0500205,36.851836,112.904166,1,Natural vegetation,1,Natural vegetation,0,0,0,0,1,0,FALSE,Natural-dominated
3293532,27888,576,2.065404475,38.2603486,-85.7182954,3,Urban,3,Urban,0.75,0,0.25,0,0,0.75,TRUE,Urban-dominated
613,128520,2691,2.093837535,48.7574,11.4261,3,Urban,3,Urban,0.75,0,0.25,0,0,0.75,TRUE,Urban-dominated
3890,4056,85,2.09566075,35.109899,116.210637,2,Cropland,2,Cropland,0,1,0,0,0,1,TRUE,Ag-dominated
3496,4710,100,2.123142251,29.310533,112.849485,4,Wetland,4,Wetland,0,0,0.333333333,0.666666667,0,0,FALSE,Mixed
2852,4794,102,2.127659574,31.577988,117.87603,3,Urban,2,Cropland,0.5,0.5,0,0,0,1,TRUE,Urban-dominated
3273,4656,100,2.147766323,38.041596,115.982251,3,Urban,2,Cropland,0,1,0,0,0,1,TRUE,Ag-dominated
2464,4704,102,2.168367347,30.367019,120.221154,3,Urban,3,Urban,1,0,0,0,0,1,TRUE,Urban-dominated
2294,4746,104,2.191319005,37.10119,118.065234,3,Urban,2,Cropland,0,1,0,0,0,1,TRUE,Ag-dominated
2862,3960,87,2.196969697,32.605506,116.764262,2,Cropland,2,Cropland,0.5,0.5,0,0,0,1,TRUE,Urban-dominated
3666,4944,109,2.204692557,41.797545,123.196401,3,Urban,2,Cropland,0.5,0.5,0,0,0,1,TRUE,Urban-dominated
FP31,15504,343,2.212332301,50.77655,-2.576124,2,Cropland,1,Natural vegetation,0,0.5,0,0,0.5,0.5,TRUE,Ag-dominated
2831,4152,92,2.215799615,38.575858,117.311264,4,Wetland,2,Cropland,0.25,0.75,0,0,0,1,TRUE,Ag-dominated
3389,4608,103,2.235243056,28.498534,121.612773,5,Other,5,Other,0,0,1,0,0,0,FALSE,Mixed
3167,4776,107,2.240368509,32.07894,120.646561,3,Urban,5,Other,0,0,1,0,0,0,FALSE,Mixed
3481,3966,89,2.244074634,30.958605,114.772146,2,Cropland,2,Cropland,0,1,0,0,0,1,TRUE,Ag-dominated
2943,4002,90,2.248875562,30.934479,117.926587,2,Cropland,3,Urban,0.5,0.25,0,0,0.25,0.75,TRUE,Urban-dominated
2503,4740,107,2.257383966,30.047365,121.093727,3,Urban,1,Natural vegetation,0.5,0,0,0,0.5,0.5,TRUE,Urban-dominated
3881,4008,91,2.270459082,35.406527,115.768534,3,Urban,2,Cropland,0,1,0,0,0,1,TRUE,Ag-dominated
11128500,89952,2065,2.295668801,34.58498706,-120.1445926,3,Urban,3,Urban,1,0,0,0,0,1,TRUE,Urban-dominated
39021,7224,166,2.297895903,39.0338222,-94.60745,3,Urban,3,Urban,1,0,0,0,0,1,TRUE,Urban-dominated
6224,4002,92,2.298850575,33.1689,118.1492,5,Other,3,Urban,1,0,0,0,0,1,TRUE,Urban-dominated
6225,3870,89,2.299741602,32.3088,118.4555,2,Cropland,2,Cropland,0,1,0,0,0,1,TRUE,Ag-dominated
2152131,13584,313,2.30418139,-34.7345,150.284944,1,Natural vegetation,1,Natural vegetation,0,0,0,0,1,0,FALSE,Natural-dominated
2939,3900,90,2.307692308,32.912195,115.867791,3,Urban,2,Cropland,0.5,0.5,0,0,0,1,TRUE,Urban-dominated
3157,4200,97,2.30952381,33.121895,118.750332,3,Urban,2,Cropland,0,0.5,0.5,0,0,0.5,TRUE,Ag-dominated
8048000,68640,1590,2.316433566,32.76096337,-97.3325167,3,Urban,3,Urban,1,0,0,0,0,1,TRUE,Urban-dominated
5549500,28440,659,2.317158931,42.3100222,-88.2514745,3,Urban,1,Natural vegetation,0,0,0,0,1,0,FALSE,Natural-dominated
7241550,83208,1929,2.318286703,35.5003412,-97.1939194,2,Cropland,1,Natural vegetation,0.25,0.25,0,0,0.5,0.5,TRUE,Natural-dominated
2454,4794,112,2.33625365,37.211118,115.350472,2,Cropland,2,Cropland,0,1,0,0,0,1,TRUE,Ag-dominated
2181,3198,75,2.34521576,45.618322,122.829592,3,Urban,3,Urban,1,0,0,0,0,1,TRUE,Urban-dominated
2836,4128,97,2.349806202,38.987431,117.719872,5,Other,3,Urban,1,0,0,0,0,1,TRUE,Urban-dominated
6205,2754,65,2.360203341,40.6807,122.2336,3,Urban,3,Urban,0.75,0,0,0,0.25,0.75,TRUE,Urban-dominated
8371500,45384,1076,2.370879605,29.6210127,-104.4810367,2,Cropland,1,Natural vegetation,0,0.5,0,0,0.5,0.5,TRUE,Ag-dominated
7263296,140328,3333,2.375149649,34.87888889,-92.6855556,1,Natural vegetation,1,Natural vegetation,0,0,0,0,1,0,FALSE,Natural-dominated
2855,3954,94,2.377339403,33.51521,116.943445,2,Cropland,2,Cropland,0,1,0,0,0,1,TRUE,Ag-dominated
2519,4506,108,2.396804261,30.359787,115.159707,5,Other,5,Other,0,0,1,0,0,0,FALSE,Mixed
2924,3504,84,2.397260274,29.763863,118.366667,1,Natural vegetation,1,Natural vegetation,0.25,0,0,0,0.75,0.25,FALSE,Natural-dominated
2311,4668,112,2.399314482,23.064736,113.512709,3,Urban,3,Urban,0.5,0,0.5,0,0,0.5,TRUE,Urban-dominated
3134,4374,105,2.400548697,32.056126,120.412665,3,Urban,5,Other,0.25,0.25,0.5,0,0,0.5,TRUE,Mixed
3295,4332,105,2.423822715,39.678461,119.223129,2,Cropland,3,Urban,1,0,0,0,0,1,TRUE,Urban-dominated
2202,4518,110,2.434705622,31.362887,121.745275,3,Urban,3,Urban,1,0,0,0,0,1,TRUE,Urban-dominated
2257,1800,44,2.444444444,32.6439828,116.9074973,2,Cropland,2,Cropland,0,0.5,0.5,0,0,0.5,TRUE,Ag-dominated
Coizet,5064,124,2.448657188,45.625713,4.50712,2,Cropland,2,Cropland,0,1,0,0,0,1,TRUE,Ag-dominated
3944,4056,100,2.465483235,33.014668,118.920997,2,Cropland,2,Cropland,0,1,0,0,0,1,TRUE,Ag-dominated
7241000,84720,2109,2.489376771,35.47866848,-97.6633752,3,Urban,3,Urban,1,0,0,0,0,1,TRUE,Urban-dominated
2266300,79104,1984,2.508090615,28.33278738,-81.579796,1,Natural vegetation,3,Urban,0.75,0,0,0.25,0,0.75,TRUE,Urban-dominated
2106,4170,105,2.517985612,30.388179,114.352698,3,Urban,5,Other,0.333333333,0,0.666666667,0,0,0.333333333,TRUE,Mixed
3601,3966,100,2.521432173,26.671964,117.19124,1,Natural vegetation,1,Natural vegetation,0,0,0,0,1,0,FALSE,Natural-dominated
403081283324004_,25248,637,2.522972117,35.5392,138.4572,1,Natural vegetation,1,Natural vegetation,0.25,0,0,0,0.75,0.25,FALSE,Natural-dominated
410040,20976,531,2.531464531,-34.4776,144.3009,1,Natural vegetation,1,Natural vegetation,0,0,0,0,1,0,FALSE,Natural-dominated
3182,4794,122,2.544847726,31.910246,120.32641,3,Urban,3,Urban,1,0,0,0,0,1,TRUE,Urban-dominated
1484272,66864,1702,2.545465422,38.791,-75.25077778,1,Natural vegetation,2,Cropland,0,0.5,0,0.25,0.25,0.5,TRUE,Ag-dominated
2587,3798,97,2.553975777,30.924535,121.571838,3,Urban,2,Cropland,0.25,0.75,0,0,0,1,TRUE,Ag-dominated
2652,3834,98,2.556077204,23.255495,104.487444,1,Natural vegetation,1,Natural vegetation,0,0,0,0,1,0,FALSE,Natural-dominated
2984,4302,110,2.556950256,35.804568,112.091637,2,Cropland,1,Natural vegetation,0,0,0,0,1,0,FALSE,Natural-dominated
6346,3060,79,2.581699346,38.6862,117.047,2,Cropland,2,Cropland,0.25,0.75,0,0,0,1,TRUE,Ag-dominated
3259,4080,106,2.598039216,37.319989,115.091033,2,Cropland,2,Cropland,0,1,0,0,0,1,TRUE,Ag-dominated
3711,4614,120,2.600780234,29.972779,107.797662,2,Cropland,2,Cropland,0,1,0,0,0,1,TRUE,Ag-dominated
2145,3960,103,2.601010101,25.958516,100.124072,2,Cropland,5,Other,0,0.25,0.5,0,0.25,0.25,FALSE,Mixed
2458,1152,30,2.604166667,33.8193013,116.3484945,2,Cropland,2,Cropland,0,1,0,0,0,1,TRUE,Ag-dominated
4085108,15456,404,2.613871636,44.37194444,-88.0922222,2,Cropland,2,Cropland,0,1,0,0,0,1,TRUE,Ag-dominated
2834,4908,129,2.628361858,39.880008,117.401466,2,Cropland,2,Cropland,0,1,0,0,0,1,TRUE,Ag-dominated
2864,4800,127,2.645833333,30.584347,117.078305,5,Other,2,Cropland,0,1,0,0,0,1,TRUE,Ag-dominated
2267,3888,103,2.649176955,35.337055,116.619434,2,Cropland,2,Cropland,0.25,0.5,0.25,0,0,0.75,TRUE,Ag-dominated
3293,4332,115,2.654662973,37.518685,115.075585,3,Urban,3,Urban,1,0,0,0,0,1,TRUE,Urban-dominated
8052700,109584,2911,2.656409695,33.28344977,-96.8927805,2,Cropland,2,Cropland,0,0.75,0,0,0.25,0.75,TRUE,Ag-dominated
3287,2886,77,2.668052668,38.962979,115.991458,5,Other,2,Cropland,0,1,0,0,0,1,TRUE,Ag-dominated
A4261268,7224,193,2.671650055,-34.22152,140.77173,5,Other,4,Wetland,0,0,0,1,0,0,FALSE,Mixed
2744,3162,85,2.688172043,31.09342,102.864996,1,Natural vegetation,1,Natural vegetation,0,0,0,0,1,0,FALSE,Natural-dominated
2745,1800,49,2.722222222,30.057141,101.077814,1,Natural vegetation,1,Natural vegetation,0,0,0,0,1,0,FALSE,Natural-dominated
A4261204,4032,110,2.728174603,-35.534114,138.909811,1,Natural vegetation,1,Natural vegetation,0,0,0,0,1,0,FALSE,Natural-dominated
2492,4713,129,2.737110121,30.939381,120.342285,3,Urban,5,Other,0,0,1,0,0,0,FALSE,Mixed
3149,4656,128,2.749140893,32.570502,119.949664,3,Urban,2,Cropland,0,1,0,0,0,1,TRUE,Ag-dominated
3262,4206,117,2.781740371,41.673671,117.821479,2,Cropland,1,Natural vegetation,0,0.5,0,0,0.5,0.5,TRUE,Ag-dominated
3314,3168,89,2.809343434,32.251659,113.979279,2,Cropland,2,Cropland,0,1,0,0,0,1,TRUE,Ag-dominated
2964,4338,122,2.812355924,37.505466,117.86615,2,Cropland,2,Cropland,0,1,0,0,0,1,TRUE,Ag-dominated
29033,12120,343,2.830033003,54.38959,-1.655021,2,Cropland,2,Cropland,0.5,0.5,0,0,0,1,TRUE,Urban-dominated
35541,456,13,2.850877193,35.90279958,-106.6214241,1,Natural vegetation,1,Natural vegetation,0,0,0,0,1,0,FALSE,Natural-dominated
1467087,2136,61,2.855805243,40.0159454,-75.0968411,3,Urban,3,Urban,1,0,0,0,0,1,TRUE,Urban-dominated
3340,4374,125,2.857796068,33.823184,114.243256,2,Cropland,2,Cropland,0,1,0,0,0,1,TRUE,Ag-dominated
3302050,88920,2542,2.858749438,38.04693096,-85.8572681,1,Natural vegetation,1,Natural vegetation,0,0,0,0,1,0,FALSE,Natural-dominated
3292500,77952,2247,2.882543103,38.2114592,-85.7024613,1,Natural vegetation,3,Urban,1,0,0,0,0,1,TRUE,Urban-dominated
3545,1650,48,2.909090909,28.293453,112.958736,3,Urban,3,Urban,0.75,0,0,0,0.25,0.75,TRUE,Urban-dominated
45301,66576,1943,2.918469118,45.5009505,-122.852045,3,Urban,3,Urban,1,0,0,0,0,1,TRUE,Urban-dominated
3413,4632,136,2.936096718,20.001319,110.372868,3,Urban,3,Urban,1,0,0,0,0,1,TRUE,Urban-dominated
2791,4410,130,2.947845805,31.028382,106.619841,2,Cropland,2,Cropland,0,1,0,0,0,1,TRUE,Ag-dominated
2290,4638,137,2.953859422,34.638468,115.556362,2,Cropland,2,Cropland,0,1,0,0,0,1,TRUE,Ag-dominated
232242,4344,129,2.96961326,-37.86192,144.1318,1,Natural vegetation,2,Cropland,0,1,0,0,0,1,TRUE,Ag-dominated
3492,3558,106,2.979201799,31.121516,115.346493,1,Natural vegetation,1,Natural vegetation,0,0.25,0,0,0.75,0.25,FALSE,Natural-dominated
A4261107,13440,401,2.983630952,-33.952305,140.902121,1,Natural vegetation,1,Natural vegetation,0,0,0.5,0,0.5,0,FALSE,Natural-dominated
2501,4068,122,2.999016716,30.856484,120.914013,3,Urban,3,Urban,1,0,0,0,0,1,TRUE,Urban-dominated
2832,4776,144,3.015075377,39.099467,117.236295,3,Urban,3,Urban,1,0,0,0,0,1,TRUE,Urban-dominated
3179,4458,135,3.028263795,31.433021,120.875192,2,Cropland,2,Cropland,0.5,0.5,0,0,0,1,TRUE,Urban-dominated
6354890,10128,307,3.031200632,45.9524438,-103.3069613,1,Natural vegetation,1,Natural vegetation,0,0,0,0,1,0,FALSE,Natural-dominated
A2391140,624,19,3.044871795,-36.402293,140.015728,2,Cropland,1,Natural vegetation,0,0,0,0,1,0,FALSE,Natural-dominated
3887,2514,77,3.062848051,37.535881,121.289911,3,Urban,3,Urban,1,0,0,0,0,1,TRUE,Urban-dominated
3830,3714,114,3.069466882,44.628169,127.180088,2,Cropland,2,Cropland,0,1,0,0,0,1,TRUE,Ag-dominated
2199,3606,111,3.078202995,31.801399,121.194699,2,Cropland,2,Cropland,0,0.5,0.5,0,0,0.5,TRUE,Ag-dominated
2687,3636,112,3.080308031,39.735711,116.903395,2,Cropland,2,Cropland,0.25,0.75,0,0,0,1,TRUE,Ag-dominated
2192,4494,139,3.093012906,34.068636,116.25461,2,Cropland,2,Cropland,0,1,0,0,0,1,TRUE,Ag-dominated
404031284416300_,83184,2577,3.097951529,36.5322,138.1125,3,Urban,3,Urban,0.75,0.25,0,0,0,1,TRUE,Urban-dominated
6914990,8304,259,3.118978805,38.7675084,-94.8794073,1,Natural vegetation,2,Cropland,0,1,0,0,0,1,TRUE,Ag-dominated
2969,1794,56,3.121516165,35.104323,116.999244,2,Cropland,2,Cropland,0.25,0.75,0,0,0,1,TRUE,Ag-dominated
401031281101050_,54216,1693,3.122694408,43.135,141.525,2,Cropland,2,Cropland,0.5,0.5,0,0,0,1,TRUE,Urban-dominated
2386,4128,129,3.125,34.605988,118.482669,2,Cropland,3,Urban,1,0,0,0,0,1,TRUE,Urban-dominated
2110500,142416,4459,3.130968431,33.9126719,-78.7150175,1,Natural vegetation,1,Natural vegetation,0,0,0,0,1,0,FALSE,Natural-dominated
3162,4410,139,3.151927438,31.925323,118.532748,2,Cropland,2,Cropland,0,0.5,0,0.5,0,0.5,TRUE,Ag-dominated
2705,3852,122,3.167185877,44.758751,125.680294,2,Cropland,2,Cropland,0,0.75,0,0.25,0,0.75,TRUE,Ag-dominated
3298300,78288,2497,3.189505416,38.08756629,-85.642458,1,Natural vegetation,3,Urban,1,0,0,0,0,1,TRUE,Urban-dominated
2118,3360,108,3.214285714,45.787555,126.752056,3,Urban,3,Urban,1,0,0,0,0,1,TRUE,Urban-dominated
2577,2892,93,3.215767635,41.433116,122.753617,2,Cropland,2,Cropland,0.5,0.5,0,0,0,1,TRUE,Urban-dominated
Doise,8736,282,3.228021978,45.736709,4.296509,1,Natural vegetation,1,Natural vegetation,0,0.5,0,0,0.5,0.5,TRUE,Ag-dominated
401101281108051_,72000,2327,3.231944444,43.9906,144.2189,5,Other,5,Other,0,0.25,0.5,0,0.25,0.25,FALSE,Mixed
5567500,17520,570,3.253424658,40.6235,-89.2416667,2,Cropland,2,Cropland,0,1,0,0,0,1,TRUE,Ag-dominated
2277,4464,146,3.270609319,38.063661,117.792787,3,Urban,2,Cropland,0.25,0.75,0,0,0,1,TRUE,Ag-dominated
Fontbonne aval,4608,151,3.276909722,45.820128,4.342175,1,Natural vegetation,1,Natural vegetation,0,0,0,0,1,0,FALSE,Natural-dominated
3044,4704,155,3.295068027,21.222112,110.48836,5,Other,2,Cropland,0,1,0,0,0,1,TRUE,Ag-dominated
2426,4782,158,3.30405688,31.909695,120.398111,3,Urban,3,Urban,1,0,0,0,0,1,TRUE,Urban-dominated
3693,4818,160,3.320880033,29.967405,106.233565,3,Urban,2,Cropland,0.25,0.75,0,0,0,1,TRUE,Ag-dominated
2470,4602,153,3.32464146,30.389197,119.953649,3,Urban,3,Urban,1,0,0,0,0,1,TRUE,Urban-dominated
3334,4596,153,3.328981723,34.765515,113.753602,3,Urban,3,Urban,1,0,0,0,0,1,TRUE,Urban-dominated
A2391152,14684,489,3.330155271,-36.294824,139.93055,1,Natural vegetation,1,Natural vegetation,0,0,0.5,0,0.5,0,FALSE,Natural-dominated
2917,4014,134,3.338315894,38.879326,116.001576,4,Wetland,4,Wetland,0,0,0.5,0.5,0,0,FALSE,Mixed
6419,2832,95,3.354519774,30.6003,115.4457,1,Natural vegetation,1,Natural vegetation,0,0.5,0,0,0.5,0.5,TRUE,Ag-dominated
3526,804,27,3.358208955,27.215471,112.885768,1,Natural vegetation,1,Natural vegetation,0,0,0.5,0,0.5,0,FALSE,Natural-dominated
2395,4644,156,3.359173127,34.1666,118.882275,2,Cropland,2,Cropland,0,1,0,0,0,1,TRUE,Ag-dominated
3946,3924,132,3.363914373,32.687943,120.254645,3,Urban,2,Cropland,0,1,0,0,0,1,TRUE,Ag-dominated
2876,4914,166,3.378103378,30.024119,116.34803,5,Other,5,Other,0,0,1,0,0,0,FALSE,Mixed
3982,3402,115,3.380364491,41.12365,117.970569,2,Cropland,1,Natural vegetation,0,0,0,0,1,0,FALSE,Natural-dominated
406041286606190_,28104,951,3.383859949,34.8897,135.6994,1,Natural vegetation,3,Urban,1,0,0,0,0,1,TRUE,Urban-dominated
3681,3846,131,3.406136245,40.923266,122.803966,3,Urban,2,Cropland,0,1,0,0,0,1,TRUE,Ag-dominated
2315,4524,155,3.42617153,22.891775,113.47333,3,Urban,3,Urban,0.5,0,0.5,0,0,0.5,TRUE,Urban-dominated
425007,18288,627,3.42847769,-33.74641667,142.2682778,1,Natural vegetation,4,Wetland,0,0.25,0,0.5,0.25,0.25,FALSE,Mixed
2102,4008,138,3.443113772,41.1889225,122.1876454,3,Urban,2,Cropland,0,1,0,0,0,1,TRUE,Ag-dominated
2904,4776,165,3.454773869,32.502665,116.521698,5,Other,2,Cropland,0,0.75,0.25,0,0,0.75,TRUE,Ag-dominated
3025,4710,164,3.481953291,23.624911,116.084536,1,Natural vegetation,1,Natural vegetation,0,0,0,0,1,0,FALSE,Natural-dominated
229143,8952,312,3.485254692,-37.78588056,145.02505,3,Urban,3,Urban,1,0,0,0,0,1,TRUE,Urban-dominated
Charpassonne Moulin Marcel,5040,177,3.511904762,45.825752,4.305821,1,Natural vegetation,1,Natural vegetation,0.25,0,0,0,0.75,0.25,FALSE,Natural-dominated
403081283324009_,24504,861,3.513712047,35.5764,138.5225,2,Cropland,3,Urban,0.75,0,0,0,0.25,0.75,TRUE,Urban-dominated
212054,5736,202,3.521617852,-33.3971,150.0839,1,Natural vegetation,1,Natural vegetation,0,0,0,0,1,0,FALSE,Natural-dominated
2474,4314,152,3.523412146,28.322041,119.704038,1,Natural vegetation,1,Natural vegetation,0,0,0,0,1,0,FALSE,Natural-dominated
3407,4542,161,3.544693967,18.517517,110.0638,1,Natural vegetation,2,Cropland,0,0.5,0.5,0,0,0.5,TRUE,Ag-dominated
2482,5190,184,3.545279383,30.963576,120.101914,5,Other,3,Urban,1,0,0,0,0,1,TRUE,Urban-dominated
2944,4002,145,3.623188406,31.449897,116.423277,2,Cropland,2,Cropland,0,1,0,0,0,1,TRUE,Ag-dominated
3347,4716,173,3.66836302,29.302339,120.08912,3,Urban,3,Urban,1,0,0,0,0,1,TRUE,Urban-dominated
6914950,7608,281,3.693480547,38.75334168,-94.977188,1,Natural vegetation,1,Natural vegetation,0,0,0,0,1,0,FALSE,Natural-dominated
2121,3546,131,3.69430344,45.552395,133.281365,2,Cropland,2,Cropland,0,0.5,0,0.25,0.25,0.5,TRUE,Ag-dominated
403031283302091_,1968,73,3.709349593,35.8997,140.5028,3,Urban,2,Cropland,0,0.5,0.25,0,0.25,0.5,TRUE,Ag-dominated
2835,4806,179,3.724511028,38.689473,117.107112,2,Cropland,2,Cropland,0,1,0,0,0,1,TRUE,Ag-dominated
2210,3624,135,3.725165563,30.96988,121.312408,5,Other,2,Cropland,0.5,0.5,0,0,0,1,TRUE,Urban-dominated
2481,4752,178,3.745791246,30.78938,121.121247,2,Cropland,2,Cropland,0,1,0,0,0,1,TRUE,Ag-dominated
3014,4338,163,3.757491932,22.888408,115.670252,5,Other,5,Other,0,0.25,0.5,0,0.25,0.25,FALSE,Mixed
233217,5784,218,3.769017981,-38.16360559,144.3468922,3,Urban,3,Urban,0.75,0,0.25,0,0,0.75,TRUE,Urban-dominated
2961,4686,177,3.777208707,35.341198,119.454681,3,Urban,3,Urban,0.5,0.25,0.25,0,0,0.75,TRUE,Urban-dominated
2164,918,35,3.812636166,35.004221,118.912242,2,Cropland,2,Cropland,0,1,0,0,0,1,TRUE,Ag-dominated
3138,4380,167,3.812785388,31.306263,119.239627,2,Cropland,2,Cropland,0.25,0.75,0,0,0,1,TRUE,Ag-dominated
3603,4023,154,3.827989063,25.92585,118.393076,1,Natural vegetation,1,Natural vegetation,0,0,0,0,1,0,FALSE,Natural-dominated
3332,4404,170,3.860127157,33.203367,115.151458,2,Cropland,2,Cropland,0,1,0,0,0,1,TRUE,Ag-dominated
4063,4272,165,3.862359551,32.086108,112.607012,2,Cropland,2,Cropland,0,1,0,0,0,1,TRUE,Ag-dominated
2827,4782,185,3.868674195,39.162712,117.172691,3,Urban,3,Urban,1,0,0,0,0,1,TRUE,Urban-dominated
3392,5010,194,3.872255489,30.012424,122.099384,3,Urban,3,Urban,1,0,0,0,0,1,TRUE,Urban-dominated
2208,4098,159,3.879941435,31.40073,121.423992,3,Urban,3,Urban,1,0,0,0,0,1,TRUE,Urban-dominated
3888,4044,157,3.882294758,34.926483,118.382936,2,Cropland,5,Other,0,0,1,0,0,0,FALSE,Mixed
6819550,11472,450,3.922594142,40.4311111,-94.7722222,2,Cropland,2,Cropland,0,1,0,0,0,1,TRUE,Ag-dominated
2420,4650,183,3.935483871,31.380975,119.639617,2,Cropland,2,Cropland,0.25,0.75,0,0,0,1,TRUE,Ag-dominated
3353415,54864,2160,3.937007874,39.88577778,-86.3554444,2,Cropland,2,Cropland,0.25,0.75,0,0,0,1,TRUE,Ag-dominated
2567,4152,164,3.949903661,41.864105,123.868182,3,Urban,3,Urban,1,0,0,0,0,1,TRUE,Urban-dominated
2478,4506,178,3.950288504,28.212405,121.101439,1,Natural vegetation,2,Cropland,0,0.5,0.25,0.25,0,0.5,TRUE,Ag-dominated
404031284416160_,20928,830,3.965978593,36.2647,137.9442,3,Urban,3,Urban,1,0,0,0,0,1,TRUE,Urban-dominated
3869,2748,109,3.966521106,38.770583,117.5701,5,Other,5,Other,0,0,1,0,0,0,FALSE,Mixed
2867,4134,164,3.96710208,33.138513,116.19039,3,Urban,3,Urban,1,0,0,0,0,1,TRUE,Urban-dominated
2837,4056,162,3.99408284,39.084158,117.200983,3,Urban,3,Urban,1,0,0,0,0,1,TRUE,Urban-dominated
6382,2748,110,4.002911208,28.6919,121.3277,5,Other,5,Other,0,0.333333333,0.666666667,0,0,0.333333333,TRUE,Mixed
2273,3660,147,4.016393443,35.225111,116.513133,2,Cropland,2,Cropland,0,1,0,0,0,1,TRUE,Ag-dominated
3785,4110,166,4.03892944,50.249585,127.499023,3,Urban,3,Urban,0.75,0,0.25,0,0,0.75,TRUE,Urban-dominated
6221,3498,142,4.05946255,33.8744,116.5878,2,Cropland,2,Cropland,0,1,0,0,0,1,TRUE,Ag-dominated
3159,4632,189,4.080310881,32.485833,119.87053,3,Urban,3,Urban,1,0,0,0,0,1,TRUE,Urban-dominated
2960,4716,193,4.09245123,35.496218,118.818401,2,Cropland,2,Cropland,0.5,0.5,0,0,0,1,TRUE,Urban-dominated
2504,3996,164,4.104104104,28.165644,121.061852,3,Urban,2,Cropland,0.25,0.5,0.25,0,0,0.75,TRUE,Ag-dominated
2487,4272,176,4.119850187,30.848742,120.894048,3,Urban,3,Urban,0.75,0.25,0,0,0,1,TRUE,Urban-dominated
5117500,27888,1154,4.137980493,48.2458428,-101.3712745,2,Cropland,2,Cropland,0,1,0,0,0,1,TRUE,Ag-dominated
29044,18960,785,4.140295359,53.727,-1.381586,3,Urban,3,Urban,1,0,0,0,0,1,TRUE,Urban-dominated
2403,4746,197,4.150863885,34.625156,119.171402,3,Urban,3,Urban,1,0,0,0,0,1,TRUE,Urban-dominated
3268,3732,155,4.153269025,39.44595,116.73027,2,Cropland,2,Cropland,0,1,0,0,0,1,TRUE,Ag-dominated
3804,1680,70,4.166666667,24.678912,102.688312,1,Natural vegetation,1,Natural vegetation,0,0,0.5,0,0.5,0,FALSE,Natural-dominated
2499,3882,162,4.173106646,30.8849975,120.7095199,3,Urban,2,Cropland,0.25,0.5,0.25,0,0,0.75,TRUE,Ag-dominated
226027,2808,118,4.202279202,-38.14491292,147.127818,2,Cropland,1,Natural vegetation,0,0,0,0,1,0,FALSE,Natural-dominated
2873,3918,165,4.211332312,31.861184,117.284922,3,Urban,3,Urban,1,0,0,0,0,1,TRUE,Urban-dominated
2421,4362,184,4.21824851,34.398537,117.179892,3,Urban,3,Urban,1,0,0,0,0,1,TRUE,Urban-dominated
3292,4026,170,4.222553403,38.87054,115.76742,2,Cropland,2,Cropland,0.333333333,0.666666667,0,0,0,1,TRUE,Ag-dominated
2211,4002,169,4.222888556,31.276424,121.225288,3,Urban,3,Urban,1,0,0,0,0,1,TRUE,Urban-dominated
2475,4332,183,4.224376731,30.27792,121.31823,3,Urban,3,Urban,1,0,0,0,0,1,TRUE,Urban-dominated
3501,3804,162,4.258675079,29.457415,112.76546,2,Cropland,2,Cropland,0,0.75,0.25,0,0,0.75,TRUE,Ag-dominated
A4260580,26376,1124,4.261449803,-33.9211,140.9525,1,Natural vegetation,5,Other,0,0,1,0,0,0,FALSE,Mixed
2107,4218,182,4.314841157,34.765515,113.753602,3,Urban,3,Urban,1,0,0,0,0,1,TRUE,Urban-dominated
Vizézy amont Bullieux,3672,159,4.330065359,45.638865,4.104924,2,Cropland,2,Cropland,0,0.75,0,0,0.25,0.75,TRUE,Ag-dominated
2872,4776,207,4.334170854,31.76996,118.355088,3,Urban,2,Cropland,0,1,0,0,0,1,TRUE,Ag-dominated
A4261270,2165,94,4.341801386,-34.212264,140.781963,4,Wetland,4,Wetland,0,0,0,1,0,0,FALSE,Mixed
3386,4398,191,4.342883129,28.440311,119.522168,2,Cropland,2,Cropland,0,1,0,0,0,1,TRUE,Ag-dominated
2692,4656,205,4.402920962,40.026901,116.349049,3,Urban,3,Urban,1,0,0,0,0,1,TRUE,Urban-dominated
2187,4380,193,4.406392694,24.067389,116.364039,1,Natural vegetation,1,Natural vegetation,0,0,0,0,1,0,FALSE,Natural-dominated
2937,4044,180,4.451038576,32.658297,115.595644,3,Urban,2,Cropland,0.25,0.75,0,0,0,1,TRUE,Ag-dominated
2655,3912,175,4.473415133,25.029147,102.678433,3,Urban,3,Urban,0.75,0,0,0.25,0,0.75,TRUE,Urban-dominated
3125,4704,211,4.485544218,32.328114,119.396018,3,Urban,2,Cropland,0.5,0.5,0,0,0,1,TRUE,Urban-dominated
2823,5082,229,4.506099961,39.177685,117.178687,3,Urban,3,Urban,1,0,0,0,0,1,TRUE,Urban-dominated
403041283309010_,62232,2811,4.516968762,35.8003,139.6469,3,Urban,3,Urban,1,0,0,0,0,1,TRUE,Urban-dominated
3031,4728,214,4.526226734,22.926477,114.078428,3,Urban,3,Urban,0.75,0,0,0,0.25,0.75,TRUE,Urban-dominated
4188496,69432,3144,4.528171448,40.9792203,-83.6532653,2,Cropland,2,Cropland,0,1,0,0,0,1,TRUE,Ag-dominated
6328,4134,188,4.547653604,31.955,119.9805,3,Urban,3,Urban,0.75,0,0.25,0,0,0.75,TRUE,Urban-dominated
2110400,142248,6475,4.551909341,33.953505,-78.71973988,1,Natural vegetation,1,Natural vegetation,0,0,0,0,1,0,FALSE,Natural-dominated
3687,4596,210,4.569190601,42.621437,123.675436,2,Cropland,2,Cropland,0,1,0,0,0,1,TRUE,Ag-dominated
3353420,73584,3373,4.58387693,39.8725833,-86.3615278,2,Cropland,2,Cropland,0.5,0.5,0,0,0,1,TRUE,Urban-dominated
409005,34008,1563,4.595977417,-35.6298,144.1245,3,Urban,2,Cropland,0,0.5,0,0.25,0.25,0.5,TRUE,Ag-dominated
3589,3750,176,4.693333333,25.346121,117.555685,1,Natural vegetation,1,Natural vegetation,0,0,0,0,1,0,FALSE,Natural-dominated
2833,4530,215,4.746136865,39.047531,117.345251,3,Urban,3,Urban,1,0,0,0,0,1,TRUE,Urban-dominated
2393,4632,221,4.771157168,33.051439,120.798311,2,Cropland,2,Cropland,0,1,0,0,0,1,TRUE,Ag-dominated
3656,4326,207,4.785020804,41.238406,122.231353,2,Cropland,2,Cropland,0,1,0,0,0,1,TRUE,Ag-dominated
2496,4482,215,4.79696564,29.907382,120.313331,1,Natural vegetation,3,Urban,0.75,0,0,0.25,0,0.75,TRUE,Urban-dominated
225256,3840,185,4.817708333,-38.00396747,146.9815133,2,Cropland,2,Cropland,0,1,0,0,0,1,TRUE,Ag-dominated
3192,4830,234,4.844720497,31.830233,119.607156,2,Cropland,2,Cropland,0,1,0,0,0,1,TRUE,Ag-dominated
23432415,106752,5203,4.873913369,31.62219444,-85.0591667,1,Natural vegetation,2,Cropland,0,1,0,0,0,1,TRUE,Ag-dominated
2108,4800,234,4.875,30.402384,120.554155,3,Urban,3,Urban,1,0,0,0,0,1,TRUE,Urban-dominated
A4260633,19152,951,4.965538847,-35.901976,139.3956,1,Natural vegetation,5,Other,0,0,1,0,0,0,FALSE,Mixed
2205,4530,225,4.966887417,31.005464,121.12989,3,Urban,3,Urban,1,0,0,0,0,1,TRUE,Urban-dominated
2589,4422,221,4.99773858,31.241434,121.476553,3,Urban,3,Urban,1,0,0,0,0,1,TRUE,Urban-dominated
A4261536,1680,84,5,-34.34763,140.53045,1,Natural vegetation,1,Natural vegetation,0,0,0,0,1,0,FALSE,Natural-dominated
3130,4650,233,5.010752688,31.488754,120.304898,3,Urban,3,Urban,1,0,0,0,0,1,TRUE,Urban-dominated
2252,3972,200,5.035246727,33.4957895,115.4699245,2,Cropland,2,Cropland,0,1,0,0,0,1,TRUE,Ag-dominated
3611,3486,176,5.048766495,26.088396,117.10368,1,Natural vegetation,1,Natural vegetation,0,0,0,0,1,0,FALSE,Natural-dominated
2325,4512,228,5.053191489,21.959607,111.675334,2,Cropland,1,Natural vegetation,0,0,0,0,1,0,FALSE,Natural-dominated
3397,4524,229,5.061892131,18.435633,108.88035,2,Cropland,3,Urban,1,0,0,0,0,1,TRUE,Urban-dominated
2209,4104,209,5.092592593,30.872458,121.541336,3,Urban,3,Urban,0.75,0.25,0,0,0,1,TRUE,Urban-dominated
2889,4590,234,5.098039216,31.714434,118.319357,2,Cropland,2,Cropland,0.5,0.5,0,0,0,1,TRUE,Urban-dominated
3383,4764,245,5.142737196,29.44436,119.931804,3,Urban,3,Urban,0.75,0.25,0,0,0,1,TRUE,Urban-dominated
3280,4836,249,5.148883375,38.379485,115.117539,3,Urban,2,Cropland,0,1,0,0,0,1,TRUE,Ag-dominated
4053,660,34,5.151515152,29.810176,113.462786,3,Urban,3,Urban,1,0,0,0,0,1,TRUE,Urban-dominated
2330,4458,230,5.159264244,22.992944,112.290777,1,Natural vegetation,1,Natural vegetation,0,0,0,0,1,0,FALSE,Natural-dominated
3358,4146,214,5.161601544,30.442504,120.070573,3,Urban,2,Cropland,0.5,0.5,0,0,0,1,TRUE,Urban-dominated
2883,4938,255,5.164034022,33.34421,116.426383,3,Urban,2,Cropland,0,1,0,0,0,1,TRUE,Ag-dominated
Charpassonne Château de Donzy,8496,439,5.167137476,45.745372,4.27681,2,Cropland,2,Cropland,0,1,0,0,0,1,TRUE,Ag-dominated
2483,4080,211,5.171568627,30.616051,120.805238,2,Cropland,2,Cropland,0,1,0,0,0,1,TRUE,Ag-dominated
3248,3583,186,5.191180575,39.58526,116.535515,2,Cropland,2,Cropland,0,1,0,0,0,1,TRUE,Ag-dominated
3834,2676,139,5.19431988,43.387278,125.029958,3,Urban,2,Cropland,0,1,0,0,0,1,TRUE,Ag-dominated
6268,3768,196,5.201698514,25.1477,102.0548,1,Natural vegetation,1,Natural vegetation,0,0,0,0,1,0,FALSE,Natural-dominated
2402,4728,247,5.224196277,34.630774,119.157303,2,Cropland,3,Urban,1,0,0,0,0,1,TRUE,Urban-dominated
2608,4050,215,5.308641975,25.59304,100.221316,3,Urban,1,Natural vegetation,0.25,0,0.25,0,0.5,0.25,FALSE,Natural-dominated
8412500,60936,3239,5.315412892,31.87264499,-103.8315949,1,Natural vegetation,1,Natural vegetation,0,0,0,0,1,0,FALSE,Natural-dominated
3022,4794,256,5.340008344,23.6177,114.043419,1,Natural vegetation,1,Natural vegetation,0,0,0,0,1,0,FALSE,Natural-dominated
2253,1194,64,5.360134003,33.8752478,116.5802321,2,Cropland,2,Cropland,0,1,0,0,0,1,TRUE,Ag-dominated
2406,4620,249,5.38961039,31.503261,119.838119,2,Cropland,4,Wetland,0,0.25,0.25,0.5,0,0.25,FALSE,Mixed
2266,4080,220,5.392156863,37.280543,118.730288,2,Cropland,2,Cropland,0,1,0,0,0,1,TRUE,Ag-dominated
Fontbonne Bessenay,4968,269,5.414653784,45.826535,4.369788,1,Natural vegetation,1,Natural vegetation,0,0,0,0,1,0,FALSE,Natural-dominated
2415,4638,252,5.433376455,34.668919,119.459167,5,Other,5,Other,0,0,1,0,0,0,FALSE,Mixed
2808,4212,229,5.436847104,30.321626,105.340003,1,Natural vegetation,2,Cropland,0,1,0,0,0,1,TRUE,Ag-dominated
A4261264,11398,621,5.448324267,-34.374941,140.54009,1,Natural vegetation,1,Natural vegetation,0,0,0,0,1,0,FALSE,Natural-dominated
3315,4542,248,5.460149714,32.780629,114.868435,2,Cropland,2,Cropland,0,1,0,0,0,1,TRUE,Ag-dominated
A2391078,31056,1697,5.464322514,-37.427827,139.990479,5,Other,5,Other,0,0,0.666666667,0,0.333333333,0,FALSE,Mixed
2658,3834,210,5.477308294,23.900462,106.15664,5,Other,1,Natural vegetation,0,0,0,0,1,0,FALSE,Natural-dominated
2256,4674,257,5.498502353,33.2640607,115.3390767,3,Urban,3,Urban,1,0,0,0,0,1,TRUE,Urban-dominated
2500,4020,222,5.52238806,30.402274,120.545629,3,Urban,3,Urban,1,0,0,0,0,1,TRUE,Urban-dominated
2648,4068,225,5.530973451,25.019045,102.682976,3,Urban,3,Urban,1,0,0,0,0,1,TRUE,Urban-dominated
2632,3810,211,5.538057743,24.155922,102.446686,3,Urban,1,Natural vegetation,0,0,0,0,1,0,FALSE,Natural-dominated
7239000,30216,1686,5.579825258,36.07698408,-98.59675,1,Natural vegetation,1,Natural vegetation,0,0.25,0.25,0,0.5,0.25,FALSE,Natural-dominated
2110704,140904,7879,5.591750412,33.8326111,-79.0437222,3,Urban,3,Urban,0.5,0,0,0.5,0,0.5,TRUE,Urban-dominated
3291,2406,136,5.652535328,40.762463,114.879227,3,Urban,3,Urban,1,0,0,0,0,1,TRUE,Urban-dominated
6350,3492,198,5.670103093,31.6554,117.2733,2,Cropland,2,Cropland,0,1,0,0,0,1,TRUE,Ag-dominated
2727,4386,250,5.6999544,43.896536,125.32599,3,Urban,3,Urban,1,0,0,0,0,1,TRUE,Urban-dominated
406031286607070_,1752,100,5.707762557,34.5858,135.5019,3,Urban,3,Urban,1,0,0,0,0,1,TRUE,Urban-dominated
3168,4866,279,5.733662145,32.421756,119.893747,3,Urban,3,Urban,0.75,0.25,0,0,0,1,TRUE,Urban-dominated
2334,4230,243,5.744680851,23.686789,116.887764,1,Natural vegetation,1,Natural vegetation,0,0,0,0,1,0,FALSE,Natural-dominated
3155,4626,266,5.750108085,32.538861,119.959148,3,Urban,3,Urban,1,0,0,0,0,1,TRUE,Urban-dominated
3272,4878,281,5.760557606,38.866844,115.818382,3,Urban,2,Cropland,0,1,0,0,0,1,TRUE,Ag-dominated
3323,4566,264,5.781865966,35.590216,114.907187,2,Cropland,2,Cropland,0,1,0,0,0,1,TRUE,Ag-dominated
3293500,83376,4828,5.790635195,38.25034895,-85.7166287,3,Urban,3,Urban,1,0,0,0,0,1,TRUE,Urban-dominated
3284,4680,274,5.854700855,39.227626,118.04918,5,Other,5,Other,0,0,1,0,0,0,FALSE,Mixed
29043,19920,1168,5.863453815,53.14185,-0.7950109,2,Cropland,2,Cropland,0,1,0,0,0,1,TRUE,Ag-dominated
3015,4824,283,5.866500829,20.874187,110.065695,2,Cropland,5,Other,0,0,1,0,0,0,FALSE,Mixed
FP02,13968,820,5.870561283,50.68963,-2.225391,2,Cropland,1,Natural vegetation,0,0.25,0,0,0.75,0.25,FALSE,Natural-dominated
2416,4236,249,5.878186969,34.50932,119.751725,5,Other,5,Other,0,0,1,0,0,0,FALSE,Mixed
2231,4110,242,5.888077859,39.93045,115.520692,1,Natural vegetation,1,Natural vegetation,0,0,0,0,1,0,FALSE,Natural-dominated
2292,4776,282,5.904522613,35.373248,115.88739,3,Urban,2,Cropland,0.5,0.5,0,0,0,1,TRUE,Urban-dominated
3180,4860,287,5.905349794,31.388542,120.973408,3,Urban,3,Urban,1,0,0,0,0,1,TRUE,Urban-dominated
3513,3222,191,5.927995034,29.590311,112.238314,2,Cropland,2,Cropland,0,1,0,0,0,1,TRUE,Ag-dominated
6242,3552,211,5.940315315,33.8068,116.3924,2,Cropland,2,Cropland,0,1,0,0,0,1,TRUE,Ag-dominated
2851,4776,284,5.94639866,30.758719,118.686325,1,Natural vegetation,1,Natural vegetation,0,0,0,0,1,0,FALSE,Natural-dominated
3439,3762,224,5.954279638,30.926829,113.885347,3,Urban,2,Cropland,0.5,0.5,0,0,0,1,TRUE,Urban-dominated
2258,4692,282,6.010230179,32.9527884,117.2710932,5,Other,2,Cropland,0.5,0.5,0,0,0,1,TRUE,Urban-dominated
7288521,4008,241,6.012974052,33.54825,-90.6723611,2,Cropland,2,Cropland,0,1,0,0,0,1,TRUE,Ag-dominated
3377,4734,285,6.020278834,29.90894,121.532765,3,Urban,3,Urban,1,0,0,0,0,1,TRUE,Urban-dominated
Charpassonne le Tél,7200,437,6.069444444,45.804494,4.316504,1,Natural vegetation,1,Natural vegetation,0,0,0,0,1,0,FALSE,Natural-dominated
3126,4692,286,6.095481671,32.598956,120.945333,5,Other,1,Natural vegetation,0,0.25,0.25,0.25,0.25,0.25,FALSE,Mixed
2922,3978,244,6.133735546,33.753156,116.979217,3,Urban,2,Cropland,0,1,0,0,0,1,TRUE,Ag-dominated
2850,4758,292,6.137032367,31.502262,117.258837,3,Urban,2,Cropland,0,1,0,0,0,1,TRUE,Ag-dominated
2936,4854,298,6.139266584,31.630932,118.517796,2,Cropland,3,Urban,0.75,0.25,0,0,0,1,TRUE,Urban-dominated
2886,4536,279,6.150793651,31.15702,117.439766,2,Cropland,1,Natural vegetation,0,0.5,0,0,0.5,0.5,TRUE,Ag-dominated
3284533,5688,354,6.223628692,37.9383333,-84.4786111,1,Natural vegetation,2,Cropland,0,1,0,0,0,1,TRUE,Ag-dominated
3135,4872,304,6.239737274,32.05804,121.591802,3,Urban,2,Cropland,0.25,0.75,0,0,0,1,TRUE,Ag-dominated
212011,1152,72,6.25,-33.5343,150.0951,1,Natural vegetation,1,Natural vegetation,0,0,0,0,1,0,FALSE,Natural-dominated
2484,4752,297,6.25,28.494492,119.833412,1,Natural vegetation,1,Natural vegetation,0.5,0,0,0,0.5,0.5,TRUE,Urban-dominated
2418,4722,297,6.289707751,33.626576,118.994994,3,Urban,3,Urban,1,0,0,0,0,1,TRUE,Urban-dominated
2101726,129552,8169,6.305576139,35.73514055,-79.4230754,1,Natural vegetation,1,Natural vegetation,0,0,0,0,1,0,FALSE,Natural-dominated
3862,2394,151,6.307435255,38.838361,117.333968,2,Cropland,2,Cropland,0,0.5,0.25,0,0.25,0.5,TRUE,Ag-dominated
2471,3504,222,6.335616438,30.505958,120.948967,5,Other,5,Other,0.25,0.25,0.5,0,0,0.5,TRUE,Mixed
2586,4512,286,6.338652482,31.392691,121.522058,5,Other,5,Other,0.333333333,0,0.666666667,0,0,0.333333333,TRUE,Mixed
3170,4854,309,6.365883807,31.260263,120.87278,3,Urban,3,Urban,0.5,0.25,0.25,0,0,0.75,TRUE,Urban-dominated
2878,4818,308,6.392694064,32.704886,119.026529,3,Urban,2,Cropland,0.5,0.5,0,0,0,1,TRUE,Urban-dominated
4121680,80064,5224,6.524780176,43.485857,-85.63060189,5,Other,1,Natural vegetation,0,0,0.25,0,0.75,0,FALSE,Natural-dominated
406041286603520_,456,30,6.578947368,35.1019,135.9931,3,Urban,3,Urban,1,0,0,0,0,1,TRUE,Urban-dominated
3147,4800,316,6.583333333,31.908105,120.062543,2,Cropland,2,Cropland,0,1,0,0,0,1,TRUE,Ag-dominated
2933,3972,262,6.596173212,33.219622,116.067254,2,Cropland,2,Cropland,0,1,0,0,0,1,TRUE,Ag-dominated
3720,4062,268,6.597735106,29.54633,105.687881,1,Natural vegetation,2,Cropland,0,1,0,0,0,1,TRUE,Ag-dominated
6226,2652,177,6.674208145,32.0978,118.2887,3,Urban,3,Urban,1,0,0,0,0,1,TRUE,Urban-dominated
2695,4776,319,6.679229481,39.654948,116.574886,3,Urban,2,Cropland,0,1,0,0,0,1,TRUE,Ag-dominated
2468,4566,305,6.679807271,29.998926,122.215702,3,Urban,3,Urban,0.5,0,0.25,0,0.25,0.5,TRUE,Urban-dominated
2127,3504,235,6.706621005,45.90503,126.504213,2,Cropland,2,Cropland,0,1,0,0,0,1,TRUE,Ag-dominated
6396,2874,195,6.784968685,35.0878,116.6297,2,Cropland,4,Wetland,0,0,0,1,0,0,FALSE,Mixed
29041,19464,1323,6.797163995,53.72318,-1.192203,2,Cropland,2,Cropland,0,1,0,0,0,1,TRUE,Ag-dominated
215207,55152,3754,6.806643458,-34.81921893,150.1821299,1,Natural vegetation,1,Natural vegetation,0,0,0,0,1,0,FALSE,Natural-dominated
Carrat,4608,316,6.857638889,45.829041,4.311987,1,Natural vegetation,1,Natural vegetation,0,0,0,0,1,0,FALSE,Natural-dominated
6442,2808,193,6.873219373,29.2443,104.2998,2,Cropland,2,Cropland,0,1,0,0,0,1,TRUE,Ag-dominated
2318,4542,313,6.89123734,23.028025,113.199715,3,Urban,3,Urban,1,0,0,0,0,1,TRUE,Urban-dominated
2382,4260,295,6.924882629,34.475074,119.284184,2,Cropland,2,Cropland,0,1,0,0,0,1,TRUE,Ag-dominated
3320,4656,329,7.066151203,32.977274,113.588091,5,Other,5,Other,0,0,1,0,0,0,FALSE,Mixed
3447,3126,221,7.069737684,31.57971,113.115433,1,Natural vegetation,1,Natural vegetation,0,0,0,0,1,0,FALSE,Natural-dominated
11509370,44664,3161,7.077288196,42.12788298,-121.9288769,1,Natural vegetation,1,Natural vegetation,0,0,0,0,1,0,FALSE,Natural-dominated
2334430,10896,775,7.112701909,34.15666667,-84.0784167,1,Natural vegetation,1,Natural vegetation,0,0,0,0,1,0,FALSE,Natural-dominated
Loise Essertine en Donzy,2808,200,7.122507123,45.752768,4.327479,2,Cropland,1,Natural vegetation,0,0,0,0,1,0,FALSE,Natural-dominated
2212,3666,265,7.228587016,24.951581,102.691559,3,Urban,3,Urban,1,0,0,0,0,1,TRUE,Urban-dominated
2408,4488,325,7.241532977,31.894245,120.602195,3,Urban,3,Urban,0.75,0.25,0,0,0,1,TRUE,Urban-dominated
3012,4938,358,7.249898744,23.663332,117.010667,5,Other,3,Urban,0.5,0,0.5,0,0,0.5,TRUE,Urban-dominated
3200,2208,161,7.291666667,28.904167,116.263514,5,Other,4,Wetland,0,0,0.5,0.5,0,0,FALSE,Mixed
3880,1230,90,7.317073171,36.685903,121.175962,5,Other,3,Urban,1,0,0,0,0,1,TRUE,Urban-dominated
2885,4170,306,7.338129496,33.840665,115.791037,3,Urban,3,Urban,0.75,0.25,0,0,0,1,TRUE,Urban-dominated
2896,4812,354,7.356608479,30.771958,117.410646,2,Cropland,2,Cropland,0,1,0,0,0,1,TRUE,Ag-dominated
6448,2850,210,7.368421053,25.0115,102.6694,3,Urban,3,Urban,0.5,0,0,0.5,0,0.5,TRUE,Urban-dominated
7288068,17904,1328,7.417336908,34.07475,-90.6249444,2,Cropland,2,Cropland,0,1,0,0,0,1,TRUE,Ag-dominated
409048,23880,1779,7.449748744,-35.2739,144.1595,1,Natural vegetation,2,Cropland,0,0.75,0,0,0.25,0.75,TRUE,Ag-dominated
2626,1140,85,7.456140351,24.992944,102.654327,3,Urban,3,Urban,0.5,0,0,0.5,0,0.5,TRUE,Urban-dominated
2435,3912,292,7.464212679,28.296352,117.713131,3,Urban,1,Natural vegetation,0.5,0,0,0,0.5,0.5,TRUE,Urban-dominated
3188,4440,332,7.477477477,32.065877,118.394022,1,Natural vegetation,1,Natural vegetation,0,0,0,0,1,0,FALSE,Natural-dominated
Mare Pont du diable,5376,407,7.570684524,45.490166,4.133384,1,Natural vegetation,1,Natural vegetation,0,0,0,0,1,0,FALSE,Natural-dominated
409003,25680,1953,7.605140187,-35.53,144.9657,3,Urban,3,Urban,1,0,0,0,0,1,TRUE,Urban-dominated
2613,3822,294,7.692307692,24.924339,102.725061,5,Other,3,Urban,1,0,0,0,0,1,TRUE,Urban-dominated
4094,3390,261,7.699115044,27.362076,107.413232,5,Other,4,Wetland,0,0,0,1,0,0,FALSE,Mixed
1552046,6984,540,7.731958763,53.77701,-1.505282,3,Urban,3,Urban,1,0,0,0,0,1,TRUE,Urban-dominated
6354980,9912,780,7.869249395,46.0177216,-103.2919615,1,Natural vegetation,1,Natural vegetation,0,0.5,0,0,0.5,0.5,TRUE,Ag-dominated
2383,4350,343,7.885057471,34.420654,119.501679,3,Urban,2,Cropland,0,1,0,0,0,1,TRUE,Ag-dominated
7099400,62136,4916,7.91167761,38.2716694,-104.718033,1,Natural vegetation,1,Natural vegetation,0,0,0,0,1,0,FALSE,Natural-dominated
3037,4218,334,7.918444761,23.216101,116.624073,3,Urban,5,Other,0,0.25,0.5,0,0.25,0.25,FALSE,Mixed
409036,30456,2416,7.93275545,-35.1074,143.5826,2,Cropland,2,Cropland,0,0.75,0,0,0.25,0.75,TRUE,Ag-dominated
2966,4794,381,7.947434293,36.665439,116.839637,2,Cropland,2,Cropland,0,1,0,0,0,1,TRUE,Ag-dominated
3553,1518,121,7.971014493,25.072475,111.846913,1,Natural vegetation,1,Natural vegetation,0,0,0,0,1,0,FALSE,Natural-dominated
Toranche St Cyr les Vignes,8880,712,8.018018018,45.673081,4.301466,1,Natural vegetation,1,Natural vegetation,0,0.333333333,0,0,0.666666667,0.333333333,TRUE,Natural-dominated
5599490,48312,3883,8.037340619,37.7583333,-89.3277778,1,Natural vegetation,1,Natural vegetation,0,0.5,0,0,0.5,0.5,TRUE,Ag-dominated
2385,4626,374,8.084738435,33.400235,120.126341,3,Urban,3,Urban,1,0,0,0,0,1,TRUE,Urban-dominated
TE22,23016,1873,8.137817171,52.87967,-2.554205,1,Natural vegetation,2,Cropland,0,1,0,0,0,1,TRUE,Ag-dominated
3156,4218,346,8.202939782,31.547747,121.035126,2,Cropland,2,Cropland,0.5,0.5,0,0,0,1,TRUE,Urban-dominated
2200,4230,348,8.226950355,31.013867,121.754522,3,Urban,3,Urban,1,0,0,0,0,1,TRUE,Urban-dominated
2920,3828,315,8.228840125,32.059642,116.807275,2,Cropland,2,Cropland,0,1,0,0,0,1,TRUE,Ag-dominated
2183,4410,363,8.231292517,31.861184,117.284922,3,Urban,3,Urban,1,0,0,0,0,1,TRUE,Urban-dominated
2400,4674,385,8.237056055,32.442549,119.550954,3,Urban,3,Urban,1,0,0,0,0,1,TRUE,Urban-dominated
3270,4392,364,8.287795993,40.963671,118.664147,2,Cropland,1,Natural vegetation,0,0.25,0,0,0.75,0.25,FALSE,Natural-dominated
2340,4770,396,8.301886792,22.997112,112.424484,3,Urban,1,Natural vegetation,0,0.333333333,0,0,0.666666667,0.333333333,TRUE,Natural-dominated
229147,384,32,8.333333333,-37.6894,145.3233194,1,Natural vegetation,1,Natural vegetation,0,0,0,0,1,0,FALSE,Natural-dominated
3795,72,6,8.333333333,23.981819,97.879546,3,Urban,3,Urban,1,0,0,0,0,1,TRUE,Urban-dominated
2377,4338,362,8.344859382,34.060052,120.225024,2,Cropland,2,Cropland,0.25,0.75,0,0,0,1,TRUE,Ag-dominated
2617,3672,307,8.360566449,25.337579,103.233232,2,Cropland,1,Natural vegetation,0,0.25,0,0,0.75,0.25,FALSE,Natural-dominated
29040,11472,961,8.376917713,53.81909,-0.9290913,2,Cropland,2,Cropland,0,1,0,0,0,1,TRUE,Ag-dominated
3158,4434,376,8.47992783,31.515118,121.276419,3,Urban,2,Cropland,0.333333333,0.333333333,0.333333333,0,0,0.666666667,TRUE,Mixed
3252,4200,360,8.571428571,38.879094,115.653094,2,Cropland,2,Cropland,0.5,0.5,0,0,0,1,TRUE,Urban-dominated
2884,4008,347,8.657684631,32.350232,116.273076,3,Urban,2,Cropland,0.25,0.5,0.25,0,0,0.75,TRUE,Ag-dominated
2430,4746,412,8.680994522,33.351703,120.043331,2,Cropland,2,Cropland,0,1,0,0,0,1,TRUE,Ag-dominated
2206,3756,332,8.839190628,30.949895,121.204222,2,Cropland,2,Cropland,0,1,0,0,0,1,TRUE,Ag-dominated
FP12,15960,1418,8.884711779,50.71317,-2.414234,1,Natural vegetation,2,Cropland,0,1,0,0,0,1,TRUE,Ag-dominated
3051,3558,318,8.937605396,22.819872,114.198587,3,Urban,3,Urban,1,0,0,0,0,1,TRUE,Urban-dominated
2391,4740,425,8.966244726,32.083269,120.333295,2,Cropland,2,Cropland,0,1,0,0,0,1,TRUE,Ag-dominated
3163,4632,416,8.981001727,33.301657,119.182933,5,Other,5,Other,0,0,1,0,0,0,FALSE,Mixed
2694,4284,387,9.033613445,40.412399,116.305631,1,Natural vegetation,1,Natural vegetation,0.25,0,0,0,0.75,0.25,FALSE,Natural-dominated
2536,4422,400,9.045680687,26.433311,118.623307,5,Other,1,Natural vegetation,0,0,0.25,0,0.75,0,FALSE,Natural-dominated
A4260573,2544,232,9.119496855,-34.174481,140.217719,1,Natural vegetation,1,Natural vegetation,0,0.5,0,0,0.5,0.5,TRUE,Ag-dominated
3133,4626,426,9.208819715,31.930388,121.822913,2,Cropland,5,Other,0,0.25,0.5,0,0.25,0.25,FALSE,Mixed
204025,3360,313,9.31547619,-30.2528,153.0333,1,Natural vegetation,1,Natural vegetation,0,0,0,0,1,0,FALSE,Natural-dominated
2930,4872,454,9.318555008,33.316899,117.316955,3,Urban,3,Urban,1,0,0,0,0,1,TRUE,Urban-dominated
2601,300,28,9.333333333,26.861431,100.220307,3,Urban,1,Natural vegetation,0.25,0.25,0,0,0.5,0.5,TRUE,Natural-dominated
3140,4746,444,9.355246523,32.171928,121.373409,2,Cropland,2,Cropland,0.5,0.5,0,0,0,1,TRUE,Urban-dominated
2171,4140,388,9.371980676,34.177411,116.471647,2,Cropland,2,Cropland,0,1,0,0,0,1,TRUE,Ag-dominated
PL15,32280,3026,9.374225527,51.41088,-1.325613,3,Urban,3,Urban,1,0,0,0,0,1,TRUE,Urban-dominated
A4261255,5664,531,9.375,-34.335475,140.547905,1,Natural vegetation,1,Natural vegetation,0,0,0,0,1,0,FALSE,Natural-dominated
2079500,136104,12786,9.394286722,36.60319824,-78.2977743,5,Other,1,Natural vegetation,0,0,0.5,0,0.5,0,FALSE,Natural-dominated
2821,4872,463,9.503284072,39.150547,117.160843,3,Urban,3,Urban,1,0,0,0,0,1,TRUE,Urban-dominated
3894,3534,340,9.620826259,35.144836,118.274968,3,Urban,3,Urban,0.75,0.25,0,0,0,1,TRUE,Urban-dominated
2511,4800,463,9.645833333,30.814378,121.102536,2,Cropland,2,Cropland,0,1,0,0,0,1,TRUE,Ag-dominated
2925,1098,106,9.653916211,31.785615,117.154467,3,Urban,3,Urban,1,0,0,0,0,1,TRUE,Urban-dominated
412006,6648,650,9.777376655,-33.091,147.1482,3,Urban,1,Natural vegetation,0,0.5,0,0,0.5,0.5,TRUE,Ag-dominated
3237,3492,342,9.793814433,29.819033,116.185114,2,Cropland,2,Cropland,0,1,0,0,0,1,TRUE,Ag-dominated
7332605,18024,1771,9.825787838,33.57579444,-96.1557444,2,Cropland,1,Natural vegetation,0.25,0.25,0.25,0,0.25,0.5,TRUE,Mixed
2948,4104,410,9.990253411,33.103036,116.867173,3,Urban,2,Cropland,0,1,0,0,0,1,TRUE,Ag-dominated
A4261539,3816,385,10.08909853,-34.22626,140.77031,4,Wetland,1,Natural vegetation,0,0,0,0.333333333,0.666666667,0,FALSE,Natural-dominated
6353,2256,228,10.10638298,49.3061,118.0472,1,Natural vegetation,1,Natural vegetation,0.5,0,0,0,0.5,0.5,TRUE,Urban-dominated
3038,1164,118,10.13745704,22.504472,114.620918,5,Other,5,Other,0,0,1,0,0,0,FALSE,Mixed
2259,294,30,10.20408163,33.814464,116.855937,2,Cropland,2,Cropland,0.25,0.75,0,0,0,1,TRUE,Ag-dominated
2264,4620,473,10.23809524,35.071916,118.229582,3,Urban,3,Urban,1,0,0,0,0,1,TRUE,Urban-dominated
2245,3714,385,10.36618201,39.1393072,117.18897,3,Urban,3,Urban,1,0,0,0,0,1,TRUE,Urban-dominated
409086,24744,2571,10.39039767,-35.1351,143.8001,2,Cropland,2,Cropland,0,1,0,0,0,1,TRUE,Ag-dominated
2584,504,53,10.51587302,53.480873,122.3556112,3,Urban,1,Natural vegetation,0.25,0,0,0,0.75,0.25,FALSE,Natural-dominated
3322,4572,481,10.52055993,32.128443,115.051424,3,Urban,2,Cropland,0.25,0.75,0,0,0,1,TRUE,Ag-dominated
403031283302051_,25032,2641,10.55049537,35.8422,140.1617,5,Other,2,Cropland,0.5,0.5,0,0,0,1,TRUE,Urban-dominated
2414,4470,472,10.55928412,34.211619,119.580868,3,Urban,3,Urban,0.5,0.25,0.25,0,0,0.75,TRUE,Urban-dominated
409047,19152,2024,10.56808688,-35.6428,144.9596,4,Wetland,4,Wetland,0,0,0,1,0,0,FALSE,Mixed
3482,4104,436,10.62378168,30.300442,114.134789,5,Other,2,Cropland,0,0.5,0.5,0,0,0.5,TRUE,Ag-dominated
3624,4920,524,10.6504065,26.326652,118.755979,5,Other,1,Natural vegetation,0,0,0,0,1,0,FALSE,Natural-dominated
2387,4794,511,10.65915728,33.223399,120.2997,2,Cropland,2,Cropland,0,1,0,0,0,1,TRUE,Ag-dominated
3032,2076,223,10.74181118,22.761322,114.127158,3,Urban,3,Urban,1,0,0,0,0,1,TRUE,Urban-dominated
2951,4320,467,10.81018519,35.545375,116.827792,3,Urban,3,Urban,1,0,0,0,0,1,TRUE,Urban-dominated
1584376,15528,1686,10.85780526,53.99151,-1.13211,2,Cropland,2,Cropland,0.5,0.5,0,0,0,1,TRUE,Urban-dominated
412039,1656,181,10.92995169,-33.4873,145.504,2,Cropland,2,Cropland,0,1,0,0,0,1,TRUE,Ag-dominated
409014,29184,3211,11.00260417,-35.0899,144.0331,1,Natural vegetation,2,Cropland,0,1,0,0,0,1,TRUE,Ag-dominated
7288150,15144,1669,11.02086635,34.0093333,-90.7560833,2,Cropland,2,Cropland,0,0.75,0,0,0.25,0.75,TRUE,Ag-dominated
2401,4032,446,11.06150794,33.617416,120.47589,2,Cropland,2,Cropland,0,0.75,0.25,0,0,0.75,TRUE,Ag-dominated
3287590,11736,1299,11.06850716,38.04006944,-84.4111111,2,Cropland,2,Cropland,0.5,0.5,0,0,0,1,TRUE,Urban-dominated
3175,4032,451,11.18551587,32.945673,120.315457,2,Cropland,2,Cropland,0,1,0,0,0,1,TRUE,Ag-dominated
2985,4638,527,11.36265632,36.262111,112.893756,2,Cropland,2,Cropland,0,1,0,0,0,1,TRUE,Ag-dominated
3288,1764,202,11.45124717,39.743079,116.931147,2,Cropland,2,Cropland,0,1,0,0,0,1,TRUE,Ag-dominated
2165,3780,434,11.48148148,24.360423,117.93156,3,Urban,2,Cropland,0.25,0.5,0.25,0,0,0.75,TRUE,Ag-dominated
A4261124,912,105,11.51315789,-35.495993,138.90628,5,Other,1,Natural vegetation,0,0.333333333,0.333333333,0,0.333333333,0.333333333,TRUE,Mixed
2392,4806,555,11.54806492,33.798763,120.34031,5,Other,2,Cropland,0,1,0,0,0,1,TRUE,Ag-dominated
FP15,15840,1832,11.56565657,50.79024,-2.582322,2,Cropland,1,Natural vegetation,0,0.5,0,0,0.5,0.5,TRUE,Ag-dominated
2264100,123192,14396,11.68582375,28.32528785,-81.5206284,3,Urban,1,Natural vegetation,0,0,0,0,1,0,FALSE,Natural-dominated
3080,4578,535,11.68632591,21.661164,109.187354,3,Urban,1,Natural vegetation,0,0,0,0,1,0,FALSE,Natural-dominated
2422,4266,505,11.83778715,34.067903,119.367138,2,Cropland,2,Cropland,0,1,0,0,0,1,TRUE,Ag-dominated
3254,2838,336,11.83932347,38.897404,116.028691,4,Wetland,4,Wetland,0,0,0.5,0.5,0,0,FALSE,Mixed
410130,25704,3048,11.85807656,-34.665,143.4917,1,Natural vegetation,1,Natural vegetation,0,0.5,0,0,0.5,0.5,TRUE,Ag-dominated
3035,4476,534,11.93029491,22.9081,113.604057,3,Urban,3,Urban,1,0,0,0,0,1,TRUE,Urban-dominated
2968,4272,513,12.00842697,36.584928,121.025384,5,Other,5,Other,0,0,1,0,0,0,FALSE,Mixed
412005,2040,245,12.00980392,-33.8695,144.8811,1,Natural vegetation,1,Natural vegetation,0,0,0,0,1,0,FALSE,Natural-dominated
14202650,53568,6503,12.13971027,45.44064167,-123.125,2,Cropland,2,Cropland,0,0.75,0,0,0.25,0.75,TRUE,Ag-dominated
3444,4848,599,12.35561056,30.725578,112.839824,2,Cropland,3,Urban,1,0,0,0,0,1,TRUE,Urban-dominated
2866,4008,500,12.4750499,33.85356,117.280926,2,Cropland,2,Cropland,0,1,0,0,0,1,TRUE,Ag-dominated
409044,22176,2768,12.48196248,-35.5214,144.0517,2,Cropland,2,Cropland,0,1,0,0,0,1,TRUE,Ag-dominated
3293510,63384,7914,12.48580083,38.26590398,-85.7207955,3,Urban,3,Urban,0.75,0,0.25,0,0,0.75,TRUE,Urban-dominated
3474,3954,499,12.62013151,29.936945,114.206491,4,Wetland,4,Wetland,0,0,0,1,0,0,FALSE,Mixed
8437710,99984,12718,12.72003521,31.3668055,-103.0059908,1,Natural vegetation,1,Natural vegetation,0,0,0,0,1,0,FALSE,Natural-dominated
2417,4794,611,12.74509804,33.184199,120.701088,1,Natural vegetation,2,Cropland,0,1,0,0,0,1,TRUE,Ag-dominated
3348,4692,610,13.00085251,30.147737,120.407333,3,Urban,3,Urban,1,0,0,0,0,1,TRUE,Urban-dominated
2405,4824,631,13.08043118,34.056805,118.804565,3,Urban,2,Cropland,0,1,0,0,0,1,TRUE,Ag-dominated
42001,12384,1622,13.09754522,42.01040278,-121.5614222,2,Cropland,2,Cropland,0,1,0,0,0,1,TRUE,Ag-dominated
2498,4068,534,13.12684366,30.003568,120.801067,3,Urban,3,Urban,0.5,0.25,0,0,0.25,0.75,TRUE,Urban-dominated
2399,4758,627,13.1778058,33.459693,120.58843,5,Other,5,Other,0,0,1,0,0,0,FALSE,Mixed
2469,4206,556,13.21921065,30.742701,120.487901,3,Urban,3,Urban,1,0,0,0,0,1,TRUE,Urban-dominated
8446500,89184,11860,13.29834948,31.11320329,-102.4176419,1,Natural vegetation,1,Natural vegetation,0,0,0,0,1,0,FALSE,Natural-dominated
2910,3942,529,13.41958397,32.288364,118.315567,3,Urban,3,Urban,0.75,0.25,0,0,0,1,TRUE,Urban-dominated
2188,4518,613,13.56795042,33.731002,120.393063,3,Urban,5,Other,0,0,1,0,0,0,FALSE,Mixed
2826,4086,563,13.77875673,39.057732,117.656499,3,Urban,3,Urban,1,0,0,0,0,1,TRUE,Urban-dominated
3131,4854,687,14.15327565,33.268901,118.983374,2,Cropland,2,Cropland,0,1,0,0,0,1,TRUE,Ag-dominated
2287,4554,645,14.16337286,37.255764,118.854524,5,Other,5,Other,0,0,0.75,0.25,0,0,FALSE,Mixed
2938,3966,562,14.17044881,31.71867,118.521306,3,Urban,3,Urban,1,0,0,0,0,1,TRUE,Urban-dominated
2509,4080,579,14.19117647,30.505918,120.948956,5,Other,5,Other,0.25,0.25,0.5,0,0,0.5,TRUE,Mixed
Coise la Bruyere,5040,745,14.78174603,45.62501,4.552785,2,Cropland,2,Cropland,0,1,0,0,0,1,TRUE,Ag-dominated
3303,3738,553,14.79400749,32.673099,112.812864,3,Urban,2,Cropland,0.25,0.75,0,0,0,1,TRUE,Ag-dominated
3381,4050,611,15.08641975,30.788164,121.287508,2,Cropland,2,Cropland,0,1,0,0,0,1,TRUE,Ag-dominated
2607,3624,550,15.17660044,24.824166,102.7676,3,Urban,3,Urban,0.5,0,0.5,0,0,0.5,TRUE,Urban-dominated
2302,4650,718,15.44086022,24.858987,112.309585,1,Natural vegetation,1,Natural vegetation,0,0,0,0,1,0,FALSE,Natural-dominated
2329,4632,727,15.69516408,23.015018,114.4862,5,Other,1,Natural vegetation,0,0,0,0,1,0,FALSE,Natural-dominated
403051283310050_,57264,9253,16.15849399,35.6792,139.4197,3,Urban,3,Urban,1,0,0,0,0,1,TRUE,Urban-dominated
3117,3804,615,16.16719243,33.700643,118.925481,2,Cropland,2,Cropland,0,1,0,0,0,1,TRUE,Ag-dominated
3350,4080,661,16.20098039,30.267446,120.152791,3,Urban,3,Urban,1,0,0,0,0,1,TRUE,Urban-dominated
3091,4782,777,16.24843162,22.821797,108.367836,3,Urban,3,Urban,1,0,0,0,0,1,TRUE,Urban-dominated
TE20,11304,1841,16.28627035,52.79611,-2.544244,2,Cropland,2,Cropland,0,1,0,0,0,1,TRUE,Ag-dominated
403051283310100_,1080,176,16.2962963,35.6022,139.6375,3,Urban,3,Urban,1,0,0,0,0,1,TRUE,Urban-dominated
PL20,28416,4699,16.53645833,51.44261,-1.157162,2,Cropland,2,Cropland,0,1,0,0,0,1,TRUE,Ag-dominated
Le Rieu,4848,814,16.79042904,45.625399,4.55312,2,Cropland,2,Cropland,0,1,0,0,0,1,TRUE,Ag-dominated
3411,4422,746,16.87019448,19.619,110.753577,3,Urban,2,Cropland,0,1,0,0,0,1,TRUE,Ag-dominated
A4260645,5880,992,16.8707483,-34.264687,140.687294,1,Natural vegetation,1,Natural vegetation,0,0.333333333,0,0,0.666666667,0.333333333,TRUE,Natural-dominated
2634,3840,649,16.90104167,26.943372,100.620865,1,Natural vegetation,1,Natural vegetation,0,0,0,0,1,0,FALSE,Natural-dominated
TE03,7200,1224,17,52.90345,-2.457871,1,Natural vegetation,1,Natural vegetation,0,0,0,0,1,0,FALSE,Natural-dominated
2911,4152,722,17.38921002,33.540418,115.637255,2,Cropland,2,Cropland,0,1,0,0,0,1,TRUE,Ag-dominated
409062,18528,3233,17.44926598,-35.329,143.9322,1,Natural vegetation,2,Cropland,0,1,0,0,0,1,TRUE,Ag-dominated
2309,4632,837,18.06994819,23.447464,116.554572,3,Urban,3,Urban,1,0,0,0,0,1,TRUE,Urban-dominated
2824,132,24,18.18181818,38.680679,117.083436,2,Cropland,2,Cropland,0,1,0,0,0,1,TRUE,Ag-dominated
3040,4458,821,18.41633019,21.833564,112.661708,5,Other,1,Natural vegetation,0,0,0.5,0,0.5,0,FALSE,Natural-dominated
Toranche aval,7512,1386,18.45047923,45.685126,4.215967,2,Cropland,2,Cropland,0,1,0,0,0,1,TRUE,Ag-dominated
2591,3444,646,18.757259,24.946646,102.706839,3,Urban,3,Urban,0.75,0,0.25,0,0,0.75,TRUE,Urban-dominated
2895,4806,910,18.934665,31.683019,117.471625,2,Cropland,3,Urban,1,0,0,0,0,1,TRUE,Urban-dominated
2341,4620,881,19.06926407,22.335273,113.448344,3,Urban,3,Urban,0.666666667,0,0,0,0.333333333,0.666666667,TRUE,Urban-dominated
3041,3804,756,19.87381703,22.928083,114.111006,3,Urban,1,Natural vegetation,0.5,0,0,0,0.5,0.5,TRUE,Urban-dominated
42071,44184,8782,19.8759732,42.12805556,-121.9277778,1,Natural vegetation,1,Natural vegetation,0,0,0,0,1,0,FALSE,Natural-dominated
2110701,131472,26235,19.95481928,33.86100349,-79.0411471,1,Natural vegetation,1,Natural vegetation,0.25,0,0,0.25,0.5,0.25,FALSE,Natural-dominated
3042,4746,952,20.05899705,22.202501,113.529852,3,Urban,1,Natural vegetation,0,0,0,0,1,0,FALSE,Natural-dominated
PL19,34800,7120,20.45977011,51.46838,-1.085784,2,Cropland,2,Cropland,0,1,0,0,0,1,TRUE,Ag-dominated
3645,3672,753,20.50653595,26.594198,104.81999,3,Urban,3,Urban,1,0,0,0,0,1,TRUE,Urban-dominated
A4261053,2280,468,20.52631579,-34.267527,140.808721,1,Natural vegetation,1,Natural vegetation,0,0.25,0,0,0.75,0.25,FALSE,Natural-dominated
3480,4134,888,21.48040639,30.299189,112.519313,2,Cropland,2,Cropland,0,1,0,0,0,1,TRUE,Ag-dominated
2239501,35640,7841,22.00056117,29.2149764,-82.0412,1,Natural vegetation,1,Natural vegetation,0,0,0,0,1,0,FALSE,Natural-dominated
TE16,10128,2243,22.14652449,52.94308,-2.437456,1,Natural vegetation,1,Natural vegetation,0,0,0,0,1,0,FALSE,Natural-dominated
3257,2989,666,22.28169957,37.513177,116.04779,2,Cropland,2,Cropland,0,1,0,0,0,1,TRUE,Ag-dominated
2524,4212,939,22.29344729,31.664417,112.184187,2,Cropland,2,Cropland,0,1,0,0,0,1,TRUE,Ag-dominated
226415,1104,248,22.46376812,-38.2698709,146.5404981,2,Cropland,2,Cropland,0,1,0,0,0,1,TRUE,Ag-dominated
409025,6648,1517,22.8188929,-36.0114,145.994,3,Urban,2,Cropland,0,1,0,0,0,1,TRUE,Ag-dominated
A4260644,17256,3960,22.94853964,-34.25953,140.759761,4,Wetland,1,Natural vegetation,0,0.25,0,0,0.75,0.25,FALSE,Natural-dominated
A2391081,22648,5259,23.22059343,-36.572526,140.005692,1,Natural vegetation,1,Natural vegetation,0,0.25,0,0,0.75,0.25,FALSE,Natural-dominated
2525,2928,680,23.22404372,30.164666,113.892022,2,Cropland,2,Cropland,0,0.5,0.5,0,0,0.5,TRUE,Ag-dominated
FP22,23736,5572,23.47489046,50.74038,-2.254687,2,Cropland,2,Cropland,0,1,0,0,0,1,TRUE,Ag-dominated
2263,246,58,23.57723577,32.724409,119.0894,2,Cropland,2,Cropland,0,1,0,0,0,1,TRUE,Ag-dominated
3403,4842,1144,23.62660058,18.771022,110.361185,2,Cropland,2,Cropland,0,1,0,0,0,1,TRUE,Ag-dominated
6425,2268,545,24.02998236,22.5077,114.0357,4,Wetland,3,Urban,1,0,0,0,0,1,TRUE,Urban-dominated
42081,12312,2962,24.05782976,42.14258889,-121.672186,2,Cropland,2,Cropland,0,0.75,0,0,0.25,0.75,TRUE,Ag-dominated
409013,14112,3459,24.51105442,-35.0376,143.5702,1,Natural vegetation,1,Natural vegetation,0,0.25,0,0.25,0.5,0.25,FALSE,Natural-dominated
213211,13626,3397,24.93028035,-34.046561,151.005328,1,Natural vegetation,3,Urban,1,0,0,0,0,1,TRUE,Urban-dominated
2865,4086,1041,25.47723935,33.262629,117.804218,2,Cropland,2,Cropland,0,1,0,0,0,1,TRUE,Ag-dominated
5124000,30168,8026,26.60434898,48.9964079,-100.9584889,2,Cropland,2,Cropland,0,1,0,0,0,1,TRUE,Ag-dominated
PL17,32448,9013,27.77675049,51.43531,-1.205849,2,Cropland,2,Cropland,0,1,0,0,0,1,TRUE,Ag-dominated
2122711,29856,8327,27.89054126,-34.7213892,149.7930558,1,Natural vegetation,2,Cropland,0,1,0,0,0,1,TRUE,Ag-dominated
4186,2058,581,28.23129252,46.3054261,129.5434746,3,Urban,2,Cropland,0.25,0.5,0.25,0,0,0.75,TRUE,Ag-dominated
2527,4338,1278,29.46058091,30.264433,113.791834,2,Cropland,2,Cropland,0,0.5,0,0.25,0.25,0.5,TRUE,Ag-dominated
FP26,26136,7714,29.51484542,50.79749,-2.523172,1,Natural vegetation,1,Natural vegetation,0,0,0,0,1,0,FALSE,Natural-dominated
FP11,21096,6402,30.34698521,50.68115,-2.189257,1,Natural vegetation,1,Natural vegetation,0,0,0,0,1,0,FALSE,Natural-dominated
403061283310030_,57048,17392,30.48660777,35.5336,139.6664,3,Urban,3,Urban,1,0,0,0,0,1,TRUE,Urban-dominated
412011,7200,2219,30.81944444,-33.201,146.4532,1,Natural vegetation,2,Cropland,0,1,0,0,0,1,TRUE,Ag-dominated
TE05,6696,2100,31.36200717,52.87967,-2.554205,1,Natural vegetation,2,Cropland,0,1,0,0,0,1,TRUE,Ag-dominated
425012,1608,527,32.77363184,-32.4353,142.3799,1,Natural vegetation,1,Natural vegetation,0,0,0,0,1,0,FALSE,Natural-dominated
3298,3744,1228,32.7991453,32.089061,114.105024,3,Urban,2,Cropland,0.5,0.5,0,0,0,1,TRUE,Urban-dominated
PL18,33096,11144,33.67174281,51.45344,-1.227842,2,Cropland,2,Cropland,0,0.75,0,0,0.25,0.75,TRUE,Ag-dominated
1552048,7152,2414,33.75279642,53.75148,-1.42369,3,Urban,2,Cropland,0,1,0,0,0,1,TRUE,Ag-dominated
212244,4584,1548,33.76963351,-33.97944444,150.5591667,1,Natural vegetation,1,Natural vegetation,0,0,0,0,1,0,FALSE,Natural-dominated
A5011039,20232,6905,34.12910241,-35.53251,138.6235,2,Cropland,3,Urban,1,0,0,0,0,1,TRUE,Urban-dominated
425004,6024,2133,35.40836653,-30.53474142,145.1150748,1,Natural vegetation,1,Natural vegetation,0,0,0,0,1,0,FALSE,Natural-dominated
50048580,55944,20606,36.83326183,18.4201918,-66.1160552,3,Urban,3,Urban,0.75,0,0.25,0,0,0.75,TRUE,Urban-dominated
230220,4296,1583,36.84823091,-37.49078,144.73922,2,Cropland,2,Cropland,0,1,0,0,0,1,TRUE,Ag-dominated
38071,9744,3597,36.91502463,38.1198,-121.5428972,2,Cropland,2,Cropland,0,1,0,0,0,1,TRUE,Ag-dominated
TE09,10200,3897,38.20588235,52.8052,-2.522106,2,Cropland,2,Cropland,0,1,0,0,0,1,TRUE,Ag-dominated
2304000,139920,54567,38.99871355,28.05446224,-82.3637032,3,Urban,1,Natural vegetation,0.5,0,0,0,0.5,0.5,TRUE,Urban-dominated
FP01,29064,11403,39.23410405,50.917653,-1.645012,1,Natural vegetation,1,Natural vegetation,0,0,0,0,1,0,FALSE,Natural-dominated
FP23,16008,6301,39.36156922,50.76695,-2.400529,2,Cropland,2,Cropland,0,1,0,0,0,1,TRUE,Ag-dominated
223210,2396,1018,42.48747913,-37.73756155,147.7109962,1,Natural vegetation,1,Natural vegetation,0,0,0,0,1,0,FALSE,Natural-dominated
6430,2760,1181,42.78985507,23.0588,113.7525,3,Urban,3,Urban,1,0,0,0,0,1,TRUE,Urban-dominated
412004,9552,4402,46.08458961,-33.41080904,147.9910504,2,Cropland,2,Cropland,0,1,0,0,0,1,TRUE,Ag-dominated
2264000,94416,44037,46.64145907,28.39056323,-81.5195173,1,Natural vegetation,1,Natural vegetation,0.333333333,0,0,0,0.666666667,0.333333333,TRUE,Natural-dominated
2266291,43848,20662,47.12187557,28.42702778,-81.6052778,1,Natural vegetation,1,Natural vegetation,0,0,0,0,1,0,FALSE,Natural-dominated
2345,4794,2441,50.91781393,23.572236,116.392179,3,Urban,3,Urban,1,0,0,0,0,1,TRUE,Urban-dominated
FP21,15120,7734,51.15079365,50.68799,-2.124167,1,Natural vegetation,1,Natural vegetation,0,0,0,0,1,0,FALSE,Natural-dominated
A4261139,61368,32428,52.84187199,-35.1877,138.9135,2,Cropland,2,Cropland,0,0.75,0,0,0.25,0.75,TRUE,Ag-dominated
3338,3234,1717,53.09214595,34.878877,112.497597,2,Cropland,2,Cropland,0,1,0,0,0,1,TRUE,Ag-dominated
4118,3828,2049,53.52664577,41.039546,120.977806,3,Urban,2,Cropland,0.5,0.5,0,0,0,1,TRUE,Urban-dominated
408011288805002_,1968,1055,53.60772358,33.8069,132.7272,3,Urban,3,Urban,1,0,0,0,0,1,TRUE,Urban-dominated
412047,3475,1914,55.07913669,-33.3824,145.9027,2,Cropland,1,Natural vegetation,0,0.5,0,0,0.5,0.5,TRUE,Ag-dominated
PL09,14592,8301,56.88733553,51.46858,-1.440655,2,Cropland,2,Cropland,0,1,0,0,0,1,TRUE,Ag-dominated
425039,10248,5983,58.38212334,-29.9646,146.3004,1,Natural vegetation,1,Natural vegetation,0,0,0,0,1,0,FALSE,Natural-dominated
425003,5880,3444,58.57142857,-30.087894,145.936761,3,Urban,3,Urban,1,0,0,0,0,1,TRUE,Urban-dominated
A4261265,16344,9937,60.79907,-34.328343,140.564594,1,Natural vegetation,1,Natural vegetation,0,0,0,0.5,0.5,0,FALSE,Natural-dominated
422027,6576,4039,61.4203163,-30.14343333,147.3768667,1,Natural vegetation,1,Natural vegetation,0,0.5,0,0,0.5,0.5,TRUE,Ag-dominated
403031283305470_,6768,4192,61.93853428,35.7981,139.8928,3,Urban,3,Urban,1,0,0,0,0,1,TRUE,Urban-dominated
422003,5448,3376,61.96769457,-29.547141,148.576104,1,Natural vegetation,1,Natural vegetation,0,0,0,0,1,0,FALSE,Natural-dominated
215233,1056,673,63.73106061,-34.60520243,150.5191395,1,Natural vegetation,1,Natural vegetation,0,0,0,0,1,0,FALSE,Natural-dominated
422001,7080,4634,65.4519774,-30.01531667,148.06075,1,Natural vegetation,1,Natural vegetation,0,0.25,0,0,0.75,0.25,FALSE,Natural-dominated
422002,7080,4634,65.4519774,-29.94716667,146.8637167,1,Natural vegetation,1,Natural vegetation,0,0,0,0,1,0,FALSE,Natural-dominated
2122520,3456,2281,66.00115741,-34.54592,150.33737,2,Cropland,2,Cropland,0,1,0,0,0,1,TRUE,Ag-dominated
230240,17616,11751,66.70640327,-37.57117842,144.7368969,3,Urban,3,Urban,1,0,0,0,0,1,TRUE,Urban-dominated
A2391085,17880,11969,66.94071588,-36.7379,140.2577,1,Natural vegetation,2,Cropland,0,1,0,0,0,1,TRUE,Ag-dominated
412038,5016,3394,67.66347687,-33.348326,145.87524,1,Natural vegetation,2,Cropland,0,1,0,0,0,1,TRUE,Ag-dominated
A5040517,1464,1003,68.51092896,-34.9703,138.6813,1,Natural vegetation,1,Natural vegetation,0,0,0,0,1,0,FALSE,Natural-dominated
38051,16776,11642,69.39675727,38.09661389,-121.6512444,5,Other,2,Cropland,0,1,0,0,0,1,TRUE,Ag-dominated
2266495,70608,49134,69.58701564,28.27584517,-81.5439622,4,Wetland,4,Wetland,0,0,0,1,0,0,FALSE,Mixed
A4261134,96,69,71.875,-35.6005,139.0266,5,Other,5,Other,0,0,1,0,0,0,FALSE,Mixed
A4261165,48,35,72.91666667,-36.10874,139.608272,5,Other,5,Other,0,0,1,0,0,0,FALSE,Mixed
A2391086,3528,2630,74.54648526,-36.5802,140.3056,1,Natural vegetation,1,Natural vegetation,0,0.5,0,0,0.5,0.5,TRUE,Ag-dominated
225236,216,162,75,-38.00213184,146.7800107,2,Cropland,2,Cropland,0,1,0,0,0,1,TRUE,Ag-dominated
FP06,15192,11510,75.76355977,50.78564,-2.316285,2,Cropland,2,Cropland,0,1,0,0,0,1,TRUE,Ag-dominated
A5011036,8184,6688,81.72043011,-35.4966,138.51378,2,Cropland,2,Cropland,0,0.75,0,0,0.25,0.75,TRUE,Ag-dominated
227264,6408,5315,82.943196,-38.44973718,145.9571493,2,Cropland,2,Cropland,0,1,0,0,0,1,TRUE,Ag-dominated
A4261173,1224,1028,83.9869281,-35.232757,138.990179,2,Cropland,2,Cropland,0,1,0,0,0,1,TRUE,Ag-dominated
A5011038,26424,22246,84.18861641,-35.55523,138.60883,3,Urban,2,Cropland,0.25,0.5,0.25,0,0,0.75,TRUE,Ag-dominated
A4261271,984,838,85.16260163,-34.20895,140.771704,1,Natural vegetation,4,Wetland,0,0,0,1,0,0,FALSE,Mixed
227270,12864,11165,86.7925995,-38.43219544,145.7926083,1,Natural vegetation,2,Cropland,0,0.75,0,0,0.25,0.75,TRUE,Ag-dominated
425001,672,584,86.9047619,-32.3969,142.4218,1,Natural vegetation,1,Natural vegetation,0,0,0.25,0,0.75,0,FALSE,Natural-dominated
224602,2472,2153,87.09546926,-37.84944444,147.6378972,4,Wetland,2,Cropland,0.25,0.25,0.25,0.25,0,0.5,TRUE,Mixed
2122713,11831,10341,87.40596737,-34.61162,149.88297,1,Natural vegetation,1,Natural vegetation,0,0,0,0,1,0,FALSE,Natural-dominated
2326516,29688,25988,87.53705201,30.3397222,-83.9923333,1,Natural vegetation,1,Natural vegetation,0,0,0,0,1,0,FALSE,Natural-dominated
A5011040,5760,5102,88.57638889,-35.44815,138.31725,3,Urban,2,Cropland,0,0.5,0.5,0,0,0.5,TRUE,Ag-dominated
2266200,102048,90566,88.74843211,28.38500749,-81.6164632,4,Wetland,1,Natural vegetation,0.25,0,0,0,0.75,0.25,FALSE,Natural-dominated
227273,3024,2704,89.41798942,-38.57365861,145.5105533,2,Cropland,2,Cropland,0,1,0,0,0,1,TRUE,Ag-dominated
226614,2352,2142,91.07142857,-38.12684167,147.0755,1,Natural vegetation,1,Natural vegetation,0.25,0.25,0,0,0.5,0.5,TRUE,Natural-dominated
2122518,1224,1137,92.89215686,-34.73666667,149.6794444,2,Cropland,1,Natural vegetation,0.5,0,0,0,0.5,0.5,TRUE,Urban-dominated
A2390542,576,559,97.04861111,-36.945858,140.74025,2,Cropland,2,Cropland,0,1,0,0,0,1,TRUE,Ag-dominated
